name,team,league,position,role,overall,minutes,90s
Jan Bednarek,Southampton,eng Premier League,DF,Ball-playing Centre-back,100.0,2531,28.1
Yehvann Diouf,Reims,fr Ligue 1,GK,Goalkeeper,100.0,3060,34.0
Dominik Javorček,Holstein Kiel,de Bundesliga,DF,Fullback / Wing-back,100.0,386,4.3
Saúl Ñíguez,Sevilla,es La Liga,MF,Ball-winning Midfielder,100.0,1553,17.3
Joël Schingtienne,Venezia,it Serie A,DF,Defensive Midfielder,100.0,1122,12.5
Charlie Cresswell,Toulouse,fr Ligue 1,DF,Defensive Centre-back,100.0,2592,28.8
Chris Wood,Nott'ham Forest,eng Premier League,FW,Target Man / Physical Striker,100.0,2959,32.9
Ismaël Bennacer,Marseille,fr Ligue 1,MF,Box-to-box Midfielder,100.0,646,7.2
Ousmane Dembélé,Paris S-G,fr Ligue 1,FW,Creative Attacking Midfielder,100.0,1730,19.2
Kylian Mbappé,Real Madrid,es La Liga,FW,Clinical Striker,100.0,2907,32.3
Noah Okafor,Milan,it Serie A,FW,Wide Midfielder / Winger,100.0,414,4.6
Aleksandar Sedlar,Alavés,es La Liga,DF,Defensive Midfielder,99.9,594,6.6
Giovanni Leoni,Parma,it Serie A,DF,Ball-playing Centre-back,99.6,1199,13.3
Artem Dovbyk,Roma,it Serie A,FW,Target Man / Physical Striker,98.5,2418,26.9
Matija Nastasić,Leganés,es La Liga,DF,Ball-playing Centre-back,98.4,2110,23.4
Conor Coady,Leicester City,eng Premier League,DF,Ball-playing Centre-back,97.9,1714,19.0
Alfon,Celta Vigo,es La Liga,FW,Wide Midfielder / Winger,97.9,1371,15.2
Marcos Alonso,Celta Vigo,es La Liga,DF,Defensive Centre-back,97.6,2647,29.4
Kieran Trippier,Newcastle Utd,eng Premier League,DF,Box-to-box Midfielder,97.5,1309,14.5
Nico O’Reilly,Manchester City,eng Premier League,DF,Ball-winning Midfielder,97.4,528,5.9
Kamory Doumbia,Brest,fr Ligue 1,MF,Ball-winning Midfielder,97.2,1322,14.7
Diego Coppola,Hellas Verona,it Serie A,DF,Ball-playing Centre-back,96.1,2927,32.5
Saba Goglichidze,Empoli,it Serie A,DF,Defensive Midfielder,95.7,2539,28.2
Pau Navarro,Villarreal,es La Liga,DF,Defensive Midfielder,95.4,916,10.2
Toni Lato,Mallorca,es La Liga,DF,Fullback / Wing-back,94.9,621,6.9
Elseid Hysaj,Lazio,it Serie A,DF,Fullback / Wing-back,94.5,424,4.7
Alessandro Bastoni,Inter,it Serie A,DF,Box-to-box Midfielder,94.2,2333,25.9
Caio Henrique Oliveira Silva,Monaco,fr Ligue 1,DF,Fullback / Wing-back,94.0,1929,21.4
Dani Gómez,Valencia,es La Liga,FW,Target Man / Physical Striker,93.8,532,5.9
Robin Koch,Eint Frankfurt,de Bundesliga,DF,Ball-playing Centre-back,93.3,2586,28.7
Christopher Trimmel,Union Berlin,de Bundesliga,DF,Fullback / Wing-back,93.3,1740,19.3
Josip Stanišić,Bayern Munich,de Bundesliga,DF,Box-to-box Midfielder,93.3,876,9.7
Omar El Hilali,Espanyol,es La Liga,DF,Defensive Midfielder,93.0,3153,35.0
Strahinja Pavlović,Milan,it Serie A,DF,Defensive Centre-back,92.6,1864,20.7
Tommaso Augello,Cagliari,it Serie A,DF,Fullback / Wing-back,92.5,2713,30.1
Domingos Duarte,Getafe,es La Liga,DF,Ball-playing Centre-back,92.5,1859,20.7
Patrick Erras,Holstein Kiel,de Bundesliga,DF,Ball-playing Centre-back,92.2,832,9.2
James Sands,St. Pauli,de Bundesliga,MF,Defensive Midfielder,92.0,453,5.0
Lautaro Gianetti,Udinese,it Serie A,DF,Ball-playing Centre-back,91.9,878,9.8
Luka Sučić,Real Sociedad,es La Liga,MF,Ball-winning Midfielder,91.7,1792,19.9
Henri Koudossou,Augsburg,de Bundesliga,DF,Fullback / Wing-back,91.2,748,8.3
Lautaro Valenti,Parma,it Serie A,DF,Ball-playing Centre-back,91.0,1556,17.3
Yanis Zouaoui,Le Havre,fr Ligue 1,DF,Fullback / Wing-back,90.8,976,10.8
Caleb Okoli,Leicester City,eng Premier League,DF,Ball-playing Centre-back,90.7,1125,12.5
Jordy Makengo,Freiburg,de Bundesliga,DF,Defensive Midfielder,90.7,745,8.3
Florian Lejeune,Rayo Vallecano,es La Liga,DF,Defensive Centre-back,90.7,3325,36.9
Fabian Schär,Newcastle Utd,eng Premier League,DF,Defensive Centre-back,90.7,2934,32.6
Pierre Cornud,Saint-Étienne,fr Ligue 1,DF,Defensive Midfielder,90.5,576,6.4
Diego Gómez,Brighton,eng Premier League,MF,Ball-winning Midfielder,90.5,516,5.7
Lukas Klostermann,RB Leipzig,de Bundesliga,DF,Ball-playing Centre-back,90.5,1838,20.4
José Gragera,Espanyol,es La Liga,MF,Defensive Midfielder,90.4,569,6.3
Jean Onana,Genoa,it Serie A,MF,Defensive Midfielder,90.2,304,3.4
Lennard Maloney,Heidenheim,de Bundesliga,MF,Defensive Midfielder,90.1,760,8.4
Julian Araujo,Bournemouth,eng Premier League,DF,Defensive Midfielder,90.0,497,5.5
Duje Ćaleta-Car,Lyon,fr Ligue 1,DF,Ball-playing Centre-back,90.0,1584,17.6
Charalambos Lykogiannis,Bologna,it Serie A,DF,Fullback / Wing-back,89.8,1048,11.6
Davide Calabria,Bologna,it Serie A,DF,Fullback / Wing-back,89.6,632,7.0
Wout Faes,Leicester City,eng Premier League,DF,Ball-playing Centre-back,89.6,2815,31.3
Philipp Lienhart,Freiburg,de Bundesliga,DF,Ball-playing Centre-back,89.6,2770,30.8
Romelu Lukaku,Napoli,it Serie A,FW,Target Man / Physical Striker,89.4,2843,31.6
Aster Vranckx,Wolfsburg,de Bundesliga,MF,Defensive Midfielder,89.2,556,6.2
Tim Oermann,Bochum,de Bundesliga,DF,Defensive Midfielder,89.2,2213,24.6
Nicolas Höfler,Freiburg,de Bundesliga,MF,Defensive Midfielder,89.1,794,8.8
Antonino Gallo,Lecce,it Serie A,DF,Fullback / Wing-back,88.9,2609,29.0
Pape Gueye,Villarreal,es La Liga,MF,Ball-winning Midfielder,88.8,2224,24.7
Alejandro Francés,Girona,es La Liga,DF,Defensive Midfielder,88.7,1173,13.0
Carl Starfelt,Celta Vigo,es La Liga,DF,Ball-playing Centre-back,88.7,2270,25.2
Sebastian Walukiewicz,Torino,it Serie A,DF,Defensive Midfielder,88.7,1661,18.5
Flavius Daniliuc,Hellas Verona,it Serie A,DF,Defensive Midfielder,88.6,1004,11.2
Emil Krafth,Newcastle Utd,eng Premier League,DF,Defensive Midfielder,88.5,342,3.8
Yangel Herrera,Girona,es La Liga,MF,Ball-winning Midfielder,88.1,2257,25.1
Haris Belkebla,Angers,fr Ligue 1,MF,Defensive Midfielder,88.1,1792,19.9
Juan Cruz Armada,Osasuna,es La Liga,DF,Defensive Midfielder,88.1,1492,16.6
Anthony Rouault,Stuttgart,de Bundesliga,DF,Ball-playing Centre-back,87.9,1212,13.5
Luca Netz,Gladbach,de Bundesliga,DF,Fullback / Wing-back,87.8,969,10.8
Axel Tuanzebe,Ipswich Town,eng Premier League,DF,Defensive Midfielder,87.7,1710,19.0
José Luis Palomino,Cagliari,it Serie A,DF,Ball-playing Centre-back,87.4,1081,12.0
Fabio Chiarodia,Gladbach,de Bundesliga,DF,Ball-playing Centre-back,87.3,379,4.2
Nathaniel Clyne,Crystal Palace,eng Premier League,DF,Defensive Midfielder,87.0,483,5.4
Christopher Operi,Le Havre,fr Ligue 1,DF,Fullback / Wing-back,86.9,1169,13.0
Josip Juranović,Union Berlin,de Bundesliga,DF,Fullback / Wing-back,86.8,1159,12.9
Donyell Malen,Dortmund,de Bundesliga,FW,Wide Midfielder / Winger,86.8,614,6.8
Wilfried Ndollo,Montpellier,fr Ligue 1,DF,Defensive Midfielder,86.8,401,4.5
Maximilian Mittelstädt,Stuttgart,de Bundesliga,DF,Box-to-box Midfielder,86.6,2469,27.4
Moussa Diarra,Alavés,es La Liga,DF,Defensive Midfielder,86.5,1866,20.7
Fodé Ballo-Touré,Le Havre,fr Ligue 1,DF,Defensive Midfielder,86.4,589,6.5
Gift Orban,Hoffenheim,de Bundesliga,FW,Target Man / Physical Striker,86.4,687,7.6
Álex Suárez,Las Palmas,es La Liga,DF,Defensive Midfielder,86.4,2460,27.3
Joe Scally,Gladbach,de Bundesliga,DF,Defensive Midfielder,86.4,2578,28.6
Matteo Ruggeri,Atalanta,it Serie A,DF,Fullback / Wing-back,86.3,1751,19.5
Juan Miranda,Bologna,it Serie A,DF,Box-to-box Midfielder,86.3,2277,25.3
Kim Min-jae,Bayern Munich,de Bundesliga,DF,Ball-playing Centre-back,86.2,2283,25.4
Yerson Mosquera,Wolves,eng Premier League,DF,Defensive Midfielder,86.2,441,4.9
Mohammed Salisu,Monaco,fr Ligue 1,DF,Defensive Centre-back,86.1,1023,11.4
Stefan de Vrij,Inter,it Serie A,DF,Ball-playing Centre-back,86.1,1636,18.2
Martin Frese,Hellas Verona,it Serie A,DF,Defensive Midfielder,85.9,549,6.1
Florent Hanin,Angers,fr Ligue 1,DF,Fullback / Wing-back,85.8,2672,29.7
Luis Pérez,Valladolid,es La Liga,DF,Fullback / Wing-back,85.8,2558,28.4
Matteo Pessina,Monza,it Serie A,MF,Defensive Midfielder,85.7,854,9.5
Joelinton,Newcastle Utd,eng Premier League,MF,Ball-winning Midfielder,85.6,2393,26.6
Balthazar Pierret,Lecce,it Serie A,MF,Defensive Midfielder,85.4,1723,19.1
Niccolò Pisilli,Roma,it Serie A,MF,Ball-winning Midfielder,85.4,1227,13.6
Leo Skiri Østigård,Rennes,fr Ligue 1,DF,Ball-playing Centre-back,85.3,1227,13.6
Bamba Dieng,Angers,fr Ligue 1,FW,Target Man / Physical Striker,85.3,532,5.9
Antoine Makoumbou,Cagliari,it Serie A,MF,Defensive Midfielder,85.3,2150,23.9
Lorenzo Lucca,Udinese,it Serie A,FW,Target Man / Physical Striker,85.3,2353,26.1
Aitor Paredes,Athletic Club,es La Liga,DF,Ball-playing Centre-back,85.0,1812,20.1
Pietro Comuzzo,Fiorentina,it Serie A,DF,Ball-playing Centre-back,85.0,2110,23.4
Oliver Scarles,West Ham,eng Premier League,DF,Defensive Midfielder,85.0,665,7.4
Gabriel Osho,Auxerre,fr Ligue 1,DF,Ball-playing Centre-back,85.0,1654,18.4
Waldemar Anton,Dortmund,de Bundesliga,DF,Defensive Centre-back,84.8,1949,21.7
Frederic Guilbert,Lecce,it Serie A,DF,Defensive Midfielder,84.7,2435,27.1
Marash Kumbulla,Espanyol,es La Liga,DF,Ball-playing Centre-back,84.7,2972,33.0
Aarón Martín,Genoa,it Serie A,DF,Fullback / Wing-back,84.5,3085,34.3
Giangiacomo Magnani,Hellas Verona,it Serie A,DF,Ball-playing Centre-back,84.5,1065,11.8
Gianluca Lapadula,Cagliari,it Serie A,FW,Target Man / Physical Striker,84.4,310,3.4
Nathan Patterson,Everton,eng Premier League,DF,Fullback / Wing-back,84.3,347,3.9
Grigoris Kastanos,Hellas Verona,it Serie A,MF,Ball-winning Midfielder,84.3,872,9.7
Victor Bernth Kristiansen,Leicester City,eng Premier League,DF,Defensive Midfielder,84.3,2482,27.6
Cristiano Biraghi,Torino,it Serie A,DF,Fullback / Wing-back,84.2,1158,12.9
Pau Victor,Barcelona,es La Liga,FW,Clinical Striker,84.1,319,3.5
Phil Harres,Holstein Kiel,de Bundesliga,FW,Target Man / Physical Striker,84.0,1544,17.2
Granit Xhaka,Leverkusen,de Bundesliga,MF,Box-to-box Midfielder,83.9,2888,32.1
Sergi,Leganés,es La Liga,DF,Ball-playing Centre-back,83.8,2957,32.9
Michael Keane,Everton,eng Premier League,DF,Ball-playing Centre-back,83.8,1049,11.7
Juan Foyth,Villarreal,es La Liga,DF,Defensive Centre-back,83.7,1517,16.9
Fran Vieites,Betis,es La Liga,GK,Goalkeeper,83.6,360,4.0
Hamari Traoré,Real Sociedad,es La Liga,DF,Defensive Midfielder,83.6,700,7.8
Danny Welbeck,Brighton,eng Premier League,FW,Target Man / Physical Striker,83.6,2115,23.5
Amine Gouiri,Marseille,fr Ligue 1,FW,Clinical Striker,83.5,1048,11.6
Dodi Lukebakio,Sevilla,es La Liga,FW,Wide Midfielder / Winger,83.5,3092,34.4
Dani Ceballos,Real Madrid,es La Liga,MF,Box-to-box Midfielder,83.5,1215,13.5
Henrique,Valladolid,es La Liga,DF,Defensive Midfielder,83.3,352,3.9
Daniele Ghilardi,Hellas Verona,it Serie A,DF,Defensive Midfielder,83.3,2029,22.5
Diego Rico,Getafe,es La Liga,DF,Fullback / Wing-back,83.1,2819,31.3
Boubakar Kouyaté,Montpellier,fr Ligue 1,DF,Defensive Midfielder,83.1,756,8.4
Julian Chabot,Stuttgart,de Bundesliga,DF,Ball-playing Centre-back,83.1,2269,25.2
Eric Dier,Bayern Munich,de Bundesliga,DF,Ball-playing Centre-back,82.9,1463,16.3
Iván Balliu,Rayo Vallecano,es La Liga,DF,Defensive Midfielder,82.9,1200,13.3
Pape Matar Sarr,Tottenham,eng Premier League,MF,Ball-winning Midfielder,82.9,1913,21.3
Cristhian Mosquera,Valencia,es La Liga,DF,Ball-playing Centre-back,82.8,3319,36.9
Jakub Kiwior,Arsenal,eng Premier League,DF,Ball-playing Centre-back,82.6,1122,12.5
Ashley Young,Everton,eng Premier League,DF,Fullback / Wing-back,82.6,1875,20.8
Anthony Losilla,Bochum,de Bundesliga,MF,Defensive Midfielder,82.6,1137,12.6
Arthur,Leverkusen,de Bundesliga,DF,Defensive Midfielder,82.5,752,8.4
Reinildo Mandava,Atlético Madrid,es La Liga,DF,Defensive Midfielder,82.5,941,10.5
Éder Militão,Real Madrid,es La Liga,DF,Defensive Centre-back,82.5,938,10.4
Gabriel Suazo,Toulouse,fr Ligue 1,DF,Fullback / Wing-back,82.5,2163,24.0
Hugo Duro,Valencia,es La Liga,FW,Target Man / Physical Striker,82.4,2166,24.1
Diego Llorente,Betis,es La Liga,DF,Ball-playing Centre-back,82.4,2519,28.0
Robert Wagner,St. Pauli,de Bundesliga,MF,Defensive Midfielder,82.3,407,4.5
Luke Thomas,Leicester City,eng Premier League,DF,Defensive Midfielder,82.2,1110,12.3
Falaye Sacko,Montpellier,fr Ligue 1,DF,Defensive Midfielder,82.1,1233,13.7
Jesús Santiago,Getafe,es La Liga,MF,Defensive Midfielder,82.0,372,4.1
Adam Lallana,Southampton,eng Premier League,MF,Box-to-box Midfielder,82.0,361,4.0
Tommaso Pobega,Bologna,it Serie A,MF,Ball-winning Midfielder,81.9,1178,13.1
Samuel Gigot,Lazio,it Serie A,DF,Ball-playing Centre-back,81.9,683,7.6
Maroan Sannadi,Athletic Club,es La Liga,FW,Wide Midfielder / Winger,81.8,754,8.4
Hamzat Ojediran,Lens,fr Ligue 1,MF,Ball-winning Midfielder,81.7,416,4.6
George Hirst,Ipswich Town,eng Premier League,FW,Target Man / Physical Striker,81.5,661,7.3
Mika Mármol,Las Palmas,es La Liga,DF,Defensive Midfielder,81.5,2399,26.7
Jean-Kevin Duverne,Nantes,fr Ligue 1,DF,Defensive Midfielder,81.4,537,6.0
Orri Steinn Óskarsson,Real Sociedad,es La Liga,FW,Target Man / Physical Striker,81.3,944,10.5
João Félix,Milan,it Serie A,MF,Wide Midfielder / Winger,81.3,760,8.4
Aihen Muñoz,Real Sociedad,es La Liga,DF,Defensive Midfielder,81.2,1098,12.2
Ryan Manning,Southampton,eng Premier League,DF,Fullback / Wing-back,81.1,1462,16.2
Bafodé Diakité,Lille,fr Ligue 1,DF,Ball-playing Centre-back,81.0,2766,30.7
Alexander Prass,Hoffenheim,de Bundesliga,DF,Fullback / Wing-back,81.0,1566,17.4
Jacques Ekomie,Angers,fr Ligue 1,DF,Defensive Midfielder,81.0,697,7.7
Giuseppe Pezzella,Empoli,it Serie A,DF,Fullback / Wing-back,80.9,2878,32.0
Louis Leroux,Nantes,fr Ligue 1,MF,Ball-winning Midfielder,80.8,816,9.1
Roberto Piccoli,Cagliari,it Serie A,FW,Target Man / Physical Striker,80.8,3127,34.7
Henrikh Mkhitaryan,Inter,it Serie A,MF,Box-to-box Midfielder,80.7,2328,25.9
Javi Sánchez,Valladolid,es La Liga,DF,Ball-playing Centre-back,80.7,2026,22.5
Joël Veltman,Brighton,eng Premier League,DF,Defensive Midfielder,80.7,1697,18.9
Ezri Konsa,Aston Villa,eng Premier League,DF,Ball-playing Centre-back,80.7,2936,32.6
Emmanuel Biumla,Angers,fr Ligue 1,DF,Ball-playing Centre-back,80.6,1336,14.8
Jesús Areso,Osasuna,es La Liga,DF,Fullback / Wing-back,80.6,3079,34.2
Angelo Stiller,Stuttgart,de Bundesliga,MF,Box-to-box Midfielder,80.6,2741,30.5
Sander Berge,Fulham,eng Premier League,MF,Defensive Midfielder,80.5,2224,24.7
Youssouf Sabaly,Betis,es La Liga,DF,Defensive Midfielder,80.5,1581,17.6
Armando Izzo,Monza,it Serie A,DF,Ball-playing Centre-back,80.4,2435,27.1
Abde Ezzalzouli,Betis,es La Liga,FW,Wide Midfielder / Winger,80.4,1984,22.0
Martin Terrier,Leverkusen,de Bundesliga,MF,Target Man / Physical Striker,80.3,584,6.5
Guido Rodríguez,West Ham,eng Premier League,MF,Defensive Midfielder,80.2,1149,12.8
Djené,Getafe,es La Liga,DF,Defensive Midfielder,80.1,2548,28.3
Daniel Fila,Venezia,it Serie A,FW,Target Man / Physical Striker,80.0,492,5.5
Jamie Vardy,Leicester City,eng Premier League,FW,Target Man / Physical Striker,80.0,2823,31.4
Dayot Upamecano,Bayern Munich,de Bundesliga,DF,Defensive Centre-back,79.9,1759,19.5
Nikola Milenković,Nott'ham Forest,eng Premier League,DF,Ball-playing Centre-back,79.9,3330,37.0
Antonee Robinson,Fulham,eng Premier League,DF,Fullback / Wing-back,79.8,3167,35.2
Tamás Nikitscher,Valladolid,es La Liga,MF,Defensive Midfielder,79.8,858,9.5
Michael Kayode,Brentford,eng Premier League,DF,Fullback / Wing-back,79.7,528,5.9
Pablo Maffeo,Mallorca,es La Liga,DF,Fullback / Wing-back,79.7,2368,26.3
Mathias Jensen,Brentford,eng Premier League,MF,Box-to-box Midfielder,79.5,862,9.6
Frank Magri,Toulouse,fr Ligue 1,FW,Target Man / Physical Striker,79.5,1516,16.8
Ko Itakura,Gladbach,de Bundesliga,DF,Ball-playing Centre-back,79.5,2790,31.0
Kostas Tsimikas,Liverpool,eng Premier League,DF,Box-to-box Midfielder,79.5,837,9.3
Medon Berisha,Lecce,it Serie A,MF,Ball-winning Midfielder,79.4,716,8.0
Loum Tchaouna,Lazio,it Serie A,FW,Wide Midfielder / Winger,79.4,660,7.3
Kike Pérez,Valladolid,es La Liga,MF,Ball-winning Midfielder,79.3,1191,13.2
Joshua Kimmich,Bayern Munich,de Bundesliga,MF,Box-to-box Midfielder,79.2,2847,31.6
Brendan Chardonnet,Brest,fr Ligue 1,DF,Ball-playing Centre-back,79.2,2416,26.8
Liam Delap,Ipswich Town,eng Premier League,FW,Target Man / Physical Striker,79.2,2593,28.8
Jesper Karlström,Udinese,it Serie A,MF,Defensive Midfielder,79.2,3186,35.4
Lucas Digne,Aston Villa,eng Premier League,DF,Fullback / Wing-back,79.1,2351,26.1
William Saliba,Arsenal,eng Premier League,DF,Ball-playing Centre-back,79.0,3039,33.8
Eybi Nije,Torino,it Serie A,FW,Wide Midfielder / Winger,79.0,394,4.4
Stefano Sabelli,Genoa,it Serie A,DF,Defensive Midfielder,78.9,2058,22.9
David Zec,Holstein Kiel,de Bundesliga,DF,Ball-playing Centre-back,78.9,1541,17.1
Omar Traoré,Heidenheim,de Bundesliga,DF,Fullback / Wing-back,78.8,2616,29.1
Filippo Terracciano,Milan,it Serie A,DF,Defensive Midfielder,78.7,539,6.0
Arthur Vermeeren,RB Leipzig,de Bundesliga,MF,Defensive Midfielder,78.7,1572,17.5
Almoatasem Al Musrati,Monaco,fr Ligue 1,MF,Ball-winning Midfielder,78.7,386,4.3
Patrick Cutrone,Como,it Serie A,FW,Target Man / Physical Striker,78.6,2047,22.7
Iñigo Ruiz de Galarreta,Athletic Club,es La Liga,MF,Box-to-box Midfielder,78.6,1477,16.4
Georges Mikautadze,Lyon,fr Ligue 1,FW,Clinical Striker,78.6,1449,16.1
Mark McKenzie,Toulouse,fr Ligue 1,DF,Ball-playing Centre-back,78.6,2496,27.7
Alex Scott,Bournemouth,eng Premier League,MF,Ball-winning Midfielder,78.5,755,8.4
Julian Weigl,Gladbach,de Bundesliga,MF,Defensive Midfielder,78.5,2881,32.0
Abdón Prats,Mallorca,es La Liga,FW,Target Man / Physical Striker,78.5,456,5.1
Carlos Gómez,Rennes,fr Ligue 1,MF,Wide Midfielder / Winger,78.5,381,4.2
Martin Valjent,Mallorca,es La Liga,DF,Ball-playing Centre-back,78.3,2763,30.7
Dominic Calvert-Lewin,Everton,eng Premier League,FW,Target Man / Physical Striker,78.3,1609,17.9
Akor Adams,Montpellier,fr Ligue 1,FW,Target Man / Physical Striker,78.2,1075,11.9
Carlens Arcus,Angers,fr Ligue 1,DF,Defensive Midfielder,78.1,2047,22.7
Héctor Bellerín,Betis,es La Liga,DF,Fullback / Wing-back,78.1,580,6.4
Omar Marmoush,Eint Frankfurt,de Bundesliga,FW,Creative Attacking Midfielder,78.1,1448,16.1
Jonas Hofmann,Leverkusen,de Bundesliga,MF,Wide Midfielder / Winger,78.1,356,4.0
Koka,Le Havre,fr Ligue 1,FW,Target Man / Physical Striker,78.1,851,9.5
Oleksandr Zinchenko,Arsenal,eng Premier League,DF,Box-to-box Midfielder,78.1,527,5.9
Welington,Southampton,eng Premier League,DF,Defensive Midfielder,78.1,482,5.4
Mërgim Vojvoda,Torino,it Serie A,DF,Defensive Midfielder,78.0,1105,12.3
Alejandro Garnacho,Manchester Utd,eng Premier League,MF,Wide Midfielder / Winger,78.0,2199,24.4
Juanmi Latasa,Valladolid,es La Liga,FW,Target Man / Physical Striker,78.0,1398,15.5
Marius Wolf,Augsburg,de Bundesliga,DF,Fullback / Wing-back,77.9,2144,23.8
Woyo Coulibaly,Parma,it Serie A,DF,Defensive Midfielder,77.8,1084,12.0
Enrico Del Prato,Parma,it Serie A,DF,Ball-playing Centre-back,77.8,2947,32.7
Sacha Boey,Bayern Munich,de Bundesliga,DF,Box-to-box Midfielder,77.7,593,6.6
Ezequiel Ávila,Betis,es La Liga,FW,Wide Midfielder / Winger,77.7,677,7.5
Hamed Junior Traorè,Auxerre,fr Ligue 1,MF,Wide Midfielder / Winger,77.7,2093,23.3
Thilo Kehrer,Monaco,fr Ligue 1,DF,Ball-playing Centre-back,77.6,2383,26.5
Andrea Pinamonti,Genoa,it Serie A,FW,Target Man / Physical Striker,77.6,2850,31.7
Wilfried Singo,Monaco,fr Ligue 1,DF,Defensive Centre-back,77.6,2096,23.3
Senne Lynen,Werder Bremen,de Bundesliga,MF,Defensive Midfielder,77.6,2733,30.4
Javi López,Real Sociedad,es La Liga,DF,Defensive Midfielder,77.6,1936,21.5
Mahdi Camara,Brest,fr Ligue 1,MF,Ball-winning Midfielder,77.5,2659,29.5
Williot Swedberg,Celta Vigo,es La Liga,FW,Wide Midfielder / Winger,77.5,1348,15.0
Pierre Højbjerg,Marseille,fr Ligue 1,MF,Box-to-box Midfielder,77.5,2664,29.6
Mads Roerslev,Brentford,eng Premier League,DF,Fullback / Wing-back,77.4,1101,12.2
Tyrick Mitchell,Crystal Palace,eng Premier League,DF,Fullback / Wing-back,77.4,3092,34.4
Mattéo Guendouzi,Lazio,it Serie A,MF,Box-to-box Midfielder,77.2,3270,36.3
Fernando Calero,Espanyol,es La Liga,DF,Ball-playing Centre-back,77.1,715,7.9
Koni De Winter,Genoa,it Serie A,DF,Ball-playing Centre-back,77.0,2135,23.7
Borna Sosa,Torino,it Serie A,DF,Defensive Midfielder,77.0,1181,13.1
Assane Diao,Como,it Serie A,FW,Wide Midfielder / Winger,76.9,1252,13.9
Che Adams,Torino,it Serie A,FW,Target Man / Physical Striker,76.9,2652,29.5
Tammy Abraham,Milan,it Serie A,FW,Target Man / Physical Striker,76.9,1183,13.1
Ki-Jana Hoever,Auxerre,fr Ligue 1,DF,Fullback / Wing-back,76.9,2124,23.6
Axel Disasi,Aston Villa,eng Premier League,DF,Defensive Midfielder,76.8,490,5.4
Ethan Pinnock,Brentford,eng Premier League,DF,Ball-playing Centre-back,76.8,1913,21.3
Jonas Föhrenbach,Heidenheim,de Bundesliga,DF,Defensive Midfielder,76.7,1832,20.4
Lewis Miley,Newcastle Utd,eng Premier League,MF,Ball-winning Midfielder,76.7,313,3.5
Gautier Lloris,Le Havre,fr Ligue 1,DF,Ball-playing Centre-back,76.4,2768,30.8
Florian Tardieu,Saint-Étienne,fr Ligue 1,MF,Box-to-box Midfielder,76.3,1252,13.9
Valentino Lazaro,Torino,it Serie A,DF,Fullback / Wing-back,76.3,2307,25.6
Niels Nkounkou,Eint Frankfurt,de Bundesliga,DF,Fullback / Wing-back,76.2,382,4.2
Mohamed Meité,Rennes,fr Ligue 1,FW,Target Man / Physical Striker,76.2,544,6.0
Matthijs de Ligt,Manchester Utd,eng Premier League,DF,Defensive Centre-back,76.1,2123,23.6
Gorka Guruzeta,Athletic Club,es La Liga,FW,Target Man / Physical Striker,76.1,1840,20.4
Iñigo Lekue,Athletic Club,es La Liga,DF,Defensive Midfielder,76.0,773,8.6
Zinédine Ould Khaled,Angers,fr Ligue 1,MF,Defensive Midfielder,75.9,343,3.8
Andrew Robertson,Liverpool,eng Premier League,DF,Fullback / Wing-back,75.9,2482,27.6
Gabriel Jesus,Arsenal,eng Premier League,FW,Wide Midfielder / Winger,75.7,608,6.8
Sebastiaan Bornauw,Wolfsburg,de Bundesliga,DF,Ball-playing Centre-back,75.7,788,8.8
Leopold Querfeld,Union Berlin,de Bundesliga,DF,Ball-playing Centre-back,75.7,1747,19.4
Jack Stephens,Southampton,eng Premier League,DF,Ball-playing Centre-back,75.7,1389,15.4
Javi Galán,Atlético Madrid,es La Liga,DF,Fullback / Wing-back,75.7,1784,19.8
Marin Šverko,Venezia,it Serie A,DF,Ball-playing Centre-back,75.7,1117,12.4
Arthur Theate,Eint Frankfurt,de Bundesliga,DF,Defensive Centre-back,75.6,2704,30.0
Lilian Raolisoa,Angers,fr Ligue 1,DF,Fullback / Wing-back,75.6,1318,14.6
Adam Smith,Bournemouth,eng Premier League,DF,Defensive Midfielder,75.6,1590,17.7
Federico Gatti,Juventus,it Serie A,DF,Defensive Centre-back,75.5,2195,24.4
Arnaut Danjuma,Girona,es La Liga,FW,Wide Midfielder / Winger,75.5,1335,14.8
Ruben Aguilar,Lens,fr Ligue 1,DF,Box-to-box Midfielder,75.4,1124,12.5
Juanlu Sánchez,Sevilla,es La Liga,MF,Ball-winning Midfielder,75.3,1722,19.1
Tuta,Eint Frankfurt,de Bundesliga,DF,Ball-playing Centre-back,75.3,2274,25.3
Harry Wilson,Fulham,eng Premier League,FW,Wide Midfielder / Winger,75.2,1162,12.9
Hiroki Sekine,Reims,fr Ligue 1,DF,Defensive Midfielder,75.2,887,9.9
Manuel Lazzari,Lazio,it Serie A,DF,Fullback / Wing-back,75.2,1406,15.6
Ricardo Rodríguez,Betis,es La Liga,DF,Defensive Midfielder,75.1,1274,14.2
Luka Jović,Milan,it Serie A,FW,Target Man / Physical Striker,75.1,557,6.2
John Tolkin,Holstein Kiel,de Bundesliga,DF,Defensive Midfielder,75.1,737,8.2
David Raum,RB Leipzig,de Bundesliga,DF,Fullback / Wing-back,75.0,1783,19.8
Abakar Sylla,Strasbourg,fr Ligue 1,DF,Ball-playing Centre-back,75.0,950,10.6
Marco Asensio,Aston Villa,eng Premier League,MF,Wide Midfielder / Winger,74.9,743,8.3
Rafik Messali,Toulouse,fr Ligue 1,DF,Fullback / Wing-back,74.9,456,5.1
Marvin,Las Palmas,es La Liga,DF,Fullback / Wing-back,74.9,1038,11.5
Joel Pohjanpalo,Venezia,it Serie A,FW,Target Man / Physical Striker,74.8,1603,17.8
Brian Oliván,Espanyol,es La Liga,DF,Fullback / Wing-back,74.8,1017,11.3
Óscar Valentín,Rayo Vallecano,es La Liga,MF,Defensive Midfielder,74.8,1835,20.4
Antonio Candela,Venezia,it Serie A,DF,Defensive Midfielder,74.7,1008,11.2
Nampalys Mendy,Lens,fr Ligue 1,MF,Defensive Midfielder,74.7,588,6.5
Kristjan Asllani,Inter,it Serie A,MF,Box-to-box Midfielder,74.6,980,10.9
Cheikh Tidiane Niasse,Hellas Verona,it Serie A,MF,Defensive Midfielder,74.6,755,8.4
Emmanuel Agbadou,Wolves,eng Premier League,DF,Ball-playing Centre-back,74.6,1410,15.7
Patric,Lazio,it Serie A,DF,Ball-playing Centre-back,74.6,607,6.7
Maximilian Wittek,Bochum,de Bundesliga,DF,Fullback / Wing-back,74.5,2706,30.1
David Jurásek,Hoffenheim,de Bundesliga,DF,Fullback / Wing-back,74.3,619,6.9
Alessandro Marcandalli,Venezia,it Serie A,DF,Defensive Midfielder,74.3,354,3.9
Mickael Nade,Saint-Étienne,fr Ligue 1,DF,Ball-playing Centre-back,74.3,2306,25.6
Christian Eriksen,Manchester Utd,eng Premier League,MF,Box-to-box Midfielder,74.2,1061,11.8
Sven Botman,Newcastle Utd,eng Premier League,DF,Defensive Centre-back,74.1,412,4.6
Erhan Mašović,Bochum,de Bundesliga,DF,Ball-playing Centre-back,74.1,910,10.1
Phillip Tietz,Augsburg,de Bundesliga,FW,Target Man / Physical Striker,74.0,1686,18.7
Andre-Frank Zambo Anguissa,Napoli,it Serie A,MF,Ball-winning Midfielder,74.0,2852,31.7
Willi Orban,RB Leipzig,de Bundesliga,DF,Ball-playing Centre-back,74.0,2222,24.7
Daniel Bandeira,Hellas Verona,it Serie A,MF,Defensive Midfielder,74.0,407,4.5
Viti,Las Palmas,es La Liga,DF,Defensive Midfielder,73.9,1982,22.0
Neil El Aynaoui,Lens,fr Ligue 1,MF,Ball-winning Midfielder,73.9,1588,17.6
Emanuele Valeri,Parma,it Serie A,DF,Fullback / Wing-back,73.7,2873,31.9
Jonathan Ikone,Como,it Serie A,FW,Wide Midfielder / Winger,73.7,540,6.0
Sheraldo Becker,Real Sociedad,es La Liga,FW,Wide Midfielder / Winger,73.6,995,11.1
Riccardo Orsolini,Bologna,it Serie A,FW,Clinical Striker,73.6,1878,20.9
Mason Mount,Manchester Utd,eng Premier League,MF,Wide Midfielder / Winger,73.5,622,6.9
Angeliño,Roma,it Serie A,DF,Fullback / Wing-back,73.5,3177,35.3
Fali Candé,Venezia,it Serie A,DF,Ball-playing Centre-back,73.4,1530,17.0
Warren Bondo,Monza,it Serie A,MF,Defensive Midfielder,73.4,1618,18.0
Andrey Santos,Strasbourg,fr Ligue 1,MF,Ball-winning Midfielder,73.4,2855,31.7
Logan Costa,Villarreal,es La Liga,DF,Ball-playing Centre-back,73.3,2587,28.7
Pascal Groß,Dortmund,de Bundesliga,MF,Box-to-box Midfielder,73.2,2327,25.9
Mathías Olivera,Napoli,it Serie A,DF,Defensive Midfielder,73.2,2370,26.3
Conor Gallagher,Atlético Madrid,es La Liga,MF,Ball-winning Midfielder,73.1,1633,18.1
Abdul Mumin,Rayo Vallecano,es La Liga,DF,Ball-playing Centre-back,73.1,2017,22.4
Michael Svoboda,Venezia,it Serie A,DF,Ball-playing Centre-back,73.0,1314,14.6
Santi Comesaña,Villarreal,es La Liga,MF,Ball-winning Midfielder,72.9,2560,28.4
Alexander Isak,Newcastle Utd,eng Premier League,FW,Clinical Striker,72.9,2756,30.6
Facundo Garcés,Alavés,es La Liga,DF,Defensive Midfielder,72.8,678,7.5
Jubal,Auxerre,fr Ligue 1,DF,Ball-playing Centre-back,72.8,2640,29.3
Luca Pellegrini,Lazio,it Serie A,DF,Box-to-box Midfielder,72.8,1067,11.9
Dimitris Giannoulis,Augsburg,de Bundesliga,DF,Fullback / Wing-back,72.8,2650,29.4
Jann-Fiete Arp,Holstein Kiel,de Bundesliga,FW,Wide Midfielder / Winger,72.8,713,7.9
Esteban Lepaul,Angers,fr Ligue 1,FW,Target Man / Physical Striker,72.7,1629,18.1
Mohamed Salah,Liverpool,eng Premier League,FW,Creative Attacking Midfielder,72.7,3371,37.5
Aurélio Buta,Reims,fr Ligue 1,DF,Defensive Midfielder,72.6,1970,21.9
Mohamed Kaba,Lecce,it Serie A,MF,Defensive Midfielder,72.6,452,5.0
Timothy Castagne,Fulham,eng Premier League,DF,Defensive Midfielder,72.6,1649,18.3
Christian Kabasele,Udinese,it Serie A,DF,Ball-playing Centre-back,72.5,1161,12.9
Lucas Paquetá,West Ham,eng Premier League,MF,Ball-winning Midfielder,72.5,2380,26.4
Maxim Leitsch,Mainz 05,de Bundesliga,DF,Ball-playing Centre-back,72.5,674,7.5
Edson Álvarez,West Ham,eng Premier League,MF,Defensive Midfielder,72.4,1772,19.7
Zeki Çelik,Roma,it Serie A,DF,Defensive Midfielder,72.3,2256,25.1
Mario Martín,Valladolid,es La Liga,MF,Ball-winning Midfielder,72.3,1748,19.4
Thomas Kristensen,Udinese,it Serie A,DF,Ball-playing Centre-back,72.3,1754,19.5
Irvin Cardona,Saint-Étienne,fr Ligue 1,FW,Wide Midfielder / Winger,72.2,1063,11.8
Keito Nakamura,Reims,fr Ligue 1,FW,Wide Midfielder / Winger,72.2,2649,29.4
Stanko Jurić,Valladolid,es La Liga,MF,Defensive Midfielder,72.2,1729,19.2
Christopher Nkunku,Chelsea,eng Premier League,FW,Clinical Striker,72.1,921,10.2
Enes Ünal,Bournemouth,eng Premier League,FW,Clinical Striker,72.1,345,3.8
Leif Davis,Ipswich Town,eng Premier League,DF,Fullback / Wing-back,72.0,2743,30.5
Enzo Tchato,Montpellier,fr Ligue 1,DF,Defensive Midfielder,72.0,1899,21.1
Carmona,Sevilla,es La Liga,DF,Defensive Midfielder,71.9,2942,32.7
Mateus Fernandes,Southampton,eng Premier League,MF,Ball-winning Midfielder,71.9,2909,32.3
Milan Đurić,Monza,it Serie A,FW,Target Man / Physical Striker,71.8,1270,14.1
Christian Günter,Freiburg,de Bundesliga,DF,Fullback / Wing-back,71.7,2314,25.7
Lamare Bogarde,Aston Villa,eng Premier League,DF,Defensive Midfielder,71.7,476,5.3
Jonathan Clauss,Nice,fr Ligue 1,DF,Box-to-box Midfielder,71.6,2303,25.6
Léo Pétrot,Saint-Étienne,fr Ligue 1,DF,Defensive Midfielder,71.6,2634,29.3
Javier Guerra,Valencia,es La Liga,MF,Ball-winning Midfielder,71.6,2581,28.7
Nhoa Sangui,Reims,fr Ligue 1,DF,Defensive Midfielder,71.5,1158,12.9
Virgil van Dijk,Liverpool,eng Premier League,DF,Defensive Centre-back,71.5,3330,37.0
Ferrán Torres,Barcelona,es La Liga,FW,Clinical Striker,71.4,1106,12.3
Marcus Coco,Nantes,fr Ligue 1,DF,Defensive Midfielder,71.4,951,10.6
Dimitri Foulquier,Valencia,es La Liga,DF,Defensive Midfielder,71.4,2299,25.5
Przemysław Frankowski,Lens,fr Ligue 1,DF,Box-to-box Midfielder,71.3,1387,15.4
Kaishu Sano,Mainz 05,de Bundesliga,MF,Defensive Midfielder,71.3,3043,33.8
Hugo Ekitike,Eint Frankfurt,de Bundesliga,FW,Clinical Striker,71.2,2563,28.5
Assane Dioussé,Auxerre,fr Ligue 1,MF,Defensive Midfielder,71.2,663,7.4
Harry Maguire,Manchester Utd,eng Premier League,DF,Defensive Centre-back,71.1,1758,19.5
Shuto Machino,Holstein Kiel,de Bundesliga,FW,Target Man / Physical Striker,71.1,1953,21.7
James Bree,Southampton,eng Premier League,DF,Defensive Midfielder,71.1,1075,11.9
Adama Boiro,Athletic Club,es La Liga,DF,Defensive Midfielder,71.1,1101,12.2
Giorgos Masouras,Bochum,de Bundesliga,FW,Target Man / Physical Striker,71.0,1055,11.7
Armindo Sieb,Mainz 05,de Bundesliga,FW,Wide Midfielder / Winger,71.0,762,8.5
Óscar de Marcos,Athletic Club,es La Liga,DF,Fullback / Wing-back,70.8,1564,17.4
Álex Valle,Como,it Serie A,DF,Defensive Midfielder,70.8,1030,11.4
Mihailo Ristić,Celta Vigo,es La Liga,DF,Defensive Midfielder,70.8,429,4.8
Hassane Kamara,Udinese,it Serie A,DF,Fullback / Wing-back,70.7,2001,22.2
Massadio Haïdara,Brest,fr Ligue 1,DF,Defensive Midfielder,70.7,1678,18.6
Tomáš Čvančara,Gladbach,de Bundesliga,FW,Target Man / Physical Striker,70.7,831,9.2
Santiago Mouriño,Alavés,es La Liga,DF,Defensive Midfielder,70.6,1849,20.5
Oliver Skipp,Leicester City,eng Premier League,MF,Defensive Midfielder,70.6,1129,12.5
Pedro Porro,Tottenham,eng Premier League,DF,Box-to-box Midfielder,70.5,2610,29.0
Andrea Cambiaso,Juventus,it Serie A,DF,Box-to-box Midfielder,70.4,2221,24.7
Benjamín Domínguez,Bologna,it Serie A,FW,Wide Midfielder / Winger,70.4,1281,14.2
Adam Wharton,Crystal Palace,eng Premier League,MF,Box-to-box Midfielder,70.3,1318,14.6
Santiago Castro,Bologna,it Serie A,FW,Target Man / Physical Striker,70.3,2294,25.5
Raoul Bellanova,Atalanta,it Serie A,DF,Fullback / Wing-back,70.3,2402,26.7
Timo Becker,Holstein Kiel,de Bundesliga,DF,Defensive Midfielder,70.3,2445,27.2
Matteo Prati,Cagliari,it Serie A,MF,Defensive Midfielder,70.2,570,6.3
Milos Kerkez,Bournemouth,eng Premier League,DF,Fullback / Wing-back,70.2,3336,37.1
Alan Matturro,Genoa,it Serie A,DF,Defensive Midfielder,70.2,900,10.0
Thijs Dallinga,Bologna,it Serie A,FW,Target Man / Physical Striker,70.2,1154,12.8
Antoine Semenyo,Bournemouth,eng Premier League,FW,Wide Midfielder / Winger,70.1,3203,35.6
Abdou Harroui,Hellas Verona,it Serie A,MF,Wide Midfielder / Winger,70.1,463,5.1
Emre Can,Dortmund,de Bundesliga,DF,Ball-playing Centre-back,70.1,2105,23.4
Casemiro,Manchester Utd,eng Premier League,MF,Ball-winning Midfielder,70.1,1494,16.6
Diego,Leganés,es La Liga,FW,Target Man / Physical Striker,70.1,1195,13.3
Johan Vásquez,Genoa,it Serie A,DF,Defensive Centre-back,70.1,3041,33.8
Augustine Boakye,Saint-Étienne,fr Ligue 1,FW,Wide Midfielder / Winger,70.1,733,8.1
Justin Njinmah,Werder Bremen,de Bundesliga,FW,Wide Midfielder / Winger,70.0,952,10.6
Daniel Maldini,Monza,it Serie A,MF,Wide Midfielder / Winger,70.0,1306,14.5
Yan Couto,Dortmund,de Bundesliga,DF,Fullback / Wing-back,70.0,895,9.9
Sergi Guardiola,Rayo Vallecano,es La Liga,FW,Target Man / Physical Striker,69.9,362,4.0
Mergim Berisha,Hoffenheim,de Bundesliga,FW,Target Man / Physical Striker,69.9,333,3.7
Andoni Gorosabel,Athletic Club,es La Liga,DF,Defensive Midfielder,69.9,1485,16.5
Rani Khedira,Union Berlin,de Bundesliga,MF,Defensive Midfielder,69.9,2723,30.3
Álvaro Morata,Milan,it Serie A,FW,Target Man / Physical Striker,69.9,1099,12.2
Enzo Boyomo,Osasuna,es La Liga,DF,Ball-playing Centre-back,69.8,2987,33.2
Felix Passlack,Bochum,de Bundesliga,DF,Fullback / Wing-back,69.8,2334,25.9
Siebe Van Der Heyden,St. Pauli,de Bundesliga,DF,Ball-playing Centre-back,69.8,872,9.7
Nick Woltemade,Stuttgart,de Bundesliga,FW,Clinical Striker,69.8,1622,18.0
Mandela Keita,Parma,it Serie A,MF,Defensive Midfielder,69.7,1826,20.3
Ladislav Krejčí,Girona,es La Liga,DF,Defensive Centre-back,69.7,2440,27.1
Cyle Larin,Mallorca,es La Liga,FW,Target Man / Physical Striker,69.7,1764,19.6
Marnon Busch,Heidenheim,de Bundesliga,DF,Defensive Midfielder,69.7,1396,15.5
Lucas Vázquez,Real Madrid,es La Liga,DF,Box-to-box Midfielder,69.6,2189,24.3
John Stones,Manchester City,eng Premier League,DF,Ball-playing Centre-back,69.6,548,6.1
Ismaël Doukouré,Strasbourg,fr Ligue 1,DF,Ball-playing Centre-back,69.5,2639,29.3
Theo Bair,Auxerre,fr Ligue 1,FW,Target Man / Physical Striker,69.5,939,10.4
Jean-Daniel Akpa-Akpro,Monza,it Serie A,MF,Defensive Midfielder,69.4,966,10.7
Pol Lozano,Espanyol,es La Liga,MF,Defensive Midfielder,69.4,1943,21.6
Janik Haberer,Union Berlin,de Bundesliga,MF,Defensive Midfielder,69.4,1696,18.8
Andrea Belotti,Como,it Serie A,FW,Target Man / Physical Striker,69.3,593,6.6
Felix Nmecha,Dortmund,de Bundesliga,MF,Ball-winning Midfielder,69.2,1509,16.8
Souleymane Touré,Udinese,it Serie A,DF,Ball-playing Centre-back,69.2,733,8.1
Danilo D'Ambrosio,Monza,it Serie A,DF,Defensive Midfielder,69.2,1095,12.2
Omar Mascarell,Mallorca,es La Liga,MF,Defensive Midfielder,69.1,1992,22.1
Kiké,Alavés,es La Liga,FW,Target Man / Physical Striker,69.1,2542,28.2
Valery Fernández,Mallorca,es La Liga,MF,Wide Midfielder / Winger,69.1,309,3.4
Adam Hložek,Hoffenheim,de Bundesliga,FW,Wide Midfielder / Winger,69.1,1871,20.8
Christian Nørgaard,Brentford,eng Premier League,MF,Ball-winning Midfielder,69.1,2819,31.3
Keven Schlotterbeck,Augsburg,de Bundesliga,DF,Ball-playing Centre-back,69.1,1297,14.4
Nicolai Remberg,Holstein Kiel,de Bundesliga,MF,Defensive Midfielder,68.9,2417,26.9
Conor Townsend,Ipswich Town,eng Premier League,DF,Defensive Midfielder,68.9,335,3.7
Dennis Appiah,Saint-Étienne,fr Ligue 1,DF,Defensive Midfielder,68.9,2128,23.6
Adrià Altimira,Leganés,es La Liga,DF,Defensive Midfielder,68.9,1630,18.1
Brennan Johnson,Tottenham,eng Premier League,FW,Wide Midfielder / Winger,68.9,2177,24.2
Lamine Camara,Monaco,fr Ligue 1,MF,Box-to-box Midfielder,68.8,2054,22.8
Leandro Paredes,Roma,it Serie A,MF,Box-to-box Midfielder,68.7,1373,15.3
Loïc Nego,Le Havre,fr Ligue 1,DF,Defensive Midfielder,68.7,2459,27.3
Niclas Füllkrug,West Ham,eng Premier League,FW,Target Man / Physical Striker,68.7,790,8.8
Chuky san jose,Valladolid,es La Liga,MF,Target Man / Physical Striker,68.7,728,8.1
Omar Alderete,Getafe,es La Liga,DF,Defensive Centre-back,68.5,2971,33.0
Trent Alexander-Arnold,Liverpool,eng Premier League,DF,Box-to-box Midfielder,68.4,2365,26.3
Boulaye Dia,Lazio,it Serie A,MF,Target Man / Physical Striker,68.3,2177,24.2
Hicham Boudaoui,Nice,fr Ligue 1,MF,Ball-winning Midfielder,68.3,2435,27.1
Tanguy Ndombele,Nice,fr Ligue 1,MF,Ball-winning Midfielder,68.3,1131,12.6
Cher Ndour,Fiorentina,it Serie A,MF,Defensive Midfielder,68.2,406,4.5
Michael Gregoritsch,Freiburg,de Bundesliga,FW,Target Man / Physical Striker,68.2,639,7.1
Munir El Haddadi,Leganés,es La Liga,FW,Wide Midfielder / Winger,68.1,862,9.6
Hans Nicolussi Caviglia,Venezia,it Serie A,MF,Ball-winning Midfielder,68.1,2861,31.8
Nahuel Estévez,Parma,it Serie A,MF,Defensive Midfielder,68.1,657,7.3
Ludovic Ajorque,Brest,fr Ligue 1,FW,Target Man / Physical Striker,68.0,2495,27.7
Rocco Reitz,Gladbach,de Bundesliga,MF,Ball-winning Midfielder,68.0,1830,20.3
Nathan N'Goumou,Gladbach,de Bundesliga,FW,Wide Midfielder / Winger,67.9,828,9.2
Jesus Vazquez,Valencia,es La Liga,DF,Defensive Midfielder,67.8,919,10.2
Giorgos Kyriakopoulos,Monza,it Serie A,DF,Fullback / Wing-back,67.8,2845,31.6
Clément Lenglet,Atlético Madrid,es La Liga,DF,Ball-playing Centre-back,67.7,1972,21.9
Phillipp Mwene,Mainz 05,de Bundesliga,DF,Fullback / Wing-back,67.6,2607,29.0
Sammie Szmodics,Ipswich Town,eng Premier League,FW,Target Man / Physical Striker,67.6,992,11.0
Gabriel Martinelli,Arsenal,eng Premier League,FW,Wide Midfielder / Winger,67.6,2290,25.4
Abdoulaye Touré,Le Havre,fr Ligue 1,MF,Ball-winning Midfielder,67.5,2324,25.8
Rodrigo De Paul,Atlético Madrid,es La Liga,MF,Box-to-box Midfielder,67.5,2106,23.4
Marcel Sabitzer,Dortmund,de Bundesliga,MF,Ball-winning Midfielder,67.4,1616,18.0
Berat Djimsiti,Atalanta,it Serie A,DF,Defensive Centre-back,67.4,2640,29.3
Nuno Mendes,Paris S-G,fr Ligue 1,DF,Box-to-box Midfielder,67.4,1676,18.6
Yasin Ayari,Brighton,eng Premier League,MF,Ball-winning Midfielder,67.4,1965,21.8
Magnus Knudsen,Holstein Kiel,de Bundesliga,MF,Defensive Midfielder,67.4,1850,20.6
Lars Ritzka,St. Pauli,de Bundesliga,DF,Defensive Midfielder,67.3,922,10.2
Rui Modesto,Udinese,it Serie A,DF,Fullback / Wing-back,67.3,608,6.8
Jackson Tchatchoua,Hellas Verona,it Serie A,DF,Fullback / Wing-back,67.1,3167,35.2
Antoine Bernede,Hellas Verona,it Serie A,MF,Ball-winning Midfielder,67.1,594,6.6
Gustav Isaksen,Lazio,it Serie A,FW,Wide Midfielder / Winger,67.0,2210,24.6
Rasmus Kristensen,Eint Frankfurt,de Bundesliga,DF,Ball-winning Midfielder,66.8,2513,27.9
Oussama Targhalline,Le Havre,fr Ligue 1,MF,Defensive Midfielder,66.8,990,11.0
Sam Morsy,Ipswich Town,eng Premier League,MF,Defensive Midfielder,66.7,2751,30.6
Oscar Højlund,Eint Frankfurt,de Bundesliga,MF,Ball-winning Midfielder,66.7,722,8.0
Issiaga Sylla,Montpellier,fr Ligue 1,DF,Fullback / Wing-back,66.6,1156,12.8
Sandro Tonali,Newcastle Utd,eng Premier League,MF,Ball-winning Midfielder,66.4,2630,29.2
Matheus Nunes,Manchester City,eng Premier League,DF,Box-to-box Midfielder,66.4,1674,18.6
Lucas Martínez Quarta,Fiorentina,it Serie A,DF,Ball-playing Centre-back,66.1,351,3.9
Modibo Sagnan,Montpellier,fr Ligue 1,DF,Ball-playing Centre-back,66.0,2141,23.8
Tymoteusz Puchacz,Holstein Kiel,de Bundesliga,DF,Fullback / Wing-back,66.0,396,4.4
Julián Álvarez,Atlético Madrid,es La Liga,FW,Clinical Striker,66.0,2509,27.9
Yerry Mina,Cagliari,it Serie A,DF,Defensive Centre-back,65.9,2569,28.5
Jérémy Jacquet,Rennes,fr Ligue 1,DF,Defensive Centre-back,65.9,927,10.3
Lamine Yamal,Barcelona,es La Liga,FW,Creative Attacking Midfielder,65.9,2856,31.7
Jarrod Bowen,West Ham,eng Premier League,FW,Wide Midfielder / Winger,65.9,2973,33.0
Denis Zakaria,Monaco,fr Ligue 1,MF,Ball-winning Midfielder,65.8,2144,23.8
Kaoru Mitoma,Brighton,eng Premier League,FW,Wide Midfielder / Winger,65.8,2603,28.9
Joseph Okumu,Reims,fr Ligue 1,DF,Defensive Centre-back,65.7,1695,18.8
Vedat Muriqi,Mallorca,es La Liga,FW,Target Man / Physical Striker,65.7,2058,22.9
Taiwo Awoniyi,Nott'ham Forest,eng Premier League,FW,Target Man / Physical Striker,65.7,416,4.6
Luka Modrić,Real Madrid,es La Liga,MF,Box-to-box Midfielder,65.6,1827,20.3
Gianluca Gaetano,Cagliari,it Serie A,MF,Wide Midfielder / Winger,65.6,1009,11.2
Flynn Downes,Southampton,eng Premier League,MF,Defensive Midfielder,65.6,2151,23.9
Aleix García,Leverkusen,de Bundesliga,MF,Box-to-box Midfielder,65.6,1455,16.2
José Luis Gayà,Valencia,es La Liga,DF,Fullback / Wing-back,65.5,1803,20.0
Philipp Treu,St. Pauli,de Bundesliga,MF,Defensive Midfielder,65.5,2881,32.0
Alexsandro Ribeiro,Lille,fr Ligue 1,DF,Defensive Centre-back,65.4,2700,30.0
Kosta Nedeljković,RB Leipzig,de Bundesliga,DF,Defensive Midfielder,65.4,479,5.3
Kalvin Phillips,Ipswich Town,eng Premier League,MF,Defensive Midfielder,65.3,1237,13.7
Mohamed Amoura,Wolfsburg,de Bundesliga,FW,Wide Midfielder / Winger,65.3,2467,27.4
Casper Tengstedt,Hellas Verona,it Serie A,FW,Target Man / Physical Striker,65.3,1517,16.9
Mikayil Ngor Faye,Rennes,fr Ligue 1,DF,Defensive Centre-back,65.2,688,7.6
Dodô,Fiorentina,it Serie A,DF,Fullback / Wing-back,65.2,3025,33.6
Youssouf Ndayishimiye,Nice,fr Ligue 1,DF,Ball-playing Centre-back,65.2,1932,21.5
Nayef Aguerd,Real Sociedad,es La Liga,DF,Defensive Centre-back,65.2,1760,19.6
Evann Guessand,Nice,fr Ligue 1,FW,Wide Midfielder / Winger,65.1,2565,28.5
Frenkie de Jong,Barcelona,es La Liga,MF,Box-to-box Midfielder,65.1,1143,12.7
Chris Richards,Crystal Palace,eng Premier League,DF,Defensive Midfielder,65.1,1922,21.4
Dan Ndoye,Bologna,it Serie A,FW,Wide Midfielder / Winger,65.1,2143,23.8
Leandro Cabrera,Espanyol,es La Liga,DF,Ball-playing Centre-back,65.0,2869,31.9
Ruben Vargas,Sevilla,es La Liga,FW,Wide Midfielder / Winger,65.0,671,7.5
Lassana Coulibaly,Lecce,it Serie A,MF,Defensive Midfielder,65.0,2667,29.6
Rasmus Højlund,Manchester Utd,eng Premier League,FW,Target Man / Physical Striker,65.0,2004,22.3
Kassoum Ouattara,Monaco,fr Ligue 1,DF,Fullback / Wing-back,64.9,391,4.3
Kacper Urbanski,Monza,it Serie A,MF,Defensive Midfielder,64.8,500,5.6
Renato Veiga,Juventus,it Serie A,DF,Defensive Centre-back,64.8,1093,12.1
Keinan Davis,Udinese,it Serie A,FW,Wide Midfielder / Winger,64.7,1066,11.8
Dennis Man,Parma,it Serie A,FW,Wide Midfielder / Winger,64.7,1995,22.2
Unai López,Rayo Vallecano,es La Liga,MF,Ball-winning Midfielder,64.7,1707,19.0
Roberto López,Leganés,es La Liga,MF,Ball-winning Midfielder,64.7,396,4.4
Frans Krätzig,Heidenheim,de Bundesliga,DF,Fullback / Wing-back,64.7,1217,13.5
Max Rosenfelder,Freiburg,de Bundesliga,DF,Ball-playing Centre-back,64.6,1249,13.9
Adrian Bernabe,Parma,it Serie A,MF,Box-to-box Midfielder,64.5,1453,16.1
Vitinha,Paris S-G,fr Ligue 1,MF,Box-to-box Midfielder,64.5,2042,22.7
Kristijan Jakić,Augsburg,de Bundesliga,MF,Defensive Midfielder,64.5,2306,25.6
Matthias Ginter,Freiburg,de Bundesliga,DF,Defensive Centre-back,64.4,2561,28.5
Nemanja Gudelj,Sevilla,es La Liga,MF,Defensive Midfielder,64.4,2493,27.7
Nicolò Barella,Inter,it Serie A,MF,Box-to-box Midfielder,64.4,2456,27.3
Sinaly Diomande,Auxerre,fr Ligue 1,DF,Ball-playing Centre-back,64.4,1945,21.6
Alberto Grassi,Empoli,it Serie A,MF,Defensive Midfielder,64.3,2203,24.5
Edimilson Fernandes,Brest,fr Ligue 1,MF,Defensive Midfielder,64.3,1105,12.3
Patrizio Masini,Genoa,it Serie A,MF,Defensive Midfielder,64.2,1538,17.1
Pep Chavarría,Rayo Vallecano,es La Liga,DF,Defensive Midfielder,64.2,2585,28.7
Carlos Benavídez,Alavés,es La Liga,MF,Ball-winning Midfielder,64.2,487,5.4
Pierre Kalulu,Juventus,it Serie A,DF,Ball-playing Centre-back,64.1,2337,26.0
Marius Courcoul,Angers,fr Ligue 1,MF,Defensive Midfielder,64.1,309,3.4
Douglas Luiz,Juventus,it Serie A,MF,Box-to-box Midfielder,64.1,529,5.9
Alessio Romagnoli,Lazio,it Serie A,DF,Defensive Centre-back,64.1,2672,29.7
Raphinha,Barcelona,es La Liga,FW,Creative Attacking Midfielder,64.1,2839,31.5
Ilaix Moriba,Celta Vigo,es La Liga,MF,Ball-winning Midfielder,64.0,2132,23.7
Gabriel Magalhães,Arsenal,eng Premier League,DF,Ball-playing Centre-back,64.0,2363,26.3
Dominik Kohr,Mainz 05,de Bundesliga,DF,Ball-playing Centre-back,63.9,2295,25.5
Ibrahim Salah,Brest,fr Ligue 1,FW,Wide Midfielder / Winger,63.9,358,4.0
Adrien Truffert,Rennes,fr Ligue 1,DF,Fullback / Wing-back,63.8,2752,30.6
Deniz Undav,Stuttgart,de Bundesliga,FW,Clinical Striker,63.8,1726,19.2
Han-Noah Massengo,Auxerre,fr Ligue 1,MF,Defensive Midfielder,63.8,1046,11.6
Harry Kane,Bayern Munich,de Bundesliga,FW,Clinical Striker,63.8,2381,26.5
Fabio Carvalho,Brentford,eng Premier League,FW,Wide Midfielder / Winger,63.8,455,5.1
Borja Mayoral,Getafe,es La Liga,FW,Target Man / Physical Striker,63.8,1114,12.4
Birama Touré,Montpellier,fr Ligue 1,MF,Defensive Midfielder,63.7,300,3.3
Bradley Barcola,Paris S-G,fr Ligue 1,FW,Creative Attacking Midfielder,63.7,2181,24.2
Amine Adli,Leverkusen,de Bundesliga,MF,Wide Midfielder / Winger,63.7,766,8.5
Nicola Zalewski,Roma,it Serie A,DF,Fullback / Wing-back,63.7,533,5.9
John McGinn,Aston Villa,eng Premier League,MF,Ball-winning Midfielder,63.7,2223,24.7
Lucas Beraldo,Paris S-G,fr Ligue 1,DF,Defensive Centre-back,63.7,2011,22.3
Jeremy Agbonifo,Lens,fr Ligue 1,FW,Wide Midfielder / Winger,63.7,300,3.3
Álex Moreno,Nott'ham Forest,eng Premier League,DF,Defensive Midfielder,63.6,955,10.6
Marc Bartra,Betis,es La Liga,DF,Defensive Centre-back,63.6,2099,23.3
Justin Kluivert,Bournemouth,eng Premier League,MF,Wide Midfielder / Winger,63.6,2340,26.0
Benedict Hollerbach,Union Berlin,de Bundesliga,FW,Wide Midfielder / Winger,63.5,2540,28.2
Marc Roca,Betis,es La Liga,MF,Ball-winning Midfielder,63.5,906,10.1
Antonio Blanco,Alavés,es La Liga,MF,Defensive Midfielder,63.4,2727,30.3
Alphonso Davies,Bayern Munich,de Bundesliga,DF,Box-to-box Midfielder,63.4,1560,17.3
Bojan Miovski,Girona,es La Liga,FW,Target Man / Physical Striker,63.4,869,9.7
Maximilian Arnold,Wolfsburg,de Bundesliga,MF,Box-to-box Midfielder,63.3,2356,26.2
Andrés García,Aston Villa,eng Premier League,DF,Fullback / Wing-back,63.2,318,3.5
Kike Salas,Sevilla,es La Liga,DF,Ball-playing Centre-back,63.2,2238,24.9
Alassane Pléa,Gladbach,de Bundesliga,MF,Wide Midfielder / Winger,63.2,1902,21.1
Matias Fernandez-Pardo,Lille,fr Ligue 1,FW,Wide Midfielder / Winger,63.1,1065,11.8
Vitaliy Mykolenko,Everton,eng Premier League,DF,Defensive Midfielder,63.1,3082,34.2
Lucas Oliveira Rosa,Valladolid,es La Liga,DF,Defensive Midfielder,63.0,1890,21.0
Pietro Pellegri,Empoli,it Serie A,FW,Wide Midfielder / Winger,63.0,414,4.6
Ivan Smolčić,Como,it Serie A,DF,Defensive Midfielder,63.0,630,7.0
Marco Grüll,Werder Bremen,de Bundesliga,FW,Wide Midfielder / Winger,63.0,1181,13.1
Quentin Merlin,Marseille,fr Ligue 1,DF,Box-to-box Midfielder,62.9,1589,17.7
Álvaro Tejero,Espanyol,es La Liga,MF,Box-to-box Midfielder,62.8,1238,13.8
Sael Kumbedi,Lyon,fr Ligue 1,DF,Defensive Midfielder,62.7,951,10.6
João Neves,Paris S-G,fr Ligue 1,MF,Box-to-box Midfielder,62.7,1844,20.5
Álvaro García,Rayo Vallecano,es La Liga,FW,Wide Midfielder / Winger,62.6,2559,28.4
Leroy Sané,Bayern Munich,de Bundesliga,FW,Creative Attacking Midfielder,62.6,1637,18.2
Ángel Correa,Atlético Madrid,es La Liga,FW,Creative Attacking Midfielder,62.6,805,8.9
Kingsley Ehizibue,Udinese,it Serie A,DF,Defensive Midfielder,62.6,2498,27.8
Marcus Pedersen,Torino,it Serie A,DF,Defensive Midfielder,62.6,1362,15.1
Jack Taylor,Ipswich Town,eng Premier League,MF,Ball-winning Midfielder,62.6,860,9.6
Tom Louchet,Nice,fr Ligue 1,DF,Ball-winning Midfielder,62.6,775,8.6
Antonio Raillo,Mallorca,es La Liga,DF,Defensive Centre-back,62.5,3207,35.6
Valentin Gendrey,Hoffenheim,de Bundesliga,DF,Fullback / Wing-back,62.4,1414,15.7
Elias Saad,St. Pauli,de Bundesliga,FW,Wide Midfielder / Winger,62.4,900,10.0
Roberto Férnandez,Espanyol,es La Liga,FW,Target Man / Physical Striker,62.4,1497,16.6
Jakub Kamiński,Wolfsburg,de Bundesliga,DF,Fullback / Wing-back,62.4,1130,12.6
Alberto Moleiro,Las Palmas,es La Liga,FW,Wide Midfielder / Winger,62.3,2714,30.2
Julian Ryerson,Dortmund,de Bundesliga,DF,Fullback / Wing-back,62.3,2259,25.1
Albert Guðmundsson,Fiorentina,it Serie A,FW,Wide Midfielder / Winger,62.3,1273,14.1
Jake O'Brien,Everton,eng Premier League,DF,Ball-playing Centre-back,62.3,1571,17.5
Elliot Anderson,Nott'ham Forest,eng Premier League,MF,Ball-winning Midfielder,62.2,2728,30.3
Tommy Doyle,Wolves,eng Premier League,MF,Box-to-box Midfielder,62.2,488,5.4
Valentin Rosier,Leganés,es La Liga,DF,Defensive Midfielder,62.2,2595,28.8
Alessandro Bianco,Monza,it Serie A,MF,Defensive Midfielder,62.1,2600,28.9
Julián Chicco,Leganés,es La Liga,MF,Ball-winning Midfielder,62.1,302,3.4
Sean Longstaff,Newcastle Utd,eng Premier League,MF,Defensive Midfielder,62.1,798,8.9
Harry Amass,Manchester Utd,eng Premier League,DF,Defensive Midfielder,62.1,346,3.8
Ulisses Garcia,Marseille,fr Ligue 1,DF,Box-to-box Midfielder,62.1,930,10.3
Marquinhos,Paris S-G,fr Ligue 1,DF,Ball-playing Centre-back,62.1,1725,19.2
Habib Diarra,Strasbourg,fr Ligue 1,MF,Box-to-box Midfielder,62.1,2352,26.1
Samuel Essende,Augsburg,de Bundesliga,FW,Target Man / Physical Striker,62.0,1636,18.2
Drissa Camara,Parma,it Serie A,MF,Wide Midfielder / Winger,62.0,447,5.0
Max Geschwill,Holstein Kiel,de Bundesliga,DF,Defensive Midfielder,62.0,1282,14.2
Vladimír Coufal,West Ham,eng Premier League,DF,Defensive Midfielder,61.8,1067,11.9
Hernani,Parma,it Serie A,MF,Ball-winning Midfielder,61.8,1327,14.7
Pasquale Mazzocchi,Napoli,it Serie A,DF,Defensive Midfielder,61.8,702,7.8
Danilo Veiga,Lecce,it Serie A,DF,Fullback / Wing-back,61.8,374,4.2
Achraf Hakimi,Paris S-G,fr Ligue 1,DF,Box-to-box Midfielder,61.7,2066,23.0
Junior Mwanga,Le Havre,fr Ligue 1,MF,Ball-winning Midfielder,61.6,952,10.6
Ademola Lookman,Atalanta,it Serie A,MF,Creative Attacking Midfielder,61.6,2247,25.0
Youri Tielemans,Aston Villa,eng Premier League,MF,Box-to-box Midfielder,61.6,3026,33.6
Harvey Elliott,Liverpool,eng Premier League,MF,Creative Attacking Midfielder,61.6,371,4.1
Jonathan Tah,Leverkusen,de Bundesliga,DF,Defensive Centre-back,61.6,2970,33.0
Aron Dønnum,Toulouse,fr Ligue 1,DF,Fullback / Wing-back,61.6,2689,29.9
Nicolò Fagioli,Fiorentina,it Serie A,MF,Box-to-box Midfielder,61.6,962,10.7
Mattia De Sciglio,Empoli,it Serie A,DF,Ball-playing Centre-back,61.5,769,8.5
Edoardo Bove,Fiorentina,it Serie A,MF,Ball-winning Midfielder,61.5,836,9.3
Conor Bradley,Liverpool,eng Premier League,DF,Box-to-box Midfielder,61.5,754,8.4
Eric Smith,St. Pauli,de Bundesliga,DF,Defensive Midfielder,61.5,2827,31.4
Julio Enciso,Ipswich Town,eng Premier League,MF,Wide Midfielder / Winger,61.5,869,9.7
Samuele Ricci,Torino,it Serie A,MF,Defensive Midfielder,61.4,2825,31.4
Urko González,Espanyol,es La Liga,MF,Defensive Midfielder,61.3,1374,15.3
Rafa Mir,Valencia,es La Liga,FW,Target Man / Physical Striker,61.3,753,8.4
Takumi Minamino,Monaco,fr Ligue 1,MF,Wide Midfielder / Winger,61.3,2231,24.8
Amir Rrahmani,Napoli,it Serie A,DF,Defensive Centre-back,61.2,3406,37.8
Neal Maupay,Marseille,fr Ligue 1,FW,Target Man / Physical Striker,61.2,1042,11.6
Silvan Widmer,Mainz 05,de Bundesliga,DF,Defensive Midfielder,61.2,504,5.6
Nordi Mukiele,Leverkusen,de Bundesliga,DF,Ball-winning Midfielder,61.0,899,10.0
Ismaila Sarr,Crystal Palace,eng Premier League,MF,Wide Midfielder / Winger,61.0,2711,30.1
Johan Mojica,Mallorca,es La Liga,DF,Fullback / Wing-back,60.9,2755,30.6
Pedro Pereira,Monza,it Serie A,DF,Defensive Midfielder,60.8,2665,29.6
Hugo Larsson,Eint Frankfurt,de Bundesliga,MF,Ball-winning Midfielder,60.8,2393,26.6
Carlos Baleba,Brighton,eng Premier League,MF,Ball-winning Midfielder,60.7,2661,29.6
Lukas Ullrich,Gladbach,de Bundesliga,DF,Defensive Midfielder,60.7,1903,21.1
David Brooks,Bournemouth,eng Premier League,FW,Wide Midfielder / Winger,60.7,960,10.7
İlkay Gündoğan,Manchester City,eng Premier League,MF,Box-to-box Midfielder,60.7,2223,24.7
Philipp Sander,Gladbach,de Bundesliga,MF,Ball-winning Midfielder,60.6,1400,15.6
Yvan Neyou,Leganés,es La Liga,MF,Defensive Midfielder,60.6,2312,25.7
Nathan Collins,Brentford,eng Premier League,DF,Defensive Centre-back,60.6,3420,38.0
Deiver Machado,Lens,fr Ligue 1,DF,Fullback / Wing-back,60.4,1805,20.1
Daniel Svensson,Dortmund,de Bundesliga,DF,Fullback / Wing-back,60.4,781,8.7
Yukinari Sugawara,Southampton,eng Premier League,DF,Fullback / Wing-back,60.4,1557,17.3
Diogo Leite,Union Berlin,de Bundesliga,DF,Defensive Centre-back,60.3,2546,28.3
Christian Gytkjær,Venezia,it Serie A,FW,Target Man / Physical Striker,60.3,754,8.4
Mikkel Damsgaard,Brentford,eng Premier League,MF,Box-to-box Midfielder,60.3,2911,32.3
Denis Vavro,Wolfsburg,de Bundesliga,DF,Defensive Centre-back,60.2,2461,27.3
Kevin Danso,Lens,fr Ligue 1,DF,Defensive Centre-back,60.2,1080,12.0
Pedri,Barcelona,es La Liga,MF,Box-to-box Midfielder,60.2,2879,32.0
Adam Aznou,Valladolid,es La Liga,DF,Defensive Midfielder,60.2,876,9.7
João Pedro,Brighton,eng Premier League,FW,Wide Midfielder / Winger,60.0,1948,21.6
Domingos André Ribeiro Almeida,Valencia,es La Liga,MF,Box-to-box Midfielder,60.0,1977,22.0
Andrej Kramarić,Hoffenheim,de Bundesliga,MF,Wide Midfielder / Winger,60.0,2767,30.7
Alberto Moreno,Como,it Serie A,DF,Defensive Midfielder,60.0,1727,19.2
Pablo Fornals,Betis,es La Liga,MF,Box-to-box Midfielder,59.9,1827,20.3
Piotr Zieliński,Inter,it Serie A,MF,Box-to-box Midfielder,59.9,980,10.9
Tomás Conechny,Alavés,es La Liga,FW,Wide Midfielder / Winger,59.9,847,9.4
Éderson,Atalanta,it Serie A,MF,Box-to-box Midfielder,59.9,2881,32.0
Beñat Turrientes,Real Sociedad,es La Liga,MF,Defensive Midfielder,59.9,942,10.5
Elisha Owusu,Auxerre,fr Ligue 1,MF,Defensive Midfielder,59.9,2344,26.0
Cameron Archer,Southampton,eng Premier League,FW,Target Man / Physical Striker,59.8,1441,16.0
Leonardo Spinazzola,Napoli,it Serie A,DF,Fullback / Wing-back,59.7,1517,16.9
Angel Gomes,Lille,fr Ligue 1,MF,Box-to-box Midfielder,59.7,736,8.2
Weston McKennie,Juventus,it Serie A,MF,Ball-winning Midfielder,59.7,2310,25.7
Sandro Ramírez,Las Palmas,es La Liga,FW,Wide Midfielder / Winger,59.7,2034,22.6
Álex Berenguer,Athletic Club,es La Liga,FW,Wide Midfielder / Winger,59.7,2339,26.0
Hugo Magnetti,Brest,fr Ligue 1,MF,Defensive Midfielder,59.6,2323,25.8
Yassine Kechta,Le Havre,fr Ligue 1,MF,Ball-winning Midfielder,59.6,2096,23.3
Renato Tapia,Leganés,es La Liga,MF,Defensive Midfielder,59.5,2424,26.9
Douglas,Nantes,fr Ligue 1,MF,Ball-winning Midfielder,59.5,2307,25.6
Saša Lukić,Fulham,eng Premier League,MF,Defensive Midfielder,59.5,2344,26.0
Diogo Jota,Liverpool,eng Premier League,FW,Clinical Striker,59.5,1196,13.3
Dango Ouattara,Bournemouth,eng Premier League,FW,Wide Midfielder / Winger,59.4,2005,22.3
Marco Brescianini,Atalanta,it Serie A,MF,Wide Midfielder / Winger,59.4,991,11.0
Jordan Zemura,Udinese,it Serie A,DF,Fullback / Wing-back,59.3,1415,15.7
Óscar Mingueza,Celta Vigo,es La Liga,MF,Box-to-box Midfielder,59.3,2729,30.3
James Hill,Bournemouth,eng Premier League,DF,Defensive Midfielder,59.3,448,5.0
Lucas Da Cunha,Como,it Serie A,MF,Box-to-box Midfielder,59.2,2613,29.0
Scott McTominay,Napoli,it Serie A,MF,Wide Midfielder / Winger,59.2,2938,32.6
Isaac Palazón Camacho,Rayo Vallecano,es La Liga,MF,Wide Midfielder / Winger,59.2,2162,24.0
Ander Guevara,Alavés,es La Liga,MF,Defensive Midfielder,59.2,1947,21.6
John Yeboah,Venezia,it Serie A,FW,Wide Midfielder / Winger,59.1,1226,13.6
Alexander Bernhardsson,Holstein Kiel,de Bundesliga,FW,Wide Midfielder / Winger,59.1,1263,14.0
Giacomo Raspadori,Napoli,it Serie A,FW,Clinical Striker,59.1,1103,12.3
Francesco Zampano,Venezia,it Serie A,DF,Fullback / Wing-back,58.9,1639,18.2
Hakan Çalhanoğlu,Inter,it Serie A,MF,Box-to-box Midfielder,58.9,1879,20.9
Iñigo Martínez,Barcelona,es La Liga,DF,Defensive Centre-back,58.9,2490,27.7
Tosin Adarabioyo,Chelsea,eng Premier League,DF,Defensive Centre-back,58.8,1409,15.7
Matheus Cunha,Wolves,eng Premier League,MF,Creative Attacking Midfielder,58.8,2597,28.9
Iglesias,Getafe,es La Liga,DF,Defensive Midfielder,58.7,2888,32.1
Michael Olise,Bayern Munich,de Bundesliga,FW,Creative Attacking Midfielder,58.5,2334,25.9
Juan Cuadrado,Atalanta,it Serie A,DF,Box-to-box Midfielder,58.5,832,9.2
Álex Grimaldo,Leverkusen,de Bundesliga,DF,Box-to-box Midfielder,58.4,2636,29.3
Álvaro Pascual,Sevilla,es La Liga,FW,Target Man / Physical Striker,58.4,408,4.5
Jhoanner Chávez,Lens,fr Ligue 1,DF,Fullback / Wing-back,58.3,596,6.6
Nabil Bentaleb,Lille,fr Ligue 1,MF,Ball-winning Midfielder,58.3,329,3.7
Ibrahima Konaté,Liverpool,eng Premier League,DF,Defensive Centre-back,58.3,2560,28.4
Gianluca Mancini,Roma,it Serie A,DF,Defensive Centre-back,58.2,3143,34.9
Jan Paul van Hecke,Brighton,eng Premier League,DF,Defensive Centre-back,58.2,2958,32.9
Rémy Labeau Lascary,Lens,fr Ligue 1,FW,Wide Midfielder / Winger,58.2,637,7.1
Ben White,Arsenal,eng Premier League,DF,Defensive Midfielder,58.1,1198,13.3
Jamal Musiala,Bayern Munich,de Bundesliga,MF,Creative Attacking Midfielder,58.1,1798,20.0
Yann Gboho,Toulouse,fr Ligue 1,MF,Wide Midfielder / Winger,58.1,2333,25.9
Umut Tohumcu,Hoffenheim,de Bundesliga,MF,Defensive Midfielder,58.1,375,4.2
Dani Olmo,Barcelona,es La Liga,MF,Creative Attacking Midfielder,58.1,1212,13.5
James Ward-Prowse,West Ham,eng Premier League,MF,Ball-winning Midfielder,58.1,1039,11.5
Benedikt Pichler,Holstein Kiel,de Bundesliga,FW,Target Man / Physical Striker,58.0,785,8.7
Frank Onyeka,Augsburg,de Bundesliga,MF,Defensive Midfielder,57.9,2586,28.7
Jordan Teze,Monaco,fr Ligue 1,DF,Fullback / Wing-back,57.9,569,6.3
James Justin,Leicester City,eng Premier League,DF,Defensive Midfielder,57.9,2912,32.4
Eddie Nketiah,Crystal Palace,eng Premier League,FW,Clinical Striker,57.8,1034,11.5
Ange-Yoan Bonny,Parma,it Serie A,FW,Wide Midfielder / Winger,57.8,2529,28.1
Jesus Rodríguez,Betis,es La Liga,FW,Wide Midfielder / Winger,57.8,1111,12.3
John Joe,Reims,fr Ligue 1,MF,Defensive Midfielder,57.7,545,6.1
Vitaly Janelt,Brentford,eng Premier League,MF,Defensive Midfielder,57.7,2254,25.0
Lorenz Assignon,Rennes,fr Ligue 1,DF,Fullback / Wing-back,57.6,2357,26.2
Levi Colwill,Chelsea,eng Premier League,DF,Defensive Centre-back,57.6,3149,35.0
Joe Aribo,Southampton,eng Premier League,MF,Ball-winning Midfielder,57.6,2013,22.4
Keita Baldé,Monza,it Serie A,FW,Wide Midfielder / Winger,57.6,638,7.1
Konrad Laimer,Bayern Munich,de Bundesliga,DF,Box-to-box Midfielder,57.5,1699,18.9
Yacine Adli,Fiorentina,it Serie A,MF,Box-to-box Midfielder,57.5,1219,13.5
Alex Král,Espanyol,es La Liga,MF,Defensive Midfielder,57.5,2714,30.2
Arouna Sangante,Le Havre,fr Ligue 1,DF,Ball-playing Centre-back,57.5,1244,13.8
Dean Huijsen,Bournemouth,eng Premier League,DF,Ball-playing Centre-back,57.5,2427,27.0
Leandro Trossard,Arsenal,eng Premier League,FW,Wide Midfielder / Winger,57.4,2546,28.3
Gonçalo Guedes,Wolves,eng Premier League,MF,Wide Midfielder / Winger,57.4,995,11.1
Gabriele Zappa,Cagliari,it Serie A,DF,Defensive Midfielder,57.4,3060,34.0
Mikel Oyarzabal,Real Sociedad,es La Liga,FW,Target Man / Physical Striker,57.4,2250,25.0
Sergi Cardona,Villarreal,es La Liga,DF,Fullback / Wing-back,57.4,2945,32.7
Johan Manzambi,Freiburg,de Bundesliga,FW,Clinical Striker,57.3,335,3.7
Maxence Caqueret,Como,it Serie A,MF,Box-to-box Midfielder,57.3,1087,12.1
Ernest Nuamah,Lyon,fr Ligue 1,FW,Wide Midfielder / Winger,57.3,1052,11.7
Rúben Dias,Manchester City,eng Premier League,DF,Defensive Centre-back,57.2,2271,25.2
Alexis Claude-Maurice,Augsburg,de Bundesliga,MF,Wide Midfielder / Winger,57.2,2109,23.4
Mario Lemina,Wolves,eng Premier League,MF,Ball-winning Midfielder,57.2,1364,15.2
Mathieu Cafaro,Saint-Étienne,fr Ligue 1,MF,Wide Midfielder / Winger,57.1,732,8.1
Alejandro Balde,Barcelona,es La Liga,DF,Fullback / Wing-back,57.1,2284,25.4
Sergio Camello,Rayo Vallecano,es La Liga,FW,Target Man / Physical Striker,56.9,1134,12.6
Cole Palmer,Chelsea,eng Premier League,MF,Creative Attacking Midfielder,56.9,3191,35.5
Cedric Zesiger,Augsburg,de Bundesliga,DF,Defensive Centre-back,56.9,1221,13.6
Matty Cash,Aston Villa,eng Premier League,DF,Defensive Midfielder,56.9,2070,23.0
Theo Hernández,Milan,it Serie A,DF,Box-to-box Midfielder,56.9,2696,30.0
Mouctar Diakhaby,Valencia,es La Liga,DF,Ball-playing Centre-back,56.9,653,7.3
András Schäfer,Union Berlin,de Bundesliga,MF,Defensive Midfielder,56.8,1534,17.0
Diego Moreira,Strasbourg,fr Ligue 1,DF,Fullback / Wing-back,56.8,2568,28.5
Taylor Harwood-Bellis,Southampton,eng Premier League,DF,Defensive Centre-back,56.8,2825,31.4
Téji Savanier,Montpellier,fr Ligue 1,MF,Box-to-box Midfielder,56.8,2363,26.3
Darko Lazović,Hellas Verona,it Serie A,DF,Fullback / Wing-back,56.8,1459,16.2
Amadou Onana,Aston Villa,eng Premier League,MF,Ball-winning Midfielder,56.7,1617,18.0
Sergio Gómez,Real Sociedad,es La Liga,MF,Box-to-box Midfielder,56.7,2738,30.4
Ross Stewart,Southampton,eng Premier League,FW,Target Man / Physical Striker,56.7,389,4.3
Kelvin Amian,Nantes,fr Ligue 1,DF,Defensive Midfielder,56.6,2165,24.1
Álvaro Aguado,Espanyol,es La Liga,MF,Box-to-box Midfielder,56.6,443,4.9
Zuriko Davitashvili,Saint-Étienne,fr Ligue 1,FW,Wide Midfielder / Winger,56.5,2778,30.9
Ibrahim Mbaye,Paris S-G,fr Ligue 1,FW,Creative Attacking Midfielder,56.4,340,3.8
Oihan Sancet,Athletic Club,es La Liga,MF,Clinical Striker,56.4,1620,18.0
Anthony Caci,Mainz 05,de Bundesliga,DF,Fullback / Wing-back,56.3,2684,29.8
Jhon Solis,Girona,es La Liga,MF,Ball-winning Midfielder,56.3,535,5.9
Maxence Lacroix,Crystal Palace,eng Premier League,DF,Defensive Centre-back,56.3,3116,34.6
Juan Bernat,Getafe,es La Liga,MF,Defensive Midfielder,56.3,699,7.8
Jacob Ondrejka,Parma,it Serie A,MF,Clinical Striker,56.3,422,4.7
Pedro,Lazio,it Serie A,FW,Creative Attacking Midfielder,56.2,1102,12.2
Mats Wieffer,Brighton,eng Premier League,DF,Ball-winning Midfielder,56.2,1015,11.3
Ayoze Pérez,Villarreal,es La Liga,FW,Clinical Striker,56.1,1970,21.9
Kristoffer Ajer,Brentford,eng Premier League,DF,Defensive Midfielder,56.1,1438,16.0
Morten Frendrup,Genoa,it Serie A,MF,Defensive Midfielder,56.1,3103,34.5
Hong Hyunseok,Mainz 05,de Bundesliga,MF,Box-to-box Midfielder,56.0,530,5.9
Manu Sánchez,Alavés,es La Liga,DF,Defensive Midfielder,56.0,2634,29.3
Brooke Norton-Cuffy,Genoa,it Serie A,DF,Defensive Midfielder,56.0,719,8.0
Kenny Tete,Fulham,eng Premier League,DF,Defensive Midfielder,56.0,1774,19.7
Mohammed Kudus,West Ham,eng Premier League,FW,Wide Midfielder / Winger,55.9,2590,28.8
Tiago Tomás,Wolfsburg,de Bundesliga,FW,Wide Midfielder / Winger,55.9,1884,20.9
Christopher Wooh,Rennes,fr Ligue 1,DF,Defensive Centre-back,55.9,1456,16.2
Vincent Sierro,Toulouse,fr Ligue 1,MF,Ball-winning Midfielder,55.8,2402,26.7
Nikolas Veratschnig,Mainz 05,de Bundesliga,DF,Fullback / Wing-back,55.8,364,4.0
Bryan Cristante,Roma,it Serie A,MF,Ball-winning Midfielder,55.8,2045,22.7
Nathan Broadhead,Ipswich Town,eng Premier League,MF,Wide Midfielder / Winger,55.7,702,7.8
Jon Rowe,Marseille,fr Ligue 1,FW,Creative Attacking Midfielder,55.7,807,9.0
Joaquín Correa,Inter,it Serie A,FW,Wide Midfielder / Winger,55.7,731,8.1
Exequiel Palacios,Leverkusen,de Bundesliga,MF,Box-to-box Midfielder,55.7,1155,12.8
Ian Maatsen,Aston Villa,eng Premier League,DF,Box-to-box Midfielder,55.6,1139,12.7
Bukayo Saka,Arsenal,eng Premier League,FW,Creative Attacking Midfielder,55.6,1729,19.2
Adam Armstrong,Southampton,eng Premier League,FW,Target Man / Physical Striker,55.6,1248,13.9
Marc Guéhi,Crystal Palace,eng Premier League,DF,Ball-playing Centre-back,55.5,3059,34.0
Joe Gomez,Liverpool,eng Premier League,DF,Defensive Centre-back,55.4,519,5.8
Matteo Gabbia,Milan,it Serie A,DF,Defensive Centre-back,55.4,2152,23.9
Paul Joly,Auxerre,fr Ligue 1,DF,Ball-winning Midfielder,55.4,1009,11.2
Patrick Osterhage,Freiburg,de Bundesliga,MF,Defensive Midfielder,55.4,2267,25.2
Thiago Almada,Lyon,fr Ligue 1,MF,Box-to-box Midfielder,55.4,951,10.6
Manu Koné,Roma,it Serie A,MF,Ball-winning Midfielder,55.3,2572,28.6
Mathis Amougou,Saint-Étienne,fr Ligue 1,MF,Defensive Midfielder,55.3,859,9.5
Jorge de Frutos,Rayo Vallecano,es La Liga,FW,Wide Midfielder / Winger,55.2,2495,27.7
Lutsharel Geertruida,RB Leipzig,de Bundesliga,DF,Ball-playing Centre-back,55.2,1557,17.3
Jens Cajuste,Ipswich Town,eng Premier League,MF,Defensive Midfielder,55.1,1959,21.8
Othmane Maamma,Montpellier,fr Ligue 1,FW,Wide Midfielder / Winger,55.1,361,4.0
Marvin Schulz,Holstein Kiel,de Bundesliga,MF,Defensive Midfielder,55.1,306,3.4
Florian Ayé,Auxerre,fr Ligue 1,FW,Target Man / Physical Striker,55.0,575,6.4
Ilias Akhomach,Villarreal,es La Liga,MF,Wide Midfielder / Winger,55.0,584,6.5
Mason Greenwood,Marseille,fr Ligue 1,FW,Creative Attacking Midfielder,55.0,2804,31.2
Murillo,Nott'ham Forest,eng Premier League,DF,Defensive Centre-back,54.8,3188,35.4
Gaetano Castrovilli,Monza,it Serie A,MF,Defensive Midfielder,54.8,596,6.6
Sergi Darder,Mallorca,es La Liga,MF,Box-to-box Midfielder,54.8,2744,30.5
Milan Badelj,Genoa,it Serie A,MF,Defensive Midfielder,54.8,1472,16.4
Musa Al-Taamari,Montpellier,fr Ligue 1,FW,Wide Midfielder / Winger,54.8,1116,12.4
Luis Díaz,Liverpool,eng Premier League,FW,Creative Attacking Midfielder,54.7,2399,26.7
Lukas Daschner,Bochum,de Bundesliga,MF,Target Man / Physical Striker,54.6,412,4.6
Davide Frattesi,Inter,it Serie A,MF,Target Man / Physical Striker,54.6,1158,12.9
Bahereba Guirassy,Nantes,fr Ligue 1,FW,Wide Midfielder / Winger,54.6,348,3.9
Ivan Ilić,Torino,it Serie A,MF,Box-to-box Midfielder,54.5,920,10.2
Marvin Ducksch,Werder Bremen,de Bundesliga,FW,Clinical Striker,54.5,2418,26.9
Jorge Herrando,Osasuna,es La Liga,DF,Defensive Centre-back,54.5,1366,15.2
Louis Mouton,Saint-Étienne,fr Ligue 1,MF,Ball-winning Midfielder,54.4,1045,11.6
Ruslan Malinovskyi,Genoa,it Serie A,MF,Box-to-box Midfielder,54.4,383,4.3
Lesley Ugochukwu,Southampton,eng Premier League,MF,Defensive Midfielder,54.4,1655,18.4
Himad Abdelli,Angers,fr Ligue 1,MF,Box-to-box Midfielder,54.4,2842,31.6
Serge Gnabry,Bayern Munich,de Bundesliga,FW,Creative Attacking Midfielder,54.3,1242,13.8
Elif Elmas,Torino,it Serie A,FW,Wide Midfielder / Winger,54.3,1021,11.3
Joris Chotard,Montpellier,fr Ligue 1,MF,Defensive Midfielder,54.3,1892,21.0
Pablo Durán,Celta Vigo,es La Liga,FW,Wide Midfielder / Winger,54.3,1394,15.5
Abel Ruiz,Girona,es La Liga,FW,Target Man / Physical Striker,54.3,1346,15.0
Yunus Musah,Milan,it Serie A,MF,Ball-winning Midfielder,54.3,1571,17.5
James Garner,Everton,eng Premier League,MF,Defensive Midfielder,54.2,1594,17.7
Piero Hincapié,Leverkusen,de Bundesliga,DF,Ball-playing Centre-back,54.1,2670,29.7
Seydouba Cissé,Leganés,es La Liga,MF,Ball-winning Midfielder,54.1,2435,27.1
Marvin Pieringer,Heidenheim,de Bundesliga,FW,Target Man / Physical Striker,54.1,2206,24.5
Albert Grønbaek,Rennes,fr Ligue 1,MF,Wide Midfielder / Winger,54.1,813,9.0
Marcus Thuram,Inter,it Serie A,FW,Clinical Striker,54.0,2200,24.4
Daniel Vivian,Athletic Club,es La Liga,DF,Ball-playing Centre-back,54.0,2608,29.0
Bryan Gil,Girona,es La Liga,FW,Wide Midfielder / Winger,54.0,1721,19.1
Carles Aleñá,Alavés,es La Liga,MF,Box-to-box Midfielder,53.9,1090,12.1
Alejandro Jiménez,Milan,it Serie A,DF,Fullback / Wing-back,53.9,1266,14.1
Fabián Ruiz Peña,Paris S-G,fr Ligue 1,MF,Box-to-box Midfielder,53.9,1923,21.4
Mikel Jauregizar,Athletic Club,es La Liga,MF,Ball-winning Midfielder,53.9,2244,24.9
Kelechi Iheanacho,Sevilla,es La Liga,FW,Target Man / Physical Striker,53.8,400,4.4
João Palhinha,Bayern Munich,de Bundesliga,MF,Ball-winning Midfielder,53.7,673,7.5
Isaac Romero,Sevilla,es La Liga,FW,Target Man / Physical Striker,53.7,2156,24.0
Arnaud Nordin,Montpellier,fr Ligue 1,FW,Wide Midfielder / Winger,53.7,1166,13.0
Ainsley Maitland-Niles,Lyon,fr Ligue 1,DF,Ball-winning Midfielder,53.7,1985,22.1
Marcus Rashford,Manchester Utd,eng Premier League,FW,Wide Midfielder / Winger,53.7,978,10.9
Adam Masina,Torino,it Serie A,DF,Defensive Centre-back,53.6,1919,21.3
Adrien Thomasson,Lens,fr Ligue 1,MF,Box-to-box Midfielder,53.6,2615,29.1
Joshua Zirkzee,Manchester Utd,eng Premier League,FW,Target Man / Physical Striker,53.6,1402,15.6
Johnny Cardoso,Betis,es La Liga,MF,Ball-winning Midfielder,53.6,2144,23.8
Matt Doherty,Wolves,eng Premier League,DF,Ball-playing Centre-back,53.6,2109,23.4
Joan García,Espanyol,es La Liga,GK,Goalkeeper,53.5,3420,38.0
Jens Odgaard,Bologna,it Serie A,MF,Target Man / Physical Striker,53.4,1952,21.7
Eric García,Barcelona,es La Liga,DF,Ball-winning Midfielder,53.4,1566,17.4
Trevoh Chalobah,Crystal Palace,eng Premier League,DF,Ball-playing Centre-back,53.4,1060,11.8
Youssef Maleh,Empoli,it Serie A,MF,Defensive Midfielder,53.3,1510,16.8
David Costa,Lens,fr Ligue 1,MF,Wide Midfielder / Winger,53.3,352,3.9
Robin Hack,Gladbach,de Bundesliga,FW,Wide Midfielder / Winger,53.2,2172,24.1
Yussuf Poulsen,RB Leipzig,de Bundesliga,FW,Clinical Striker,53.2,378,4.2
Iker Losada,Celta Vigo,es La Liga,FW,Wide Midfielder / Winger,53.1,358,4.0
Vinicius Júnior,Real Madrid,es La Liga,FW,Creative Attacking Midfielder,53.1,2253,25.0
Joan Jordán,Alavés,es La Liga,MF,Box-to-box Midfielder,53.0,1414,15.7
Fabiano Parisi,Fiorentina,it Serie A,DF,Ball-winning Midfielder,53.0,1049,11.7
Alberto costa,Juventus,it Serie A,DF,Ball-winning Midfielder,53.0,357,4.0
Alessandro Buongiorno,Napoli,it Serie A,DF,Defensive Centre-back,52.9,1924,21.4
Bruno Guimarães,Newcastle Utd,eng Premier League,MF,Box-to-box Midfielder,52.9,3271,36.3
Mario Gila,Lazio,it Serie A,DF,Defensive Centre-back,52.9,2741,30.5
Junior Adamu,Freiburg,de Bundesliga,FW,Target Man / Physical Striker,52.8,1545,17.2
Lilian Brassier,Rennes,fr Ligue 1,DF,Ball-playing Centre-back,52.8,1234,13.7
Noni Madueke,Chelsea,eng Premier League,FW,Creative Attacking Midfielder,52.8,2033,22.6
Yeray Álvarez,Athletic Club,es La Liga,DF,Defensive Centre-back,52.8,1781,19.8
Bilal El Khannouss,Leicester City,eng Premier League,MF,Box-to-box Midfielder,52.8,2182,24.2
Nuno Tavares,Lazio,it Serie A,DF,Fullback / Wing-back,52.7,1686,18.7
Nathaniel Brown,Eint Frankfurt,de Bundesliga,DF,Fullback / Wing-back,52.7,1947,21.6
Melvin Bard,Nice,fr Ligue 1,DF,Ball-winning Midfielder,52.7,1938,21.5
Andrea Colpani,Fiorentina,it Serie A,FW,Wide Midfielder / Winger,52.7,1432,15.9
Catena,Osasuna,es La Liga,DF,Defensive Centre-back,52.7,3074,34.2
Mateo Kovačić,Manchester City,eng Premier League,MF,Box-to-box Midfielder,52.7,2198,24.4
Edoardo Goldaniga,Como,it Serie A,DF,Defensive Centre-back,52.6,2532,28.1
Anton Stach,Hoffenheim,de Bundesliga,MF,Ball-winning Midfielder,52.6,2585,28.7
Shavy Babicka,Toulouse,fr Ligue 1,MF,Wide Midfielder / Winger,52.5,1186,13.2
Alfred Duncan,Venezia,it Serie A,MF,Ball-winning Midfielder,52.4,957,10.6
Pierre Lees-Melou,Brest,fr Ligue 1,MF,Ball-winning Midfielder,52.4,1526,17.0
Joakim Mæhle,Wolfsburg,de Bundesliga,DF,Fullback / Wing-back,52.4,2188,24.3
Giovanni Fabbian,Bologna,it Serie A,MF,Target Man / Physical Striker,52.4,1023,11.4
Michel Ndary Adopo,Cagliari,it Serie A,MF,Defensive Midfielder,52.3,2409,26.8
Nélson Semedo,Wolves,eng Premier League,DF,Defensive Midfielder,52.3,2886,32.1
Peter González,Getafe,es La Liga,MF,Wide Midfielder / Winger,52.2,477,5.3
Yannick Gerhardt,Wolfsburg,de Bundesliga,MF,Defensive Midfielder,52.2,1518,16.9
Adam Dźwigała,St. Pauli,de Bundesliga,DF,Defensive Centre-back,52.2,373,4.1
Jaka Bijol,Udinese,it Serie A,DF,Defensive Centre-back,52.2,2963,32.9
Patrick Mainka,Heidenheim,de Bundesliga,DF,Defensive Centre-back,52.2,3060,34.0
Nicolas Cozza,Nantes,fr Ligue 1,DF,Defensive Midfielder,52.1,2051,22.8
Khéphren Thuram,Juventus,it Serie A,MF,Box-to-box Midfielder,52.0,2326,25.8
Amir Richardson,Fiorentina,it Serie A,MF,Ball-winning Midfielder,52.0,1024,11.4
Anthony Elanga,Nott'ham Forest,eng Premier League,FW,Wide Midfielder / Winger,51.9,2501,27.8
Antonio Sánchez,Mallorca,es La Liga,MF,Defensive Midfielder,51.9,1395,15.5
Liam Henderson,Empoli,it Serie A,MF,Defensive Midfielder,51.9,2337,26.0
Antonio Rüdiger,Real Madrid,es La Liga,DF,Defensive Centre-back,51.9,2291,25.5
Jordan Veretout,Lyon,fr Ligue 1,MF,Ball-winning Midfielder,51.9,1553,17.3
Marius Bülter,Hoffenheim,de Bundesliga,FW,Wide Midfielder / Winger,51.8,1729,19.2
Can Uzun,Eint Frankfurt,de Bundesliga,MF,Creative Attacking Midfielder,51.8,675,7.5
Jaden Philogene Bidace,Ipswich Town,eng Premier League,FW,Wide Midfielder / Winger,51.7,474,5.3
Rabby Nzingoula,Montpellier,fr Ligue 1,MF,Ball-winning Midfielder,51.7,1689,18.8
Alexis Mac Allister,Liverpool,eng Premier League,MF,Box-to-box Midfielder,51.7,2599,28.9
Yassin Belkhdim,Angers,fr Ligue 1,MF,Defensive Midfielder,51.7,1523,16.9
Javi Puado,Espanyol,es La Liga,FW,Target Man / Physical Striker,51.6,2974,33.0
Jota,Rennes,fr Ligue 1,FW,Wide Midfielder / Winger,51.6,334,3.7
Finn Porath,Holstein Kiel,de Bundesliga,DF,Fullback / Wing-back,51.6,1970,21.9
Jon Martin,Real Sociedad,es La Liga,DF,Defensive Centre-back,51.6,904,10.0
Khalil Fayad,Montpellier,fr Ligue 1,MF,Ball-winning Midfielder,51.5,1028,11.4
Abdoulaye Niakhate Ndiaye,Brest,fr Ligue 1,DF,Defensive Centre-back,51.5,1707,19.0
Mathys Tel,Tottenham,eng Premier League,FW,Wide Midfielder / Winger,51.5,911,10.1
Waren Kamanzi,Toulouse,fr Ligue 1,DF,Ball-winning Midfielder,51.5,1022,11.4
César Azpilicueta,Atlético Madrid,es La Liga,DF,Ball-playing Centre-back,51.4,875,9.7
Declan Rice,Arsenal,eng Premier League,MF,Box-to-box Midfielder,51.4,2825,31.4
Ryan Christie,Bournemouth,eng Premier League,MF,Box-to-box Midfielder,51.4,2117,23.5
Manuel Akanji,Manchester City,eng Premier League,DF,Defensive Centre-back,51.3,2014,22.4
Iván Sánchez,Valladolid,es La Liga,MF,Box-to-box Midfielder,51.3,1404,15.6
Jeffrey Gouweleeuw,Augsburg,de Bundesliga,DF,Defensive Centre-back,51.2,2944,32.7
Diego López,Valencia,es La Liga,MF,Wide Midfielder / Winger,51.2,2737,30.4
Nnamdi Collins,Eint Frankfurt,de Bundesliga,DF,Ball-playing Centre-back,51.1,1489,16.5
Samuele Vignato,Monza,it Serie A,MF,Defensive Midfielder,51.1,470,5.2
Folarin Balogun,Monaco,fr Ligue 1,FW,Clinical Striker,51.0,615,6.8
Teddy Teuma,Reims,fr Ligue 1,MF,Ball-winning Midfielder,51.0,750,8.3
Niklas Dorsch,Heidenheim,de Bundesliga,MF,Ball-winning Midfielder,50.8,1335,14.8
Abdukodir Khusanov,Lens,fr Ligue 1,DF,Defensive Centre-back,50.8,975,10.8
Danilho Doekhi,Union Berlin,de Bundesliga,DF,Defensive Centre-back,50.8,3060,34.0
Riccardo Sottil,Fiorentina,it Serie A,FW,Wide Midfielder / Winger,50.7,833,9.3
Martin Erlic,Bologna,it Serie A,DF,Defensive Centre-back,50.7,334,3.7
Micky van de Ven,Tottenham,eng Premier League,DF,Defensive Centre-back,50.6,1015,11.3
Yorbe Vertessen,Union Berlin,de Bundesliga,MF,Wide Midfielder / Winger,50.6,718,8.0
Tanner Tessmann,Lyon,fr Ligue 1,MF,Ball-winning Midfielder,50.6,1234,13.7
Matthis Abline,Nantes,fr Ligue 1,FW,Target Man / Physical Striker,50.6,2768,30.8
Andy Delort,Montpellier,fr Ligue 1,FW,Target Man / Physical Striker,50.6,607,6.7
Pathé Ciss,Rayo Vallecano,es La Liga,MF,Ball-winning Midfielder,50.6,2140,23.8
Bernardo Silva,Manchester City,eng Premier League,MF,Box-to-box Midfielder,50.5,2670,29.7
Pablo Barrios,Atlético Madrid,es La Liga,MF,Ball-winning Midfielder,50.5,2330,25.9
Raúl Moro,Valladolid,es La Liga,MF,Wide Midfielder / Winger,50.4,2341,26.0
Koji Miyoshi,Bochum,de Bundesliga,FW,Wide Midfielder / Winger,50.3,464,5.2
Khvicha Kvaratskhelia,Napoli,it Serie A,FW,Creative Attacking Midfielder,50.3,1178,13.1
Ronald Araújo,Barcelona,es La Liga,DF,Ball-playing Centre-back,50.3,754,8.4
Yvann Macon,Saint-Étienne,fr Ligue 1,DF,Defensive Midfielder,50.3,790,8.8
Georginio Rutter,Brighton,eng Premier League,MF,Wide Midfielder / Winger,50.3,1656,18.4
Sebastiano Esposito,Empoli,it Serie A,FW,Wide Midfielder / Winger,50.2,2331,25.9
Endrick,Real Madrid,es La Liga,FW,Clinical Striker,50.2,363,4.0
Ado Onaiwu,Auxerre,fr Ligue 1,MF,Clinical Striker,50.2,957,10.6
Lorenzo Colombo,Empoli,it Serie A,FW,Target Man / Physical Striker,50.2,2233,24.8
Jefferson Lerma,Crystal Palace,eng Premier League,MF,Defensive Midfielder,50.2,2274,25.3
João Gomes,Wolves,eng Premier League,MF,Ball-winning Midfielder,50.1,2974,33.0
Valentin Atangana Edoa,Reims,fr Ligue 1,MF,Defensive Midfielder,50.0,2854,31.7
Kilian Fischer,Wolfsburg,de Bundesliga,DF,Ball-playing Centre-back,50.0,2297,25.5
Fermin López,Barcelona,es La Liga,MF,Creative Attacking Midfielder,49.9,1252,13.9
Nico Elvedi,Gladbach,de Bundesliga,DF,Defensive Centre-back,49.9,2135,23.7
Tom Cairney,Fulham,eng Premier League,MF,Box-to-box Midfielder,49.9,628,7.0
Bence Dárdai,Wolfsburg,de Bundesliga,MF,Defensive Midfielder,49.9,1304,14.5
Oier Zarraga,Udinese,it Serie A,MF,Defensive Midfielder,49.8,896,10.0
Frederik Rønnow,Union Berlin,de Bundesliga,GK,Goalkeeper,49.8,2520,28.0
Yoann Salmier,Le Havre,fr Ligue 1,DF,Defensive Centre-back,49.8,797,8.9
Alejo Véliz,Espanyol,es La Liga,FW,Target Man / Physical Striker,49.7,1127,12.5
Răzvan Marin,Cagliari,it Serie A,MF,Box-to-box Midfielder,49.7,1406,15.6
Ismaël Koné,Rennes,fr Ligue 1,MF,Box-to-box Midfielder,49.7,469,5.2
Enzo Loiodice,Las Palmas,es La Liga,MF,Ball-winning Midfielder,49.7,684,7.6
Kepa Arrizabalaga,Bournemouth,eng Premier League,GK,Goalkeeper,49.7,2790,31.0
Konstantinos Mavropanos,West Ham,eng Premier League,DF,Defensive Centre-back,49.7,2045,22.7
Mert Kömür,Augsburg,de Bundesliga,MF,Wide Midfielder / Winger,49.6,654,7.3
Derrick Köhn,Werder Bremen,de Bundesliga,DF,Fullback / Wing-back,49.6,1343,14.9
Konan N'dri,Lecce,it Serie A,FW,Wide Midfielder / Winger,49.6,306,3.4
Jesper Karlsson,Lecce,it Serie A,FW,Wide Midfielder / Winger,49.5,495,5.5
Nicolás Tagliafico,Lyon,fr Ligue 1,DF,Ball-winning Midfielder,49.5,1902,21.1
Breel Embolo,Monaco,fr Ligue 1,FW,Clinical Striker,49.5,1841,20.5
Jorge Sáenz,Leganés,es La Liga,DF,Defensive Centre-back,49.5,1690,18.8
Vanderson,Monaco,fr Ligue 1,DF,Ball-winning Midfielder,49.4,2064,22.9
Harvey Barnes,Newcastle Utd,eng Premier League,FW,Creative Attacking Midfielder,49.4,1755,19.5
Jonathan Gradit,Lens,fr Ligue 1,DF,Defensive Centre-back,49.4,2112,23.5
Tomáš Souček,West Ham,eng Premier League,MF,Target Man / Physical Striker,49.4,2567,28.5
Gonçalo Ramos,Paris S-G,fr Ligue 1,FW,Clinical Striker,49.3,1066,11.8
César Tárrega,Valencia,es La Liga,DF,Defensive Centre-back,49.3,3026,33.6
Romain Faivre,Brest,fr Ligue 1,MF,Wide Midfielder / Winger,49.3,899,10.0
Moritz Broschinski,Bochum,de Bundesliga,FW,Wide Midfielder / Winger,49.3,1390,15.4
Nicolas Viola,Cagliari,it Serie A,FW,Wide Midfielder / Winger,49.3,1267,14.1
Miguel,Leganés,es La Liga,FW,Target Man / Physical Striker,49.2,1724,19.2
Jaime Mata,Las Palmas,es La Liga,FW,Target Man / Physical Striker,49.2,656,7.3
André Ayew,Le Havre,fr Ligue 1,FW,Target Man / Physical Striker,49.2,1453,16.1
Guillermo Maripán,Torino,it Serie A,DF,Defensive Centre-back,49.2,2340,26.0
Andreas Hanche-Olsen,Mainz 05,de Bundesliga,DF,Defensive Centre-back,49.1,1284,14.3
Jonas Wind,Wolfsburg,de Bundesliga,FW,Target Man / Physical Striker,49.1,1966,21.8
Karol Linetty,Torino,it Serie A,MF,Defensive Midfielder,49.1,1540,17.1
Lorenzo Pellegrini,Roma,it Serie A,MF,Wide Midfielder / Winger,49.0,1626,18.1
Stefan Bell,Mainz 05,de Bundesliga,DF,Defensive Centre-back,49.0,1436,16.0
Domagoj Bradarić,Hellas Verona,it Serie A,DF,Defensive Midfielder,49.0,1933,21.5
Thomas Meunier,Lille,fr Ligue 1,DF,Ball-winning Midfielder,48.9,1928,21.4
Jailson Siqueira,Celta Vigo,es La Liga,DF,Defensive Centre-back,48.9,614,6.8
Dan Burn,Newcastle Utd,eng Premier League,DF,Defensive Centre-back,48.9,3330,37.0
Adam Obert,Cagliari,it Serie A,DF,Ball-winning Midfielder,48.9,1077,12.0
Luis Milla,Getafe,es La Liga,MF,Ball-winning Midfielder,48.8,2875,31.9
Takefusa Kubo,Real Sociedad,es La Liga,MF,Wide Midfielder / Winger,48.7,2372,26.4
Randy Nteka,Rayo Vallecano,es La Liga,FW,Target Man / Physical Striker,48.7,1129,12.5
Rasmus Nicolaisen,Toulouse,fr Ligue 1,DF,Defensive Centre-back,48.7,623,6.9
Florian Wirtz,Leverkusen,de Bundesliga,MF,Creative Attacking Midfielder,48.7,2351,26.1
Kévin Danois,Auxerre,fr Ligue 1,MF,Ball-winning Midfielder,48.6,1460,16.2
Antonio Sanabria,Torino,it Serie A,FW,Target Man / Physical Striker,48.6,1318,14.6
Julián Malatini,Werder Bremen,de Bundesliga,DF,Ball-playing Centre-back,48.5,454,5.0
Jordan James,Rennes,fr Ligue 1,MF,Ball-winning Midfielder,48.5,1178,13.1
André Silva,Werder Bremen,de Bundesliga,FW,Clinical Striker,48.4,375,4.2
Tijjani Noslin,Lazio,it Serie A,FW,Target Man / Physical Striker,48.4,861,9.6
Soumaïla Coulibaly,Brest,fr Ligue 1,DF,Defensive Centre-back,48.3,438,4.9
Nicolò Zaniolo,Atalanta,it Serie A,FW,Creative Attacking Midfielder,48.2,356,4.0
James Mcatee,Manchester City,eng Premier League,MF,Clinical Striker,48.2,349,3.9
Maximilian Eggestein,Freiburg,de Bundesliga,MF,Defensive Midfielder,48.2,2845,31.6
Marc-Oliver Kempf,Como,it Serie A,DF,Defensive Centre-back,48.1,2615,29.1
Gerard Martín,Barcelona,es La Liga,DF,Fullback / Wing-back,48.1,1038,11.5
Nicolas Jackson,Chelsea,eng Premier League,FW,Clinical Striker,48.1,2220,24.7
Mahmoud Dahoud,Eint Frankfurt,de Bundesliga,MF,Box-to-box Midfielder,48.1,364,4.0
Kevin Stöger,Gladbach,de Bundesliga,MF,Box-to-box Midfielder,48.1,1551,17.2
Alessio Zerbin,Venezia,it Serie A,DF,Fullback / Wing-back,48.1,1518,16.9
Baptiste Santamaria,Nice,fr Ligue 1,MF,Ball-winning Midfielder,48.0,927,10.3
Steven Skrzybski,Holstein Kiel,de Bundesliga,MF,Wide Midfielder / Winger,48.0,1323,14.7
Junior Sambia,Empoli,it Serie A,DF,Fullback / Wing-back,47.9,387,4.3
Mama Samba Baldé,Brest,fr Ligue 1,FW,Wide Midfielder / Winger,47.9,1149,12.8
Mateo Retegui,Atalanta,it Serie A,FW,Clinical Striker,47.7,2383,26.5
James Tarkowski,Everton,eng Premier League,DF,Defensive Centre-back,47.7,2922,32.5
Ibrahim Sissoko,Saint-Étienne,fr Ligue 1,FW,Target Man / Physical Striker,47.7,819,9.1
Gerard Moreno,Villarreal,es La Liga,FW,Creative Attacking Midfielder,47.7,721,8.0
Philipp Hofmann,Bochum,de Bundesliga,FW,Target Man / Physical Striker,47.6,2277,25.3
Nicolás Paz,Como,it Serie A,MF,Creative Attacking Midfielder,47.6,2687,29.9
Moritz Jenz,Mainz 05,de Bundesliga,DF,Defensive Centre-back,47.5,1600,17.8
Leonidas Stergiou,Stuttgart,de Bundesliga,DF,Ball-playing Centre-back,47.5,852,9.5
Sebastiano Luperto,Cagliari,it Serie A,DF,Defensive Centre-back,47.4,3240,36.0
Lucas Mincarelli,Montpellier,fr Ligue 1,DF,Defensive Midfielder,47.4,715,7.9
Robert Andrich,Leverkusen,de Bundesliga,MF,Defensive Midfielder,47.3,1598,17.8
Florian Sotoca,Lens,fr Ligue 1,FW,Wide Midfielder / Winger,47.3,1794,19.9
Niklas Süle,Dortmund,de Bundesliga,DF,Defensive Centre-back,47.3,1053,11.7
Giovanni Simeone,Napoli,it Serie A,FW,Clinical Striker,47.2,419,4.7
Aurélien Tchouaméni,Real Madrid,es La Liga,DF,Defensive Centre-back,47.1,2689,29.9
Lautaro Martínez,Inter,it Serie A,FW,Clinical Striker,47.1,2474,27.5
Amine Salama,Reims,fr Ligue 1,FW,Wide Midfielder / Winger,47.0,373,4.1
Rolando Mandragora,Fiorentina,it Serie A,MF,Box-to-box Midfielder,47.0,1856,20.6
Pablo Torre,Barcelona,es La Liga,MF,Creative Attacking Midfielder,46.9,310,3.4
Cucho,Betis,es La Liga,FW,Clinical Striker,46.8,1139,12.7
Lorenzo De Silvestri,Bologna,it Serie A,DF,Defensive Midfielder,46.8,1060,11.8
Paul Nebel,Mainz 05,de Bundesliga,MF,Wide Midfielder / Winger,46.8,2345,26.1
Hans Hateboer,Rennes,fr Ligue 1,DF,Defensive Centre-back,46.8,1684,18.7
Ridgeciano Haps,Venezia,it Serie A,DF,Defensive Midfielder,46.8,1369,15.2
Kirian Rodríguez,Las Palmas,es La Liga,MF,Ball-winning Midfielder,46.8,1758,19.5
Lassine Sinayoko,Auxerre,fr Ligue 1,FW,Wide Midfielder / Winger,46.8,2299,25.5
Beñat Prados,Athletic Club,es La Liga,MF,Ball-winning Midfielder,46.7,1715,19.1
Mathias Honsak,Heidenheim,de Bundesliga,FW,Wide Midfielder / Winger,46.7,1181,13.1
Mamadou Diakhon,Reims,fr Ligue 1,FW,Wide Midfielder / Winger,46.6,858,9.5
Ridle Baku,RB Leipzig,de Bundesliga,DF,Fullback / Wing-back,46.6,1275,14.2
Matúš Bero,Bochum,de Bundesliga,MF,Box-to-box Midfielder,46.5,2565,28.5
Corentin Tolisso,Lyon,fr Ligue 1,MF,Box-to-box Midfielder,46.5,2329,25.9
Romain Perraud,Betis,es La Liga,DF,Fullback / Wing-back,46.5,2002,22.2
David López,Girona,es La Liga,DF,Defensive Centre-back,46.4,2429,27.0
Federico Valverde,Real Madrid,es La Liga,MF,Box-to-box Midfielder,46.4,3032,33.7
Oliver McBurnie,Las Palmas,es La Liga,FW,Target Man / Physical Striker,46.3,1837,20.4
Gavi,Barcelona,es La Liga,MF,Ball-winning Midfielder,46.2,1085,12.1
Tom Bischof,Hoffenheim,de Bundesliga,MF,Box-to-box Midfielder,46.2,2559,28.4
Rayan Cherki,Lyon,fr Ligue 1,FW,Creative Attacking Midfielder,46.2,2041,22.7
Oliver Burke,Werder Bremen,de Bundesliga,FW,Clinical Striker,46.1,908,10.1
Lucas Höler,Freiburg,de Bundesliga,FW,Target Man / Physical Striker,46.1,1867,20.7
Arne Maier,Augsburg,de Bundesliga,MF,Box-to-box Midfielder,46.1,938,10.4
Victor Boniface,Leverkusen,de Bundesliga,FW,Clinical Striker,46.0,1008,11.2
Robin Le Normand,Atlético Madrid,es La Liga,DF,Defensive Centre-back,46.0,2151,23.9
Milan Škriniar,Paris S-G,fr Ligue 1,DF,Defensive Centre-back,45.9,382,4.2
Jacob Greaves,Ipswich Town,eng Premier League,DF,Defensive Centre-back,45.9,2205,24.5
Paulo Azzi,Cagliari,it Serie A,DF,Fullback / Wing-back,45.9,426,4.7
Mikael Ellertsson,Venezia,it Serie A,DF,Defensive Midfielder,45.9,2470,27.4
Rafael Leão,Milan,it Serie A,FW,Creative Attacking Midfielder,45.8,2323,25.8
Brais Méndez,Real Sociedad,es La Liga,MF,Wide Midfielder / Winger,45.8,1531,17.0
Morgan Rogers,Aston Villa,eng Premier League,FW,Wide Midfielder / Winger,45.8,3114,34.6
Mikel Merino,Arsenal,eng Premier League,MF,Wide Midfielder / Winger,45.8,1586,17.6
Son Heung-min,Tottenham,eng Premier League,FW,Creative Attacking Midfielder,45.8,2110,23.4
James Maddison,Tottenham,eng Premier League,MF,Creative Attacking Midfielder,45.8,1809,20.1
Sepp van den Berg,Brentford,eng Premier League,DF,Defensive Centre-back,45.7,2586,28.7
Sebastian Nanasi,Strasbourg,fr Ligue 1,MF,Wide Midfielder / Winger,45.6,2107,23.4
Seko Fofana,Rennes,fr Ligue 1,MF,Box-to-box Midfielder,45.6,844,9.4
Joško Gvardiol,Manchester City,eng Premier League,DF,Ball-winning Midfielder,45.6,3277,36.4
Hugo Álvarez,Celta Vigo,es La Liga,MF,Wide Midfielder / Winger,45.6,1572,17.5
Yann Aurel Bisseck,Inter,it Serie A,DF,Ball-playing Centre-back,45.5,1553,17.3
Dylan Batubinsika,Saint-Étienne,fr Ligue 1,DF,Defensive Centre-back,45.5,2016,22.4
Abel,Osasuna,es La Liga,DF,Defensive Midfielder,45.4,2074,23.0
Juan David Cabal,Juventus,it Serie A,DF,Defensive Centre-back,45.4,460,5.1
Paulo Dybala,Roma,it Serie A,FW,Creative Attacking Midfielder,45.3,1417,15.7
Arda Güler,Real Madrid,es La Liga,MF,Creative Attacking Midfielder,45.3,1250,13.9
Lukas Kübler,Freiburg,de Bundesliga,DF,Ball-playing Centre-back,45.3,1842,20.5
Hákon Arnar Haraldsson,Lille,fr Ligue 1,MF,Wide Midfielder / Winger,45.3,1755,19.5
Tajon Buchanan,Villarreal,es La Liga,MF,Wide Midfielder / Winger,45.3,416,4.6
Aridane Hernández,Rayo Vallecano,es La Liga,DF,Defensive Centre-back,45.2,1025,11.4
Sergio Carreira,Celta Vigo,es La Liga,MF,Defensive Midfielder,45.2,1656,18.4
Edu Expósito,Espanyol,es La Liga,MF,Box-to-box Midfielder,45.1,1045,11.6
Daichi Kamada,Crystal Palace,eng Premier League,MF,Ball-winning Midfielder,45.1,1564,17.4
Andreas Pereira,Fulham,eng Premier League,MF,Box-to-box Midfielder,45.1,2013,22.4
Samu Costa,Mallorca,es La Liga,MF,Ball-winning Midfielder,45.1,2649,29.4
Nahuel Tenaglia,Alavés,es La Liga,DF,Defensive Midfielder,45.0,2922,32.5
Florian Neuhaus,Gladbach,de Bundesliga,MF,Box-to-box Midfielder,45.0,382,4.2
Rodrigo Bentancur,Tottenham,eng Premier League,MF,Ball-winning Midfielder,44.9,1645,18.3
Issa Soumaré,Le Havre,fr Ligue 1,FW,Wide Midfielder / Winger,44.8,1902,21.1
Nathan Tella,Leverkusen,de Bundesliga,MF,Wide Midfielder / Winger,44.8,1359,15.1
Leonardo Balerdi,Marseille,fr Ligue 1,DF,Defensive Centre-back,44.7,2273,25.3
Brenner,Udinese,it Serie A,MF,Wide Midfielder / Winger,44.6,386,4.3
Adam Webster,Brighton,eng Premier League,DF,Defensive Centre-back,44.6,887,9.9
Valentin Mihaila,Parma,it Serie A,FW,Wide Midfielder / Winger,44.5,1288,14.3
Mehdi Taremi,Inter,it Serie A,FW,Target Man / Physical Striker,44.5,807,9.0
Michail Antonio,West Ham,eng Premier League,FW,Wide Midfielder / Winger,44.5,836,9.3
Nicolò Savona,Juventus,it Serie A,DF,Ball-playing Centre-back,44.5,1724,19.2
Thomas Partey,Arsenal,eng Premier League,MF,Ball-winning Midfielder,44.5,2797,31.1
Mika Biereth,Monaco,fr Ligue 1,FW,Clinical Striker,44.5,1228,13.6
Wilfred Ndidi,Leicester City,eng Premier League,MF,Defensive Midfielder,44.4,2324,25.8
Javi Rodríguez,Celta Vigo,es La Liga,DF,Ball-playing Centre-back,44.3,2514,27.9
Karim Adeyemi,Dortmund,de Bundesliga,FW,Creative Attacking Midfielder,44.2,1433,15.9
Raphaël Guerreiro,Bayern Munich,de Bundesliga,DF,Box-to-box Midfielder,44.2,1572,17.5
Ante Rebić,Lecce,it Serie A,FW,Wide Midfielder / Winger,44.2,788,8.8
Timothee Pembele,Le Havre,fr Ligue 1,DF,Defensive Midfielder,44.2,1113,12.4
Odilon Kossounou,Atalanta,it Serie A,DF,Defensive Centre-back,44.2,1125,12.5
Morgan Guilavogui,St. Pauli,de Bundesliga,FW,Target Man / Physical Striker,44.2,1807,20.1
Emil Holm,Bologna,it Serie A,DF,Ball-winning Midfielder,44.2,1137,12.6
Gabriel Strefezza,Como,it Serie A,FW,Wide Midfielder / Winger,44.1,2619,29.1
Maximilian Beier,Dortmund,de Bundesliga,FW,Clinical Striker,44.1,1591,17.7
Lameck Banda,Lecce,it Serie A,FW,Wide Midfielder / Winger,44.0,610,6.8
Iago Aspas,Celta Vigo,es La Liga,FW,Creative Attacking Midfielder,44.0,1745,19.4
Edmond Tapsoba,Leverkusen,de Bundesliga,DF,Defensive Centre-back,43.9,2507,27.9
Pedro Díaz,Rayo Vallecano,es La Liga,MF,Wide Midfielder / Winger,43.9,1211,13.5
Bilal Nadir,Marseille,fr Ligue 1,MF,Box-to-box Midfielder,43.9,383,4.3
Oumar Diakité,Reims,fr Ligue 1,FW,Wide Midfielder / Winger,43.9,1628,18.1
Stefan Bajcetic,Las Palmas,es La Liga,MF,Defensive Midfielder,43.9,969,10.8
Benjamin Henrichs,RB Leipzig,de Bundesliga,DF,Ball-winning Midfielder,43.9,935,10.4
Mario Götze,Eint Frankfurt,de Bundesliga,MF,Box-to-box Midfielder,43.9,1542,17.1
Ruben Loftus-Cheek,Milan,it Serie A,MF,Defensive Midfielder,43.9,1037,11.5
Désiré Doué,Paris S-G,fr Ligue 1,FW,Creative Attacking Midfielder,43.8,1730,19.2
Kevin De Bruyne,Manchester City,eng Premier League,MF,Creative Attacking Midfielder,43.8,1702,18.9
Luca Mazzitelli,Como,it Serie A,MF,Box-to-box Midfielder,43.8,335,3.7
Gaëtan Laborde,Nice,fr Ligue 1,FW,Clinical Striker,43.8,1829,20.3
Jordan Pefok,Union Berlin,de Bundesliga,FW,Target Man / Physical Striker,43.8,908,10.1
Nicolás Domínguez,Nott'ham Forest,eng Premier League,MF,Ball-winning Midfielder,43.7,1963,21.8
Dany Mota,Monza,it Serie A,FW,Target Man / Physical Striker,43.6,2104,23.4
Chrislain Matsima,Augsburg,de Bundesliga,DF,Defensive Centre-back,43.6,2551,28.3
Josha Vagnoman,Stuttgart,de Bundesliga,DF,Defensive Midfielder,43.6,1834,20.4
Tariq Lamptey,Brighton,eng Premier League,DF,Fullback / Wing-back,43.5,860,9.6
Eberechi Eze,Crystal Palace,eng Premier League,MF,Creative Attacking Midfielder,43.5,2588,28.8
Devyne Rensch,Roma,it Serie A,DF,Ball-winning Midfielder,43.5,469,5.2
Álvaro djaló,Athletic Club,es La Liga,FW,Wide Midfielder / Winger,43.4,659,7.3
Loïc Bade,Sevilla,es La Liga,DF,Defensive Centre-back,43.4,2686,29.8
Adrià Pedrosa,Sevilla,es La Liga,DF,Defensive Midfielder,43.3,2298,25.5
Coba da Costa,Getafe,es La Liga,MF,Wide Midfielder / Winger,43.3,1006,11.2
Sofiane Diop,Nice,fr Ligue 1,MF,Creative Attacking Midfielder,43.3,1064,11.8
Facundo Buonanotte,Leicester City,eng Premier League,FW,Wide Midfielder / Winger,43.3,1523,16.9
Mario Pašalić,Atalanta,it Serie A,MF,Box-to-box Midfielder,43.2,1967,21.9
Lovro Majer,Wolfsburg,de Bundesliga,MF,Creative Attacking Midfielder,43.2,304,3.4
Cody Gakpo,Liverpool,eng Premier League,FW,Creative Attacking Midfielder,43.1,1935,21.5
Kingsley Coman,Bayern Munich,de Bundesliga,FW,Creative Attacking Midfielder,43.1,1282,14.2
Sávio,Manchester City,eng Premier League,FW,Creative Attacking Midfielder,43.1,1766,19.6
Juanmi,Getafe,es La Liga,FW,Target Man / Physical Striker,43.1,696,7.7
Jonny Evans,Manchester Utd,eng Premier League,DF,Defensive Centre-back,43.0,315,3.5
Natan,Betis,es La Liga,DF,Defensive Centre-back,43.0,2175,24.2
Saúl Coco,Torino,it Serie A,DF,Defensive Centre-back,43.0,2845,31.6
Pierrick Capelle,Angers,fr Ligue 1,MF,Ball-winning Midfielder,42.9,483,5.4
Sergi Canós,Valencia,es La Liga,MF,Wide Midfielder / Winger,42.9,370,4.1
Callum Hudson-Odoi,Nott'ham Forest,eng Premier League,FW,Wide Midfielder / Winger,42.9,2194,24.4
Sam Beukema,Bologna,it Serie A,DF,Defensive Centre-back,42.9,3012,33.5
Michel Aebischer,Bologna,it Serie A,MF,Ball-winning Midfielder,42.9,724,8.0
Adam Marušić,Lazio,it Serie A,DF,Ball-playing Centre-back,42.9,2337,26.0
Manolis Saliakas,St. Pauli,de Bundesliga,MF,Defensive Midfielder,42.9,2314,25.7
Carlos Martín,Alavés,es La Liga,FW,Wide Midfielder / Winger,42.9,1333,14.8
Konstantinos Koulierakis,Wolfsburg,de Bundesliga,DF,Defensive Centre-back,42.8,2468,27.4
Carles Pérez,Getafe,es La Liga,MF,Wide Midfielder / Winger,42.8,1431,15.9
Tino Kadewere,Nantes,fr Ligue 1,MF,Wide Midfielder / Winger,42.8,512,5.7
Kyle Walker,Manchester City,eng Premier League,DF,Defensive Centre-back,42.8,970,10.8
Oladapo Afolayan,St. Pauli,de Bundesliga,FW,Wide Midfielder / Winger,42.8,1639,18.2
Danel Sinani,St. Pauli,de Bundesliga,FW,Wide Midfielder / Winger,42.7,1250,13.9
Jacopo Fazzini,Empoli,it Serie A,MF,Wide Midfielder / Winger,42.7,1383,15.4
Aleksandr Golovin,Monaco,fr Ligue 1,MF,Box-to-box Midfielder,42.6,1153,12.8
Marvin Friedrich,Gladbach,de Bundesliga,DF,Defensive Centre-back,42.6,989,11.0
Manuel Ugarte Ribeiro,Manchester Utd,eng Premier League,MF,Ball-winning Midfielder,42.6,1785,19.8
Walid Cheddira,Espanyol,es La Liga,FW,Target Man / Physical Striker,42.5,640,7.1
Jonathan David,Lille,fr Ligue 1,FW,Clinical Striker,42.5,2554,28.4
Leon Goretzka,Bayern Munich,de Bundesliga,MF,Box-to-box Midfielder,42.4,1325,14.7
Isco,Betis,es La Liga,MF,Creative Attacking Midfielder,42.4,1547,17.2
Thierry Correia,Valencia,es La Liga,DF,Ball-winning Midfielder,42.4,768,8.5
Lucas Torró,Osasuna,es La Liga,MF,Defensive Midfielder,42.3,2957,32.9
Julien Le Cardinal,Brest,fr Ligue 1,DF,Defensive Centre-back,42.3,1378,15.3
Ibrahima Sissoko,Bochum,de Bundesliga,MF,Defensive Midfielder,42.3,2610,29.0
Derek Cornelius,Marseille,fr Ligue 1,DF,Defensive Centre-back,42.2,1420,15.8
Tyrone Mings,Aston Villa,eng Premier League,DF,Defensive Centre-back,42.2,1120,12.4
Phil Foden,Manchester City,eng Premier League,MF,Creative Attacking Midfielder,42.2,1777,19.7
Marko Arnautović,Inter,it Serie A,FW,Clinical Striker,42.2,527,5.9
Morgan Gibbs-White,Nott'ham Forest,eng Premier League,MF,Wide Midfielder / Winger,42.2,2803,31.1
Amar Dedić,Marseille,fr Ligue 1,DF,Box-to-box Midfielder,42.2,314,3.5
Ramón Terrats,Getafe,es La Liga,MF,Wide Midfielder / Winger,42.2,1219,13.5
Ryan Sessegnon,Fulham,eng Premier League,FW,Creative Attacking Midfielder,42.1,580,6.4
Nelson Weiper,Mainz 05,de Bundesliga,FW,Clinical Striker,42.1,704,7.8
Ondrej Duda,Hellas Verona,it Serie A,MF,Ball-winning Midfielder,42.1,2395,26.6
Carlos Alcaraz,Everton,eng Premier League,FW,Creative Attacking Midfielder,42.1,764,8.5
Budu Zivzivadze,Heidenheim,de Bundesliga,FW,Wide Midfielder / Winger,42.1,958,10.6
Jonas Martin,Brest,fr Ligue 1,MF,Ball-winning Midfielder,42.0,496,5.5
Amine Harit,Marseille,fr Ligue 1,MF,Creative Attacking Midfielder,42.0,519,5.8
Max Moerstedt,Hoffenheim,de Bundesliga,FW,Target Man / Physical Striker,42.0,451,5.0
Fredrik Jensen,Augsburg,de Bundesliga,MF,Defensive Midfielder,42.0,763,8.5
Mattia Zaccagni,Lazio,it Serie A,FW,Wide Midfielder / Winger,41.9,2686,29.8
Leon Bailey,Aston Villa,eng Premier League,FW,Wide Midfielder / Winger,41.9,1139,12.7
Djaoui Cissé,Rennes,fr Ligue 1,MF,Ball-winning Midfielder,41.9,1121,12.5
Alexandre Lacazette,Lyon,fr Ligue 1,FW,Clinical Striker,41.9,2051,22.8
Christantus Uche,Getafe,es La Liga,FW,Wide Midfielder / Winger,41.9,2486,27.6
Pontus Almqvist,Parma,it Serie A,FW,Wide Midfielder / Winger,41.9,1112,12.4
Raúl Jiménez,Fulham,eng Premier League,FW,Clinical Striker,41.8,2494,27.7
Emmanuel Gyasi,Empoli,it Serie A,DF,Defensive Midfielder,41.8,3217,35.7
Antony,Betis,es La Liga,FW,Creative Attacking Midfielder,41.8,1362,15.1
Gianluca Caprari,Monza,it Serie A,MF,Wide Midfielder / Winger,41.8,1651,18.3
Wesley Saïd,Lens,fr Ligue 1,FW,Target Man / Physical Striker,41.8,905,10.1
Gaetano Oristanio,Venezia,it Serie A,FW,Wide Midfielder / Winger,41.7,2315,25.7
Luis Henrique,Marseille,fr Ligue 1,DF,Fullback / Wing-back,41.7,2613,29.0
Jakov Medić,Bochum,de Bundesliga,DF,Defensive Centre-back,41.7,1603,17.8
Víctor Meseguer,Valladolid,es La Liga,MF,Defensive Midfielder,41.7,418,4.6
Jean-Charles Castelletto,Nantes,fr Ligue 1,DF,Defensive Centre-back,41.7,2620,29.1
Javi Hernández,Leganés,es La Liga,DF,Defensive Midfielder,41.7,2389,26.5
Rafael Tolói,Atalanta,it Serie A,DF,Defensive Centre-back,41.7,468,5.2
Bertuğ Yıldırım,Getafe,es La Liga,FW,Target Man / Physical Striker,41.6,1083,12.0
Adrien Tameze,Torino,it Serie A,MF,Defensive Midfielder,41.6,649,7.2
Samuel Mbangula,Juventus,it Serie A,FW,Wide Midfielder / Winger,41.5,709,7.9
Joachim Andersen,Fulham,eng Premier League,DF,Defensive Centre-back,41.4,2583,28.7
Federico Baschirotto,Lecce,it Serie A,DF,Defensive Centre-back,41.4,3420,38.0
Erencan Yardimci,Hoffenheim,de Bundesliga,FW,Target Man / Physical Striker,41.3,313,3.5
Tim Iroegbunam,Everton,eng Premier League,MF,Ball-winning Midfielder,41.3,574,6.4
Tanguy Coulibaly,Montpellier,fr Ligue 1,FW,Wide Midfielder / Winger,41.3,1485,16.5
Takuma Asano,Mallorca,es La Liga,FW,Target Man / Physical Striker,41.1,1054,11.7
Lewis Dunk,Brighton,eng Premier League,DF,Defensive Centre-back,41.0,2083,23.1
Ritsu Doan,Freiburg,de Bundesliga,FW,Wide Midfielder / Winger,40.9,2862,31.8
El Bilal Touré,Stuttgart,de Bundesliga,FW,Clinical Striker,40.9,356,4.0
Giovani Lo Celso,Betis,es La Liga,MF,Creative Attacking Midfielder,40.8,1457,16.2
Cameron Burgess,Ipswich Town,eng Premier League,DF,Defensive Centre-back,40.8,1541,17.1
Christoph Baumgartner,RB Leipzig,de Bundesliga,MF,Wide Midfielder / Winger,40.7,1610,17.9
Marc Domenech,Mallorca,es La Liga,FW,Target Man / Physical Striker,40.7,303,3.4
Johannes Eggestein,St. Pauli,de Bundesliga,FW,Target Man / Physical Striker,40.7,1853,20.6
Yann Karamoh,Torino,it Serie A,MF,Wide Midfielder / Winger,40.7,1046,11.6
Jamie Leweling,Stuttgart,de Bundesliga,MF,Wide Midfielder / Winger,40.7,1663,18.5
Amadou Haidara,RB Leipzig,de Bundesliga,MF,Ball-winning Midfielder,40.7,1320,14.7
Tom Krauß,Bochum,de Bundesliga,MF,Ball-winning Midfielder,40.6,1077,12.0
Tom Rothe,Union Berlin,de Bundesliga,DF,Fullback / Wing-back,40.6,1670,18.6
Danilo,Juventus,it Serie A,DF,Defensive Centre-back,40.5,581,6.5
Pervis Estupiñán,Brighton,eng Premier League,DF,Ball-winning Midfielder,40.4,2402,26.7
Jota Silva,Nott'ham Forest,eng Premier League,FW,Wide Midfielder / Winger,40.4,854,9.5
Brahim Díaz,Real Madrid,es La Liga,FW,Creative Attacking Midfielder,40.4,1385,15.4
Marcos Senesi,Bournemouth,eng Premier League,DF,Defensive Centre-back,40.4,1106,12.3
Jules Koundé,Barcelona,es La Liga,DF,Ball-winning Midfielder,40.4,2605,28.9
Cristian Romero,Tottenham,eng Premier League,DF,Ball-winning Midfielder,40.4,1416,15.7
El Chadaille Bitshiabu,RB Leipzig,de Bundesliga,DF,Defensive Centre-back,40.3,1130,12.6
Luca Marianucci,Empoli,it Serie A,DF,Defensive Centre-back,40.3,1069,11.9
Luke Shaw,Manchester Utd,eng Premier League,DF,Defensive Centre-back,40.2,349,3.9
Leonardo Pavoletti,Cagliari,it Serie A,FW,Clinical Striker,40.2,445,4.9
Álvaro Rodríguez,Getafe,es La Liga,FW,Target Man / Physical Striker,40.1,852,9.5
Adri Embarba,Rayo Vallecano,es La Liga,FW,Wide Midfielder / Winger,40.1,1607,17.9
Calvin Bassey,Fulham,eng Premier League,DF,Defensive Centre-back,40.0,3074,34.2
Hwang Hee-chan,Wolves,eng Premier League,MF,Target Man / Physical Striker,40.0,661,7.3
Pica,Alavés,es La Liga,DF,Defensive Centre-back,39.9,499,5.5
Nicolò Casale,Bologna,it Serie A,DF,Defensive Centre-back,39.9,900,10.0
Ferdi Kadioglu,Brighton,eng Premier League,DF,Fullback / Wing-back,39.7,385,4.3
Cheick Doucouré,Crystal Palace,eng Premier League,MF,Ball-winning Midfielder,39.6,452,5.0
Tommaso Baldanzi,Roma,it Serie A,MF,Wide Midfielder / Winger,39.6,832,9.2
Alfonso Espino,Rayo Vallecano,es La Liga,DF,Ball-winning Midfielder,39.5,833,9.3
Will Hughes,Crystal Palace,eng Premier League,MF,Ball-winning Midfielder,39.5,2108,23.4
Nicolás González,Juventus,it Serie A,FW,Target Man / Physical Striker,39.5,1750,19.4
Lasse Rosenboom,Holstein Kiel,de Bundesliga,DF,Defensive Midfielder,39.4,1734,19.3
Ibrahima Wadji,Saint-Étienne,fr Ligue 1,FW,Wide Midfielder / Winger,39.4,347,3.9
Sergio Akieme,Reims,fr Ligue 1,DF,Defensive Midfielder,39.4,2523,28.0
Valentin Rongier,Marseille,fr Ligue 1,MF,Ball-winning Midfielder,39.4,1562,17.4
Enzo Fernández,Chelsea,eng Premier League,MF,Box-to-box Midfielder,39.3,2947,32.7
Leonardo Bittencourt,Werder Bremen,de Bundesliga,MF,Box-to-box Midfielder,39.3,982,10.9
Atakan Karazor,Stuttgart,de Bundesliga,MF,Ball-winning Midfielder,39.2,2618,29.1
Hamza Rafia,Lecce,it Serie A,MF,Ball-winning Midfielder,39.2,1058,11.8
Kevin Schade,Brentford,eng Premier League,FW,Clinical Striker,39.1,2293,25.5
Ander Barrenetxea,Real Sociedad,es La Liga,MF,Wide Midfielder / Winger,39.1,1263,14.0
Mahamadou Diawara,Le Havre,fr Ligue 1,MF,Ball-winning Midfielder,39.0,582,6.5
Darwin Núñez,Liverpool,eng Premier League,FW,Clinical Striker,39.0,1133,12.6
Charles De Ketelaere,Atalanta,it Serie A,MF,Creative Attacking Midfielder,39.0,2070,23.0
Aitor Ruibal,Betis,es La Liga,DF,Fullback / Wing-back,39.0,1313,14.6
Ylber Ramadani,Lecce,it Serie A,MF,Ball-winning Midfielder,38.9,1807,20.1
Darko Brašanac,Leganés,es La Liga,MF,Defensive Midfielder,38.9,1617,18.0
Iker Muñoz,Osasuna,es La Liga,MF,Defensive Midfielder,38.9,610,6.8
Viktor Tsyhankov,Girona,es La Liga,FW,Wide Midfielder / Winger,38.9,1913,21.3
Farid El Melali,Angers,fr Ligue 1,FW,Wide Midfielder / Winger,38.9,1893,21.0
Nadir Zortea,Cagliari,it Serie A,DF,Fullback / Wing-back,38.8,2713,30.1
Dario Essugo,Las Palmas,es La Liga,MF,Ball-winning Midfielder,38.8,1938,21.5
Miguel Gutiérrez,Girona,es La Liga,DF,Fullback / Wing-back,38.7,2458,27.3
Keane Lewis-Potter,Brentford,eng Premier League,DF,Fullback / Wing-back,38.7,3093,34.4
Junior Messias,Genoa,it Serie A,MF,Wide Midfielder / Winger,38.7,847,9.4
Ramon Hendriks,Stuttgart,de Bundesliga,DF,Defensive Centre-back,38.7,1154,12.8
Pavel Kadeřábek,Hoffenheim,de Bundesliga,DF,Ball-playing Centre-back,38.4,1576,17.5
Benjamin Pavard,Inter,it Serie A,DF,Defensive Centre-back,38.3,1584,17.6
Rodrygo,Real Madrid,es La Liga,FW,Creative Attacking Midfielder,38.3,1928,21.4
Patson Daka,Leicester City,eng Premier League,FW,Target Man / Physical Striker,38.3,736,8.2
Neco Williams,Nott'ham Forest,eng Premier League,DF,Defensive Midfielder,38.3,2594,28.8
Mamadou Sylla,Valladolid,es La Liga,FW,Target Man / Physical Striker,38.2,1583,17.6
Pau Cubarsí,Barcelona,es La Liga,DF,Defensive Centre-back,38.2,2618,29.1
Javier Muñoz,Las Palmas,es La Liga,MF,Defensive Midfielder,38.1,2588,28.8
Ismaily,Lille,fr Ligue 1,DF,Ball-winning Midfielder,38.1,904,10.0
Federico Dimarco,Inter,it Serie A,DF,Box-to-box Midfielder,38.1,2140,23.8
Yarek Gasiorowski,Valencia,es La Liga,DF,Defensive Centre-back,38.0,947,10.5
Fer López,Celta Vigo,es La Liga,FW,Creative Attacking Midfielder,37.9,671,7.5
Mohamed Haj,Parma,it Serie A,MF,Wide Midfielder / Winger,37.9,453,5.0
Daniel Parejo,Villarreal,es La Liga,MF,Ball-winning Midfielder,37.9,2273,25.3
Giovanni Di Lorenzo,Napoli,it Serie A,DF,Ball-winning Midfielder,37.8,3330,37.0
Yves Bissouma,Tottenham,eng Premier League,MF,Ball-winning Midfielder,37.8,1408,15.6
Danilo Cataldi,Fiorentina,it Serie A,MF,Ball-winning Midfielder,37.8,1712,19.0
Richarlison,Tottenham,eng Premier League,FW,Clinical Striker,37.7,504,5.6
Youssouf Fofana,Milan,it Serie A,MF,Ball-winning Midfielder,37.7,2504,27.8
Iván Martín,Girona,es La Liga,MF,Ball-winning Midfielder,37.7,2039,22.7
Albert Sambi Lokonga,Sevilla,es La Liga,MF,Ball-winning Midfielder,37.7,1471,16.3
Jesús Navas,Sevilla,es La Liga,FW,Wide Midfielder / Winger,37.7,424,4.7
Jonathan Burkardt,Mainz 05,de Bundesliga,FW,Clinical Striker,37.7,2109,23.4
Mats Hummels,Roma,it Serie A,DF,Defensive Centre-back,37.7,915,10.2
Myles Lewis-Skelly,Arsenal,eng Premier League,DF,Ball-playing Centre-back,37.6,1369,15.2
Andrei Ratiu,Rayo Vallecano,es La Liga,DF,Fullback / Wing-back,37.6,3065,34.1
Portu,Girona,es La Liga,FW,Wide Midfielder / Winger,37.5,779,8.7
Adrian Beck,Heidenheim,de Bundesliga,MF,Wide Midfielder / Winger,37.5,1598,17.8
Marcos Llorente,Atlético Madrid,es La Liga,DF,Ball-winning Midfielder,37.4,2513,27.9
Amin Sarr,Hellas Verona,it Serie A,FW,Target Man / Physical Striker,37.4,1907,21.2
Ramy Bensebaini,Dortmund,de Bundesliga,DF,Ball-winning Midfielder,37.3,2022,22.5
Martín Zubimendi,Real Sociedad,es La Liga,MF,Ball-winning Midfielder,37.3,2962,32.9
Omari Hutchinson,Ipswich Town,eng Premier League,MF,Wide Midfielder / Winger,37.3,2583,28.7
Iker Bravo,Udinese,it Serie A,FW,Wide Midfielder / Winger,37.3,682,7.6
Jay Idzes,Venezia,it Serie A,DF,Defensive Centre-back,37.3,3127,34.7
Jáder Durán,Aston Villa,eng Premier League,FW,Clinical Striker,37.2,638,7.1
Lloyd Kelly,Juventus,it Serie A,DF,Defensive Centre-back,37.2,1013,11.3
Benito Ramírez,Las Palmas,es La Liga,DF,Fullback / Wing-back,37.2,478,5.3
Aaron Wan-Bissaka,West Ham,eng Premier League,DF,Ball-winning Midfielder,37.2,3154,35.0
Jonathan Bamba,Celta Vigo,es La Liga,FW,Wide Midfielder / Winger,37.1,811,9.0
Lee Kang-in,Paris S-G,fr Ligue 1,FW,Creative Attacking Midfielder,37.1,1663,18.5
Pablo Sarabia,Wolves,eng Premier League,MF,Creative Attacking Midfielder,37.1,814,9.0
Goduine Koyalipou,Lens,fr Ligue 1,FW,Clinical Striker,37.1,885,9.8
Yeremi Pino,Villarreal,es La Liga,MF,Wide Midfielder / Winger,37.1,1934,21.5
Ansgar Knauff,Eint Frankfurt,de Bundesliga,MF,Wide Midfielder / Winger,37.0,1597,17.7
Mory Gbane,Reims,fr Ligue 1,DF,Defensive Centre-back,37.0,1125,12.5
Emerson Palmieri,West Ham,eng Premier League,DF,Defensive Midfielder,37.0,2113,23.5
Alberto Dossena,Como,it Serie A,DF,Defensive Centre-back,37.0,1825,20.3
Alfonso Pedraza,Villarreal,es La Liga,DF,Fullback / Wing-back,36.9,460,5.1
Teun Koopmeiners,Juventus,it Serie A,MF,Wide Midfielder / Winger,36.9,1994,22.2
Emmanuel Sabbi,Le Havre,fr Ligue 1,FW,Wide Midfielder / Winger,36.9,653,7.3
Reece James,Chelsea,eng Premier League,DF,Ball-winning Midfielder,36.8,1063,11.8
Davide Zappacosta,Atalanta,it Serie A,DF,Fullback / Wing-back,36.8,2067,23.0
Matías Vecino,Lazio,it Serie A,MF,Target Man / Physical Striker,36.8,877,9.7
Eliesse Ben Seghir,Monaco,fr Ligue 1,MF,Creative Attacking Midfielder,36.8,1750,19.4
Enzo Le Fée,Roma,it Serie A,MF,Ball-winning Midfielder,36.8,318,3.5
Denis Suárez,Villarreal,es La Liga,MF,Wide Midfielder / Winger,36.7,608,6.8
José Luis García Vayá,Valencia,es La Liga,MF,Ball-winning Midfielder,36.7,1742,19.4
Gabriel Gudmundsson,Lille,fr Ligue 1,DF,Ball-winning Midfielder,36.7,1785,19.8
Aimar Oroz,Osasuna,es La Liga,MF,Wide Midfielder / Winger,36.6,2966,33.0
Crysencio Summerville,West Ham,eng Premier League,FW,Wide Midfielder / Winger,36.6,786,8.7
Samuel Lino,Atlético Madrid,es La Liga,MF,Creative Attacking Midfielder,36.5,1552,17.2
Amad Diallo,Manchester Utd,eng Premier League,MF,Creative Attacking Midfielder,36.5,1901,21.1
Kai Havertz,Arsenal,eng Premier League,FW,Clinical Striker,36.5,1875,20.8
Nicolas Pépé,Villarreal,es La Liga,FW,Creative Attacking Midfielder,36.5,1500,16.7
Iliman Ndiaye,Everton,eng Premier League,FW,Wide Midfielder / Winger,36.4,2430,27.0
Peque,Sevilla,es La Liga,MF,Wide Midfielder / Winger,36.4,1134,12.6
Matteo Darmian,Inter,it Serie A,DF,Ball-playing Centre-back,36.4,1781,19.8
Bernardo,Bochum,de Bundesliga,DF,Defensive Centre-back,36.3,1782,19.8
Tim Drexler,Hoffenheim,de Bundesliga,DF,Ball-winning Midfielder,36.3,357,4.0
Wahbi Khazri,Montpellier,fr Ligue 1,FW,Wide Midfielder / Winger,36.3,1118,12.4
Luck Zogbé,Brest,fr Ligue 1,DF,Ball-winning Midfielder,36.3,638,7.1
Reiss Nelson,Fulham,eng Premier League,FW,Creative Attacking Midfielder,36.2,487,5.4
Fisayo Dele-Bashiru,Lazio,it Serie A,MF,Wide Midfielder / Winger,36.2,947,10.5
Kobbie Mainoo,Manchester Utd,eng Premier League,MF,Ball-winning Midfielder,36.2,1651,18.3
Matt O'Riley,Brighton,eng Premier League,MF,Wide Midfielder / Winger,36.2,938,10.4
Loïs Openda,RB Leipzig,de Bundesliga,FW,Clinical Striker,36.2,2453,27.3
Matteo Politano,Napoli,it Serie A,FW,Wide Midfielder / Winger,36.2,2804,31.2
Abdallah Sima,Brest,fr Ligue 1,FW,Clinical Striker,36.1,1238,13.8
Selim Amallah,Valladolid,es La Liga,MF,Wide Midfielder / Winger,36.1,1376,15.3
Lucas Bergvall,Tottenham,eng Premier League,MF,Ball-winning Midfielder,36.1,1212,13.5
Justin Devenny,Crystal Palace,eng Premier League,MF,Wide Midfielder / Winger,36.0,507,5.6
Johann Lepenant,Nantes,fr Ligue 1,MF,Defensive Midfielder,36.0,2048,22.8
Dante,Nice,fr Ligue 1,DF,Defensive Centre-back,36.0,1964,21.8
Juan Cruz,Leganés,es La Liga,FW,Wide Midfielder / Winger,36.0,2257,25.1
Steve Mounié,Augsburg,de Bundesliga,FW,Clinical Striker,36.0,347,3.9
Jean-Eudes Aholou,Angers,fr Ligue 1,MF,Defensive Midfielder,35.9,1959,21.8
Arthur Chaves,Hoffenheim,de Bundesliga,DF,Defensive Centre-back,35.8,2185,24.3
Mikel Vesga,Athletic Club,es La Liga,MF,Ball-winning Midfielder,35.8,988,11.0
Eldor Shomurodov,Roma,it Serie A,FW,Clinical Striker,35.8,1097,12.2
Xavi Simons,RB Leipzig,de Bundesliga,MF,Creative Attacking Midfielder,35.7,2150,23.9
Valentín Castellanos,Lazio,it Serie A,FW,Clinical Striker,35.7,2384,26.5
Aaron Cresswell,West Ham,eng Premier League,DF,Defensive Centre-back,35.6,824,9.2
Jeremie Boga,Nice,fr Ligue 1,MF,Creative Attacking Midfielder,35.6,1054,11.7
Issa Kaboré,Werder Bremen,de Bundesliga,DF,Fullback / Wing-back,35.5,308,3.4
Edon Zhegrova,Lille,fr Ligue 1,FW,Creative Attacking Midfielder,35.5,978,10.9
Aimen Moueffek,Saint-Étienne,fr Ligue 1,MF,Defensive Midfielder,35.5,1039,11.5
Florian Thauvin,Udinese,it Serie A,FW,Creative Attacking Midfielder,35.5,1956,21.7
Cédric Kipré,Reims,fr Ligue 1,DF,Defensive Centre-back,35.5,2190,24.3
Ben Johnson,Ipswich Town,eng Premier League,DF,Defensive Midfielder,35.5,1354,15.0
Eduardo Camavinga,Real Madrid,es La Liga,MF,Ball-winning Midfielder,35.5,1102,12.2
Mattia Viti,Empoli,it Serie A,DF,Defensive Centre-back,35.4,2572,28.6
Juan Herzog,Las Palmas,es La Liga,DF,Defensive Centre-back,35.4,1315,14.6
Samuele Birindelli,Monza,it Serie A,DF,Fullback / Wing-back,35.3,1468,16.3
Robert Skov,Union Berlin,de Bundesliga,DF,Fullback / Wing-back,35.2,852,9.5
Alexander Sørloth,Atlético Madrid,es La Liga,FW,Clinical Striker,35.2,1566,17.4
Dominik Szoboszlai,Liverpool,eng Premier League,MF,Creative Attacking Midfielder,35.1,2491,27.7
Diogo Dalot,Manchester Utd,eng Premier League,DF,Ball-winning Midfielder,35.0,2814,31.3
Jamie Gittens,Dortmund,de Bundesliga,FW,Creative Attacking Midfielder,35.0,1776,19.7
Luca Ranieri,Fiorentina,it Serie A,DF,Defensive Centre-back,34.8,2981,33.1
Igor Zubeldia,Real Sociedad,es La Liga,DF,Defensive Centre-back,34.8,2269,25.2
Bryan Mbeumo,Brentford,eng Premier League,FW,Creative Attacking Midfielder,34.8,3414,37.9
Jofre,Espanyol,es La Liga,MF,Wide Midfielder / Winger,34.8,2165,24.1
Finn Ole Becker,Hoffenheim,de Bundesliga,MF,Ball-winning Midfielder,34.7,670,7.4
Tete Morente,Lecce,it Serie A,FW,Wide Midfielder / Winger,34.6,2021,22.5
Mattia Bani,Genoa,it Serie A,DF,Defensive Centre-back,34.6,1507,16.7
Kiliann Sildillia,Freiburg,de Bundesliga,DF,Ball-playing Centre-back,34.6,801,8.9
Nadiem Amiri,Mainz 05,de Bundesliga,MF,Box-to-box Midfielder,34.5,2473,27.5
Curtis Jones,Liverpool,eng Premier League,MF,Box-to-box Midfielder,34.5,1712,19.0
Jaydee Canvot,Toulouse,fr Ligue 1,DF,Defensive Centre-back,34.5,1106,12.3
Tim Siersleben,Heidenheim,de Bundesliga,DF,Defensive Centre-back,34.5,1182,13.1
Wilson Odobert,Tottenham,eng Premier League,FW,Wide Midfielder / Winger,34.5,850,9.4
Lucas Beltrán,Fiorentina,it Serie A,FW,Wide Midfielder / Winger,34.5,1864,20.7
Sergi Altimira,Betis,es La Liga,MF,Ball-winning Midfielder,34.5,1972,21.9
Enzo Millot,Stuttgart,de Bundesliga,MF,Creative Attacking Midfielder,34.4,1843,20.5
Geoffrey Kondogbia,Marseille,fr Ligue 1,DF,Defensive Centre-back,34.4,2020,22.4
Jim Allevinah,Angers,fr Ligue 1,FW,Wide Midfielder / Winger,34.4,1750,19.4
Stoichkov,Alavés,es La Liga,MF,Wide Midfielder / Winger,34.4,699,7.8
Óscar Trejo,Rayo Vallecano,es La Liga,MF,Wide Midfielder / Winger,34.3,496,5.5
Rayan Aït-Nouri,Wolves,eng Premier League,DF,Fullback / Wing-back,34.2,3109,34.5
Stephy Mavididi,Leicester City,eng Premier League,FW,Wide Midfielder / Winger,34.2,1615,17.9
Álex Muñoz,Las Palmas,es La Liga,DF,Ball-playing Centre-back,34.2,1415,15.7
Ethan Nwaneri,Arsenal,eng Premier League,FW,Creative Attacking Midfielder,34.2,895,9.9
Yoane Wissa,Brentford,eng Premier League,FW,Clinical Striker,34.1,2919,32.4
Christian Pulisic,Milan,it Serie A,FW,Creative Attacking Midfielder,34.1,2478,27.5
Badredine Bouanani,Nice,fr Ligue 1,MF,Creative Attacking Midfielder,34.1,1099,12.2
Nicolás Valentini,Hellas Verona,it Serie A,DF,Defensive Centre-back,34.1,1129,12.5
Callum Wilson,Newcastle Utd,eng Premier League,FW,Target Man / Physical Striker,34.1,370,4.1
Lukas Nmecha,Wolfsburg,de Bundesliga,FW,Clinical Striker,34.1,467,5.2
Senny Mayulu,Paris S-G,fr Ligue 1,MF,Creative Attacking Midfielder,34.0,808,9.0
Francesco Acerbi,Inter,it Serie A,DF,Defensive Centre-back,34.0,1710,19.0
Mohamed Lamine Bayo,Lille,fr Ligue 1,FW,Clinical Striker,33.9,309,3.4
Federico Barba,Como,it Serie A,DF,Defensive Centre-back,33.9,431,4.8
Mathias Pereira Lage,Brest,fr Ligue 1,FW,Wide Midfielder / Winger,33.7,1571,17.5
Adrien Rabiot,Marseille,fr Ligue 1,MF,Box-to-box Midfielder,33.7,2485,27.6
Fran Beltrán,Celta Vigo,es La Liga,MF,Ball-winning Midfielder,33.7,2421,26.9
Warren Zaïre-Emery,Paris S-G,fr Ligue 1,MF,Ball-winning Midfielder,33.7,2050,22.8
Jeong Woo-yeong,Union Berlin,de Bundesliga,MF,Wide Midfielder / Winger,33.6,1263,14.0
Marc Cucurella,Chelsea,eng Premier League,DF,Ball-playing Centre-back,33.6,2988,33.2
Jeff Ekhator,Genoa,it Serie A,FW,Target Man / Physical Striker,33.5,769,8.5
Arnau Martinez,Girona,es La Liga,DF,Ball-winning Midfielder,33.5,2624,29.2
Benjamin Bouchouari,Saint-Étienne,fr Ligue 1,MF,Ball-winning Midfielder,33.5,1772,19.7
Samuel Chukwueze,Milan,it Serie A,FW,Creative Attacking Midfielder,33.5,925,10.3
Daler Kuzyaev,Le Havre,fr Ligue 1,MF,Defensive Midfielder,33.5,567,6.3
Malo Gusto,Chelsea,eng Premier League,DF,Ball-winning Midfielder,33.4,1862,20.7
Florian Grillitsch,Valladolid,es La Liga,MF,Ball-winning Midfielder,33.3,623,6.9
Sergi Roberto,Como,it Serie A,MF,Ball-winning Midfielder,33.3,696,7.7
Vincenzo Grifo,Freiburg,de Bundesliga,FW,Creative Attacking Midfielder,33.3,2432,27.0
Aljoscha Kemlein,Union Berlin,de Bundesliga,MF,Defensive Midfielder,33.3,922,10.2
Joshua King,Toulouse,fr Ligue 1,FW,Clinical Striker,33.2,1673,18.6
Jordan Ayew,Leicester City,eng Premier League,FW,Wide Midfielder / Winger,33.2,1638,18.2
Bobby De Cordova-Reid,Leicester City,eng Premier League,FW,Target Man / Physical Striker,33.2,744,8.3
Conor Chaplin,Ipswich Town,eng Premier League,MF,Target Man / Physical Striker,33.1,857,9.5
Enzo Barrenechea,Valencia,es La Liga,MF,Ball-winning Midfielder,33.1,2191,24.3
Asier Villalibre,Alavés,es La Liga,FW,Target Man / Physical Striker,33.1,333,3.7
Jurriën Timber,Arsenal,eng Premier League,DF,Ball-winning Midfielder,33.0,2417,26.9
Gaëtan Perrin,Auxerre,fr Ligue 1,MF,Creative Attacking Midfielder,33.0,2691,29.9
Fabian Rieder,Stuttgart,de Bundesliga,MF,Wide Midfielder / Winger,33.0,867,9.6
Carlos Romero,Espanyol,es La Liga,DF,Defensive Midfielder,33.0,2554,28.4
Abner,Lyon,fr Ligue 1,DF,Ball-winning Midfielder,32.9,1090,12.1
M'Bala Nzola,Lens,fr Ligue 1,FW,Clinical Striker,32.8,1460,16.2
Sirlord Conteh,Heidenheim,de Bundesliga,FW,Target Man / Physical Striker,32.7,892,9.9
Mile Svilar,Roma,it Serie A,GK,Goalkeeper,32.7,3420,38.0
Connor Metcalfe,St. Pauli,de Bundesliga,MF,Target Man / Physical Striker,32.7,358,4.0
Óscar Rodríguez Arnaiz,Leganés,es La Liga,MF,Wide Midfielder / Winger,32.6,1330,14.8
Nico Williams,Athletic Club,es La Liga,FW,Creative Attacking Midfielder,32.6,1996,22.2
Yannik Engelhardt,Como,it Serie A,MF,Ball-winning Midfielder,32.6,1164,12.9
Lucien Agoume,Sevilla,es La Liga,MF,Ball-winning Midfielder,32.5,2114,23.5
Leny Yoro,Manchester Utd,eng Premier League,DF,Defensive Centre-back,32.5,1165,12.9
Jordan Amavi,Brest,fr Ligue 1,DF,Ball-winning Midfielder,32.5,790,8.8
Oumar Solet,Udinese,it Serie A,DF,Ball-winning Midfielder,32.4,1672,18.6
Miloš Veljković,Werder Bremen,de Bundesliga,DF,Defensive Centre-back,32.3,1029,11.4
Nicolas Pays,Montpellier,fr Ligue 1,FW,Wide Midfielder / Winger,32.3,447,5.0
Maghnes Akliouche,Monaco,fr Ligue 1,FW,Creative Attacking Midfielder,32.3,2406,26.7
Malang Sarr,Lens,fr Ligue 1,DF,Defensive Centre-back,32.3,1385,15.4
Emile Smith Rowe,Fulham,eng Premier League,MF,Box-to-box Midfielder,32.2,2043,22.7
Max Kilman,West Ham,eng Premier League,DF,Defensive Centre-back,32.1,3348,37.2
Harry Clarke,Ipswich Town,eng Premier League,DF,Defensive Centre-back,32.1,379,4.2
Djed Spence,Tottenham,eng Premier League,DF,Ball-winning Midfielder,32.1,1792,19.9
Pere Milla,Espanyol,es La Liga,MF,Clinical Striker,32.0,456,5.1
Cristian Cásseres Jr.,Toulouse,fr Ligue 1,MF,Ball-winning Midfielder,32.0,2696,30.0
Vitor Roque,Betis,es La Liga,FW,Clinical Striker,31.9,1235,13.7
Patrick Ciurria,Monza,it Serie A,MF,Defensive Midfielder,31.9,1111,12.3
Amadou Koné,Reims,fr Ligue 1,MF,Ball-winning Midfielder,31.8,1293,14.4
Ludovic Blas,Rennes,fr Ligue 1,MF,Creative Attacking Midfielder,31.7,2293,25.5
Ümit Akdag,Toulouse,fr Ligue 1,DF,Defensive Centre-back,31.6,500,5.6
Tim Skarke,Union Berlin,de Bundesliga,FW,Wide Midfielder / Winger,31.4,1164,12.9
Kamaldeen Sulemana,Southampton,eng Premier League,FW,Wide Midfielder / Winger,31.4,1402,15.6
Obite N'Dicka,Roma,it Serie A,DF,Defensive Centre-back,31.3,3420,38.0
Léo Scienza,Heidenheim,de Bundesliga,FW,Creative Attacking Midfielder,31.3,1153,12.8
Clinton Mata,Lyon,fr Ligue 1,DF,Defensive Centre-back,31.2,2370,26.3
Marten de Roon,Atalanta,it Serie A,MF,Ball-winning Midfielder,31.2,3058,34.0
Carlo Boukhalfa,St. Pauli,de Bundesliga,MF,Defensive Midfielder,31.2,1646,18.3
Orel Mangala,Everton,eng Premier League,MF,Defensive Midfielder,31.1,1261,14.0
Lewis Cook,Bournemouth,eng Premier League,MF,Ball-winning Midfielder,31.1,2978,33.1
Lazar Samardzic,Atalanta,it Serie A,MF,Creative Attacking Midfielder,31.0,1169,13.0
Jhon Lucumí,Bologna,it Serie A,DF,Defensive Centre-back,31.0,2614,29.0
Mattias Svanberg,Wolfsburg,de Bundesliga,MF,Target Man / Physical Striker,31.0,1219,13.5
Martin Ødegaard,Arsenal,eng Premier League,MF,Creative Attacking Midfielder,30.9,2325,25.8
Marc Casado,Barcelona,es La Liga,MF,Ball-winning Midfielder,30.9,1611,17.9
Alex Baena,Villarreal,es La Liga,MF,Creative Attacking Midfielder,30.9,2595,28.8
Craig Dawson,Wolves,eng Premier League,DF,Defensive Centre-back,30.9,971,10.8
Fabio Miretti,Genoa,it Serie A,MF,Wide Midfielder / Winger,30.8,1677,18.6
Nikola Moro,Bologna,it Serie A,MF,Ball-winning Midfielder,30.8,1208,13.4
Dara O'Shea,Ipswich Town,eng Premier League,DF,Defensive Centre-back,30.8,3122,34.7
Moi Gómez,Osasuna,es La Liga,MF,Ball-winning Midfielder,30.8,796,8.8
Magnus Kofod Andersen,Venezia,it Serie A,MF,Defensive Midfielder,30.7,695,7.7
Zito Luvumbo,Cagliari,it Serie A,FW,Wide Midfielder / Winger,30.7,1606,17.8
Matteo Cancellieri,Parma,it Serie A,FW,Wide Midfielder / Winger,30.7,1424,15.8
Anuar,Valladolid,es La Liga,MF,Defensive Midfielder,30.7,1720,19.1
Ben Brereton,Southampton,eng Premier League,FW,Target Man / Physical Striker,30.6,449,5.0
Ollie Watkins,Aston Villa,eng Premier League,FW,Clinical Striker,30.6,2598,28.9
Ignace Van Der Brempt,Como,it Serie A,DF,Ball-winning Midfielder,30.6,1257,14.0
Mauro Arambarri,Getafe,es La Liga,MF,Target Man / Physical Striker,30.5,2661,29.6
Jon Moncayola,Osasuna,es La Liga,MF,Defensive Midfielder,30.5,2099,23.3
Dani Rodríguez,Mallorca,es La Liga,MF,Wide Midfielder / Winger,30.4,2162,24.0
Mitchell Weiser,Werder Bremen,de Bundesliga,DF,Fullback / Wing-back,30.3,2868,31.9
Allan Nyom,Getafe,es La Liga,DF,Defensive Midfielder,30.3,887,9.9
Sidiki Cherif,Angers,fr Ligue 1,FW,Wide Midfielder / Winger,30.3,324,3.6
Tiago Santos,Lille,fr Ligue 1,DF,Fullback / Wing-back,30.2,404,4.5
Adnan Januzaj,Las Palmas,es La Liga,MF,Creative Attacking Midfielder,30.2,598,6.6
Nikola Vlašić,Torino,it Serie A,MF,Wide Midfielder / Winger,30.1,2117,23.5
Mateu Morey,Mallorca,es La Liga,DF,Ball-winning Midfielder,30.1,741,8.2
Bruno Fernandes,Manchester Utd,eng Premier League,MF,Box-to-box Midfielder,30.1,3018,33.5
Daniel Muñoz,Crystal Palace,eng Premier League,DF,Fullback / Wing-back,29.9,3228,35.9
Idrissa Gana Gueye,Everton,eng Premier League,MF,Ball-winning Midfielder,29.9,3063,34.0
Gio Reyna,Dortmund,de Bundesliga,MF,Wide Midfielder / Winger,29.9,350,3.9
Marcus Tavernier,Bournemouth,eng Premier League,FW,Creative Attacking Midfielder,29.8,1939,21.5
Krépin Diatta,Monaco,fr Ligue 1,DF,Ball-winning Midfielder,29.8,508,5.6
William Smallbone,Southampton,eng Premier League,MF,Defensive Midfielder,29.6,690,7.7
Arnaud Kalimuendo,Rennes,fr Ligue 1,FW,Clinical Striker,29.6,2578,28.6
Giuliano Simeone,Atlético Madrid,es La Liga,MF,Wide Midfielder / Winger,29.6,1926,21.4
Salih Özcan,Dortmund,de Bundesliga,MF,Ball-winning Midfielder,29.5,391,4.3
Ben Old,Saint-Étienne,fr Ligue 1,FW,Wide Midfielder / Winger,29.5,528,5.9
Théo Sainte-Luce,Montpellier,fr Ligue 1,DF,Defensive Midfielder,29.5,1018,11.3
Abdel Abqar,Alavés,es La Liga,DF,Defensive Centre-back,29.5,2463,27.4
Carlos Augusto,Inter,it Serie A,DF,Ball-playing Centre-back,29.5,1625,18.1
Ellyes Skhiri,Eint Frankfurt,de Bundesliga,MF,Ball-winning Midfielder,29.4,2231,24.8
José Campaña,Las Palmas,es La Liga,MF,Ball-winning Midfielder,29.4,1189,13.2
Tyler Adams,Bournemouth,eng Premier League,MF,Ball-winning Midfielder,29.3,1965,21.8
Aïssa Mandi,Lille,fr Ligue 1,DF,Defensive Centre-back,29.3,1733,19.3
Carlos Vicente,Alavés,es La Liga,FW,Wide Midfielder / Winger,29.1,3092,34.4
Arthur Atta,Udinese,it Serie A,MF,Wide Midfielder / Winger,29.1,1251,13.9
Jack Grealish,Manchester City,eng Premier League,FW,Creative Attacking Midfielder,29.1,721,8.0
Kasey McAteer,Leicester City,eng Premier League,FW,Wide Midfielder / Winger,29.1,852,9.5
Castello Lukeba,RB Leipzig,de Bundesliga,DF,Defensive Centre-back,29.0,1577,17.5
Lewis Holtby,Holstein Kiel,de Bundesliga,MF,Ball-winning Midfielder,29.0,1238,13.8
Luis Rioja,Valencia,es La Liga,MF,Wide Midfielder / Winger,28.9,2831,31.5
Osame Sahraoui,Lille,fr Ligue 1,FW,Creative Attacking Midfielder,28.9,1293,14.4
Soungoutou Magassa,Monaco,fr Ligue 1,MF,Ball-winning Midfielder,28.9,1025,11.4
Tyler Dibling,Southampton,eng Premier League,FW,Wide Midfielder / Winger,28.9,1874,20.8
Sekou Mara,Strasbourg,fr Ligue 1,FW,Target Man / Physical Striker,28.9,768,8.5
Alex Iwobi,Fulham,eng Premier League,FW,Creative Attacking Midfielder,28.8,2981,33.1
Rubén García,Osasuna,es La Liga,FW,Wide Midfielder / Winger,28.8,2413,26.8
Tim Kleindienst,Gladbach,de Bundesliga,FW,Clinical Striker,28.7,2737,30.4
Diego Carlos,Aston Villa,eng Premier League,DF,Defensive Centre-back,28.7,830,9.2
Zakaria Aboukhlal,Toulouse,fr Ligue 1,MF,Clinical Striker,28.7,1901,21.1
Iñaki Williams,Athletic Club,es La Liga,FW,Creative Attacking Midfielder,28.6,2652,29.5
Boubacar Kamara,Aston Villa,eng Premier League,MF,Ball-winning Midfielder,28.6,1726,19.2
Pablo Marín,Real Sociedad,es La Liga,MF,Wide Midfielder / Winger,28.6,1239,13.8
Illia Zabarnyi,Bournemouth,eng Premier League,DF,Defensive Centre-back,28.6,3109,34.5
Malick Fofana,Lyon,fr Ligue 1,FW,Creative Attacking Midfielder,28.4,1589,17.7
Hugo Guillamón,Valencia,es La Liga,MF,Ball-winning Midfielder,28.4,364,4.0
Carl Johansson,Holstein Kiel,de Bundesliga,DF,Defensive Centre-back,28.3,568,6.3
Kialonda,Lecce,it Serie A,DF,Defensive Centre-back,28.3,2144,23.8
Niklas Stark,Werder Bremen,de Bundesliga,DF,Defensive Centre-back,28.3,2106,23.4
Thomas Müller,Bayern Munich,de Bundesliga,MF,Creative Attacking Midfielder,28.2,1225,13.6
Toti Gomes,Wolves,eng Premier League,DF,Defensive Centre-back,28.2,2614,29.0
Elvis Rexhbeçaj,Augsburg,de Bundesliga,MF,Defensive Midfielder,28.1,1785,19.8
Dailon Livramento,Hellas Verona,it Serie A,FW,Target Man / Physical Striker,28.1,940,10.4
Rodrigo Gomes,Wolves,eng Premier League,DF,Fullback / Wing-back,28.0,810,9.0
Carlos Dominguez,Celta Vigo,es La Liga,DF,Defensive Centre-back,28.0,1181,13.1
Jens Stage,Werder Bremen,de Bundesliga,MF,Box-to-box Midfielder,27.9,2204,24.5
Luca Caldirola,Monza,it Serie A,DF,Defensive Centre-back,27.9,876,9.7
Antoine Griezmann,Atlético Madrid,es La Liga,FW,Creative Attacking Midfielder,27.9,2469,27.4
Stefan Lekovic,Monza,it Serie A,DF,Defensive Centre-back,27.8,367,4.1
Randal Kolo Muani,Juventus,it Serie A,FW,Clinical Striker,27.8,1160,12.9
Lisandro Martínez,Manchester Utd,eng Premier League,DF,Ball-winning Midfielder,27.8,1751,19.5
Anthony Gordon,Newcastle Utd,eng Premier League,FW,Creative Attacking Midfielder,27.8,2434,27.0
Ngal'Ayel Mukau,Lille,fr Ligue 1,MF,Ball-winning Midfielder,27.8,1190,13.2
Danny da Costa,Mainz 05,de Bundesliga,DF,Defensive Centre-back,27.7,2006,22.3
Alessandro Deiola,Cagliari,it Serie A,MF,Defensive Midfielder,27.7,1432,15.9
Lucas Stassin,Saint-Étienne,fr Ligue 1,FW,Clinical Striker,27.7,1887,21.0
Simon Adingra,Brighton,eng Premier League,FW,Creative Attacking Midfielder,27.6,1097,12.2
Rémy Cabella,Lille,fr Ligue 1,FW,Creative Attacking Midfielder,27.5,1011,11.2
Brajan Gruda,Brighton,eng Premier League,MF,Creative Attacking Midfielder,27.5,687,7.6
Dejan Kulusevski,Tottenham,eng Premier League,MF,Creative Attacking Midfielder,27.5,2389,26.5
Dilane Bakwa,Strasbourg,fr Ligue 1,MF,Creative Attacking Midfielder,27.4,2497,27.7
Kyle Walker-Peters,Southampton,eng Premier League,DF,Ball-winning Midfielder,27.4,2918,32.4
Gianluca Busio,Venezia,it Serie A,MF,Defensive Midfielder,27.4,2518,28.0
Moïse Bombito,Nice,fr Ligue 1,DF,Defensive Centre-back,27.4,2192,24.4
Jean-Philippe Mateta,Crystal Palace,eng Premier League,FW,Clinical Striker,27.3,2648,29.4
Angelo Fulgini,Lens,fr Ligue 1,MF,Creative Attacking Midfielder,27.2,1045,11.6
László Bénes,Union Berlin,de Bundesliga,MF,Creative Attacking Midfielder,27.2,589,6.5
Lee Jae-sung,Mainz 05,de Bundesliga,MF,Wide Midfielder / Winger,27.2,2650,29.4
Mohamed Ali Cho,Nice,fr Ligue 1,FW,Creative Attacking Midfielder,27.1,1621,18.0
Elye Wahi,Marseille,fr Ligue 1,FW,Clinical Striker,27.1,574,6.4
Lewis Ferguson,Bologna,it Serie A,MF,Ball-winning Midfielder,27.0,983,10.9
Clément Akpa,Auxerre,fr Ligue 1,DF,Defensive Centre-back,26.9,2486,27.6
Amath,Valladolid,es La Liga,FW,Wide Midfielder / Winger,26.9,375,4.2
Luca Kerber,Heidenheim,de Bundesliga,MF,Defensive Midfielder,26.9,783,8.7
Copete,Mallorca,es La Liga,DF,Defensive Centre-back,26.9,1528,17.0
Jeremy Doku,Manchester City,eng Premier League,FW,Creative Attacking Midfielder,26.9,1516,16.8
Jesper Lindstrøm,Everton,eng Premier League,FW,Wide Midfielder / Winger,26.9,1239,13.8
George Ilenikhena,Monaco,fr Ligue 1,FW,Clinical Striker,26.8,717,8.0
Dennis Geiger,Hoffenheim,de Bundesliga,MF,Ball-winning Midfielder,26.8,734,8.2
Etienne Youte Kinkoue,Le Havre,fr Ligue 1,DF,Defensive Centre-back,26.8,2320,25.8
Antoine Mendy,Nice,fr Ligue 1,DF,Ball-winning Midfielder,26.7,825,9.2
Jarrad Branthwaite,Everton,eng Premier League,DF,Defensive Centre-back,26.7,2511,27.9
Francisco Conceição,Juventus,it Serie A,FW,Creative Attacking Midfielder,26.7,1340,14.9
Jackson Irvine,St. Pauli,de Bundesliga,MF,Defensive Midfielder,26.6,2610,29.0
Zinedine Ferhat,Angers,fr Ligue 1,FW,Wide Midfielder / Winger,26.5,849,9.4
Azor Matusiwa,Rennes,fr Ligue 1,MF,Ball-winning Midfielder,26.5,2078,23.1
Jon Aramburu,Real Sociedad,es La Liga,DF,Ball-winning Midfielder,26.4,2460,27.3
Patrick Dorgu,Lecce,it Serie A,DF,Fullback / Wing-back,26.3,1840,20.4
Morten Thorsby,Genoa,it Serie A,MF,Defensive Midfielder,26.2,1898,21.1
Jacob Murphy,Newcastle Utd,eng Premier League,FW,Creative Attacking Midfielder,26.2,2360,26.2
Caleb Ekuban,Genoa,it Serie A,FW,Clinical Striker,26.1,555,6.2
Ángel Ortíz,Betis,es La Liga,DF,Ball-winning Midfielder,26.1,353,3.9
Abderrahman Rebbach,Alavés,es La Liga,FW,Wide Midfielder / Winger,26.1,385,4.3
Mattia Felici,Cagliari,it Serie A,MF,Wide Midfielder / Winger,26.1,925,10.3
Noah Weißhaupt,St. Pauli,de Bundesliga,FW,Wide Midfielder / Winger,26.0,1160,12.9
Issa Doumbia,Venezia,it Serie A,MF,Defensive Midfielder,25.9,939,10.4
Félix Lemaréchal,Strasbourg,fr Ligue 1,MF,Wide Midfielder / Winger,25.9,1779,19.8
Valentín Barco,Strasbourg,fr Ligue 1,MF,Ball-winning Midfielder,25.8,1157,12.9
Maximilian Bauer,Augsburg,de Bundesliga,DF,Defensive Centre-back,25.8,658,7.3
Sandi Lovrić,Udinese,it Serie A,MF,Wide Midfielder / Winger,25.8,2308,25.6
Yaya Kader Fofana,Reims,fr Ligue 1,MF,Wide Midfielder / Winger,25.8,634,7.0
Nathan Aké,Manchester City,eng Premier League,DF,Defensive Centre-back,25.7,678,7.5
Santiago Giménez,Milan,it Serie A,FW,Clinical Striker,25.7,669,7.4
Giorgio Altare,Venezia,it Serie A,DF,Defensive Centre-back,25.7,753,8.4
Marshall Munetsi,Reims,fr Ligue 1,MF,Target Man / Physical Striker,25.7,1692,18.8
Saïd Benrahma,Lyon,fr Ligue 1,FW,Creative Attacking Midfielder,25.7,735,8.2
Faustino Anjorin,Empoli,it Serie A,MF,Wide Midfielder / Winger,25.6,1114,12.4
Patrick Wimmer,Wolfsburg,de Bundesliga,MF,Wide Midfielder / Winger,25.6,1770,19.7
Dani Raba,Leganés,es La Liga,FW,Creative Attacking Midfielder,25.5,1879,20.9
Julian Brandt,Dortmund,de Bundesliga,MF,Creative Attacking Midfielder,25.5,2303,25.6
Yehor Yarmoliuk,Brentford,eng Premier League,MF,Ball-winning Midfielder,25.5,1450,16.1
Stanley N'Soki,Hoffenheim,de Bundesliga,DF,Defensive Centre-back,25.5,1308,14.5
Wesley Fofana,Chelsea,eng Premier League,DF,Defensive Centre-back,25.5,1172,13.0
Koke,Atlético Madrid,es La Liga,MF,Ball-winning Midfielder,25.5,1926,21.4
Roberto Navarro,Mallorca,es La Liga,MF,Wide Midfielder / Winger,25.4,1278,14.2
Dwight McNeil,Everton,eng Premier League,MF,Creative Attacking Midfielder,25.4,1371,15.2
Tijjani Reijnders,Milan,it Serie A,MF,Box-to-box Midfielder,25.3,3128,34.8
Duván Zapata,Torino,it Serie A,FW,Clinical Striker,25.3,587,6.5
Kevin Kampl,RB Leipzig,de Bundesliga,MF,Ball-winning Midfielder,25.2,1593,17.7
Yaser Asprilla,Girona,es La Liga,FW,Creative Attacking Midfielder,25.2,1405,15.6
Juma Bah,Valladolid,es La Liga,DF,Defensive Centre-back,25.1,864,9.6
Kenny Lala,Brest,fr Ligue 1,DF,Ball-winning Midfielder,25.0,2686,29.8
Fábio Silva,Las Palmas,es La Liga,FW,Clinical Striker,25.0,1866,20.7
Ayyoub Bouaddi,Lille,fr Ligue 1,MF,Ball-winning Midfielder,25.0,1151,12.8
Simon Sohm,Parma,it Serie A,MF,Defensive Midfielder,24.8,2989,33.2
Benjamin Šeško,RB Leipzig,de Bundesliga,FW,Clinical Striker,24.8,2380,26.4
Djibril Sow,Sevilla,es La Liga,MF,Defensive Midfielder,24.8,2062,22.9
Benjamin André,Lille,fr Ligue 1,MF,Ball-winning Midfielder,24.8,2692,29.9
Raúl,Osasuna,es La Liga,FW,Clinical Striker,24.7,750,8.3
Kenan Yıldız,Juventus,it Serie A,FW,Creative Attacking Midfielder,24.7,2402,26.7
Borja Iglesias,Celta Vigo,es La Liga,FW,Clinical Striker,24.7,1952,21.7
Yankuba Minteh,Brighton,eng Premier League,FW,Creative Attacking Midfielder,24.5,1838,20.4
Nicolò Rovella,Lazio,it Serie A,MF,Ball-winning Midfielder,24.5,2718,30.2
Armel Bella Kotchap,Southampton,eng Premier League,DF,Defensive Centre-back,24.5,331,3.7
Robert Lewandowski,Barcelona,es La Liga,FW,Clinical Striker,24.4,2667,29.6
Ben Davies,Tottenham,eng Premier League,DF,Defensive Centre-back,24.4,1331,14.8
Malick Thiaw,Milan,it Serie A,DF,Defensive Centre-back,24.4,1806,20.1
Becir Omeragic,Montpellier,fr Ligue 1,DF,Defensive Centre-back,24.3,1799,20.0
Reda Belahyane,Hellas Verona,it Serie A,MF,Ball-winning Midfielder,24.3,1658,18.4
Rico Lewis,Manchester City,eng Premier League,DF,Ball-winning Midfielder,24.3,1893,21.0
Josué Casimir,Le Havre,fr Ligue 1,FW,Wide Midfielder / Winger,24.2,1997,22.2
Nathan Zeze,Nantes,fr Ligue 1,DF,Defensive Centre-back,24.2,1512,16.8
Antonio Nusa,RB Leipzig,de Bundesliga,MF,Wide Midfielder / Winger,24.2,1558,17.3
Nahuel Molina,Atlético Madrid,es La Liga,DF,Ball-winning Midfielder,24.2,1590,17.7
Daniel Mosquera,Hellas Verona,it Serie A,FW,Clinical Striker,24.2,1375,15.3
Manuel Locatelli,Juventus,it Serie A,MF,Ball-winning Midfielder,24.1,2822,31.4
Saidou Sow,Strasbourg,fr Ligue 1,DF,Defensive Centre-back,24.1,1018,11.3
Yan Diomandé,Leganés,es La Liga,MF,Creative Attacking Midfielder,24.1,545,6.1
Ryan Gravenberch,Liverpool,eng Premier League,MF,Ball-winning Midfielder,24.1,3160,35.1
Cédric Bakambu,Betis,es La Liga,FW,Clinical Striker,24.1,710,7.9
Ali Abdi,Nice,fr Ligue 1,DF,Fullback / Wing-back,24.1,1393,15.5
Timothy Weah,Juventus,it Serie A,DF,Fullback / Wing-back,24.0,1638,18.2
Santiago Bueno,Wolves,eng Premier League,DF,Defensive Centre-back,24.0,1687,18.7
Hauke Wahl,St. Pauli,de Bundesliga,DF,Defensive Centre-back,23.9,2970,33.0
Pau Torres,Aston Villa,eng Premier League,DF,Defensive Centre-back,23.9,2020,22.4
André Gomes,Lille,fr Ligue 1,MF,Ball-winning Midfielder,23.9,1276,14.2
Franck Honorat,Gladbach,de Bundesliga,FW,Creative Attacking Midfielder,23.8,1439,16.0
Aritz Elustondo,Real Sociedad,es La Liga,DF,Defensive Centre-back,23.8,1457,16.2
Pedro Neto,Chelsea,eng Premier League,FW,Creative Attacking Midfielder,23.8,2269,25.2
Romain Del Castillo,Brest,fr Ligue 1,FW,Creative Attacking Midfielder,23.7,1259,14.0
Pierre Ekwah Elimby,Saint-Étienne,fr Ligue 1,MF,Ball-winning Midfielder,23.7,2575,28.6
Alieu Fadera,Como,it Serie A,FW,Wide Midfielder / Winger,23.7,1644,18.3
Lucas Hernández,Paris S-G,fr Ligue 1,DF,Defensive Centre-back,23.7,877,9.7
Erling Haaland,Manchester City,eng Premier League,FW,Clinical Striker,23.5,2736,30.4
Issa Diop,Fulham,eng Premier League,DF,Defensive Centre-back,23.4,1339,14.9
Antoine Hainaut,Parma,it Serie A,DF,Ball-playing Centre-back,23.3,1206,13.4
Alexis Saelemaekers,Roma,it Serie A,DF,Box-to-box Midfielder,23.3,1389,15.4
Suso,Sevilla,es La Liga,FW,Creative Attacking Midfielder,23.3,606,6.7
Olasagasti,Real Sociedad,es La Liga,MF,Defensive Midfielder,23.3,857,9.5
Michael Amir Murillo,Marseille,fr Ligue 1,DF,Ball-winning Midfielder,23.2,2437,27.1
Ivan Ordets,Bochum,de Bundesliga,DF,Defensive Centre-back,23.1,1861,20.7
Rubén Peña,Osasuna,es La Liga,FW,Wide Midfielder / Winger,23.1,775,8.6
Jordan Lefort,Angers,fr Ligue 1,DF,Defensive Centre-back,22.8,3060,34.0
Fran Garcia,Real Madrid,es La Liga,DF,Ball-winning Midfielder,22.8,2171,24.1
Myron Boadu,Bochum,de Bundesliga,FW,Clinical Striker,22.8,1042,11.6
Silvère Ganvoula M'Boussy,Monza,it Serie A,FW,Target Man / Physical Striker,22.8,326,3.6
Moisés Caicedo,Chelsea,eng Premier League,MF,Ball-winning Midfielder,22.7,3351,37.2
Dean Henderson,Crystal Palace,eng Premier League,GK,Goalkeeper,22.7,3420,38.0
Marin Pongračić,Fiorentina,it Serie A,DF,Defensive Centre-back,22.6,1292,14.4
Dušan Vlahović,Juventus,it Serie A,FW,Clinical Striker,22.6,1784,19.8
Jack Harrison,Everton,eng Premier League,FW,Wide Midfielder / Winger,22.5,2076,23.1
Isak Hien,Atalanta,it Serie A,DF,Defensive Centre-back,22.5,2327,25.9
Rodrigo Riquelme,Atlético Madrid,es La Liga,MF,Creative Attacking Midfielder,22.4,516,5.7
Marcos André,Valladolid,es La Liga,FW,Target Man / Physical Striker,22.4,1188,13.2
Mitchel Bakker,Lille,fr Ligue 1,FW,Creative Attacking Midfielder,22.4,1139,12.7
Christian Mawissa,Monaco,fr Ligue 1,DF,Defensive Centre-back,22.4,1501,16.7
Moussa Niakhate,Lyon,fr Ligue 1,DF,Defensive Centre-back,22.2,2726,30.3
Radu Drăgușin,Tottenham,eng Premier League,DF,Defensive Centre-back,22.1,1252,13.9
Marco Friedl,Werder Bremen,de Bundesliga,DF,Defensive Centre-back,22.1,2161,24.0
Ermedin Demirović,Stuttgart,de Bundesliga,FW,Clinical Striker,22.1,1855,20.6
Nikola Krstović,Lecce,it Serie A,FW,Clinical Striker,22.0,3057,34.0
Gleison Bremer,Juventus,it Serie A,DF,Defensive Centre-back,21.9,540,6.0
Santiago Pierotti,Lecce,it Serie A,FW,Wide Midfielder / Winger,21.9,1937,21.5
Juanpe,Girona,es La Liga,DF,Defensive Centre-back,21.8,727,8.1
Willian Pacho,Paris S-G,fr Ligue 1,DF,Defensive Centre-back,21.8,2132,23.7
Raúl Asencio,Real Madrid,es La Liga,DF,Defensive Centre-back,21.8,1670,18.6
Lucas Tousart,Union Berlin,de Bundesliga,MF,Defensive Midfielder,21.7,561,6.2
Ali Dembélé,Torino,it Serie A,DF,Ball-playing Centre-back,21.7,388,4.3
Scott McKenna,Las Palmas,es La Liga,DF,Defensive Centre-back,21.6,2466,27.4
Amos Pieper,Werder Bremen,de Bundesliga,DF,Defensive Centre-back,21.6,1498,16.6
Nico Schlotterbeck,Dortmund,de Bundesliga,DF,Ball-winning Midfielder,21.5,1982,22.0
Serhou Guirassy,Dortmund,de Bundesliga,FW,Clinical Striker,21.4,2598,28.9
Adama Traoré,Fulham,eng Premier League,FW,Creative Attacking Midfielder,21.4,1772,19.7
Sergi Gómez,Espanyol,es La Liga,DF,Defensive Centre-back,21.3,664,7.4
Eray Cömert,Valladolid,es La Liga,DF,Defensive Centre-back,21.3,1779,19.8
Yuri Berchiche,Athletic Club,es La Liga,DF,Ball-winning Midfielder,21.3,2044,22.7
Manu Morlanes,Mallorca,es La Liga,MF,Ball-winning Midfielder,21.2,1338,14.9
Lewis Hall,Newcastle Utd,eng Premier League,DF,Ball-winning Midfielder,21.2,2189,24.3
Eric Bailly,Villarreal,es La Liga,DF,Defensive Centre-back,21.1,617,6.9
Robin Zentner,Mainz 05,de Bundesliga,GK,Goalkeeper,21.1,2880,32.0
Stefan Lainer,Gladbach,de Bundesliga,DF,Ball-playing Centre-back,21.0,757,8.4
Felix Agu,Werder Bremen,de Bundesliga,DF,Ball-playing Centre-back,21.0,1751,19.5
Martín Payero,Udinese,it Serie A,MF,Wide Midfielder / Winger,20.9,1381,15.3
Harry Winks,Leicester City,eng Premier League,MF,Ball-winning Midfielder,20.9,1538,17.1
Emerson,Milan,it Serie A,DF,Ball-winning Midfielder,20.8,1377,15.3
Joe Willock,Newcastle Utd,eng Premier League,MF,Wide Midfielder / Winger,20.8,1086,12.1
Patrik Schick,Leverkusen,de Bundesliga,FW,Clinical Striker,20.8,1684,18.7
Juan Jesus,Napoli,it Serie A,DF,Defensive Centre-back,20.8,1074,11.9
Chidera Ejuke,Sevilla,es La Liga,FW,Creative Attacking Midfielder,20.7,966,10.7
Moise Kean,Fiorentina,it Serie A,FW,Clinical Striker,20.7,2615,29.1
Remo Freuler,Bologna,it Serie A,MF,Ball-winning Midfielder,20.7,3204,35.6
William Carvalho,Betis,es La Liga,MF,Ball-winning Midfielder,20.7,484,5.4
Þórir Jóhann Helgason,Lecce,it Serie A,MF,Wide Midfielder / Winger,20.6,1156,12.8
Matìas Soulé,Roma,it Serie A,MF,Creative Attacking Midfielder,20.6,1781,19.8
Yunis Abdelhamid,Saint-Étienne,fr Ligue 1,DF,Defensive Centre-back,20.6,1033,11.5
Fikayo Tomori,Milan,it Serie A,DF,Defensive Centre-back,20.5,1593,17.7
Ola Aina,Nott'ham Forest,eng Premier League,DF,Ball-playing Centre-back,20.5,2995,33.3
Axel Witsel,Atlético Madrid,es La Liga,DF,Defensive Centre-back,20.5,852,9.5
Jordan Ferri,Montpellier,fr Ligue 1,MF,Ball-winning Midfielder,20.3,1773,19.7
Billy Gilmour,Napoli,it Serie A,MF,Ball-winning Midfielder,20.3,1177,13.1
Héctor Fort,Barcelona,es La Liga,DF,Ball-winning Midfielder,20.3,585,6.5
Timo Werner,Tottenham,eng Premier League,FW,Creative Attacking Midfielder,20.3,516,5.7
Igor Matanovic,Eint Frankfurt,de Bundesliga,FW,Clinical Striker,20.2,312,3.5
Tanguy Nianzou,Sevilla,es La Liga,DF,Defensive Centre-back,20.2,518,5.8
Jacob Bruun Larsen,Stuttgart,de Bundesliga,MF,Creative Attacking Midfielder,20.2,414,4.6
Kevin Zeroli,Monza,it Serie A,MF,Target Man / Physical Striker,20.1,395,4.4
Dominic Solanke,Tottenham,eng Premier League,FW,Clinical Striker,20.1,2201,24.5
Jadon Sancho,Chelsea,eng Premier League,FW,Creative Attacking Midfielder,19.9,1764,19.6
Pablo Rosario,Nice,fr Ligue 1,MF,Defensive Midfielder,19.9,1775,19.7
Antoniu,Espanyol,es La Liga,FW,Wide Midfielder / Winger,19.8,1022,11.4
Maxime Bernauer,Saint-Étienne,fr Ligue 1,DF,Defensive Centre-back,19.8,763,8.5
Ibrahim Sangaré,Nott'ham Forest,eng Premier League,MF,Ball-winning Midfielder,19.8,590,6.6
Anrie Chase,Stuttgart,de Bundesliga,DF,Defensive Centre-back,19.7,734,8.2
Liberato Cacace,Empoli,it Serie A,MF,Defensive Midfielder,19.6,2230,24.8
Juan Berrocal,Getafe,es La Liga,DF,Defensive Centre-back,19.6,1063,11.8
Jean Mattéo Bahoya,Eint Frankfurt,de Bundesliga,MF,Wide Midfielder / Winger,19.6,921,10.2
Karol Mets,St. Pauli,de Bundesliga,DF,Defensive Centre-back,19.4,900,10.0
Facundo Medina,Lens,fr Ligue 1,DF,Ball-winning Midfielder,19.4,2543,28.3
Alessandro Vogliacco,Parma,it Serie A,DF,Defensive Centre-back,19.3,772,8.6
José María Giménez,Atlético Madrid,es La Liga,DF,Defensive Centre-back,19.3,1999,22.2
Ibrahima Niane,Angers,fr Ligue 1,FW,Clinical Striker,19.2,943,10.5
Rodrigo Muniz,Fulham,eng Premier League,FW,Clinical Striker,19.2,964,10.7
Guela Doué,Strasbourg,fr Ligue 1,DF,Ball-winning Midfielder,19.2,2717,30.2
Máximo Perrone,Como,it Serie A,MF,Ball-winning Midfielder,19.2,1857,20.6
Bazoumana Touré,Hoffenheim,de Bundesliga,FW,Creative Attacking Midfielder,19.1,609,6.8
Stefan Posch,Bologna,it Serie A,DF,Ball-winning Midfielder,19.0,714,7.9
Jacob Ramsey,Aston Villa,eng Premier League,FW,Wide Midfielder / Winger,18.9,1623,18.0
Unai Gómez,Athletic Club,es La Liga,MF,Target Man / Physical Striker,18.9,1284,14.3
Cesare Casadei,Torino,it Serie A,MF,Target Man / Physical Striker,18.8,1017,11.3
Enric Franquesa,Leganés,es La Liga,DF,Ball-playing Centre-back,18.8,616,6.8
Ferland Mendy,Real Madrid,es La Liga,DF,Defensive Centre-back,18.8,1005,11.2
Ryan Yates,Nott'ham Forest,eng Premier League,MF,Defensive Midfielder,18.8,1915,21.3
Jean-Ricner Bellegarde,Wolves,eng Premier League,MF,Wide Midfielder / Winger,18.7,1677,18.6
Anass Zaroury,Lens,fr Ligue 1,FW,Creative Attacking Midfielder,18.7,1405,15.6
Marco Komenda,Holstein Kiel,de Bundesliga,DF,Defensive Centre-back,18.6,1307,14.5
Junior Ndiaye,Montpellier,fr Ligue 1,FW,Target Man / Physical Striker,18.5,441,4.9
Armin Gigovic,Holstein Kiel,de Bundesliga,MF,Wide Midfielder / Winger,18.5,1895,21.1
Toni Martínez,Alavés,es La Liga,FW,Clinical Striker,18.4,1012,11.2
Ricardo Pereira,Leicester City,eng Premier League,DF,Ball-winning Midfielder,18.2,388,4.3
Mamadou Sarr,Strasbourg,fr Ligue 1,DF,Defensive Centre-back,18.1,2365,26.3
Gerrit Holtmann,Bochum,de Bundesliga,DF,Fullback / Wing-back,18.1,1136,12.6
Bryan Zaragoza,Osasuna,es La Liga,FW,Creative Attacking Midfielder,18.1,1836,20.4
Evanilson,Bournemouth,eng Premier League,FW,Clinical Striker,18.0,2319,25.8
Kevin Akpoguma,Hoffenheim,de Bundesliga,DF,Defensive Centre-back,17.9,2220,24.7
Robin Gosens,Fiorentina,it Serie A,DF,Ball-playing Centre-back,17.9,2434,27.0
Alex Sola,Getafe,es La Liga,MF,Wide Midfielder / Winger,17.9,1029,11.4
Alessio Iovine,Como,it Serie A,DF,Defensive Centre-back,17.9,387,4.3
Kevin Vogt,Union Berlin,de Bundesliga,DF,Defensive Centre-back,17.8,1367,15.2
Michael Folorunsho,Fiorentina,it Serie A,FW,Wide Midfielder / Winger,17.8,650,7.2
Willy Kambwala,Villarreal,es La Liga,DF,Defensive Centre-back,17.8,1117,12.4
Chris Führich,Stuttgart,de Bundesliga,MF,Creative Attacking Midfielder,17.6,1981,22.0
Alexis Sánchez,Udinese,it Serie A,FW,Wide Midfielder / Winger,17.5,437,4.9
Jannik Vestergaard,Leicester City,eng Premier League,DF,Defensive Centre-back,17.5,1391,15.5
Stephan El Shaarawy,Roma,it Serie A,DF,Box-to-box Midfielder,17.4,1098,12.2
Jan Schöppner,Heidenheim,de Bundesliga,MF,Defensive Midfielder,17.4,2681,29.8
Mikey Moore,Tottenham,eng Premier League,FW,Wide Midfielder / Winger,17.4,366,4.1
Alessandro Circati,Parma,it Serie A,DF,Defensive Centre-back,17.3,540,6.0
Jarell Quansah,Liverpool,eng Premier League,DF,Defensive Centre-back,17.2,495,5.5
Gideon Mensah,Auxerre,fr Ligue 1,DF,Ball-winning Midfielder,17.2,2280,25.3
Moses Simon,Nantes,fr Ligue 1,FW,Creative Attacking Midfielder,17.1,2609,29.0
Pablo Ibáñez,Osasuna,es La Liga,MF,Defensive Midfielder,17.0,1294,14.4
Nicolas Pallois,Nantes,fr Ligue 1,DF,Defensive Centre-back,17.0,2017,22.4
Mohamed Abdelmoneim,Nice,fr Ligue 1,DF,Defensive Centre-back,16.9,855,9.5
Sead Kolašinac,Atalanta,it Serie A,DF,Ball-winning Midfielder,16.8,1903,21.1
Maximilian Breunig,Heidenheim,de Bundesliga,FW,Clinical Striker,16.7,350,3.9
Beto,Everton,eng Premier League,FW,Clinical Striker,16.7,1534,17.0
Riccardo Calafiori,Arsenal,eng Premier League,DF,Ball-playing Centre-back,16.7,983,10.9
Roméo Lavia,Chelsea,eng Premier League,MF,Ball-winning Midfielder,16.6,797,8.9
Fares Chaïbi,Eint Frankfurt,de Bundesliga,MF,Creative Attacking Midfielder,16.5,1013,11.3
Jeremie Frimpong,Leverkusen,de Bundesliga,DF,Fullback / Wing-back,16.4,2314,25.7
Noussair Mazraoui,Manchester Utd,eng Premier League,DF,Ball-winning Midfielder,16.3,2838,31.5
Rassoul Ndiaye,Le Havre,fr Ligue 1,MF,Defensive Midfielder,16.3,1061,11.8
Aleksandar Pavlovic,Bayern Munich,de Bundesliga,MF,Ball-winning Midfielder,16.3,1451,16.1
Unai Núñez,Athletic Club,es La Liga,DF,Defensive Centre-back,16.2,645,7.2
Romano Schmid,Werder Bremen,de Bundesliga,MF,Creative Attacking Midfielder,16.1,2834,31.5
Mikkel Kaufmann,Heidenheim,de Bundesliga,FW,Target Man / Physical Striker,16.0,372,4.1
Andrea Petagna,Monza,it Serie A,FW,Target Man / Physical Striker,15.9,335,3.7
Ola Solbakken,Empoli,it Serie A,MF,Target Man / Physical Striker,15.9,760,8.4
Destiny Udogie,Tottenham,eng Premier League,DF,Ball-winning Midfielder,15.9,1924,21.4
Manuel Fuster,Las Palmas,es La Liga,FW,Creative Attacking Midfielder,15.9,1003,11.1
Paul Wanner,Heidenheim,de Bundesliga,MF,Wide Midfielder / Winger,15.8,1771,19.7
Tomás Palacios,Monza,it Serie A,DF,Defensive Centre-back,15.8,446,5.0
Raúl Albiol,Villarreal,es La Liga,DF,Defensive Centre-back,15.7,1188,13.2
Andrea Carboni,Monza,it Serie A,DF,Defensive Centre-back,15.7,2191,24.3
Mateo Pellegrino,Parma,it Serie A,FW,Clinical Striker,15.6,737,8.2
Thierno Barry,Villarreal,es La Liga,FW,Clinical Striker,15.5,2323,25.8
Ross Barkley,Aston Villa,eng Premier League,MF,Box-to-box Midfielder,15.5,581,6.5
Sébastien Haller,Leganés,es La Liga,FW,Target Man / Physical Striker,15.5,404,4.5
David Torres,Valladolid,es La Liga,DF,Defensive Centre-back,15.5,1387,15.4
Umar Sadiq,Valencia,es La Liga,FW,Clinical Striker,15.2,825,9.2
Benedikt Gimber,Heidenheim,de Bundesliga,DF,Defensive Centre-back,15.1,2671,29.7
Marko Ivezić,Holstein Kiel,de Bundesliga,DF,Defensive Centre-back,15.0,1657,18.4
Jon Pacheco,Real Sociedad,es La Liga,DF,Defensive Centre-back,15.0,854,9.5
Ameen Al-Dakhil,Stuttgart,de Bundesliga,DF,Defensive Centre-back,14.7,432,4.8
Charlie Taylor,Southampton,eng Premier League,DF,Defensive Centre-back,14.5,356,4.0
David Alaba,Real Madrid,es La Liga,DF,Defensive Centre-back,14.5,317,3.5
Haris Tabakovic,Hoffenheim,de Bundesliga,FW,Clinical Striker,14.3,821,9.1
Gaby Jean,Lecce,it Serie A,DF,Defensive Centre-back,14.1,1388,15.4
Yoel Lago,Celta Vigo,es La Liga,DF,Defensive Centre-back,13.9,583,6.5
Chuba Akpom,Lille,fr Ligue 1,FW,Clinical Striker,13.9,639,7.1
Junya Ito,Reims,fr Ligue 1,FW,Creative Attacking Midfielder,13.7,2690,29.9
Tomáš Suslov,Hellas Verona,it Serie A,MF,Wide Midfielder / Winger,13.6,2080,23.1
Andy Diouf,Lens,fr Ligue 1,MF,Wide Midfielder / Winger,13.6,2225,24.7
Andreas Skov Olsen,Wolfsburg,de Bundesliga,FW,Creative Attacking Midfielder,13.5,535,5.9
Valentino Livramento,Newcastle Utd,eng Premier League,DF,Ball-winning Midfielder,13.3,2840,31.6
Pablo Marí,Monza,it Serie A,DF,Defensive Centre-back,13.3,1628,18.1
Benoît Badiashile,Chelsea,eng Premier League,DF,Defensive Centre-back,13.1,334,3.7
Jean-Clair Todibo,West Ham,eng Premier League,DF,Defensive Centre-back,13.0,1825,20.3
Nicolò Cambiaghi,Bologna,it Serie A,FW,Creative Attacking Midfielder,12.9,620,6.9
Igor,Brighton,eng Premier League,DF,Defensive Centre-back,12.9,961,10.7
Dani Carvajal,Real Madrid,es La Liga,DF,Ball-playing Centre-back,12.8,609,6.8
Djibril Sidibé,Toulouse,fr Ligue 1,DF,Ball-winning Midfielder,12.7,2101,23.3
Finn Jeltsch,Stuttgart,de Bundesliga,DF,Defensive Centre-back,12.6,780,8.7
David Neres,Napoli,it Serie A,FW,Creative Attacking Midfielder,12.5,1283,14.3
Gerard Gumbau,Rayo Vallecano,es La Liga,MF,Defensive Midfielder,12.4,849,9.4
Raheem Sterling,Arsenal,eng Premier League,FW,Creative Attacking Midfielder,12.1,499,5.5
Mahamadou Nagida,Rennes,fr Ligue 1,DF,Fullback / Wing-back,11.7,430,4.8
Dani de Wit,Bochum,de Bundesliga,MF,Defensive Midfielder,11.7,1153,12.8
Anthony Jung,Werder Bremen,de Bundesliga,DF,Defensive Centre-back,11.7,1898,21.1
Christos Mandas,Lazio,it Serie A,GK,Goalkeeper,11.7,810,9.0
Michy Batshuayi,Eint Frankfurt,de Bundesliga,FW,Clinical Striker,11.5,300,3.3
André,Wolves,eng Premier League,MF,Ball-winning Midfielder,11.3,2472,27.5
Hugo Sotelo,Celta Vigo,es La Liga,MF,Ball-winning Midfielder,11.1,1254,13.9
Abdul Fatawu Issahaku,Leicester City,eng Premier League,FW,Creative Attacking Midfielder,11.1,579,6.4
Francisco Perez,Valencia,es La Liga,FW,Wide Midfielder / Winger,11.0,570,6.3
Nathan Wood-Gordon,Southampton,eng Premier League,DF,Defensive Centre-back,10.8,773,8.6
David Nemeth,St. Pauli,de Bundesliga,DF,Defensive Centre-back,10.8,2137,23.7
Marcão,Sevilla,es La Liga,DF,Defensive Centre-back,10.7,552,6.1
Archie Gray,Tottenham,eng Premier League,DF,Defensive Centre-back,10.6,1751,19.5
Anastasios Douvikas,Celta Vigo,es La Liga,FW,Clinical Striker,10.6,700,7.8
Yael Mouanga,Montpellier,fr Ligue 1,DF,Defensive Centre-back,10.3,946,10.5
Darwin Machís,Valladolid,es La Liga,MF,Defensive Midfielder,10.2,639,7.1
Arthur Melo,Girona,es La Liga,MF,Ball-winning Midfielder,10.2,941,10.5
Oriol Romeu,Girona,es La Liga,MF,Ball-winning Midfielder,10.0,1356,15.1
Mostafa Mohamed,Nantes,fr Ligue 1,FW,Clinical Striker,10.0,1252,13.9
Jean Butez,Como,it Serie A,GK,Goalkeeper,10.0,1666,18.5
Jurgen Ekkelenkamp,Udinese,it Serie A,MF,Defensive Midfielder,10.0,1892,21.0
David Raya,Arsenal,eng Premier League,GK,Goalkeeper,10.0,3420,38.0
Rayan Raveloson,Auxerre,fr Ligue 1,MF,Defensive Midfielder,9.7,724,8.0
Glen Kamara,Rennes,fr Ligue 1,MF,Ball-winning Midfielder,9.6,662,7.4
Kauã Santos,Eint Frankfurt,de Bundesliga,GK,Goalkeeper,9.6,765,8.5
Morato,Nott'ham Forest,eng Premier League,DF,Defensive Centre-back,9.6,907,10.1
Nikola Maksimović,Montpellier,fr Ligue 1,DF,Defensive Centre-back,9.6,581,6.5
Cenk Özkacar,Valladolid,es La Liga,DF,Defensive Centre-back,9.6,757,8.4
Marius Müller,Wolfsburg,de Bundesliga,GK,Goalkeeper,9.6,475,5.3
Javier Manquillo,Celta Vigo,es La Liga,DF,Defensive Centre-back,9.5,515,5.7
Arijanet Muric,Ipswich Town,eng Premier League,GK,Goalkeeper,9.5,1620,18.0
Merlin Röhl,Freiburg,de Bundesliga,MF,Wide Midfielder / Winger,9.4,965,10.7
Mark Travers,Bournemouth,eng Premier League,GK,Goalkeeper,9.4,450,5.0
Donny van de Beek,Girona,es La Liga,MF,Defensive Midfielder,9.3,1421,15.8
Devis Vásquez,Empoli,it Serie A,GK,Goalkeeper,9.2,2880,32.0
Pedro Chirivella,Nantes,fr Ligue 1,MF,Ball-winning Midfielder,9.2,2348,26.1
Mattia Perin,Juventus,it Serie A,GK,Goalkeeper,9.2,450,5.0
Ionuț Radu,Venezia,it Serie A,GK,Goalkeeper,9.2,1350,15.0
Nick Pope,Newcastle Utd,eng Premier League,GK,Goalkeeper,9.1,2520,28.0
Federico Ravaglia,Bologna,it Serie A,GK,Goalkeeper,9.1,1056,11.7
Julen Agirrezabala,Athletic Club,es La Liga,GK,Goalkeeper,9.1,1206,13.4
Jude Bellingham,Real Madrid,es La Liga,MF,Box-to-box Midfielder,9.1,2488,27.6
Boubakary Soumaré,Leicester City,eng Premier League,MF,Ball-winning Midfielder,9.0,2171,24.1
Alex Meret,Napoli,it Serie A,GK,Goalkeeper,9.0,3005,33.4
Tiago Cardoso,Gladbach,de Bundesliga,GK,Goalkeeper,8.9,380,4.2
Nicola Leali,Genoa,it Serie A,GK,Goalkeeper,8.8,2610,29.0
Filip Stankovic,Venezia,it Serie A,GK,Goalkeeper,8.8,1367,15.2
Guimissongui Ouattara,Strasbourg,fr Ligue 1,DF,Ball-playing Centre-back,8.8,471,5.2
Martin Dúbravka,Newcastle Utd,eng Premier League,GK,Goalkeeper,8.6,900,10.0
Marco Carnesecchi,Atalanta,it Serie A,GK,Goalkeeper,8.6,3060,34.0
Eren Dinkçi,Freiburg,de Bundesliga,MF,Wide Midfielder / Winger,8.5,1196,13.3
Elia Caprile,Cagliari,it Serie A,GK,Goalkeeper,8.5,1620,18.0
Guglielmo Vicario,Tottenham,eng Premier League,GK,Goalkeeper,8.3,2160,24.0
Wladimiro Falcone,Lecce,it Serie A,GK,Goalkeeper,8.3,3420,38.0
Nikola Vasilj,St. Pauli,de Bundesliga,GK,Goalkeeper,8.2,2969,33.0
Joseph Aidoo,Valladolid,es La Liga,DF,Defensive Centre-back,8.1,583,6.5
Vanja Milinković-Savić,Torino,it Serie A,GK,Goalkeeper,8.1,3330,37.0
Robert Sánchez,Chelsea,eng Premier League,GK,Goalkeeper,8.1,2880,32.0
Łukasz Fabiański,West Ham,eng Premier League,GK,Goalkeeper,8.1,1160,12.9
Maduka Okoye,Udinese,it Serie A,GK,Goalkeeper,8.0,2250,25.0
Emanuel Emegha,Strasbourg,fr Ligue 1,FW,Clinical Striker,7.9,2293,25.5
Alisson,Liverpool,eng Premier League,GK,Goalkeeper,7.8,2508,27.9
Mike Maignan,Milan,it Serie A,GK,Goalkeeper,7.7,3294,36.6
Zion Suzuki,Parma,it Serie A,GK,Goalkeeper,7.7,3314,36.8
Gregor Kobel,Dortmund,de Bundesliga,GK,Goalkeeper,7.7,2880,32.0
Victor Lindelöf,Manchester Utd,eng Premier League,DF,Defensive Centre-back,7.7,704,7.8
Jesse Joronen,Venezia,it Serie A,GK,Goalkeeper,7.6,703,7.8
Unai Simón,Athletic Club,es La Liga,GK,Goalkeeper,7.6,1890,21.0
Yann Sommer,Inter,it Serie A,GK,Goalkeeper,7.6,2880,32.0
Fraser Forster,Tottenham,eng Premier League,GK,Goalkeeper,7.6,630,7.0
Michele Di Gregorio,Juventus,it Serie A,GK,Goalkeeper,7.6,2970,33.0
Marko Dmitrović,Leganés,es La Liga,GK,Goalkeeper,7.5,2880,32.0
Jonas Urbig,Bayern Munich,de Bundesliga,GK,Goalkeeper,7.5,720,8.0
Noah Atubolu,Freiburg,de Bundesliga,GK,Goalkeeper,7.5,2307,25.6
Yahia Fofana,Angers,fr Ligue 1,GK,Goalkeeper,7.4,2970,33.0
Radosław Majecki,Monaco,fr Ligue 1,GK,Goalkeeper,7.3,1350,15.0
Abdoulaye Doucouré,Everton,eng Premier League,MF,Defensive Midfielder,7.2,2564,28.5
Kamil Grabara,Wolfsburg,de Bundesliga,GK,Goalkeeper,7.2,2585,28.7
Łukasz Skorupski,Bologna,it Serie A,GK,Goalkeeper,7.2,2364,26.3
Finn Dahmen,Augsburg,de Bundesliga,GK,Goalkeeper,7.2,1710,19.0
Thomas Dähne,Holstein Kiel,de Bundesliga,GK,Goalkeeper,7.1,810,9.0
Lorenzo Montipò,Hellas Verona,it Serie A,GK,Goalkeeper,7.0,3240,36.0
Caoimhín Kelleher,Liverpool,eng Premier League,GK,Goalkeeper,7.0,900,10.0
José Sá,Wolves,eng Premier League,GK,Goalkeeper,7.0,2609,29.0
Simone Scuffet,Cagliari,it Serie A,GK,Goalkeeper,7.0,1170,13.0
Michael Zetterer,Werder Bremen,de Bundesliga,GK,Goalkeeper,6.9,3060,34.0
Mathew Ryan,Lens,fr Ligue 1,GK,Goalkeeper,6.9,1260,14.0
Moritz Nicolas,Gladbach,de Bundesliga,GK,Goalkeeper,6.9,1639,18.2
Leo Román,Mallorca,es La Liga,GK,Goalkeeper,6.9,630,7.0
Bart Verbruggen,Brighton,eng Premier League,GK,Goalkeeper,6.9,3240,36.0
Pepe Reina,Como,it Serie A,GK,Goalkeeper,6.9,1034,11.5
Jan Oblak,Atlético Madrid,es La Liga,GK,Goalkeeper,6.9,3240,36.0
Péter Gulácsi,RB Leipzig,de Bundesliga,GK,Goalkeeper,6.9,2631,29.2
Luiz Lúcio Reis Júnior,Villarreal,es La Liga,GK,Goalkeeper,6.9,1458,16.2
Alex McCarthy,Southampton,eng Premier League,GK,Goalkeeper,6.7,450,5.0
Alex Palmer,Ipswich Town,eng Premier League,GK,Goalkeeper,6.7,1170,13.0
Semuel Pizzignacco,Monza,it Serie A,GK,Goalkeeper,6.7,736,8.2
Razvan Sava,Udinese,it Serie A,GK,Goalkeeper,6.7,1080,12.0
Sergio Herrera,Osasuna,es La Liga,GK,Goalkeeper,6.6,3330,37.0
Josep Martinez,Inter,it Serie A,GK,Goalkeeper,6.5,450,5.0
Botond Balogh,Parma,it Serie A,DF,Defensive Centre-back,6.5,2053,22.8
Dominik Greif,Mallorca,es La Liga,GK,Goalkeeper,6.5,2790,31.0
Lucas Perri,Lyon,fr Ligue 1,GK,Goalkeeper,6.5,2970,33.0
Manuel Neuer,Bayern Munich,de Bundesliga,GK,Goalkeeper,6.5,1980,22.0
Matej Kovar,Leverkusen,de Bundesliga,GK,Goalkeeper,6.5,450,5.0
Augusto Batalla,Rayo Vallecano,es La Liga,GK,Goalkeeper,6.5,2880,32.0
Kevin Trapp,Eint Frankfurt,de Bundesliga,GK,Goalkeeper,6.4,2295,25.5
Jorginho,Arsenal,eng Premier League,MF,Ball-winning Midfielder,6.4,704,7.8
Stefano Turati,Monza,it Serie A,GK,Goalkeeper,6.4,2676,29.7
Jakub Stolarczyk,Leicester City,eng Premier League,GK,Goalkeeper,6.4,900,10.0
Lukáš Hrádecký,Leverkusen,de Bundesliga,GK,Goalkeeper,6.4,2610,29.0
Ivan Provedel,Lazio,it Serie A,GK,Goalkeeper,6.4,2610,29.0
Matz Sels,Nott'ham Forest,eng Premier League,GK,Goalkeeper,6.4,3420,38.0
Jonas Omlin,Gladbach,de Bundesliga,GK,Goalkeeper,6.3,978,10.9
André Onana,Manchester Utd,eng Premier League,GK,Goalkeeper,6.3,3060,34.0
Ante Budimir,Osasuna,es La Liga,FW,Clinical Striker,6.2,2952,32.8
Timo Horn,Bochum,de Bundesliga,GK,Goalkeeper,6.2,1170,13.0
Emiliano Martínez,Aston Villa,eng Premier League,GK,Goalkeeper,6.2,3194,35.5
Đorđe Petrović,Strasbourg,fr Ligue 1,GK,Goalkeeper,6.2,2790,31.0
Jack Hinshelwood,Brighton,eng Premier League,MF,Defensive Midfielder,6.1,1842,20.5
Stefan Ortega,Manchester City,eng Premier League,GK,Goalkeeper,6.0,1100,12.2
Ardian Ismajli,Empoli,it Serie A,DF,Defensive Centre-back,6.0,2508,27.9
Marco Silvestri,Empoli,it Serie A,GK,Goalkeeper,6.0,450,5.0
Nediljko Labrović,Augsburg,de Bundesliga,GK,Goalkeeper,5.9,1350,15.0
Aaron Ramsdale,Southampton,eng Premier League,GK,Goalkeeper,5.9,2700,30.0
Paweł Dawidowicz,Hellas Verona,it Serie A,DF,Defensive Centre-back,5.9,1845,20.5
Patrick Drewes,Bochum,de Bundesliga,GK,Goalkeeper,5.8,1890,21.0
Vicente Guaita,Celta Vigo,es La Liga,GK,Goalkeeper,5.8,3060,34.0
Philipp Köhn,Monaco,fr Ligue 1,GK,Goalkeeper,5.8,1710,19.0
Maarten Vandevoordt,RB Leipzig,de Bundesliga,GK,Goalkeeper,5.7,429,4.8
Sam Johnstone,Wolves,eng Premier League,GK,Goalkeeper,5.6,630,7.0
Jordan Pickford,Everton,eng Premier League,GK,Goalkeeper,5.6,3420,38.0
Mads Hermansen,Leicester City,eng Premier League,GK,Goalkeeper,5.6,2385,26.5
Andrew Omobamidele,Strasbourg,fr Ligue 1,DF,Defensive Centre-back,5.5,539,6.0
Marcin Bułka,Nice,fr Ligue 1,GK,Goalkeeper,5.5,3060,34.0
Abdoulaye Bamba,Angers,fr Ligue 1,DF,Defensive Centre-back,5.5,1510,16.8
Alex Padilla,Athletic Club,es La Liga,GK,Goalkeeper,5.4,321,3.6
Timon Weiner,Holstein Kiel,de Bundesliga,GK,Goalkeeper,5.4,2250,25.0
Mathieu Gorgelin,Le Havre,fr Ligue 1,GK,Goalkeeper,5.3,1440,16.0
David Soria,Getafe,es La Liga,GK,Goalkeeper,5.3,3420,38.0
Paul Onuachu,Southampton,eng Premier League,FW,Clinical Striker,5.2,1050,11.7
Emil Audero,Como,it Serie A,GK,Goalkeeper,5.2,720,8.0
Rui Silva,Betis,es La Liga,GK,Goalkeeper,5.2,1350,15.0
Wojciech Szczęsny,Barcelona,es La Liga,GK,Goalkeeper,5.2,1350,15.0
Jorge Cuenca,Fulham,eng Premier League,DF,Defensive Centre-back,5.1,351,3.9
Marc-André ter Stegen,Barcelona,es La Liga,GK,Goalkeeper,5.1,674,7.5
Sorba Thomas,Nantes,fr Ligue 1,FW,Wide Midfielder / Winger,5.1,1321,14.7
Kiko Femenía,Villarreal,es La Liga,DF,Ball-winning Midfielder,5.1,2227,24.7
Altay Bayındır,Manchester Utd,eng Premier League,GK,Goalkeeper,5.0,360,4.0
Damián Rodríguez,Celta Vigo,es La Liga,MF,Ball-winning Midfielder,5.0,927,10.3
Álex Remiro,Real Sociedad,es La Liga,GK,Goalkeeper,5.0,3240,36.0
Donovan Léon,Auxerre,fr Ligue 1,GK,Goalkeeper,5.0,2880,32.0
Steve Mandanda,Rennes,fr Ligue 1,GK,Goalkeeper,5.0,1486,16.5
Brice Samba,Rennes,fr Ligue 1,GK,Goalkeeper,5.0,1529,17.0
Dinko Horkaš,Las Palmas,es La Liga,GK,Goalkeeper,4.9,1085,12.1
Antonio Sivera,Alavés,es La Liga,GK,Goalkeeper,4.9,2810,31.2
Marco Bizot,Brest,fr Ligue 1,GK,Goalkeeper,4.9,2880,32.0
Jørgen Strand Larsen,Wolves,eng Premier League,FW,Clinical Striker,4.8,2587,28.7
Cristhian Stuani,Girona,es La Liga,FW,Clinical Striker,4.8,1078,12.0
Alphonse Areola,West Ham,eng Premier League,GK,Goalkeeper,4.8,2260,25.1
Christian Walton,Ipswich Town,eng Premier League,GK,Goalkeeper,4.8,630,7.0
Karl Jakob Hein,Valladolid,es La Liga,GK,Goalkeeper,4.7,2790,31.0
Adrián,Betis,es La Liga,GK,Goalkeeper,4.7,1710,19.0
Gianluigi Donnarumma,Paris S-G,fr Ligue 1,GK,Goalkeeper,4.7,2091,23.2
Stole Dimitrievski,Valencia,es La Liga,GK,Goalkeeper,4.6,360,4.0
Mark Flekken,Brentford,eng Premier League,GK,Goalkeeper,4.5,3275,36.4
Matvei Safonov,Paris S-G,fr Ligue 1,GK,Goalkeeper,4.5,879,9.8
Iñaki Peña,Barcelona,es La Liga,GK,Goalkeeper,4.5,1396,15.5
Patrik Carlgren,Nantes,fr Ligue 1,GK,Goalkeeper,4.4,417,4.6
Jack Clarke,Ipswich Town,eng Premier League,FW,Wide Midfielder / Winger,4.4,1181,13.1
Jasper Cillessen,Las Palmas,es La Liga,GK,Goalkeeper,4.3,2335,25.9
Dani Cárdenas,Rayo Vallecano,es La Liga,GK,Goalkeeper,4.3,540,6.0
Alexander Schwolow,Union Berlin,de Bundesliga,GK,Goalkeeper,4.3,540,6.0
Kjetil Haug,Toulouse,fr Ligue 1,GK,Goalkeeper,4.3,498,5.5
Arthur Desmas,Le Havre,fr Ligue 1,GK,Goalkeeper,4.2,1620,18.0
Iván Villar,Celta Vigo,es La Liga,GK,Goalkeeper,4.2,360,4.0
Thibaut Courtois,Real Madrid,es La Liga,GK,Goalkeeper,4.2,2700,30.0
Nemanja Matić,Lyon,fr Ligue 1,MF,Ball-winning Midfielder,4.2,2010,22.3
Bernd Leno,Fulham,eng Premier League,GK,Goalkeeper,4.1,3420,38.0
Hervé Koffi,Lens,fr Ligue 1,GK,Goalkeeper,4.1,450,5.0
Florian Müller,Freiburg,de Bundesliga,GK,Goalkeeper,4.1,753,8.4
Hafiz Ibrahim,Reims,fr Ligue 1,FW,Target Man / Physical Striker,4.0,391,4.3
Alessandro Zanoli,Genoa,it Serie A,FW,Wide Midfielder / Winger,4.0,1711,19.0
Gautier Larsonneur,Saint-Étienne,fr Ligue 1,GK,Goalkeeper,4.0,3060,34.0
Gvidas Gineitis,Torino,it Serie A,MF,Defensive Midfielder,4.0,1430,15.9
Anthony Lopes,Nantes,fr Ligue 1,GK,Goalkeeper,4.0,1563,17.4
Armando Broja,Everton,eng Premier League,FW,Target Man / Physical Striker,3.9,334,3.7
Filip Jørgensen,Chelsea,eng Premier League,GK,Goalkeeper,3.9,540,6.0
Alexander Nübel,Stuttgart,de Bundesliga,GK,Goalkeeper,3.8,3060,34.0
Benjamin Lecomte,Montpellier,fr Ligue 1,GK,Goalkeeper,3.8,2700,30.0
Daley Blind,Girona,es La Liga,DF,Ball-winning Midfielder,3.8,2780,30.9
Alidu Seidu,Rennes,fr Ligue 1,DF,Ball-winning Midfielder,3.8,803,8.9
Pierluigi Gollini,Genoa,it Serie A,GK,Goalkeeper,3.8,630,7.0
Alban Lafont,Nantes,fr Ligue 1,GK,Goalkeeper,3.7,1080,12.0
Kevin Müller,Heidenheim,de Bundesliga,GK,Goalkeeper,3.7,2939,32.7
Gerónimo Rulli,Marseille,fr Ligue 1,GK,Goalkeeper,3.6,3060,34.0
Lucas Chevalier,Lille,fr Ligue 1,GK,Goalkeeper,3.3,3060,34.0
David de Gea,Fiorentina,it Serie A,GK,Goalkeeper,3.3,3060,34.0
Oliver Baumann,Hoffenheim,de Bundesliga,GK,Goalkeeper,3.3,2520,28.0
Álvaro Fernández,Sevilla,es La Liga,GK,Goalkeeper,3.2,747,8.3
Juan Soriano,Leganés,es La Liga,GK,Goalkeeper,3.1,540,6.0
Paulo Gazzaniga,Girona,es La Liga,GK,Goalkeeper,3.1,3195,35.5
Alen Sherri,Cagliari,it Serie A,GK,Goalkeeper,3.0,621,6.9
Ørjan Nyland,Sevilla,es La Liga,GK,Goalkeeper,3.0,2673,29.7
Dimitry Bertaud,Montpellier,fr Ligue 1,GK,Goalkeeper,2.8,360,4.0
Luca Philipp,Hoffenheim,de Bundesliga,GK,Goalkeeper,2.7,540,6.0
Mirko Marić,Venezia,it Serie A,FW,Target Man / Physical Striker,2.7,356,4.0
Ederson,Manchester City,eng Premier League,GK,Goalkeeper,2.7,2320,25.8
Antonín Kinský,Tottenham,eng Premier League,GK,Goalkeeper,2.7,540,6.0
Jesús Owono,Alavés,es La Liga,GK,Goalkeeper,2.7,487,5.4
Carlos Soler,West Ham,eng Premier League,MF,Defensive Midfielder,2.6,1409,15.7
Suat Serdar,Hellas Verona,it Serie A,MF,Defensive Midfielder,2.6,1376,15.3
Giorgi Mamardashvili,Valencia,es La Liga,GK,Goalkeeper,2.4,3060,34.0
Nicolas Seiwald,RB Leipzig,de Bundesliga,MF,Ball-winning Midfielder,2.3,2084,23.2
Ryan Fraser,Southampton,eng Premier League,FW,Target Man / Physical Striker,2.1,306,3.4
Antoine Joujou,Le Havre,fr Ligue 1,MF,Wide Midfielder / Winger,1.8,943,10.5
Diego Conde,Villarreal,es La Liga,GK,Goalkeeper,1.5,1962,21.8
André Ferreira,Valladolid,es La Liga,GK,Goalkeeper,0.6,540,6.0
Andriy Lunin,Real Madrid,es La Liga,GK,Goalkeeper,0.4,630,7.0
Arvid Brorsson,Monza,it Serie A,DF,Defensive Centre-back,0.3,362,4.0
Luke Woolfenden,Ipswich Town,eng Premier League,DF,Defensive Centre-back,0.1,1187,13.2
Jon Guridi,Alavés,es La Liga,MF,Defensive Midfielder,0.0,2080,23.1
Stanislav Lobotka,Napoli,it Serie A,MF,Ball-winning Midfielder,0.0,2636,29.3
Wes Burns,Ipswich Town,eng Premier League,FW,Wide Midfielder / Winger,0.0,926,10.3
Guillaume Restes,Toulouse,fr Ligue 1,GK,Goalkeeper,0.0,2543,28.3
Denzel Dumfries,Inter,it Serie A,DF,Fullback / Wing-back,0.0,1865,20.7
Kike Barja,Osasuna,es La Liga,FW,Creative Attacking Midfielder,0.0,315,3.5
Samuel Amo-Ameyaw,Strasbourg,fr Ligue 1,DF,Box-to-box Midfielder,0.0,320,3.6
Andrej Ilic,Union Berlin,de Bundesliga,FW,Clinical Striker,0.0,937,10.4
Bamo Meïté,Montpellier,fr Ligue 1,DF,Defensive Centre-back,0.0,424,4.7
Christian Kouamé,Fiorentina,it Serie A,FW,Target Man / Physical Striker,0.0,622,6.9
Pol Lirola,Marseille,fr Ligue 1,DF,Ball-playing Centre-back,0.0,680,7.6
