match_id,minute,homeTeam_name,awayTeam_name,homeGoals,awayGoals
1,1,Atalanta,Bologna,0,0
1,2,Atalanta,Bologna,0,0
1,3,Atalanta,Bologna,1,0
1,4,Atalanta,Bologna,1,0
1,5,Atalanta,Bologna,1,0
1,6,Atalanta,Bologna,1,0
1,7,Atalanta,Bologna,1,0
1,8,Atalanta,Bologna,1,0
1,9,Atalanta,Bologna,1,0
1,10,Atalanta,Bologna,1,0
1,11,Atalanta,Bologna,1,0
1,12,Atalanta,Bologna,1,0
1,13,Atalanta,Bologna,1,0
1,14,Atalanta,Bologna,1,0
1,15,Atalanta,Bologna,1,0
1,16,Atalanta,Bologna,1,0
1,17,Atalanta,Bologna,1,0
1,18,Atalanta,Bologna,1,0
1,19,Atalanta,Bologna,1,0
1,20,Atalanta,Bologna,1,0
1,21,Atalanta,Bologna,2,0
1,22,Atalanta,Bologna,2,0
1,23,Atalanta,Bologna,2,0
1,24,Atalanta,Bologna,2,0
1,25,Atalanta,Bologna,2,0
1,26,Atalanta,Bologna,2,0
1,27,Atalanta,Bologna,2,0
1,28,Atalanta,Bologna,2,0
1,29,Atalanta,Bologna,2,0
1,30,Atalanta,Bologna,2,0
1,31,Atalanta,Bologna,2,0
1,32,Atalanta,Bologna,2,0
1,33,Atalanta,Bologna,2,0
1,34,Atalanta,Bologna,2,0
1,35,Atalanta,Bologna,2,0
1,36,Atalanta,Bologna,2,0
1,37,Atalanta,Bologna,2,0
1,38,Atalanta,Bologna,2,0
1,39,Atalanta,Bologna,2,0
1,40,Atalanta,Bologna,2,0
1,41,Atalanta,Bologna,2,0
1,42,Atalanta,Bologna,2,0
1,43,Atalanta,Bologna,2,0
1,44,Atalanta,Bologna,2,0
1,45,Atalanta,Bologna,2,0
1,46,Atalanta,Bologna,2,0
1,47,Atalanta,Bologna,2,0
1,48,Atalanta,Bologna,2,0
1,49,Atalanta,Bologna,2,0
1,50,Atalanta,Bologna,2,0
1,51,Atalanta,Bologna,2,0
1,52,Atalanta,Bologna,2,0
1,53,Atalanta,Bologna,2,0
1,54,Atalanta,Bologna,2,0
1,55,Atalanta,Bologna,2,0
1,56,Atalanta,Bologna,2,0
1,57,Atalanta,Bologna,2,0
1,58,Atalanta,Bologna,2,0
1,59,Atalanta,Bologna,2,0
1,60,Atalanta,Bologna,2,0
1,61,Atalanta,Bologna,2,0
1,62,Atalanta,Bologna,2,0
1,63,Atalanta,Bologna,2,0
1,64,Atalanta,Bologna,2,0
1,65,Atalanta,Bologna,2,0
1,66,Atalanta,Bologna,2,0
1,67,Atalanta,Bologna,2,0
1,68,Atalanta,Bologna,2,0
1,69,Atalanta,Bologna,2,0
1,70,Atalanta,Bologna,2,0
1,71,Atalanta,Bologna,2,0
1,72,Atalanta,Bologna,2,0
1,73,Atalanta,Bologna,2,0
1,74,Atalanta,Bologna,2,0
1,75,Atalanta,Bologna,2,0
1,76,Atalanta,Bologna,2,0
1,77,Atalanta,Bologna,2,0
1,78,Atalanta,Bologna,2,0
1,79,Atalanta,Bologna,2,0
1,80,Atalanta,Bologna,2,0
1,81,Atalanta,Bologna,2,0
1,82,Atalanta,Bologna,2,0
1,83,Atalanta,Bologna,2,0
1,84,Atalanta,Bologna,2,0
1,85,Atalanta,Bologna,2,0
1,86,Atalanta,Bologna,2,0
1,87,Atalanta,Bologna,2,0
1,88,Atalanta,Bologna,2,0
1,89,Atalanta,Bologna,2,0
1,90,Atalanta,Bologna,2,0
2,1,Atalanta,Cagliari,0,0
2,2,Atalanta,Cagliari,0,0
2,3,Atalanta,Cagliari,0,0
2,4,Atalanta,Cagliari,0,0
2,5,Atalanta,Cagliari,0,0
2,6,Atalanta,Cagliari,0,0
2,7,Atalanta,Cagliari,0,0
2,8,Atalanta,Cagliari,0,0
2,9,Atalanta,Cagliari,0,0
2,10,Atalanta,Cagliari,0,0
2,11,Atalanta,Cagliari,0,0
2,12,Atalanta,Cagliari,0,0
2,13,Atalanta,Cagliari,0,0
2,14,Atalanta,Cagliari,0,0
2,15,Atalanta,Cagliari,0,0
2,16,Atalanta,Cagliari,0,0
2,17,Atalanta,Cagliari,0,0
2,18,Atalanta,Cagliari,0,0
2,19,Atalanta,Cagliari,0,0
2,20,Atalanta,Cagliari,0,0
2,21,Atalanta,Cagliari,0,0
2,22,Atalanta,Cagliari,0,0
2,23,Atalanta,Cagliari,0,0
2,24,Atalanta,Cagliari,0,0
2,25,Atalanta,Cagliari,0,0
2,26,Atalanta,Cagliari,0,0
2,27,Atalanta,Cagliari,0,0
2,28,Atalanta,Cagliari,0,0
2,29,Atalanta,Cagliari,0,0
2,30,Atalanta,Cagliari,0,0
2,31,Atalanta,Cagliari,0,0
2,32,Atalanta,Cagliari,0,0
2,33,Atalanta,Cagliari,0,0
2,34,Atalanta,Cagliari,0,0
2,35,Atalanta,Cagliari,0,0
2,36,Atalanta,Cagliari,0,0
2,37,Atalanta,Cagliari,0,0
2,38,Atalanta,Cagliari,0,0
2,39,Atalanta,Cagliari,0,0
2,40,Atalanta,Cagliari,0,0
2,41,Atalanta,Cagliari,0,0
2,42,Atalanta,Cagliari,0,0
2,43,Atalanta,Cagliari,0,0
2,44,Atalanta,Cagliari,0,0
2,45,Atalanta,Cagliari,0,0
2,46,Atalanta,Cagliari,0,0
2,47,Atalanta,Cagliari,0,0
2,48,Atalanta,Cagliari,0,0
2,49,Atalanta,Cagliari,0,0
2,50,Atalanta,Cagliari,0,0
2,51,Atalanta,Cagliari,0,0
2,52,Atalanta,Cagliari,0,0
2,53,Atalanta,Cagliari,0,0
2,54,Atalanta,Cagliari,0,0
2,55,Atalanta,Cagliari,0,0
2,56,Atalanta,Cagliari,0,0
2,57,Atalanta,Cagliari,0,0
2,58,Atalanta,Cagliari,0,0
2,59,Atalanta,Cagliari,0,0
2,60,Atalanta,Cagliari,0,0
2,61,Atalanta,Cagliari,0,0
2,62,Atalanta,Cagliari,0,0
2,63,Atalanta,Cagliari,0,0
2,64,Atalanta,Cagliari,0,0
2,65,Atalanta,Cagliari,0,0
2,66,Atalanta,Cagliari,0,0
2,67,Atalanta,Cagliari,0,0
2,68,Atalanta,Cagliari,0,0
2,69,Atalanta,Cagliari,0,0
2,70,Atalanta,Cagliari,0,0
2,71,Atalanta,Cagliari,0,0
2,72,Atalanta,Cagliari,0,0
2,73,Atalanta,Cagliari,0,0
2,74,Atalanta,Cagliari,0,0
2,75,Atalanta,Cagliari,0,0
2,76,Atalanta,Cagliari,0,0
2,77,Atalanta,Cagliari,0,0
2,78,Atalanta,Cagliari,0,0
2,79,Atalanta,Cagliari,0,0
2,80,Atalanta,Cagliari,0,0
2,81,Atalanta,Cagliari,0,0
2,82,Atalanta,Cagliari,0,0
2,83,Atalanta,Cagliari,0,0
2,84,Atalanta,Cagliari,0,0
2,85,Atalanta,Cagliari,0,0
2,86,Atalanta,Cagliari,0,0
2,87,Atalanta,Cagliari,0,0
2,88,Atalanta,Cagliari,0,0
2,89,Atalanta,Cagliari,0,0
2,90,Atalanta,Cagliari,0,0
3,1,Atalanta,Como,0,0
3,2,Atalanta,Como,0,0
3,3,Atalanta,Como,0,0
3,4,Atalanta,Como,0,0
3,5,Atalanta,Como,0,0
3,6,Atalanta,Como,0,0
3,7,Atalanta,Como,0,0
3,8,Atalanta,Como,0,0
3,9,Atalanta,Como,0,0
3,10,Atalanta,Como,0,0
3,11,Atalanta,Como,0,0
3,12,Atalanta,Como,0,0
3,13,Atalanta,Como,0,0
3,14,Atalanta,Como,0,0
3,15,Atalanta,Como,0,0
3,16,Atalanta,Como,0,0
3,17,Atalanta,Como,0,0
3,18,Atalanta,Como,1,0
3,19,Atalanta,Como,1,0
3,20,Atalanta,Como,1,0
3,21,Atalanta,Como,1,0
3,22,Atalanta,Como,1,0
3,23,Atalanta,Como,1,0
3,24,Atalanta,Como,1,0
3,25,Atalanta,Como,1,0
3,26,Atalanta,Como,1,0
3,27,Atalanta,Como,1,0
3,28,Atalanta,Como,1,0
3,29,Atalanta,Como,1,0
3,30,Atalanta,Como,1,0
3,31,Atalanta,Como,1,0
3,32,Atalanta,Como,1,0
3,33,Atalanta,Como,1,0
3,34,Atalanta,Como,1,0
3,35,Atalanta,Como,1,0
3,36,Atalanta,Como,1,0
3,37,Atalanta,Como,1,0
3,38,Atalanta,Como,1,0
3,39,Atalanta,Como,1,0
3,40,Atalanta,Como,1,0
3,41,Atalanta,Como,1,0
3,42,Atalanta,Como,1,0
3,43,Atalanta,Como,1,0
3,44,Atalanta,Como,1,0
3,45,Atalanta,Como,1,0
3,46,Atalanta,Como,1,1
3,47,Atalanta,Como,1,1
3,48,Atalanta,Como,1,1
3,49,Atalanta,Como,1,1
3,50,Atalanta,Como,1,1
3,51,Atalanta,Como,1,1
3,52,Atalanta,Como,1,1
3,53,Atalanta,Como,1,1
3,54,Atalanta,Como,1,2
3,55,Atalanta,Como,1,2
3,56,Atalanta,Como,1,2
3,57,Atalanta,Como,1,2
3,58,Atalanta,Como,1,3
3,59,Atalanta,Como,1,3
3,60,Atalanta,Como,1,3
3,61,Atalanta,Como,1,3
3,62,Atalanta,Como,1,3
3,63,Atalanta,Como,1,3
3,64,Atalanta,Como,1,3
3,65,Atalanta,Como,1,3
3,66,Atalanta,Como,1,3
3,67,Atalanta,Como,1,3
3,68,Atalanta,Como,1,3
3,69,Atalanta,Como,1,3
3,70,Atalanta,Como,1,3
3,71,Atalanta,Como,1,3
3,72,Atalanta,Como,1,3
3,73,Atalanta,Como,1,3
3,74,Atalanta,Como,1,3
3,75,Atalanta,Como,1,3
3,76,Atalanta,Como,1,3
3,77,Atalanta,Como,1,3
3,78,Atalanta,Como,1,3
3,79,Atalanta,Como,1,3
3,80,Atalanta,Como,1,3
3,81,Atalanta,Como,1,3
3,82,Atalanta,Como,1,3
3,83,Atalanta,Como,1,3
3,84,Atalanta,Como,1,3
3,85,Atalanta,Como,1,3
3,86,Atalanta,Como,1,3
3,87,Atalanta,Como,1,3
3,88,Atalanta,Como,1,3
3,89,Atalanta,Como,1,3
3,90,Atalanta,Como,2,3
4,1,Atalanta,Empoli,0,0
4,2,Atalanta,Empoli,0,0
4,3,Atalanta,Empoli,0,0
4,4,Atalanta,Empoli,0,0
4,5,Atalanta,Empoli,0,0
4,6,Atalanta,Empoli,0,0
4,7,Atalanta,Empoli,0,0
4,8,Atalanta,Empoli,0,0
4,9,Atalanta,Empoli,0,0
4,10,Atalanta,Empoli,0,0
4,11,Atalanta,Empoli,0,0
4,12,Atalanta,Empoli,0,0
4,13,Atalanta,Empoli,0,1
4,14,Atalanta,Empoli,0,1
4,15,Atalanta,Empoli,0,1
4,16,Atalanta,Empoli,0,1
4,17,Atalanta,Empoli,0,1
4,18,Atalanta,Empoli,0,1
4,19,Atalanta,Empoli,0,1
4,20,Atalanta,Empoli,0,1
4,21,Atalanta,Empoli,0,1
4,22,Atalanta,Empoli,0,1
4,23,Atalanta,Empoli,0,1
4,24,Atalanta,Empoli,0,1
4,25,Atalanta,Empoli,0,1
4,26,Atalanta,Empoli,0,1
4,27,Atalanta,Empoli,0,1
4,28,Atalanta,Empoli,0,1
4,29,Atalanta,Empoli,0,1
4,30,Atalanta,Empoli,0,1
4,31,Atalanta,Empoli,0,1
4,32,Atalanta,Empoli,0,1
4,33,Atalanta,Empoli,0,1
4,34,Atalanta,Empoli,1,1
4,35,Atalanta,Empoli,1,1
4,36,Atalanta,Empoli,1,1
4,37,Atalanta,Empoli,1,1
4,38,Atalanta,Empoli,1,1
4,39,Atalanta,Empoli,1,1
4,40,Atalanta,Empoli,1,1
4,41,Atalanta,Empoli,1,1
4,42,Atalanta,Empoli,1,1
4,43,Atalanta,Empoli,1,1
4,44,Atalanta,Empoli,1,1
4,45,Atalanta,Empoli,2,1
4,46,Atalanta,Empoli,2,1
4,47,Atalanta,Empoli,2,1
4,48,Atalanta,Empoli,2,1
4,49,Atalanta,Empoli,2,1
4,50,Atalanta,Empoli,2,1
4,51,Atalanta,Empoli,2,1
4,52,Atalanta,Empoli,2,1
4,53,Atalanta,Empoli,2,1
4,54,Atalanta,Empoli,2,1
4,55,Atalanta,Empoli,2,1
4,56,Atalanta,Empoli,2,1
4,57,Atalanta,Empoli,2,2
4,58,Atalanta,Empoli,2,2
4,59,Atalanta,Empoli,2,2
4,60,Atalanta,Empoli,2,2
4,61,Atalanta,Empoli,2,2
4,62,Atalanta,Empoli,2,2
4,63,Atalanta,Empoli,2,2
4,64,Atalanta,Empoli,2,2
4,65,Atalanta,Empoli,2,2
4,66,Atalanta,Empoli,2,2
4,67,Atalanta,Empoli,2,2
4,68,Atalanta,Empoli,2,2
4,69,Atalanta,Empoli,2,2
4,70,Atalanta,Empoli,2,2
4,71,Atalanta,Empoli,2,2
4,72,Atalanta,Empoli,2,2
4,73,Atalanta,Empoli,2,2
4,74,Atalanta,Empoli,2,2
4,75,Atalanta,Empoli,2,2
4,76,Atalanta,Empoli,2,2
4,77,Atalanta,Empoli,2,2
4,78,Atalanta,Empoli,2,2
4,79,Atalanta,Empoli,2,2
4,80,Atalanta,Empoli,2,2
4,81,Atalanta,Empoli,2,2
4,82,Atalanta,Empoli,2,2
4,83,Atalanta,Empoli,2,2
4,84,Atalanta,Empoli,2,2
4,85,Atalanta,Empoli,2,2
4,86,Atalanta,Empoli,3,2
4,87,Atalanta,Empoli,3,2
4,88,Atalanta,Empoli,3,2
4,89,Atalanta,Empoli,3,2
4,90,Atalanta,Empoli,3,2
5,1,Atalanta,Fiorentina,0,0
5,2,Atalanta,Fiorentina,0,0
5,3,Atalanta,Fiorentina,0,0
5,4,Atalanta,Fiorentina,0,0
5,5,Atalanta,Fiorentina,0,0
5,6,Atalanta,Fiorentina,0,0
5,7,Atalanta,Fiorentina,0,0
5,8,Atalanta,Fiorentina,0,0
5,9,Atalanta,Fiorentina,0,0
5,10,Atalanta,Fiorentina,0,0
5,11,Atalanta,Fiorentina,0,0
5,12,Atalanta,Fiorentina,0,0
5,13,Atalanta,Fiorentina,0,0
5,14,Atalanta,Fiorentina,0,0
5,15,Atalanta,Fiorentina,0,1
5,16,Atalanta,Fiorentina,0,1
5,17,Atalanta,Fiorentina,0,1
5,18,Atalanta,Fiorentina,0,1
5,19,Atalanta,Fiorentina,0,1
5,20,Atalanta,Fiorentina,0,1
5,21,Atalanta,Fiorentina,1,1
5,22,Atalanta,Fiorentina,1,1
5,23,Atalanta,Fiorentina,1,1
5,24,Atalanta,Fiorentina,1,1
5,25,Atalanta,Fiorentina,1,1
5,26,Atalanta,Fiorentina,1,1
5,27,Atalanta,Fiorentina,1,1
5,28,Atalanta,Fiorentina,1,1
5,29,Atalanta,Fiorentina,1,1
5,30,Atalanta,Fiorentina,1,1
5,31,Atalanta,Fiorentina,1,1
5,32,Atalanta,Fiorentina,1,2
5,33,Atalanta,Fiorentina,1,2
5,34,Atalanta,Fiorentina,1,2
5,35,Atalanta,Fiorentina,1,2
5,36,Atalanta,Fiorentina,1,2
5,37,Atalanta,Fiorentina,1,2
5,38,Atalanta,Fiorentina,1,2
5,39,Atalanta,Fiorentina,1,2
5,40,Atalanta,Fiorentina,1,2
5,41,Atalanta,Fiorentina,1,2
5,42,Atalanta,Fiorentina,1,2
5,43,Atalanta,Fiorentina,1,2
5,44,Atalanta,Fiorentina,2,2
5,45,Atalanta,Fiorentina,3,2
5,46,Atalanta,Fiorentina,3,2
5,47,Atalanta,Fiorentina,3,2
5,48,Atalanta,Fiorentina,3,2
5,49,Atalanta,Fiorentina,3,2
5,50,Atalanta,Fiorentina,3,2
5,51,Atalanta,Fiorentina,3,2
5,52,Atalanta,Fiorentina,3,2
5,53,Atalanta,Fiorentina,3,2
5,54,Atalanta,Fiorentina,3,2
5,55,Atalanta,Fiorentina,3,2
5,56,Atalanta,Fiorentina,3,2
5,57,Atalanta,Fiorentina,3,2
5,58,Atalanta,Fiorentina,3,2
5,59,Atalanta,Fiorentina,3,2
5,60,Atalanta,Fiorentina,3,2
5,61,Atalanta,Fiorentina,3,2
5,62,Atalanta,Fiorentina,3,2
5,63,Atalanta,Fiorentina,3,2
5,64,Atalanta,Fiorentina,3,2
5,65,Atalanta,Fiorentina,3,2
5,66,Atalanta,Fiorentina,3,2
5,67,Atalanta,Fiorentina,3,2
5,68,Atalanta,Fiorentina,3,2
5,69,Atalanta,Fiorentina,3,2
5,70,Atalanta,Fiorentina,3,2
5,71,Atalanta,Fiorentina,3,2
5,72,Atalanta,Fiorentina,3,2
5,73,Atalanta,Fiorentina,3,2
5,74,Atalanta,Fiorentina,3,2
5,75,Atalanta,Fiorentina,3,2
5,76,Atalanta,Fiorentina,3,2
5,77,Atalanta,Fiorentina,3,2
5,78,Atalanta,Fiorentina,3,2
5,79,Atalanta,Fiorentina,3,2
5,80,Atalanta,Fiorentina,3,2
5,81,Atalanta,Fiorentina,3,2
5,82,Atalanta,Fiorentina,3,2
5,83,Atalanta,Fiorentina,3,2
5,84,Atalanta,Fiorentina,3,2
5,85,Atalanta,Fiorentina,3,2
5,86,Atalanta,Fiorentina,3,2
5,87,Atalanta,Fiorentina,3,2
5,88,Atalanta,Fiorentina,3,2
5,89,Atalanta,Fiorentina,3,2
5,90,Atalanta,Fiorentina,3,2
6,1,Atalanta,Genoa,0,0
6,2,Atalanta,Genoa,0,0
6,3,Atalanta,Genoa,0,0
6,4,Atalanta,Genoa,0,0
6,5,Atalanta,Genoa,0,0
6,6,Atalanta,Genoa,0,0
6,7,Atalanta,Genoa,0,0
6,8,Atalanta,Genoa,0,0
6,9,Atalanta,Genoa,0,0
6,10,Atalanta,Genoa,0,0
6,11,Atalanta,Genoa,0,0
6,12,Atalanta,Genoa,0,0
6,13,Atalanta,Genoa,0,0
6,14,Atalanta,Genoa,0,0
6,15,Atalanta,Genoa,0,0
6,16,Atalanta,Genoa,0,0
6,17,Atalanta,Genoa,0,0
6,18,Atalanta,Genoa,0,0
6,19,Atalanta,Genoa,0,0
6,20,Atalanta,Genoa,0,0
6,21,Atalanta,Genoa,0,0
6,22,Atalanta,Genoa,0,0
6,23,Atalanta,Genoa,0,0
6,24,Atalanta,Genoa,1,0
6,25,Atalanta,Genoa,1,0
6,26,Atalanta,Genoa,1,0
6,27,Atalanta,Genoa,1,0
6,28,Atalanta,Genoa,1,0
6,29,Atalanta,Genoa,1,0
6,30,Atalanta,Genoa,1,0
6,31,Atalanta,Genoa,1,0
6,32,Atalanta,Genoa,1,0
6,33,Atalanta,Genoa,1,0
6,34,Atalanta,Genoa,1,0
6,35,Atalanta,Genoa,1,0
6,36,Atalanta,Genoa,1,0
6,37,Atalanta,Genoa,1,0
6,38,Atalanta,Genoa,1,0
6,39,Atalanta,Genoa,1,0
6,40,Atalanta,Genoa,1,0
6,41,Atalanta,Genoa,1,0
6,42,Atalanta,Genoa,1,0
6,43,Atalanta,Genoa,1,0
6,44,Atalanta,Genoa,1,0
6,45,Atalanta,Genoa,1,0
6,46,Atalanta,Genoa,1,0
6,47,Atalanta,Genoa,1,0
6,48,Atalanta,Genoa,1,0
6,49,Atalanta,Genoa,1,0
6,50,Atalanta,Genoa,2,0
6,51,Atalanta,Genoa,2,0
6,52,Atalanta,Genoa,2,0
6,53,Atalanta,Genoa,2,0
6,54,Atalanta,Genoa,2,0
6,55,Atalanta,Genoa,2,0
6,56,Atalanta,Genoa,2,0
6,57,Atalanta,Genoa,2,0
6,58,Atalanta,Genoa,2,0
6,59,Atalanta,Genoa,2,0
6,60,Atalanta,Genoa,3,0
6,61,Atalanta,Genoa,3,0
6,62,Atalanta,Genoa,3,0
6,63,Atalanta,Genoa,3,0
6,64,Atalanta,Genoa,3,0
6,65,Atalanta,Genoa,3,0
6,66,Atalanta,Genoa,3,0
6,67,Atalanta,Genoa,3,0
6,68,Atalanta,Genoa,3,0
6,69,Atalanta,Genoa,3,0
6,70,Atalanta,Genoa,3,0
6,71,Atalanta,Genoa,3,0
6,72,Atalanta,Genoa,3,0
6,73,Atalanta,Genoa,3,0
6,74,Atalanta,Genoa,4,0
6,75,Atalanta,Genoa,4,0
6,76,Atalanta,Genoa,4,0
6,77,Atalanta,Genoa,4,0
6,78,Atalanta,Genoa,4,0
6,79,Atalanta,Genoa,4,0
6,80,Atalanta,Genoa,5,0
6,81,Atalanta,Genoa,5,0
6,82,Atalanta,Genoa,5,0
6,83,Atalanta,Genoa,5,1
6,84,Atalanta,Genoa,5,1
6,85,Atalanta,Genoa,5,1
6,86,Atalanta,Genoa,5,1
6,87,Atalanta,Genoa,5,1
6,88,Atalanta,Genoa,5,1
6,89,Atalanta,Genoa,5,1
6,90,Atalanta,Genoa,5,1
7,1,Atalanta,Hellas Verona,0,0
7,2,Atalanta,Hellas Verona,0,0
7,3,Atalanta,Hellas Verona,0,0
7,4,Atalanta,Hellas Verona,0,0
7,5,Atalanta,Hellas Verona,0,0
7,6,Atalanta,Hellas Verona,1,0
7,7,Atalanta,Hellas Verona,1,0
7,8,Atalanta,Hellas Verona,1,0
7,9,Atalanta,Hellas Verona,2,0
7,10,Atalanta,Hellas Verona,2,0
7,11,Atalanta,Hellas Verona,2,0
7,12,Atalanta,Hellas Verona,2,0
7,13,Atalanta,Hellas Verona,2,0
7,14,Atalanta,Hellas Verona,3,0
7,15,Atalanta,Hellas Verona,3,0
7,16,Atalanta,Hellas Verona,3,0
7,17,Atalanta,Hellas Verona,3,0
7,18,Atalanta,Hellas Verona,3,0
7,19,Atalanta,Hellas Verona,3,0
7,20,Atalanta,Hellas Verona,3,0
7,21,Atalanta,Hellas Verona,3,0
7,22,Atalanta,Hellas Verona,3,0
7,23,Atalanta,Hellas Verona,3,0
7,24,Atalanta,Hellas Verona,3,0
7,25,Atalanta,Hellas Verona,3,0
7,26,Atalanta,Hellas Verona,3,0
7,27,Atalanta,Hellas Verona,3,0
7,28,Atalanta,Hellas Verona,3,0
7,29,Atalanta,Hellas Verona,4,0
7,30,Atalanta,Hellas Verona,4,0
7,31,Atalanta,Hellas Verona,4,0
7,32,Atalanta,Hellas Verona,4,0
7,33,Atalanta,Hellas Verona,4,0
7,34,Atalanta,Hellas Verona,5,0
7,35,Atalanta,Hellas Verona,5,0
7,36,Atalanta,Hellas Verona,5,0
7,37,Atalanta,Hellas Verona,5,0
7,38,Atalanta,Hellas Verona,5,0
7,39,Atalanta,Hellas Verona,5,0
7,40,Atalanta,Hellas Verona,5,0
7,41,Atalanta,Hellas Verona,5,0
7,42,Atalanta,Hellas Verona,5,1
7,43,Atalanta,Hellas Verona,5,1
7,44,Atalanta,Hellas Verona,5,1
7,45,Atalanta,Hellas Verona,5,1
7,46,Atalanta,Hellas Verona,5,1
7,47,Atalanta,Hellas Verona,5,1
7,48,Atalanta,Hellas Verona,5,1
7,49,Atalanta,Hellas Verona,5,1
7,50,Atalanta,Hellas Verona,5,1
7,51,Atalanta,Hellas Verona,5,1
7,52,Atalanta,Hellas Verona,5,1
7,53,Atalanta,Hellas Verona,5,1
7,54,Atalanta,Hellas Verona,5,1
7,55,Atalanta,Hellas Verona,5,1
7,56,Atalanta,Hellas Verona,5,1
7,57,Atalanta,Hellas Verona,5,1
7,58,Atalanta,Hellas Verona,6,1
7,59,Atalanta,Hellas Verona,6,1
7,60,Atalanta,Hellas Verona,6,1
7,61,Atalanta,Hellas Verona,6,1
7,62,Atalanta,Hellas Verona,6,1
7,63,Atalanta,Hellas Verona,6,1
7,64,Atalanta,Hellas Verona,6,1
7,65,Atalanta,Hellas Verona,6,1
7,66,Atalanta,Hellas Verona,6,1
7,67,Atalanta,Hellas Verona,6,1
7,68,Atalanta,Hellas Verona,6,1
7,69,Atalanta,Hellas Verona,6,1
7,70,Atalanta,Hellas Verona,6,1
7,71,Atalanta,Hellas Verona,6,1
7,72,Atalanta,Hellas Verona,6,1
7,73,Atalanta,Hellas Verona,6,1
7,74,Atalanta,Hellas Verona,6,1
7,75,Atalanta,Hellas Verona,6,1
7,76,Atalanta,Hellas Verona,6,1
7,77,Atalanta,Hellas Verona,6,1
7,78,Atalanta,Hellas Verona,6,1
7,79,Atalanta,Hellas Verona,6,1
7,80,Atalanta,Hellas Verona,6,1
7,81,Atalanta,Hellas Verona,6,1
7,82,Atalanta,Hellas Verona,6,1
7,83,Atalanta,Hellas Verona,6,1
7,84,Atalanta,Hellas Verona,6,1
7,85,Atalanta,Hellas Verona,6,1
7,86,Atalanta,Hellas Verona,6,1
7,87,Atalanta,Hellas Verona,6,1
7,88,Atalanta,Hellas Verona,6,1
7,89,Atalanta,Hellas Verona,6,1
7,90,Atalanta,Hellas Verona,6,1
8,1,Atalanta,Inter Milan,0,0
8,2,Atalanta,Inter Milan,0,0
8,3,Atalanta,Inter Milan,0,0
8,4,Atalanta,Inter Milan,0,0
8,5,Atalanta,Inter Milan,0,0
8,6,Atalanta,Inter Milan,0,0
8,7,Atalanta,Inter Milan,0,0
8,8,Atalanta,Inter Milan,0,0
8,9,Atalanta,Inter Milan,0,0
8,10,Atalanta,Inter Milan,0,0
8,11,Atalanta,Inter Milan,0,0
8,12,Atalanta,Inter Milan,0,0
8,13,Atalanta,Inter Milan,0,0
8,14,Atalanta,Inter Milan,0,0
8,15,Atalanta,Inter Milan,0,0
8,16,Atalanta,Inter Milan,0,0
8,17,Atalanta,Inter Milan,0,0
8,18,Atalanta,Inter Milan,0,0
8,19,Atalanta,Inter Milan,0,0
8,20,Atalanta,Inter Milan,0,0
8,21,Atalanta,Inter Milan,0,0
8,22,Atalanta,Inter Milan,0,0
8,23,Atalanta,Inter Milan,0,0
8,24,Atalanta,Inter Milan,0,0
8,25,Atalanta,Inter Milan,0,0
8,26,Atalanta,Inter Milan,0,0
8,27,Atalanta,Inter Milan,0,0
8,28,Atalanta,Inter Milan,0,0
8,29,Atalanta,Inter Milan,0,0
8,30,Atalanta,Inter Milan,0,0
8,31,Atalanta,Inter Milan,0,0
8,32,Atalanta,Inter Milan,0,0
8,33,Atalanta,Inter Milan,0,0
8,34,Atalanta,Inter Milan,0,0
8,35,Atalanta,Inter Milan,0,0
8,36,Atalanta,Inter Milan,0,0
8,37,Atalanta,Inter Milan,0,0
8,38,Atalanta,Inter Milan,0,0
8,39,Atalanta,Inter Milan,0,0
8,40,Atalanta,Inter Milan,0,0
8,41,Atalanta,Inter Milan,0,0
8,42,Atalanta,Inter Milan,0,0
8,43,Atalanta,Inter Milan,0,0
8,44,Atalanta,Inter Milan,0,0
8,45,Atalanta,Inter Milan,0,0
8,46,Atalanta,Inter Milan,0,0
8,47,Atalanta,Inter Milan,0,0
8,48,Atalanta,Inter Milan,0,0
8,49,Atalanta,Inter Milan,0,0
8,50,Atalanta,Inter Milan,0,0
8,51,Atalanta,Inter Milan,0,0
8,52,Atalanta,Inter Milan,0,0
8,53,Atalanta,Inter Milan,0,0
8,54,Atalanta,Inter Milan,0,1
8,55,Atalanta,Inter Milan,0,1
8,56,Atalanta,Inter Milan,0,1
8,57,Atalanta,Inter Milan,0,1
8,58,Atalanta,Inter Milan,0,1
8,59,Atalanta,Inter Milan,0,1
8,60,Atalanta,Inter Milan,0,1
8,61,Atalanta,Inter Milan,0,1
8,62,Atalanta,Inter Milan,0,1
8,63,Atalanta,Inter Milan,0,1
8,64,Atalanta,Inter Milan,0,1
8,65,Atalanta,Inter Milan,0,1
8,66,Atalanta,Inter Milan,0,1
8,67,Atalanta,Inter Milan,0,1
8,68,Atalanta,Inter Milan,0,1
8,69,Atalanta,Inter Milan,0,1
8,70,Atalanta,Inter Milan,0,1
8,71,Atalanta,Inter Milan,0,1
8,72,Atalanta,Inter Milan,0,1
8,73,Atalanta,Inter Milan,0,1
8,74,Atalanta,Inter Milan,0,1
8,75,Atalanta,Inter Milan,0,1
8,76,Atalanta,Inter Milan,0,1
8,77,Atalanta,Inter Milan,0,1
8,78,Atalanta,Inter Milan,0,1
8,79,Atalanta,Inter Milan,0,1
8,80,Atalanta,Inter Milan,0,1
8,81,Atalanta,Inter Milan,0,1
8,82,Atalanta,Inter Milan,0,1
8,83,Atalanta,Inter Milan,0,1
8,84,Atalanta,Inter Milan,0,1
8,85,Atalanta,Inter Milan,0,1
8,86,Atalanta,Inter Milan,0,1
8,87,Atalanta,Inter Milan,0,2
8,88,Atalanta,Inter Milan,0,2
8,89,Atalanta,Inter Milan,0,2
8,90,Atalanta,Inter Milan,0,2
9,1,Atalanta,Juventus,0,0
9,2,Atalanta,Juventus,0,0
9,3,Atalanta,Juventus,0,0
9,4,Atalanta,Juventus,0,0
9,5,Atalanta,Juventus,0,0
9,6,Atalanta,Juventus,0,0
9,7,Atalanta,Juventus,0,0
9,8,Atalanta,Juventus,0,0
9,9,Atalanta,Juventus,0,0
9,10,Atalanta,Juventus,0,0
9,11,Atalanta,Juventus,0,0
9,12,Atalanta,Juventus,0,0
9,13,Atalanta,Juventus,0,0
9,14,Atalanta,Juventus,0,0
9,15,Atalanta,Juventus,0,0
9,16,Atalanta,Juventus,0,0
9,17,Atalanta,Juventus,0,0
9,18,Atalanta,Juventus,0,0
9,19,Atalanta,Juventus,0,0
9,20,Atalanta,Juventus,0,0
9,21,Atalanta,Juventus,0,0
9,22,Atalanta,Juventus,0,0
9,23,Atalanta,Juventus,0,0
9,24,Atalanta,Juventus,0,0
9,25,Atalanta,Juventus,0,0
9,26,Atalanta,Juventus,0,0
9,27,Atalanta,Juventus,0,0
9,28,Atalanta,Juventus,0,0
9,29,Atalanta,Juventus,0,0
9,30,Atalanta,Juventus,0,0
9,31,Atalanta,Juventus,0,0
9,32,Atalanta,Juventus,0,0
9,33,Atalanta,Juventus,0,0
9,34,Atalanta,Juventus,0,0
9,35,Atalanta,Juventus,0,0
9,36,Atalanta,Juventus,0,0
9,37,Atalanta,Juventus,0,0
9,38,Atalanta,Juventus,0,0
9,39,Atalanta,Juventus,0,0
9,40,Atalanta,Juventus,0,0
9,41,Atalanta,Juventus,0,0
9,42,Atalanta,Juventus,0,0
9,43,Atalanta,Juventus,0,0
9,44,Atalanta,Juventus,0,0
9,45,Atalanta,Juventus,0,0
9,46,Atalanta,Juventus,0,0
9,47,Atalanta,Juventus,0,0
9,48,Atalanta,Juventus,0,0
9,49,Atalanta,Juventus,0,0
9,50,Atalanta,Juventus,0,0
9,51,Atalanta,Juventus,0,0
9,52,Atalanta,Juventus,0,0
9,53,Atalanta,Juventus,0,0
9,54,Atalanta,Juventus,0,1
9,55,Atalanta,Juventus,0,1
9,56,Atalanta,Juventus,0,1
9,57,Atalanta,Juventus,0,1
9,58,Atalanta,Juventus,0,1
9,59,Atalanta,Juventus,0,1
9,60,Atalanta,Juventus,0,1
9,61,Atalanta,Juventus,0,1
9,62,Atalanta,Juventus,0,1
9,63,Atalanta,Juventus,0,1
9,64,Atalanta,Juventus,0,1
9,65,Atalanta,Juventus,0,1
9,66,Atalanta,Juventus,0,1
9,67,Atalanta,Juventus,0,1
9,68,Atalanta,Juventus,0,1
9,69,Atalanta,Juventus,0,1
9,70,Atalanta,Juventus,0,1
9,71,Atalanta,Juventus,0,1
9,72,Atalanta,Juventus,0,1
9,73,Atalanta,Juventus,0,1
9,74,Atalanta,Juventus,0,1
9,75,Atalanta,Juventus,0,1
9,76,Atalanta,Juventus,0,1
9,77,Atalanta,Juventus,0,1
9,78,Atalanta,Juventus,1,1
9,79,Atalanta,Juventus,1,1
9,80,Atalanta,Juventus,1,1
9,81,Atalanta,Juventus,1,1
9,82,Atalanta,Juventus,1,1
9,83,Atalanta,Juventus,1,1
9,84,Atalanta,Juventus,1,1
9,85,Atalanta,Juventus,1,1
9,86,Atalanta,Juventus,1,1
9,87,Atalanta,Juventus,1,1
9,88,Atalanta,Juventus,1,1
9,89,Atalanta,Juventus,1,1
9,90,Atalanta,Juventus,1,1
10,1,Atalanta,Lazio,0,0
10,2,Atalanta,Lazio,0,0
10,3,Atalanta,Lazio,0,0
10,4,Atalanta,Lazio,0,0
10,5,Atalanta,Lazio,0,0
10,6,Atalanta,Lazio,0,0
10,7,Atalanta,Lazio,0,0
10,8,Atalanta,Lazio,0,0
10,9,Atalanta,Lazio,0,0
10,10,Atalanta,Lazio,0,0
10,11,Atalanta,Lazio,0,0
10,12,Atalanta,Lazio,0,0
10,13,Atalanta,Lazio,0,0
10,14,Atalanta,Lazio,0,0
10,15,Atalanta,Lazio,0,0
10,16,Atalanta,Lazio,0,0
10,17,Atalanta,Lazio,0,0
10,18,Atalanta,Lazio,0,0
10,19,Atalanta,Lazio,0,0
10,20,Atalanta,Lazio,0,0
10,21,Atalanta,Lazio,0,0
10,22,Atalanta,Lazio,0,0
10,23,Atalanta,Lazio,0,0
10,24,Atalanta,Lazio,0,0
10,25,Atalanta,Lazio,0,0
10,26,Atalanta,Lazio,0,0
10,27,Atalanta,Lazio,0,0
10,28,Atalanta,Lazio,0,0
10,29,Atalanta,Lazio,0,0
10,30,Atalanta,Lazio,0,0
10,31,Atalanta,Lazio,0,0
10,32,Atalanta,Lazio,0,0
10,33,Atalanta,Lazio,0,0
10,34,Atalanta,Lazio,0,0
10,35,Atalanta,Lazio,0,0
10,36,Atalanta,Lazio,0,0
10,37,Atalanta,Lazio,0,0
10,38,Atalanta,Lazio,0,0
10,39,Atalanta,Lazio,0,0
10,40,Atalanta,Lazio,0,0
10,41,Atalanta,Lazio,0,0
10,42,Atalanta,Lazio,0,0
10,43,Atalanta,Lazio,0,0
10,44,Atalanta,Lazio,0,0
10,45,Atalanta,Lazio,0,0
10,46,Atalanta,Lazio,0,0
10,47,Atalanta,Lazio,0,0
10,48,Atalanta,Lazio,0,0
10,49,Atalanta,Lazio,0,0
10,50,Atalanta,Lazio,0,0
10,51,Atalanta,Lazio,0,0
10,52,Atalanta,Lazio,0,0
10,53,Atalanta,Lazio,0,0
10,54,Atalanta,Lazio,0,1
10,55,Atalanta,Lazio,0,1
10,56,Atalanta,Lazio,0,1
10,57,Atalanta,Lazio,0,1
10,58,Atalanta,Lazio,0,1
10,59,Atalanta,Lazio,0,1
10,60,Atalanta,Lazio,0,1
10,61,Atalanta,Lazio,0,1
10,62,Atalanta,Lazio,0,1
10,63,Atalanta,Lazio,0,1
10,64,Atalanta,Lazio,0,1
10,65,Atalanta,Lazio,0,1
10,66,Atalanta,Lazio,0,1
10,67,Atalanta,Lazio,0,1
10,68,Atalanta,Lazio,0,1
10,69,Atalanta,Lazio,0,1
10,70,Atalanta,Lazio,0,1
10,71,Atalanta,Lazio,0,1
10,72,Atalanta,Lazio,0,1
10,73,Atalanta,Lazio,0,1
10,74,Atalanta,Lazio,0,1
10,75,Atalanta,Lazio,0,1
10,76,Atalanta,Lazio,0,1
10,77,Atalanta,Lazio,0,1
10,78,Atalanta,Lazio,0,1
10,79,Atalanta,Lazio,0,1
10,80,Atalanta,Lazio,0,1
10,81,Atalanta,Lazio,0,1
10,82,Atalanta,Lazio,0,1
10,83,Atalanta,Lazio,0,1
10,84,Atalanta,Lazio,0,1
10,85,Atalanta,Lazio,0,1
10,86,Atalanta,Lazio,0,1
10,87,Atalanta,Lazio,0,1
10,88,Atalanta,Lazio,0,1
10,89,Atalanta,Lazio,0,1
10,90,Atalanta,Lazio,0,1
11,1,Atalanta,Lecce,0,0
11,2,Atalanta,Lecce,0,0
11,3,Atalanta,Lecce,0,0
11,4,Atalanta,Lecce,0,0
11,5,Atalanta,Lecce,0,0
11,6,Atalanta,Lecce,0,0
11,7,Atalanta,Lecce,0,0
11,8,Atalanta,Lecce,0,0
11,9,Atalanta,Lecce,0,0
11,10,Atalanta,Lecce,0,0
11,11,Atalanta,Lecce,0,0
11,12,Atalanta,Lecce,0,0
11,13,Atalanta,Lecce,0,0
11,14,Atalanta,Lecce,0,0
11,15,Atalanta,Lecce,0,0
11,16,Atalanta,Lecce,0,0
11,17,Atalanta,Lecce,0,0
11,18,Atalanta,Lecce,0,0
11,19,Atalanta,Lecce,0,0
11,20,Atalanta,Lecce,0,0
11,21,Atalanta,Lecce,0,0
11,22,Atalanta,Lecce,0,0
11,23,Atalanta,Lecce,0,0
11,24,Atalanta,Lecce,0,0
11,25,Atalanta,Lecce,0,0
11,26,Atalanta,Lecce,0,0
11,27,Atalanta,Lecce,0,0
11,28,Atalanta,Lecce,0,0
11,29,Atalanta,Lecce,0,1
11,30,Atalanta,Lecce,0,1
11,31,Atalanta,Lecce,0,1
11,32,Atalanta,Lecce,0,1
11,33,Atalanta,Lecce,0,1
11,34,Atalanta,Lecce,0,1
11,35,Atalanta,Lecce,0,1
11,36,Atalanta,Lecce,0,1
11,37,Atalanta,Lecce,0,1
11,38,Atalanta,Lecce,0,1
11,39,Atalanta,Lecce,0,1
11,40,Atalanta,Lecce,0,1
11,41,Atalanta,Lecce,0,1
11,42,Atalanta,Lecce,0,1
11,43,Atalanta,Lecce,0,1
11,44,Atalanta,Lecce,0,1
11,45,Atalanta,Lecce,0,1
11,46,Atalanta,Lecce,0,1
11,47,Atalanta,Lecce,0,1
11,48,Atalanta,Lecce,0,1
11,49,Atalanta,Lecce,0,1
11,50,Atalanta,Lecce,0,1
11,51,Atalanta,Lecce,0,1
11,52,Atalanta,Lecce,0,1
11,53,Atalanta,Lecce,0,1
11,54,Atalanta,Lecce,0,1
11,55,Atalanta,Lecce,0,1
11,56,Atalanta,Lecce,0,1
11,57,Atalanta,Lecce,0,1
11,58,Atalanta,Lecce,0,1
11,59,Atalanta,Lecce,0,1
11,60,Atalanta,Lecce,0,1
11,61,Atalanta,Lecce,0,1
11,62,Atalanta,Lecce,0,1
11,63,Atalanta,Lecce,0,1
11,64,Atalanta,Lecce,0,1
11,65,Atalanta,Lecce,0,1
11,66,Atalanta,Lecce,0,1
11,67,Atalanta,Lecce,0,1
11,68,Atalanta,Lecce,0,1
11,69,Atalanta,Lecce,1,1
11,70,Atalanta,Lecce,1,1
11,71,Atalanta,Lecce,1,1
11,72,Atalanta,Lecce,1,1
11,73,Atalanta,Lecce,1,1
11,74,Atalanta,Lecce,1,1
11,75,Atalanta,Lecce,1,1
11,76,Atalanta,Lecce,1,1
11,77,Atalanta,Lecce,1,1
11,78,Atalanta,Lecce,1,1
11,79,Atalanta,Lecce,1,1
11,80,Atalanta,Lecce,1,1
11,81,Atalanta,Lecce,1,1
11,82,Atalanta,Lecce,1,1
11,83,Atalanta,Lecce,1,1
11,84,Atalanta,Lecce,1,1
11,85,Atalanta,Lecce,1,1
11,86,Atalanta,Lecce,1,1
11,87,Atalanta,Lecce,1,1
11,88,Atalanta,Lecce,1,1
11,89,Atalanta,Lecce,1,1
11,90,Atalanta,Lecce,1,1
12,1,Atalanta,AC Milan,0,0
12,2,Atalanta,AC Milan,0,0
12,3,Atalanta,AC Milan,0,0
12,4,Atalanta,AC Milan,0,0
12,5,Atalanta,AC Milan,0,0
12,6,Atalanta,AC Milan,0,0
12,7,Atalanta,AC Milan,0,0
12,8,Atalanta,AC Milan,0,0
12,9,Atalanta,AC Milan,0,0
12,10,Atalanta,AC Milan,0,0
12,11,Atalanta,AC Milan,0,0
12,12,Atalanta,AC Milan,1,0
12,13,Atalanta,AC Milan,1,0
12,14,Atalanta,AC Milan,1,0
12,15,Atalanta,AC Milan,1,0
12,16,Atalanta,AC Milan,1,0
12,17,Atalanta,AC Milan,1,0
12,18,Atalanta,AC Milan,1,0
12,19,Atalanta,AC Milan,1,0
12,20,Atalanta,AC Milan,1,0
12,21,Atalanta,AC Milan,1,0
12,22,Atalanta,AC Milan,1,1
12,23,Atalanta,AC Milan,1,1
12,24,Atalanta,AC Milan,1,1
12,25,Atalanta,AC Milan,1,1
12,26,Atalanta,AC Milan,1,1
12,27,Atalanta,AC Milan,1,1
12,28,Atalanta,AC Milan,1,1
12,29,Atalanta,AC Milan,1,1
12,30,Atalanta,AC Milan,1,1
12,31,Atalanta,AC Milan,1,1
12,32,Atalanta,AC Milan,1,1
12,33,Atalanta,AC Milan,1,1
12,34,Atalanta,AC Milan,1,1
12,35,Atalanta,AC Milan,1,1
12,36,Atalanta,AC Milan,1,1
12,37,Atalanta,AC Milan,1,1
12,38,Atalanta,AC Milan,1,1
12,39,Atalanta,AC Milan,1,1
12,40,Atalanta,AC Milan,1,1
12,41,Atalanta,AC Milan,1,1
12,42,Atalanta,AC Milan,1,1
12,43,Atalanta,AC Milan,1,1
12,44,Atalanta,AC Milan,1,1
12,45,Atalanta,AC Milan,1,1
12,46,Atalanta,AC Milan,1,1
12,47,Atalanta,AC Milan,1,1
12,48,Atalanta,AC Milan,1,1
12,49,Atalanta,AC Milan,1,1
12,50,Atalanta,AC Milan,1,1
12,51,Atalanta,AC Milan,1,1
12,52,Atalanta,AC Milan,1,1
12,53,Atalanta,AC Milan,1,1
12,54,Atalanta,AC Milan,1,1
12,55,Atalanta,AC Milan,1,1
12,56,Atalanta,AC Milan,1,1
12,57,Atalanta,AC Milan,1,1
12,58,Atalanta,AC Milan,1,1
12,59,Atalanta,AC Milan,1,1
12,60,Atalanta,AC Milan,1,1
12,61,Atalanta,AC Milan,1,1
12,62,Atalanta,AC Milan,1,1
12,63,Atalanta,AC Milan,1,1
12,64,Atalanta,AC Milan,1,1
12,65,Atalanta,AC Milan,1,1
12,66,Atalanta,AC Milan,1,1
12,67,Atalanta,AC Milan,1,1
12,68,Atalanta,AC Milan,1,1
12,69,Atalanta,AC Milan,1,1
12,70,Atalanta,AC Milan,1,1
12,71,Atalanta,AC Milan,1,1
12,72,Atalanta,AC Milan,1,1
12,73,Atalanta,AC Milan,1,1
12,74,Atalanta,AC Milan,1,1
12,75,Atalanta,AC Milan,1,1
12,76,Atalanta,AC Milan,1,1
12,77,Atalanta,AC Milan,1,1
12,78,Atalanta,AC Milan,1,1
12,79,Atalanta,AC Milan,1,1
12,80,Atalanta,AC Milan,1,1
12,81,Atalanta,AC Milan,1,1
12,82,Atalanta,AC Milan,1,1
12,83,Atalanta,AC Milan,1,1
12,84,Atalanta,AC Milan,1,1
12,85,Atalanta,AC Milan,1,1
12,86,Atalanta,AC Milan,1,1
12,87,Atalanta,AC Milan,2,1
12,88,Atalanta,AC Milan,2,1
12,89,Atalanta,AC Milan,2,1
12,90,Atalanta,AC Milan,2,1
13,1,Atalanta,Monza,0,0
13,2,Atalanta,Monza,0,0
13,3,Atalanta,Monza,0,0
13,4,Atalanta,Monza,0,0
13,5,Atalanta,Monza,0,0
13,6,Atalanta,Monza,0,0
13,7,Atalanta,Monza,0,0
13,8,Atalanta,Monza,0,0
13,9,Atalanta,Monza,0,0
13,10,Atalanta,Monza,0,0
13,11,Atalanta,Monza,0,0
13,12,Atalanta,Monza,0,0
13,13,Atalanta,Monza,0,0
13,14,Atalanta,Monza,0,0
13,15,Atalanta,Monza,0,0
13,16,Atalanta,Monza,0,0
13,17,Atalanta,Monza,0,0
13,18,Atalanta,Monza,0,0
13,19,Atalanta,Monza,0,0
13,20,Atalanta,Monza,0,0
13,21,Atalanta,Monza,0,0
13,22,Atalanta,Monza,0,0
13,23,Atalanta,Monza,0,0
13,24,Atalanta,Monza,0,0
13,25,Atalanta,Monza,0,0
13,26,Atalanta,Monza,0,0
13,27,Atalanta,Monza,0,0
13,28,Atalanta,Monza,0,0
13,29,Atalanta,Monza,0,0
13,30,Atalanta,Monza,0,0
13,31,Atalanta,Monza,0,0
13,32,Atalanta,Monza,0,0
13,33,Atalanta,Monza,0,0
13,34,Atalanta,Monza,0,0
13,35,Atalanta,Monza,0,0
13,36,Atalanta,Monza,0,0
13,37,Atalanta,Monza,0,0
13,38,Atalanta,Monza,0,0
13,39,Atalanta,Monza,0,0
13,40,Atalanta,Monza,0,0
13,41,Atalanta,Monza,0,0
13,42,Atalanta,Monza,0,0
13,43,Atalanta,Monza,0,0
13,44,Atalanta,Monza,0,0
13,45,Atalanta,Monza,0,0
13,46,Atalanta,Monza,0,0
13,47,Atalanta,Monza,0,0
13,48,Atalanta,Monza,0,0
13,49,Atalanta,Monza,0,0
13,50,Atalanta,Monza,0,0
13,51,Atalanta,Monza,0,0
13,52,Atalanta,Monza,0,0
13,53,Atalanta,Monza,0,0
13,54,Atalanta,Monza,0,0
13,55,Atalanta,Monza,0,0
13,56,Atalanta,Monza,0,0
13,57,Atalanta,Monza,0,0
13,58,Atalanta,Monza,0,0
13,59,Atalanta,Monza,0,0
13,60,Atalanta,Monza,0,0
13,61,Atalanta,Monza,0,0
13,62,Atalanta,Monza,0,0
13,63,Atalanta,Monza,0,0
13,64,Atalanta,Monza,0,0
13,65,Atalanta,Monza,0,0
13,66,Atalanta,Monza,0,0
13,67,Atalanta,Monza,0,0
13,68,Atalanta,Monza,0,0
13,69,Atalanta,Monza,0,0
13,70,Atalanta,Monza,1,0
13,71,Atalanta,Monza,1,0
13,72,Atalanta,Monza,1,0
13,73,Atalanta,Monza,1,0
13,74,Atalanta,Monza,1,0
13,75,Atalanta,Monza,1,0
13,76,Atalanta,Monza,1,0
13,77,Atalanta,Monza,1,0
13,78,Atalanta,Monza,1,0
13,79,Atalanta,Monza,1,0
13,80,Atalanta,Monza,1,0
13,81,Atalanta,Monza,1,0
13,82,Atalanta,Monza,1,0
13,83,Atalanta,Monza,1,0
13,84,Atalanta,Monza,1,0
13,85,Atalanta,Monza,1,0
13,86,Atalanta,Monza,1,0
13,87,Atalanta,Monza,1,0
13,88,Atalanta,Monza,2,0
13,89,Atalanta,Monza,2,0
13,90,Atalanta,Monza,2,0
14,1,Atalanta,Napoli,0,0
14,2,Atalanta,Napoli,0,0
14,3,Atalanta,Napoli,0,0
14,4,Atalanta,Napoli,0,0
14,5,Atalanta,Napoli,0,0
14,6,Atalanta,Napoli,0,0
14,7,Atalanta,Napoli,0,0
14,8,Atalanta,Napoli,0,0
14,9,Atalanta,Napoli,0,0
14,10,Atalanta,Napoli,0,0
14,11,Atalanta,Napoli,0,0
14,12,Atalanta,Napoli,0,0
14,13,Atalanta,Napoli,0,0
14,14,Atalanta,Napoli,0,0
14,15,Atalanta,Napoli,0,0
14,16,Atalanta,Napoli,1,0
14,17,Atalanta,Napoli,1,0
14,18,Atalanta,Napoli,1,0
14,19,Atalanta,Napoli,1,0
14,20,Atalanta,Napoli,1,0
14,21,Atalanta,Napoli,1,0
14,22,Atalanta,Napoli,1,0
14,23,Atalanta,Napoli,1,0
14,24,Atalanta,Napoli,1,0
14,25,Atalanta,Napoli,1,0
14,26,Atalanta,Napoli,1,0
14,27,Atalanta,Napoli,1,1
14,28,Atalanta,Napoli,1,1
14,29,Atalanta,Napoli,1,1
14,30,Atalanta,Napoli,1,1
14,31,Atalanta,Napoli,1,1
14,32,Atalanta,Napoli,1,1
14,33,Atalanta,Napoli,1,1
14,34,Atalanta,Napoli,1,1
14,35,Atalanta,Napoli,1,1
14,36,Atalanta,Napoli,1,1
14,37,Atalanta,Napoli,1,1
14,38,Atalanta,Napoli,1,1
14,39,Atalanta,Napoli,1,1
14,40,Atalanta,Napoli,1,2
14,41,Atalanta,Napoli,1,2
14,42,Atalanta,Napoli,1,2
14,43,Atalanta,Napoli,1,2
14,44,Atalanta,Napoli,1,2
14,45,Atalanta,Napoli,1,2
14,46,Atalanta,Napoli,1,2
14,47,Atalanta,Napoli,1,2
14,48,Atalanta,Napoli,1,2
14,49,Atalanta,Napoli,1,2
14,50,Atalanta,Napoli,1,2
14,51,Atalanta,Napoli,1,2
14,52,Atalanta,Napoli,1,2
14,53,Atalanta,Napoli,1,2
14,54,Atalanta,Napoli,1,2
14,55,Atalanta,Napoli,2,2
14,56,Atalanta,Napoli,2,2
14,57,Atalanta,Napoli,2,2
14,58,Atalanta,Napoli,2,2
14,59,Atalanta,Napoli,2,2
14,60,Atalanta,Napoli,2,2
14,61,Atalanta,Napoli,2,2
14,62,Atalanta,Napoli,2,2
14,63,Atalanta,Napoli,2,2
14,64,Atalanta,Napoli,2,2
14,65,Atalanta,Napoli,2,2
14,66,Atalanta,Napoli,2,2
14,67,Atalanta,Napoli,2,2
14,68,Atalanta,Napoli,2,2
14,69,Atalanta,Napoli,2,2
14,70,Atalanta,Napoli,2,2
14,71,Atalanta,Napoli,2,2
14,72,Atalanta,Napoli,2,2
14,73,Atalanta,Napoli,2,2
14,74,Atalanta,Napoli,2,2
14,75,Atalanta,Napoli,2,2
14,76,Atalanta,Napoli,2,2
14,77,Atalanta,Napoli,2,2
14,78,Atalanta,Napoli,2,3
14,79,Atalanta,Napoli,2,3
14,80,Atalanta,Napoli,2,3
14,81,Atalanta,Napoli,2,3
14,82,Atalanta,Napoli,2,3
14,83,Atalanta,Napoli,2,3
14,84,Atalanta,Napoli,2,3
14,85,Atalanta,Napoli,2,3
14,86,Atalanta,Napoli,2,3
14,87,Atalanta,Napoli,2,3
14,88,Atalanta,Napoli,2,3
14,89,Atalanta,Napoli,2,3
14,90,Atalanta,Napoli,2,3
15,1,Atalanta,Parma,0,0
15,2,Atalanta,Parma,0,0
15,3,Atalanta,Parma,0,0
15,4,Atalanta,Parma,0,0
15,5,Atalanta,Parma,0,0
15,6,Atalanta,Parma,0,0
15,7,Atalanta,Parma,0,0
15,8,Atalanta,Parma,0,0
15,9,Atalanta,Parma,0,0
15,10,Atalanta,Parma,0,0
15,11,Atalanta,Parma,0,0
15,12,Atalanta,Parma,0,0
15,13,Atalanta,Parma,0,0
15,14,Atalanta,Parma,0,0
15,15,Atalanta,Parma,0,0
15,16,Atalanta,Parma,0,0
15,17,Atalanta,Parma,0,0
15,18,Atalanta,Parma,0,0
15,19,Atalanta,Parma,0,0
15,20,Atalanta,Parma,0,0
15,21,Atalanta,Parma,0,0
15,22,Atalanta,Parma,0,0
15,23,Atalanta,Parma,0,0
15,24,Atalanta,Parma,0,0
15,25,Atalanta,Parma,0,0
15,26,Atalanta,Parma,0,0
15,27,Atalanta,Parma,0,0
15,28,Atalanta,Parma,0,0
15,29,Atalanta,Parma,0,0
15,30,Atalanta,Parma,0,0
15,31,Atalanta,Parma,0,0
15,32,Atalanta,Parma,1,0
15,33,Atalanta,Parma,2,0
15,34,Atalanta,Parma,2,0
15,35,Atalanta,Parma,2,0
15,36,Atalanta,Parma,2,0
15,37,Atalanta,Parma,2,0
15,38,Atalanta,Parma,2,0
15,39,Atalanta,Parma,2,0
15,40,Atalanta,Parma,2,0
15,41,Atalanta,Parma,2,0
15,42,Atalanta,Parma,2,0
15,43,Atalanta,Parma,2,0
15,44,Atalanta,Parma,2,0
15,45,Atalanta,Parma,2,0
15,46,Atalanta,Parma,2,0
15,47,Atalanta,Parma,2,0
15,48,Atalanta,Parma,2,0
15,49,Atalanta,Parma,2,1
15,50,Atalanta,Parma,2,1
15,51,Atalanta,Parma,2,1
15,52,Atalanta,Parma,2,1
15,53,Atalanta,Parma,2,1
15,54,Atalanta,Parma,2,1
15,55,Atalanta,Parma,2,1
15,56,Atalanta,Parma,2,1
15,57,Atalanta,Parma,2,1
15,58,Atalanta,Parma,2,1
15,59,Atalanta,Parma,2,1
15,60,Atalanta,Parma,2,1
15,61,Atalanta,Parma,2,1
15,62,Atalanta,Parma,2,1
15,63,Atalanta,Parma,2,1
15,64,Atalanta,Parma,2,1
15,65,Atalanta,Parma,2,1
15,66,Atalanta,Parma,2,1
15,67,Atalanta,Parma,2,1
15,68,Atalanta,Parma,2,1
15,69,Atalanta,Parma,2,1
15,70,Atalanta,Parma,2,1
15,71,Atalanta,Parma,2,2
15,72,Atalanta,Parma,2,2
15,73,Atalanta,Parma,2,2
15,74,Atalanta,Parma,2,2
15,75,Atalanta,Parma,2,2
15,76,Atalanta,Parma,2,2
15,77,Atalanta,Parma,2,2
15,78,Atalanta,Parma,2,2
15,79,Atalanta,Parma,2,2
15,80,Atalanta,Parma,2,2
15,81,Atalanta,Parma,2,2
15,82,Atalanta,Parma,2,2
15,83,Atalanta,Parma,2,2
15,84,Atalanta,Parma,2,2
15,85,Atalanta,Parma,2,2
15,86,Atalanta,Parma,2,2
15,87,Atalanta,Parma,2,2
15,88,Atalanta,Parma,2,2
15,89,Atalanta,Parma,2,2
15,90,Atalanta,Parma,2,3
16,1,Atalanta,Roma,0,0
16,2,Atalanta,Roma,0,0
16,3,Atalanta,Roma,0,0
16,4,Atalanta,Roma,0,0
16,5,Atalanta,Roma,0,0
16,6,Atalanta,Roma,0,0
16,7,Atalanta,Roma,0,0
16,8,Atalanta,Roma,0,0
16,9,Atalanta,Roma,1,0
16,10,Atalanta,Roma,1,0
16,11,Atalanta,Roma,1,0
16,12,Atalanta,Roma,1,0
16,13,Atalanta,Roma,1,0
16,14,Atalanta,Roma,1,0
16,15,Atalanta,Roma,1,0
16,16,Atalanta,Roma,1,0
16,17,Atalanta,Roma,1,0
16,18,Atalanta,Roma,1,0
16,19,Atalanta,Roma,1,0
16,20,Atalanta,Roma,1,0
16,21,Atalanta,Roma,1,0
16,22,Atalanta,Roma,1,0
16,23,Atalanta,Roma,1,0
16,24,Atalanta,Roma,1,0
16,25,Atalanta,Roma,1,0
16,26,Atalanta,Roma,1,0
16,27,Atalanta,Roma,1,0
16,28,Atalanta,Roma,1,0
16,29,Atalanta,Roma,1,0
16,30,Atalanta,Roma,1,0
16,31,Atalanta,Roma,1,0
16,32,Atalanta,Roma,1,1
16,33,Atalanta,Roma,1,1
16,34,Atalanta,Roma,1,1
16,35,Atalanta,Roma,1,1
16,36,Atalanta,Roma,1,1
16,37,Atalanta,Roma,1,1
16,38,Atalanta,Roma,1,1
16,39,Atalanta,Roma,1,1
16,40,Atalanta,Roma,1,1
16,41,Atalanta,Roma,1,1
16,42,Atalanta,Roma,1,1
16,43,Atalanta,Roma,1,1
16,44,Atalanta,Roma,1,1
16,45,Atalanta,Roma,1,1
16,46,Atalanta,Roma,1,1
16,47,Atalanta,Roma,1,1
16,48,Atalanta,Roma,1,1
16,49,Atalanta,Roma,1,1
16,50,Atalanta,Roma,1,1
16,51,Atalanta,Roma,1,1
16,52,Atalanta,Roma,1,1
16,53,Atalanta,Roma,1,1
16,54,Atalanta,Roma,1,1
16,55,Atalanta,Roma,1,1
16,56,Atalanta,Roma,1,1
16,57,Atalanta,Roma,1,1
16,58,Atalanta,Roma,1,1
16,59,Atalanta,Roma,1,1
16,60,Atalanta,Roma,1,1
16,61,Atalanta,Roma,1,1
16,62,Atalanta,Roma,1,1
16,63,Atalanta,Roma,1,1
16,64,Atalanta,Roma,1,1
16,65,Atalanta,Roma,1,1
16,66,Atalanta,Roma,1,1
16,67,Atalanta,Roma,1,1
16,68,Atalanta,Roma,1,1
16,69,Atalanta,Roma,1,1
16,70,Atalanta,Roma,1,1
16,71,Atalanta,Roma,1,1
16,72,Atalanta,Roma,1,1
16,73,Atalanta,Roma,1,1
16,74,Atalanta,Roma,1,1
16,75,Atalanta,Roma,1,1
16,76,Atalanta,Roma,2,1
16,77,Atalanta,Roma,2,1
16,78,Atalanta,Roma,2,1
16,79,Atalanta,Roma,2,1
16,80,Atalanta,Roma,2,1
16,81,Atalanta,Roma,2,1
16,82,Atalanta,Roma,2,1
16,83,Atalanta,Roma,2,1
16,84,Atalanta,Roma,2,1
16,85,Atalanta,Roma,2,1
16,86,Atalanta,Roma,2,1
16,87,Atalanta,Roma,2,1
16,88,Atalanta,Roma,2,1
16,89,Atalanta,Roma,2,1
16,90,Atalanta,Roma,2,1
17,1,Atalanta,Torino,0,0
17,2,Atalanta,Torino,0,0
17,3,Atalanta,Torino,0,0
17,4,Atalanta,Torino,0,0
17,5,Atalanta,Torino,0,0
17,6,Atalanta,Torino,0,0
17,7,Atalanta,Torino,0,0
17,8,Atalanta,Torino,0,0
17,9,Atalanta,Torino,0,0
17,10,Atalanta,Torino,0,0
17,11,Atalanta,Torino,0,0
17,12,Atalanta,Torino,0,0
17,13,Atalanta,Torino,0,0
17,14,Atalanta,Torino,0,0
17,15,Atalanta,Torino,0,0
17,16,Atalanta,Torino,0,0
17,17,Atalanta,Torino,0,0
17,18,Atalanta,Torino,0,0
17,19,Atalanta,Torino,0,0
17,20,Atalanta,Torino,0,0
17,21,Atalanta,Torino,0,0
17,22,Atalanta,Torino,0,0
17,23,Atalanta,Torino,0,0
17,24,Atalanta,Torino,0,0
17,25,Atalanta,Torino,0,0
17,26,Atalanta,Torino,0,0
17,27,Atalanta,Torino,0,0
17,28,Atalanta,Torino,0,0
17,29,Atalanta,Torino,0,0
17,30,Atalanta,Torino,0,0
17,31,Atalanta,Torino,0,0
17,32,Atalanta,Torino,0,0
17,33,Atalanta,Torino,0,0
17,34,Atalanta,Torino,0,0
17,35,Atalanta,Torino,1,0
17,36,Atalanta,Torino,1,0
17,37,Atalanta,Torino,1,0
17,38,Atalanta,Torino,1,0
17,39,Atalanta,Torino,1,0
17,40,Atalanta,Torino,1,1
17,41,Atalanta,Torino,1,1
17,42,Atalanta,Torino,1,1
17,43,Atalanta,Torino,1,1
17,44,Atalanta,Torino,1,1
17,45,Atalanta,Torino,1,1
17,46,Atalanta,Torino,1,1
17,47,Atalanta,Torino,1,1
17,48,Atalanta,Torino,1,1
17,49,Atalanta,Torino,1,1
17,50,Atalanta,Torino,1,1
17,51,Atalanta,Torino,1,1
17,52,Atalanta,Torino,1,1
17,53,Atalanta,Torino,1,1
17,54,Atalanta,Torino,1,1
17,55,Atalanta,Torino,1,1
17,56,Atalanta,Torino,1,1
17,57,Atalanta,Torino,1,1
17,58,Atalanta,Torino,1,1
17,59,Atalanta,Torino,1,1
17,60,Atalanta,Torino,1,1
17,61,Atalanta,Torino,1,1
17,62,Atalanta,Torino,1,1
17,63,Atalanta,Torino,1,1
17,64,Atalanta,Torino,1,1
17,65,Atalanta,Torino,1,1
17,66,Atalanta,Torino,1,1
17,67,Atalanta,Torino,1,1
17,68,Atalanta,Torino,1,1
17,69,Atalanta,Torino,1,1
17,70,Atalanta,Torino,1,1
17,71,Atalanta,Torino,1,1
17,72,Atalanta,Torino,1,1
17,73,Atalanta,Torino,1,1
17,74,Atalanta,Torino,1,1
17,75,Atalanta,Torino,1,1
17,76,Atalanta,Torino,1,1
17,77,Atalanta,Torino,1,1
17,78,Atalanta,Torino,1,1
17,79,Atalanta,Torino,1,1
17,80,Atalanta,Torino,1,1
17,81,Atalanta,Torino,1,1
17,82,Atalanta,Torino,1,1
17,83,Atalanta,Torino,1,1
17,84,Atalanta,Torino,1,1
17,85,Atalanta,Torino,1,1
17,86,Atalanta,Torino,1,1
17,87,Atalanta,Torino,1,1
17,88,Atalanta,Torino,1,1
17,89,Atalanta,Torino,1,1
17,90,Atalanta,Torino,1,1
18,1,Atalanta,Udinese,0,0
18,2,Atalanta,Udinese,0,0
18,3,Atalanta,Udinese,0,0
18,4,Atalanta,Udinese,0,0
18,5,Atalanta,Udinese,0,0
18,6,Atalanta,Udinese,0,0
18,7,Atalanta,Udinese,0,0
18,8,Atalanta,Udinese,0,0
18,9,Atalanta,Udinese,0,0
18,10,Atalanta,Udinese,0,0
18,11,Atalanta,Udinese,0,0
18,12,Atalanta,Udinese,0,0
18,13,Atalanta,Udinese,0,0
18,14,Atalanta,Udinese,0,0
18,15,Atalanta,Udinese,0,0
18,16,Atalanta,Udinese,0,0
18,17,Atalanta,Udinese,0,0
18,18,Atalanta,Udinese,0,0
18,19,Atalanta,Udinese,0,0
18,20,Atalanta,Udinese,0,0
18,21,Atalanta,Udinese,0,0
18,22,Atalanta,Udinese,0,0
18,23,Atalanta,Udinese,0,0
18,24,Atalanta,Udinese,0,0
18,25,Atalanta,Udinese,0,0
18,26,Atalanta,Udinese,0,0
18,27,Atalanta,Udinese,0,0
18,28,Atalanta,Udinese,0,0
18,29,Atalanta,Udinese,0,0
18,30,Atalanta,Udinese,0,0
18,31,Atalanta,Udinese,0,0
18,32,Atalanta,Udinese,0,0
18,33,Atalanta,Udinese,0,0
18,34,Atalanta,Udinese,0,0
18,35,Atalanta,Udinese,0,0
18,36,Atalanta,Udinese,0,0
18,37,Atalanta,Udinese,0,0
18,38,Atalanta,Udinese,0,0
18,39,Atalanta,Udinese,0,0
18,40,Atalanta,Udinese,0,0
18,41,Atalanta,Udinese,0,0
18,42,Atalanta,Udinese,0,0
18,43,Atalanta,Udinese,0,0
18,44,Atalanta,Udinese,0,0
18,45,Atalanta,Udinese,0,1
18,46,Atalanta,Udinese,0,1
18,47,Atalanta,Udinese,0,1
18,48,Atalanta,Udinese,0,1
18,49,Atalanta,Udinese,0,1
18,50,Atalanta,Udinese,0,1
18,51,Atalanta,Udinese,0,1
18,52,Atalanta,Udinese,0,1
18,53,Atalanta,Udinese,0,1
18,54,Atalanta,Udinese,0,1
18,55,Atalanta,Udinese,0,1
18,56,Atalanta,Udinese,1,1
18,57,Atalanta,Udinese,1,1
18,58,Atalanta,Udinese,1,1
18,59,Atalanta,Udinese,1,1
18,60,Atalanta,Udinese,2,1
18,61,Atalanta,Udinese,2,1
18,62,Atalanta,Udinese,2,1
18,63,Atalanta,Udinese,2,1
18,64,Atalanta,Udinese,2,1
18,65,Atalanta,Udinese,2,1
18,66,Atalanta,Udinese,2,1
18,67,Atalanta,Udinese,2,1
18,68,Atalanta,Udinese,2,1
18,69,Atalanta,Udinese,2,1
18,70,Atalanta,Udinese,2,1
18,71,Atalanta,Udinese,2,1
18,72,Atalanta,Udinese,2,1
18,73,Atalanta,Udinese,2,1
18,74,Atalanta,Udinese,2,1
18,75,Atalanta,Udinese,2,1
18,76,Atalanta,Udinese,2,1
18,77,Atalanta,Udinese,2,1
18,78,Atalanta,Udinese,2,1
18,79,Atalanta,Udinese,2,1
18,80,Atalanta,Udinese,2,1
18,81,Atalanta,Udinese,2,1
18,82,Atalanta,Udinese,2,1
18,83,Atalanta,Udinese,2,1
18,84,Atalanta,Udinese,2,1
18,85,Atalanta,Udinese,2,1
18,86,Atalanta,Udinese,2,1
18,87,Atalanta,Udinese,2,1
18,88,Atalanta,Udinese,2,1
18,89,Atalanta,Udinese,2,1
18,90,Atalanta,Udinese,2,1
19,1,Atalanta,Venezia,0,0
19,2,Atalanta,Venezia,0,0
19,3,Atalanta,Venezia,0,0
19,4,Atalanta,Venezia,0,0
19,5,Atalanta,Venezia,0,0
19,6,Atalanta,Venezia,0,0
19,7,Atalanta,Venezia,0,0
19,8,Atalanta,Venezia,0,0
19,9,Atalanta,Venezia,0,0
19,10,Atalanta,Venezia,0,0
19,11,Atalanta,Venezia,0,0
19,12,Atalanta,Venezia,0,0
19,13,Atalanta,Venezia,0,0
19,14,Atalanta,Venezia,0,0
19,15,Atalanta,Venezia,0,0
19,16,Atalanta,Venezia,0,0
19,17,Atalanta,Venezia,0,0
19,18,Atalanta,Venezia,0,0
19,19,Atalanta,Venezia,0,0
19,20,Atalanta,Venezia,0,0
19,21,Atalanta,Venezia,0,0
19,22,Atalanta,Venezia,0,0
19,23,Atalanta,Venezia,0,0
19,24,Atalanta,Venezia,0,0
19,25,Atalanta,Venezia,0,0
19,26,Atalanta,Venezia,0,0
19,27,Atalanta,Venezia,0,0
19,28,Atalanta,Venezia,0,0
19,29,Atalanta,Venezia,0,0
19,30,Atalanta,Venezia,0,0
19,31,Atalanta,Venezia,0,0
19,32,Atalanta,Venezia,0,0
19,33,Atalanta,Venezia,0,0
19,34,Atalanta,Venezia,0,0
19,35,Atalanta,Venezia,0,0
19,36,Atalanta,Venezia,0,0
19,37,Atalanta,Venezia,0,0
19,38,Atalanta,Venezia,0,0
19,39,Atalanta,Venezia,0,0
19,40,Atalanta,Venezia,0,0
19,41,Atalanta,Venezia,0,0
19,42,Atalanta,Venezia,0,0
19,43,Atalanta,Venezia,0,0
19,44,Atalanta,Venezia,0,0
19,45,Atalanta,Venezia,0,0
19,46,Atalanta,Venezia,0,0
19,47,Atalanta,Venezia,0,0
19,48,Atalanta,Venezia,0,0
19,49,Atalanta,Venezia,0,0
19,50,Atalanta,Venezia,0,0
19,51,Atalanta,Venezia,0,0
19,52,Atalanta,Venezia,0,0
19,53,Atalanta,Venezia,0,0
19,54,Atalanta,Venezia,0,0
19,55,Atalanta,Venezia,0,0
19,56,Atalanta,Venezia,0,0
19,57,Atalanta,Venezia,0,0
19,58,Atalanta,Venezia,0,0
19,59,Atalanta,Venezia,0,0
19,60,Atalanta,Venezia,0,0
19,61,Atalanta,Venezia,0,0
19,62,Atalanta,Venezia,0,0
19,63,Atalanta,Venezia,0,0
19,64,Atalanta,Venezia,0,0
19,65,Atalanta,Venezia,0,0
19,66,Atalanta,Venezia,0,0
19,67,Atalanta,Venezia,0,0
19,68,Atalanta,Venezia,0,0
19,69,Atalanta,Venezia,0,0
19,70,Atalanta,Venezia,0,0
19,71,Atalanta,Venezia,0,0
19,72,Atalanta,Venezia,0,0
19,73,Atalanta,Venezia,0,0
19,74,Atalanta,Venezia,0,0
19,75,Atalanta,Venezia,0,0
19,76,Atalanta,Venezia,0,0
19,77,Atalanta,Venezia,0,0
19,78,Atalanta,Venezia,0,0
19,79,Atalanta,Venezia,0,0
19,80,Atalanta,Venezia,0,0
19,81,Atalanta,Venezia,0,0
19,82,Atalanta,Venezia,0,0
19,83,Atalanta,Venezia,0,0
19,84,Atalanta,Venezia,0,0
19,85,Atalanta,Venezia,0,0
19,86,Atalanta,Venezia,0,0
19,87,Atalanta,Venezia,0,0
19,88,Atalanta,Venezia,0,0
19,89,Atalanta,Venezia,0,0
19,90,Atalanta,Venezia,0,0
20,1,Bologna,Atalanta,0,0
20,2,Bologna,Atalanta,0,0
20,3,Bologna,Atalanta,0,0
20,4,Bologna,Atalanta,0,0
20,5,Bologna,Atalanta,0,0
20,6,Bologna,Atalanta,0,0
20,7,Bologna,Atalanta,0,0
20,8,Bologna,Atalanta,0,0
20,9,Bologna,Atalanta,0,0
20,10,Bologna,Atalanta,0,0
20,11,Bologna,Atalanta,0,0
20,12,Bologna,Atalanta,0,0
20,13,Bologna,Atalanta,0,0
20,14,Bologna,Atalanta,0,0
20,15,Bologna,Atalanta,0,0
20,16,Bologna,Atalanta,0,0
20,17,Bologna,Atalanta,0,0
20,18,Bologna,Atalanta,0,0
20,19,Bologna,Atalanta,0,0
20,20,Bologna,Atalanta,0,0
20,21,Bologna,Atalanta,0,0
20,22,Bologna,Atalanta,0,0
20,23,Bologna,Atalanta,0,0
20,24,Bologna,Atalanta,0,0
20,25,Bologna,Atalanta,0,0
20,26,Bologna,Atalanta,0,0
20,27,Bologna,Atalanta,0,0
20,28,Bologna,Atalanta,0,0
20,29,Bologna,Atalanta,0,0
20,30,Bologna,Atalanta,0,0
20,31,Bologna,Atalanta,0,0
20,32,Bologna,Atalanta,0,0
20,33,Bologna,Atalanta,0,0
20,34,Bologna,Atalanta,0,0
20,35,Bologna,Atalanta,0,0
20,36,Bologna,Atalanta,0,0
20,37,Bologna,Atalanta,0,0
20,38,Bologna,Atalanta,0,0
20,39,Bologna,Atalanta,0,0
20,40,Bologna,Atalanta,0,0
20,41,Bologna,Atalanta,0,0
20,42,Bologna,Atalanta,0,0
20,43,Bologna,Atalanta,0,0
20,44,Bologna,Atalanta,0,0
20,45,Bologna,Atalanta,0,0
20,46,Bologna,Atalanta,1,0
20,47,Bologna,Atalanta,1,0
20,48,Bologna,Atalanta,1,0
20,49,Bologna,Atalanta,1,0
20,50,Bologna,Atalanta,1,0
20,51,Bologna,Atalanta,1,0
20,52,Bologna,Atalanta,1,0
20,53,Bologna,Atalanta,1,0
20,54,Bologna,Atalanta,1,0
20,55,Bologna,Atalanta,1,0
20,56,Bologna,Atalanta,1,0
20,57,Bologna,Atalanta,1,0
20,58,Bologna,Atalanta,1,0
20,59,Bologna,Atalanta,1,0
20,60,Bologna,Atalanta,1,0
20,61,Bologna,Atalanta,1,0
20,62,Bologna,Atalanta,1,0
20,63,Bologna,Atalanta,1,0
20,64,Bologna,Atalanta,1,0
20,65,Bologna,Atalanta,1,0
20,66,Bologna,Atalanta,1,0
20,67,Bologna,Atalanta,1,0
20,68,Bologna,Atalanta,1,0
20,69,Bologna,Atalanta,1,0
20,70,Bologna,Atalanta,1,0
20,71,Bologna,Atalanta,1,0
20,72,Bologna,Atalanta,1,0
20,73,Bologna,Atalanta,1,0
20,74,Bologna,Atalanta,1,0
20,75,Bologna,Atalanta,1,0
20,76,Bologna,Atalanta,1,0
20,77,Bologna,Atalanta,1,0
20,78,Bologna,Atalanta,1,0
20,79,Bologna,Atalanta,1,0
20,80,Bologna,Atalanta,1,0
20,81,Bologna,Atalanta,1,0
20,82,Bologna,Atalanta,1,0
20,83,Bologna,Atalanta,1,0
20,84,Bologna,Atalanta,1,0
20,85,Bologna,Atalanta,1,0
20,86,Bologna,Atalanta,1,0
20,87,Bologna,Atalanta,1,0
20,88,Bologna,Atalanta,1,0
20,89,Bologna,Atalanta,1,0
20,90,Bologna,Atalanta,1,1
21,1,Bologna,Cagliari,0,0
21,2,Bologna,Cagliari,0,0
21,3,Bologna,Cagliari,0,0
21,4,Bologna,Cagliari,0,0
21,5,Bologna,Cagliari,0,0
21,6,Bologna,Cagliari,0,0
21,7,Bologna,Cagliari,0,0
21,8,Bologna,Cagliari,0,0
21,9,Bologna,Cagliari,0,0
21,10,Bologna,Cagliari,0,0
21,11,Bologna,Cagliari,0,0
21,12,Bologna,Cagliari,0,0
21,13,Bologna,Cagliari,0,0
21,14,Bologna,Cagliari,0,0
21,15,Bologna,Cagliari,0,0
21,16,Bologna,Cagliari,0,0
21,17,Bologna,Cagliari,0,0
21,18,Bologna,Cagliari,0,0
21,19,Bologna,Cagliari,0,0
21,20,Bologna,Cagliari,0,0
21,21,Bologna,Cagliari,0,0
21,22,Bologna,Cagliari,0,1
21,23,Bologna,Cagliari,0,1
21,24,Bologna,Cagliari,0,1
21,25,Bologna,Cagliari,0,1
21,26,Bologna,Cagliari,0,1
21,27,Bologna,Cagliari,0,1
21,28,Bologna,Cagliari,0,1
21,29,Bologna,Cagliari,0,1
21,30,Bologna,Cagliari,0,1
21,31,Bologna,Cagliari,0,1
21,32,Bologna,Cagliari,0,1
21,33,Bologna,Cagliari,0,1
21,34,Bologna,Cagliari,0,1
21,35,Bologna,Cagliari,0,1
21,36,Bologna,Cagliari,0,1
21,37,Bologna,Cagliari,0,1
21,38,Bologna,Cagliari,0,1
21,39,Bologna,Cagliari,0,1
21,40,Bologna,Cagliari,0,1
21,41,Bologna,Cagliari,0,1
21,42,Bologna,Cagliari,0,1
21,43,Bologna,Cagliari,0,1
21,44,Bologna,Cagliari,0,1
21,45,Bologna,Cagliari,0,1
21,46,Bologna,Cagliari,0,1
21,47,Bologna,Cagliari,0,1
21,48,Bologna,Cagliari,1,1
21,49,Bologna,Cagliari,1,1
21,50,Bologna,Cagliari,1,1
21,51,Bologna,Cagliari,1,1
21,52,Bologna,Cagliari,1,1
21,53,Bologna,Cagliari,1,1
21,54,Bologna,Cagliari,1,1
21,55,Bologna,Cagliari,1,1
21,56,Bologna,Cagliari,2,1
21,57,Bologna,Cagliari,2,1
21,58,Bologna,Cagliari,2,1
21,59,Bologna,Cagliari,2,1
21,60,Bologna,Cagliari,2,1
21,61,Bologna,Cagliari,2,1
21,62,Bologna,Cagliari,2,1
21,63,Bologna,Cagliari,2,1
21,64,Bologna,Cagliari,2,1
21,65,Bologna,Cagliari,2,1
21,66,Bologna,Cagliari,2,1
21,67,Bologna,Cagliari,2,1
21,68,Bologna,Cagliari,2,1
21,69,Bologna,Cagliari,2,1
21,70,Bologna,Cagliari,2,1
21,71,Bologna,Cagliari,2,1
21,72,Bologna,Cagliari,2,1
21,73,Bologna,Cagliari,2,1
21,74,Bologna,Cagliari,2,1
21,75,Bologna,Cagliari,2,1
21,76,Bologna,Cagliari,2,1
21,77,Bologna,Cagliari,2,1
21,78,Bologna,Cagliari,2,1
21,79,Bologna,Cagliari,2,1
21,80,Bologna,Cagliari,2,1
21,81,Bologna,Cagliari,2,1
21,82,Bologna,Cagliari,2,1
21,83,Bologna,Cagliari,2,1
21,84,Bologna,Cagliari,2,1
21,85,Bologna,Cagliari,2,1
21,86,Bologna,Cagliari,2,1
21,87,Bologna,Cagliari,2,1
21,88,Bologna,Cagliari,2,1
21,89,Bologna,Cagliari,2,1
21,90,Bologna,Cagliari,2,1
22,1,Bologna,Como,0,0
22,2,Bologna,Como,0,0
22,3,Bologna,Como,0,0
22,4,Bologna,Como,0,0
22,5,Bologna,Como,0,0
22,6,Bologna,Como,0,0
22,7,Bologna,Como,0,0
22,8,Bologna,Como,0,0
22,9,Bologna,Como,0,0
22,10,Bologna,Como,0,0
22,11,Bologna,Como,0,0
22,12,Bologna,Como,0,0
22,13,Bologna,Como,0,0
22,14,Bologna,Como,0,0
22,15,Bologna,Como,0,0
22,16,Bologna,Como,0,0
22,17,Bologna,Como,0,0
22,18,Bologna,Como,0,0
22,19,Bologna,Como,0,0
22,20,Bologna,Como,0,0
22,21,Bologna,Como,0,0
22,22,Bologna,Como,0,0
22,23,Bologna,Como,0,0
22,24,Bologna,Como,0,0
22,25,Bologna,Como,1,0
22,26,Bologna,Como,1,0
22,27,Bologna,Como,1,0
22,28,Bologna,Como,1,0
22,29,Bologna,Como,1,0
22,30,Bologna,Como,1,0
22,31,Bologna,Como,1,0
22,32,Bologna,Como,1,0
22,33,Bologna,Como,1,0
22,34,Bologna,Como,1,0
22,35,Bologna,Como,1,0
22,36,Bologna,Como,1,0
22,37,Bologna,Como,1,0
22,38,Bologna,Como,1,0
22,39,Bologna,Como,1,0
22,40,Bologna,Como,1,0
22,41,Bologna,Como,1,0
22,42,Bologna,Como,1,0
22,43,Bologna,Como,1,0
22,44,Bologna,Como,1,0
22,45,Bologna,Como,1,0
22,46,Bologna,Como,1,0
22,47,Bologna,Como,1,0
22,48,Bologna,Como,1,0
22,49,Bologna,Como,1,0
22,50,Bologna,Como,1,0
22,51,Bologna,Como,1,0
22,52,Bologna,Como,1,0
22,53,Bologna,Como,1,0
22,54,Bologna,Como,1,0
22,55,Bologna,Como,1,0
22,56,Bologna,Como,1,0
22,57,Bologna,Como,1,0
22,58,Bologna,Como,1,0
22,59,Bologna,Como,1,0
22,60,Bologna,Como,1,0
22,61,Bologna,Como,1,0
22,62,Bologna,Como,1,0
22,63,Bologna,Como,1,0
22,64,Bologna,Como,1,0
22,65,Bologna,Como,1,0
22,66,Bologna,Como,2,0
22,67,Bologna,Como,2,0
22,68,Bologna,Como,2,0
22,69,Bologna,Como,2,0
22,70,Bologna,Como,2,0
22,71,Bologna,Como,2,0
22,72,Bologna,Como,2,0
22,73,Bologna,Como,2,0
22,74,Bologna,Como,2,0
22,75,Bologna,Como,2,0
22,76,Bologna,Como,2,0
22,77,Bologna,Como,2,0
22,78,Bologna,Como,2,0
22,79,Bologna,Como,2,0
22,80,Bologna,Como,2,0
22,81,Bologna,Como,2,0
22,82,Bologna,Como,2,0
22,83,Bologna,Como,2,0
22,84,Bologna,Como,2,0
22,85,Bologna,Como,2,0
22,86,Bologna,Como,2,0
22,87,Bologna,Como,2,0
22,88,Bologna,Como,2,0
22,89,Bologna,Como,2,0
22,90,Bologna,Como,2,0
23,1,Bologna,Empoli,0,0
23,2,Bologna,Empoli,1,0
23,3,Bologna,Empoli,1,1
23,4,Bologna,Empoli,1,1
23,5,Bologna,Empoli,1,1
23,6,Bologna,Empoli,1,1
23,7,Bologna,Empoli,1,1
23,8,Bologna,Empoli,1,1
23,9,Bologna,Empoli,1,1
23,10,Bologna,Empoli,1,1
23,11,Bologna,Empoli,1,1
23,12,Bologna,Empoli,1,1
23,13,Bologna,Empoli,1,1
23,14,Bologna,Empoli,1,1
23,15,Bologna,Empoli,1,1
23,16,Bologna,Empoli,1,1
23,17,Bologna,Empoli,1,1
23,18,Bologna,Empoli,1,1
23,19,Bologna,Empoli,1,1
23,20,Bologna,Empoli,1,1
23,21,Bologna,Empoli,1,1
23,22,Bologna,Empoli,1,1
23,23,Bologna,Empoli,1,1
23,24,Bologna,Empoli,1,1
23,25,Bologna,Empoli,1,1
23,26,Bologna,Empoli,1,1
23,27,Bologna,Empoli,1,1
23,28,Bologna,Empoli,1,1
23,29,Bologna,Empoli,1,1
23,30,Bologna,Empoli,1,1
23,31,Bologna,Empoli,1,1
23,32,Bologna,Empoli,1,1
23,33,Bologna,Empoli,1,1
23,34,Bologna,Empoli,1,1
23,35,Bologna,Empoli,1,1
23,36,Bologna,Empoli,1,1
23,37,Bologna,Empoli,1,1
23,38,Bologna,Empoli,1,1
23,39,Bologna,Empoli,1,1
23,40,Bologna,Empoli,1,1
23,41,Bologna,Empoli,1,1
23,42,Bologna,Empoli,1,1
23,43,Bologna,Empoli,1,1
23,44,Bologna,Empoli,1,1
23,45,Bologna,Empoli,1,1
23,46,Bologna,Empoli,1,1
23,47,Bologna,Empoli,1,1
23,48,Bologna,Empoli,1,1
23,49,Bologna,Empoli,1,1
23,50,Bologna,Empoli,1,1
23,51,Bologna,Empoli,1,1
23,52,Bologna,Empoli,1,1
23,53,Bologna,Empoli,1,1
23,54,Bologna,Empoli,1,1
23,55,Bologna,Empoli,1,1
23,56,Bologna,Empoli,1,1
23,57,Bologna,Empoli,1,1
23,58,Bologna,Empoli,1,1
23,59,Bologna,Empoli,1,1
23,60,Bologna,Empoli,1,1
23,61,Bologna,Empoli,1,1
23,62,Bologna,Empoli,1,1
23,63,Bologna,Empoli,1,1
23,64,Bologna,Empoli,1,1
23,65,Bologna,Empoli,1,1
23,66,Bologna,Empoli,1,1
23,67,Bologna,Empoli,1,1
23,68,Bologna,Empoli,1,1
23,69,Bologna,Empoli,1,1
23,70,Bologna,Empoli,1,1
23,71,Bologna,Empoli,1,1
23,72,Bologna,Empoli,1,1
23,73,Bologna,Empoli,1,1
23,74,Bologna,Empoli,1,1
23,75,Bologna,Empoli,1,1
23,76,Bologna,Empoli,1,1
23,77,Bologna,Empoli,1,1
23,78,Bologna,Empoli,1,1
23,79,Bologna,Empoli,1,1
23,80,Bologna,Empoli,1,1
23,81,Bologna,Empoli,1,1
23,82,Bologna,Empoli,1,1
23,83,Bologna,Empoli,1,1
23,84,Bologna,Empoli,1,1
23,85,Bologna,Empoli,1,1
23,86,Bologna,Empoli,1,1
23,87,Bologna,Empoli,1,1
23,88,Bologna,Empoli,1,1
23,89,Bologna,Empoli,1,1
23,90,Bologna,Empoli,1,1
24,1,Bologna,Fiorentina,0,0
24,2,Bologna,Fiorentina,0,0
24,3,Bologna,Fiorentina,0,0
24,4,Bologna,Fiorentina,0,0
24,5,Bologna,Fiorentina,0,0
24,6,Bologna,Fiorentina,0,0
24,7,Bologna,Fiorentina,0,0
24,8,Bologna,Fiorentina,0,0
24,9,Bologna,Fiorentina,0,0
24,10,Bologna,Fiorentina,0,0
24,11,Bologna,Fiorentina,0,0
24,12,Bologna,Fiorentina,0,0
24,13,Bologna,Fiorentina,0,0
24,14,Bologna,Fiorentina,0,0
24,15,Bologna,Fiorentina,0,0
24,16,Bologna,Fiorentina,0,0
24,17,Bologna,Fiorentina,0,0
24,18,Bologna,Fiorentina,0,0
24,19,Bologna,Fiorentina,0,0
24,20,Bologna,Fiorentina,0,0
24,21,Bologna,Fiorentina,0,0
24,22,Bologna,Fiorentina,0,0
24,23,Bologna,Fiorentina,0,0
24,24,Bologna,Fiorentina,0,0
24,25,Bologna,Fiorentina,0,0
24,26,Bologna,Fiorentina,0,0
24,27,Bologna,Fiorentina,0,0
24,28,Bologna,Fiorentina,0,0
24,29,Bologna,Fiorentina,0,0
24,30,Bologna,Fiorentina,0,0
24,31,Bologna,Fiorentina,0,0
24,32,Bologna,Fiorentina,0,0
24,33,Bologna,Fiorentina,0,0
24,34,Bologna,Fiorentina,0,0
24,35,Bologna,Fiorentina,0,0
24,36,Bologna,Fiorentina,0,0
24,37,Bologna,Fiorentina,0,0
24,38,Bologna,Fiorentina,0,0
24,39,Bologna,Fiorentina,0,0
24,40,Bologna,Fiorentina,0,0
24,41,Bologna,Fiorentina,0,0
24,42,Bologna,Fiorentina,0,0
24,43,Bologna,Fiorentina,0,0
24,44,Bologna,Fiorentina,0,0
24,45,Bologna,Fiorentina,0,0
24,46,Bologna,Fiorentina,0,0
24,47,Bologna,Fiorentina,0,0
24,48,Bologna,Fiorentina,0,0
24,49,Bologna,Fiorentina,0,0
24,50,Bologna,Fiorentina,0,0
24,51,Bologna,Fiorentina,0,0
24,52,Bologna,Fiorentina,0,0
24,53,Bologna,Fiorentina,0,0
24,54,Bologna,Fiorentina,0,0
24,55,Bologna,Fiorentina,0,0
24,56,Bologna,Fiorentina,0,0
24,57,Bologna,Fiorentina,0,0
24,58,Bologna,Fiorentina,0,0
24,59,Bologna,Fiorentina,1,0
24,60,Bologna,Fiorentina,1,0
24,61,Bologna,Fiorentina,1,0
24,62,Bologna,Fiorentina,1,0
24,63,Bologna,Fiorentina,1,0
24,64,Bologna,Fiorentina,1,0
24,65,Bologna,Fiorentina,1,0
24,66,Bologna,Fiorentina,1,0
24,67,Bologna,Fiorentina,1,0
24,68,Bologna,Fiorentina,1,0
24,69,Bologna,Fiorentina,1,0
24,70,Bologna,Fiorentina,1,0
24,71,Bologna,Fiorentina,1,0
24,72,Bologna,Fiorentina,1,0
24,73,Bologna,Fiorentina,1,0
24,74,Bologna,Fiorentina,1,0
24,75,Bologna,Fiorentina,1,0
24,76,Bologna,Fiorentina,1,0
24,77,Bologna,Fiorentina,1,0
24,78,Bologna,Fiorentina,1,0
24,79,Bologna,Fiorentina,1,0
24,80,Bologna,Fiorentina,1,0
24,81,Bologna,Fiorentina,1,0
24,82,Bologna,Fiorentina,1,0
24,83,Bologna,Fiorentina,1,0
24,84,Bologna,Fiorentina,1,0
24,85,Bologna,Fiorentina,1,0
24,86,Bologna,Fiorentina,1,0
24,87,Bologna,Fiorentina,1,0
24,88,Bologna,Fiorentina,1,0
24,89,Bologna,Fiorentina,1,0
24,90,Bologna,Fiorentina,1,0
25,1,Bologna,Genoa,0,0
25,2,Bologna,Genoa,0,0
25,3,Bologna,Genoa,0,0
25,4,Bologna,Genoa,0,0
25,5,Bologna,Genoa,0,0
25,6,Bologna,Genoa,0,0
25,7,Bologna,Genoa,0,0
25,8,Bologna,Genoa,0,0
25,9,Bologna,Genoa,0,0
25,10,Bologna,Genoa,0,0
25,11,Bologna,Genoa,0,0
25,12,Bologna,Genoa,0,0
25,13,Bologna,Genoa,0,0
25,14,Bologna,Genoa,0,0
25,15,Bologna,Genoa,0,0
25,16,Bologna,Genoa,0,0
25,17,Bologna,Genoa,0,1
25,18,Bologna,Genoa,0,1
25,19,Bologna,Genoa,0,1
25,20,Bologna,Genoa,0,1
25,21,Bologna,Genoa,0,1
25,22,Bologna,Genoa,0,1
25,23,Bologna,Genoa,0,1
25,24,Bologna,Genoa,0,1
25,25,Bologna,Genoa,0,1
25,26,Bologna,Genoa,0,2
25,27,Bologna,Genoa,0,2
25,28,Bologna,Genoa,0,2
25,29,Bologna,Genoa,0,2
25,30,Bologna,Genoa,0,2
25,31,Bologna,Genoa,0,2
25,32,Bologna,Genoa,0,2
25,33,Bologna,Genoa,0,2
25,34,Bologna,Genoa,0,2
25,35,Bologna,Genoa,0,2
25,36,Bologna,Genoa,0,2
25,37,Bologna,Genoa,0,2
25,38,Bologna,Genoa,0,2
25,39,Bologna,Genoa,0,2
25,40,Bologna,Genoa,0,2
25,41,Bologna,Genoa,0,2
25,42,Bologna,Genoa,0,2
25,43,Bologna,Genoa,0,3
25,44,Bologna,Genoa,0,3
25,45,Bologna,Genoa,0,3
25,46,Bologna,Genoa,0,3
25,47,Bologna,Genoa,0,3
25,48,Bologna,Genoa,0,3
25,49,Bologna,Genoa,0,3
25,50,Bologna,Genoa,0,3
25,51,Bologna,Genoa,0,3
25,52,Bologna,Genoa,0,3
25,53,Bologna,Genoa,0,3
25,54,Bologna,Genoa,0,3
25,55,Bologna,Genoa,0,3
25,56,Bologna,Genoa,0,3
25,57,Bologna,Genoa,0,3
25,58,Bologna,Genoa,0,3
25,59,Bologna,Genoa,0,3
25,60,Bologna,Genoa,0,3
25,61,Bologna,Genoa,0,3
25,62,Bologna,Genoa,0,3
25,63,Bologna,Genoa,0,3
25,64,Bologna,Genoa,1,3
25,65,Bologna,Genoa,1,3
25,66,Bologna,Genoa,1,3
25,67,Bologna,Genoa,1,3
25,68,Bologna,Genoa,1,3
25,69,Bologna,Genoa,1,3
25,70,Bologna,Genoa,1,3
25,71,Bologna,Genoa,1,3
25,72,Bologna,Genoa,1,3
25,73,Bologna,Genoa,1,3
25,74,Bologna,Genoa,1,3
25,75,Bologna,Genoa,1,3
25,76,Bologna,Genoa,1,3
25,77,Bologna,Genoa,1,3
25,78,Bologna,Genoa,1,3
25,79,Bologna,Genoa,1,3
25,80,Bologna,Genoa,1,3
25,81,Bologna,Genoa,1,3
25,82,Bologna,Genoa,1,3
25,83,Bologna,Genoa,1,3
25,84,Bologna,Genoa,1,3
25,85,Bologna,Genoa,1,3
25,86,Bologna,Genoa,1,3
25,87,Bologna,Genoa,1,3
25,88,Bologna,Genoa,1,3
25,89,Bologna,Genoa,1,3
25,90,Bologna,Genoa,1,3
26,1,Bologna,Hellas Verona,0,0
26,2,Bologna,Hellas Verona,0,0
26,3,Bologna,Hellas Verona,0,0
26,4,Bologna,Hellas Verona,0,0
26,5,Bologna,Hellas Verona,0,0
26,6,Bologna,Hellas Verona,0,0
26,7,Bologna,Hellas Verona,0,0
26,8,Bologna,Hellas Verona,0,0
26,9,Bologna,Hellas Verona,0,0
26,10,Bologna,Hellas Verona,0,0
26,11,Bologna,Hellas Verona,0,0
26,12,Bologna,Hellas Verona,0,0
26,13,Bologna,Hellas Verona,0,0
26,14,Bologna,Hellas Verona,0,0
26,15,Bologna,Hellas Verona,0,0
26,16,Bologna,Hellas Verona,0,0
26,17,Bologna,Hellas Verona,0,0
26,18,Bologna,Hellas Verona,0,0
26,19,Bologna,Hellas Verona,0,0
26,20,Bologna,Hellas Verona,1,0
26,21,Bologna,Hellas Verona,1,0
26,22,Bologna,Hellas Verona,1,0
26,23,Bologna,Hellas Verona,1,0
26,24,Bologna,Hellas Verona,1,0
26,25,Bologna,Hellas Verona,1,0
26,26,Bologna,Hellas Verona,1,0
26,27,Bologna,Hellas Verona,1,0
26,28,Bologna,Hellas Verona,1,0
26,29,Bologna,Hellas Verona,1,0
26,30,Bologna,Hellas Verona,1,0
26,31,Bologna,Hellas Verona,1,0
26,32,Bologna,Hellas Verona,1,0
26,33,Bologna,Hellas Verona,1,0
26,34,Bologna,Hellas Verona,1,0
26,35,Bologna,Hellas Verona,1,0
26,36,Bologna,Hellas Verona,1,0
26,37,Bologna,Hellas Verona,1,0
26,38,Bologna,Hellas Verona,1,1
26,39,Bologna,Hellas Verona,1,1
26,40,Bologna,Hellas Verona,1,1
26,41,Bologna,Hellas Verona,1,1
26,42,Bologna,Hellas Verona,1,1
26,43,Bologna,Hellas Verona,1,1
26,44,Bologna,Hellas Verona,1,1
26,45,Bologna,Hellas Verona,1,2
26,46,Bologna,Hellas Verona,1,2
26,47,Bologna,Hellas Verona,1,2
26,48,Bologna,Hellas Verona,1,2
26,49,Bologna,Hellas Verona,1,2
26,50,Bologna,Hellas Verona,1,2
26,51,Bologna,Hellas Verona,1,2
26,52,Bologna,Hellas Verona,1,2
26,53,Bologna,Hellas Verona,1,2
26,54,Bologna,Hellas Verona,1,2
26,55,Bologna,Hellas Verona,1,2
26,56,Bologna,Hellas Verona,1,2
26,57,Bologna,Hellas Verona,1,2
26,58,Bologna,Hellas Verona,2,2
26,59,Bologna,Hellas Verona,2,2
26,60,Bologna,Hellas Verona,2,2
26,61,Bologna,Hellas Verona,2,2
26,62,Bologna,Hellas Verona,2,2
26,63,Bologna,Hellas Verona,2,2
26,64,Bologna,Hellas Verona,2,2
26,65,Bologna,Hellas Verona,2,2
26,66,Bologna,Hellas Verona,2,2
26,67,Bologna,Hellas Verona,2,2
26,68,Bologna,Hellas Verona,2,2
26,69,Bologna,Hellas Verona,2,2
26,70,Bologna,Hellas Verona,2,2
26,71,Bologna,Hellas Verona,2,2
26,72,Bologna,Hellas Verona,2,2
26,73,Bologna,Hellas Verona,2,2
26,74,Bologna,Hellas Verona,2,2
26,75,Bologna,Hellas Verona,2,2
26,76,Bologna,Hellas Verona,2,2
26,77,Bologna,Hellas Verona,2,2
26,78,Bologna,Hellas Verona,2,2
26,79,Bologna,Hellas Verona,2,2
26,80,Bologna,Hellas Verona,2,2
26,81,Bologna,Hellas Verona,2,2
26,82,Bologna,Hellas Verona,2,2
26,83,Bologna,Hellas Verona,2,2
26,84,Bologna,Hellas Verona,2,2
26,85,Bologna,Hellas Verona,2,2
26,86,Bologna,Hellas Verona,2,2
26,87,Bologna,Hellas Verona,2,2
26,88,Bologna,Hellas Verona,2,3
26,89,Bologna,Hellas Verona,2,3
26,90,Bologna,Hellas Verona,2,3
27,1,Bologna,Inter Milan,0,0
27,2,Bologna,Inter Milan,0,0
27,3,Bologna,Inter Milan,0,0
27,4,Bologna,Inter Milan,0,0
27,5,Bologna,Inter Milan,0,0
27,6,Bologna,Inter Milan,0,0
27,7,Bologna,Inter Milan,0,0
27,8,Bologna,Inter Milan,0,0
27,9,Bologna,Inter Milan,0,0
27,10,Bologna,Inter Milan,0,0
27,11,Bologna,Inter Milan,0,0
27,12,Bologna,Inter Milan,0,0
27,13,Bologna,Inter Milan,0,0
27,14,Bologna,Inter Milan,0,0
27,15,Bologna,Inter Milan,0,0
27,16,Bologna,Inter Milan,0,0
27,17,Bologna,Inter Milan,0,0
27,18,Bologna,Inter Milan,0,0
27,19,Bologna,Inter Milan,0,0
27,20,Bologna,Inter Milan,0,0
27,21,Bologna,Inter Milan,0,0
27,22,Bologna,Inter Milan,0,0
27,23,Bologna,Inter Milan,0,0
27,24,Bologna,Inter Milan,0,0
27,25,Bologna,Inter Milan,0,0
27,26,Bologna,Inter Milan,0,0
27,27,Bologna,Inter Milan,0,0
27,28,Bologna,Inter Milan,0,0
27,29,Bologna,Inter Milan,0,0
27,30,Bologna,Inter Milan,0,0
27,31,Bologna,Inter Milan,0,0
27,32,Bologna,Inter Milan,0,0
27,33,Bologna,Inter Milan,0,0
27,34,Bologna,Inter Milan,0,0
27,35,Bologna,Inter Milan,0,0
27,36,Bologna,Inter Milan,0,0
27,37,Bologna,Inter Milan,0,0
27,38,Bologna,Inter Milan,0,0
27,39,Bologna,Inter Milan,0,0
27,40,Bologna,Inter Milan,0,0
27,41,Bologna,Inter Milan,0,0
27,42,Bologna,Inter Milan,0,0
27,43,Bologna,Inter Milan,0,0
27,44,Bologna,Inter Milan,0,0
27,45,Bologna,Inter Milan,0,0
27,46,Bologna,Inter Milan,0,0
27,47,Bologna,Inter Milan,0,0
27,48,Bologna,Inter Milan,0,0
27,49,Bologna,Inter Milan,0,0
27,50,Bologna,Inter Milan,0,0
27,51,Bologna,Inter Milan,0,0
27,52,Bologna,Inter Milan,0,0
27,53,Bologna,Inter Milan,0,0
27,54,Bologna,Inter Milan,0,0
27,55,Bologna,Inter Milan,0,0
27,56,Bologna,Inter Milan,0,0
27,57,Bologna,Inter Milan,0,0
27,58,Bologna,Inter Milan,0,0
27,59,Bologna,Inter Milan,0,0
27,60,Bologna,Inter Milan,0,0
27,61,Bologna,Inter Milan,0,0
27,62,Bologna,Inter Milan,0,0
27,63,Bologna,Inter Milan,0,0
27,64,Bologna,Inter Milan,0,0
27,65,Bologna,Inter Milan,0,0
27,66,Bologna,Inter Milan,0,0
27,67,Bologna,Inter Milan,0,0
27,68,Bologna,Inter Milan,0,0
27,69,Bologna,Inter Milan,0,0
27,70,Bologna,Inter Milan,0,0
27,71,Bologna,Inter Milan,0,0
27,72,Bologna,Inter Milan,0,0
27,73,Bologna,Inter Milan,0,0
27,74,Bologna,Inter Milan,0,0
27,75,Bologna,Inter Milan,0,0
27,76,Bologna,Inter Milan,0,0
27,77,Bologna,Inter Milan,0,0
27,78,Bologna,Inter Milan,0,0
27,79,Bologna,Inter Milan,0,0
27,80,Bologna,Inter Milan,0,0
27,81,Bologna,Inter Milan,0,0
27,82,Bologna,Inter Milan,0,0
27,83,Bologna,Inter Milan,0,0
27,84,Bologna,Inter Milan,0,0
27,85,Bologna,Inter Milan,0,0
27,86,Bologna,Inter Milan,0,0
27,87,Bologna,Inter Milan,0,0
27,88,Bologna,Inter Milan,0,0
27,89,Bologna,Inter Milan,0,0
27,90,Bologna,Inter Milan,1,0
28,1,Bologna,Juventus,0,0
28,2,Bologna,Juventus,0,0
28,3,Bologna,Juventus,0,0
28,4,Bologna,Juventus,0,0
28,5,Bologna,Juventus,0,0
28,6,Bologna,Juventus,0,0
28,7,Bologna,Juventus,0,0
28,8,Bologna,Juventus,0,0
28,9,Bologna,Juventus,0,1
28,10,Bologna,Juventus,0,1
28,11,Bologna,Juventus,0,1
28,12,Bologna,Juventus,0,1
28,13,Bologna,Juventus,0,1
28,14,Bologna,Juventus,0,1
28,15,Bologna,Juventus,0,1
28,16,Bologna,Juventus,0,1
28,17,Bologna,Juventus,0,1
28,18,Bologna,Juventus,0,1
28,19,Bologna,Juventus,0,1
28,20,Bologna,Juventus,0,1
28,21,Bologna,Juventus,0,1
28,22,Bologna,Juventus,0,1
28,23,Bologna,Juventus,0,1
28,24,Bologna,Juventus,0,1
28,25,Bologna,Juventus,0,1
28,26,Bologna,Juventus,0,1
28,27,Bologna,Juventus,0,1
28,28,Bologna,Juventus,0,1
28,29,Bologna,Juventus,0,1
28,30,Bologna,Juventus,0,1
28,31,Bologna,Juventus,0,1
28,32,Bologna,Juventus,0,1
28,33,Bologna,Juventus,0,1
28,34,Bologna,Juventus,0,1
28,35,Bologna,Juventus,0,1
28,36,Bologna,Juventus,0,1
28,37,Bologna,Juventus,0,1
28,38,Bologna,Juventus,0,1
28,39,Bologna,Juventus,0,1
28,40,Bologna,Juventus,0,1
28,41,Bologna,Juventus,0,1
28,42,Bologna,Juventus,0,1
28,43,Bologna,Juventus,0,1
28,44,Bologna,Juventus,0,1
28,45,Bologna,Juventus,0,1
28,46,Bologna,Juventus,0,1
28,47,Bologna,Juventus,0,1
28,48,Bologna,Juventus,0,1
28,49,Bologna,Juventus,0,1
28,50,Bologna,Juventus,0,1
28,51,Bologna,Juventus,0,1
28,52,Bologna,Juventus,0,1
28,53,Bologna,Juventus,0,1
28,54,Bologna,Juventus,1,1
28,55,Bologna,Juventus,1,1
28,56,Bologna,Juventus,1,1
28,57,Bologna,Juventus,1,1
28,58,Bologna,Juventus,1,1
28,59,Bologna,Juventus,1,1
28,60,Bologna,Juventus,1,1
28,61,Bologna,Juventus,1,1
28,62,Bologna,Juventus,1,1
28,63,Bologna,Juventus,1,1
28,64,Bologna,Juventus,1,1
28,65,Bologna,Juventus,1,1
28,66,Bologna,Juventus,1,1
28,67,Bologna,Juventus,1,1
28,68,Bologna,Juventus,1,1
28,69,Bologna,Juventus,1,1
28,70,Bologna,Juventus,1,1
28,71,Bologna,Juventus,1,1
28,72,Bologna,Juventus,1,1
28,73,Bologna,Juventus,1,1
28,74,Bologna,Juventus,1,1
28,75,Bologna,Juventus,1,1
28,76,Bologna,Juventus,1,1
28,77,Bologna,Juventus,1,1
28,78,Bologna,Juventus,1,1
28,79,Bologna,Juventus,1,1
28,80,Bologna,Juventus,1,1
28,81,Bologna,Juventus,1,1
28,82,Bologna,Juventus,1,1
28,83,Bologna,Juventus,1,1
28,84,Bologna,Juventus,1,1
28,85,Bologna,Juventus,1,1
28,86,Bologna,Juventus,1,1
28,87,Bologna,Juventus,1,1
28,88,Bologna,Juventus,1,1
28,89,Bologna,Juventus,1,1
28,90,Bologna,Juventus,1,1
29,1,Bologna,Lazio,0,0
29,2,Bologna,Lazio,0,0
29,3,Bologna,Lazio,0,0
29,4,Bologna,Lazio,0,0
29,5,Bologna,Lazio,0,0
29,6,Bologna,Lazio,0,0
29,7,Bologna,Lazio,0,0
29,8,Bologna,Lazio,0,0
29,9,Bologna,Lazio,0,0
29,10,Bologna,Lazio,0,0
29,11,Bologna,Lazio,0,0
29,12,Bologna,Lazio,0,0
29,13,Bologna,Lazio,0,0
29,14,Bologna,Lazio,0,0
29,15,Bologna,Lazio,0,0
29,16,Bologna,Lazio,1,0
29,17,Bologna,Lazio,1,0
29,18,Bologna,Lazio,1,0
29,19,Bologna,Lazio,1,0
29,20,Bologna,Lazio,1,0
29,21,Bologna,Lazio,1,0
29,22,Bologna,Lazio,1,0
29,23,Bologna,Lazio,1,0
29,24,Bologna,Lazio,1,0
29,25,Bologna,Lazio,1,0
29,26,Bologna,Lazio,1,0
29,27,Bologna,Lazio,1,0
29,28,Bologna,Lazio,1,0
29,29,Bologna,Lazio,1,0
29,30,Bologna,Lazio,1,0
29,31,Bologna,Lazio,1,0
29,32,Bologna,Lazio,1,0
29,33,Bologna,Lazio,1,0
29,34,Bologna,Lazio,1,0
29,35,Bologna,Lazio,1,0
29,36,Bologna,Lazio,1,0
29,37,Bologna,Lazio,1,0
29,38,Bologna,Lazio,1,0
29,39,Bologna,Lazio,1,0
29,40,Bologna,Lazio,1,0
29,41,Bologna,Lazio,1,0
29,42,Bologna,Lazio,1,0
29,43,Bologna,Lazio,1,0
29,44,Bologna,Lazio,1,0
29,45,Bologna,Lazio,1,0
29,46,Bologna,Lazio,1,0
29,47,Bologna,Lazio,1,0
29,48,Bologna,Lazio,2,0
29,49,Bologna,Lazio,3,0
29,50,Bologna,Lazio,3,0
29,51,Bologna,Lazio,3,0
29,52,Bologna,Lazio,3,0
29,53,Bologna,Lazio,3,0
29,54,Bologna,Lazio,3,0
29,55,Bologna,Lazio,3,0
29,56,Bologna,Lazio,3,0
29,57,Bologna,Lazio,3,0
29,58,Bologna,Lazio,3,0
29,59,Bologna,Lazio,3,0
29,60,Bologna,Lazio,3,0
29,61,Bologna,Lazio,3,0
29,62,Bologna,Lazio,3,0
29,63,Bologna,Lazio,3,0
29,64,Bologna,Lazio,3,0
29,65,Bologna,Lazio,3,0
29,66,Bologna,Lazio,3,0
29,67,Bologna,Lazio,3,0
29,68,Bologna,Lazio,3,0
29,69,Bologna,Lazio,3,0
29,70,Bologna,Lazio,3,0
29,71,Bologna,Lazio,3,0
29,72,Bologna,Lazio,3,0
29,73,Bologna,Lazio,3,0
29,74,Bologna,Lazio,4,0
29,75,Bologna,Lazio,4,0
29,76,Bologna,Lazio,4,0
29,77,Bologna,Lazio,4,0
29,78,Bologna,Lazio,4,0
29,79,Bologna,Lazio,4,0
29,80,Bologna,Lazio,4,0
29,81,Bologna,Lazio,4,0
29,82,Bologna,Lazio,4,0
29,83,Bologna,Lazio,4,0
29,84,Bologna,Lazio,5,0
29,85,Bologna,Lazio,5,0
29,86,Bologna,Lazio,5,0
29,87,Bologna,Lazio,5,0
29,88,Bologna,Lazio,5,0
29,89,Bologna,Lazio,5,0
29,90,Bologna,Lazio,5,0
30,1,Bologna,Lecce,0,0
30,2,Bologna,Lecce,0,0
30,3,Bologna,Lecce,0,0
30,4,Bologna,Lecce,0,0
30,5,Bologna,Lecce,0,0
30,6,Bologna,Lecce,0,0
30,7,Bologna,Lecce,0,0
30,8,Bologna,Lecce,0,0
30,9,Bologna,Lecce,0,0
30,10,Bologna,Lecce,0,0
30,11,Bologna,Lecce,0,0
30,12,Bologna,Lecce,0,0
30,13,Bologna,Lecce,0,0
30,14,Bologna,Lecce,0,0
30,15,Bologna,Lecce,0,0
30,16,Bologna,Lecce,0,0
30,17,Bologna,Lecce,0,0
30,18,Bologna,Lecce,0,0
30,19,Bologna,Lecce,0,0
30,20,Bologna,Lecce,0,0
30,21,Bologna,Lecce,0,0
30,22,Bologna,Lecce,0,0
30,23,Bologna,Lecce,0,0
30,24,Bologna,Lecce,0,0
30,25,Bologna,Lecce,0,0
30,26,Bologna,Lecce,0,0
30,27,Bologna,Lecce,0,0
30,28,Bologna,Lecce,0,0
30,29,Bologna,Lecce,0,0
30,30,Bologna,Lecce,0,0
30,31,Bologna,Lecce,0,0
30,32,Bologna,Lecce,0,0
30,33,Bologna,Lecce,0,0
30,34,Bologna,Lecce,0,0
30,35,Bologna,Lecce,0,0
30,36,Bologna,Lecce,0,0
30,37,Bologna,Lecce,0,0
30,38,Bologna,Lecce,0,0
30,39,Bologna,Lecce,0,0
30,40,Bologna,Lecce,0,0
30,41,Bologna,Lecce,0,0
30,42,Bologna,Lecce,0,0
30,43,Bologna,Lecce,0,0
30,44,Bologna,Lecce,0,0
30,45,Bologna,Lecce,0,0
30,46,Bologna,Lecce,0,0
30,47,Bologna,Lecce,0,0
30,48,Bologna,Lecce,0,0
30,49,Bologna,Lecce,0,0
30,50,Bologna,Lecce,0,0
30,51,Bologna,Lecce,0,0
30,52,Bologna,Lecce,0,0
30,53,Bologna,Lecce,0,0
30,54,Bologna,Lecce,0,0
30,55,Bologna,Lecce,0,0
30,56,Bologna,Lecce,0,0
30,57,Bologna,Lecce,0,0
30,58,Bologna,Lecce,0,0
30,59,Bologna,Lecce,0,0
30,60,Bologna,Lecce,0,0
30,61,Bologna,Lecce,0,0
30,62,Bologna,Lecce,0,0
30,63,Bologna,Lecce,0,0
30,64,Bologna,Lecce,0,0
30,65,Bologna,Lecce,0,0
30,66,Bologna,Lecce,0,0
30,67,Bologna,Lecce,0,0
30,68,Bologna,Lecce,0,0
30,69,Bologna,Lecce,0,0
30,70,Bologna,Lecce,0,0
30,71,Bologna,Lecce,0,0
30,72,Bologna,Lecce,0,0
30,73,Bologna,Lecce,0,0
30,74,Bologna,Lecce,0,0
30,75,Bologna,Lecce,0,0
30,76,Bologna,Lecce,0,0
30,77,Bologna,Lecce,0,0
30,78,Bologna,Lecce,0,0
30,79,Bologna,Lecce,0,0
30,80,Bologna,Lecce,0,0
30,81,Bologna,Lecce,0,0
30,82,Bologna,Lecce,0,0
30,83,Bologna,Lecce,0,0
30,84,Bologna,Lecce,0,0
30,85,Bologna,Lecce,1,0
30,86,Bologna,Lecce,1,0
30,87,Bologna,Lecce,1,0
30,88,Bologna,Lecce,1,0
30,89,Bologna,Lecce,1,0
30,90,Bologna,Lecce,1,0
31,1,Bologna,AC Milan,0,0
31,2,Bologna,AC Milan,0,0
31,3,Bologna,AC Milan,0,0
31,4,Bologna,AC Milan,0,0
31,5,Bologna,AC Milan,0,0
31,6,Bologna,AC Milan,0,0
31,7,Bologna,AC Milan,0,0
31,8,Bologna,AC Milan,0,0
31,9,Bologna,AC Milan,0,0
31,10,Bologna,AC Milan,0,0
31,11,Bologna,AC Milan,0,0
31,12,Bologna,AC Milan,0,0
31,13,Bologna,AC Milan,0,0
31,14,Bologna,AC Milan,0,0
31,15,Bologna,AC Milan,0,0
31,16,Bologna,AC Milan,0,0
31,17,Bologna,AC Milan,0,0
31,18,Bologna,AC Milan,0,0
31,19,Bologna,AC Milan,0,0
31,20,Bologna,AC Milan,0,0
31,21,Bologna,AC Milan,0,0
31,22,Bologna,AC Milan,0,0
31,23,Bologna,AC Milan,0,0
31,24,Bologna,AC Milan,0,0
31,25,Bologna,AC Milan,0,0
31,26,Bologna,AC Milan,0,0
31,27,Bologna,AC Milan,0,0
31,28,Bologna,AC Milan,0,0
31,29,Bologna,AC Milan,0,0
31,30,Bologna,AC Milan,0,0
31,31,Bologna,AC Milan,0,0
31,32,Bologna,AC Milan,0,0
31,33,Bologna,AC Milan,0,0
31,34,Bologna,AC Milan,0,0
31,35,Bologna,AC Milan,0,0
31,36,Bologna,AC Milan,0,0
31,37,Bologna,AC Milan,0,0
31,38,Bologna,AC Milan,0,0
31,39,Bologna,AC Milan,0,0
31,40,Bologna,AC Milan,0,0
31,41,Bologna,AC Milan,0,0
31,42,Bologna,AC Milan,0,0
31,43,Bologna,AC Milan,0,1
31,44,Bologna,AC Milan,0,1
31,45,Bologna,AC Milan,0,1
31,46,Bologna,AC Milan,0,1
31,47,Bologna,AC Milan,0,1
31,48,Bologna,AC Milan,1,1
31,49,Bologna,AC Milan,1,1
31,50,Bologna,AC Milan,1,1
31,51,Bologna,AC Milan,1,1
31,52,Bologna,AC Milan,1,1
31,53,Bologna,AC Milan,1,1
31,54,Bologna,AC Milan,1,1
31,55,Bologna,AC Milan,1,1
31,56,Bologna,AC Milan,1,1
31,57,Bologna,AC Milan,1,1
31,58,Bologna,AC Milan,1,1
31,59,Bologna,AC Milan,1,1
31,60,Bologna,AC Milan,1,1
31,61,Bologna,AC Milan,1,1
31,62,Bologna,AC Milan,1,1
31,63,Bologna,AC Milan,1,1
31,64,Bologna,AC Milan,1,1
31,65,Bologna,AC Milan,1,1
31,66,Bologna,AC Milan,1,1
31,67,Bologna,AC Milan,1,1
31,68,Bologna,AC Milan,1,1
31,69,Bologna,AC Milan,1,1
31,70,Bologna,AC Milan,1,1
31,71,Bologna,AC Milan,1,1
31,72,Bologna,AC Milan,1,1
31,73,Bologna,AC Milan,1,1
31,74,Bologna,AC Milan,1,1
31,75,Bologna,AC Milan,1,1
31,76,Bologna,AC Milan,1,1
31,77,Bologna,AC Milan,1,1
31,78,Bologna,AC Milan,1,1
31,79,Bologna,AC Milan,1,1
31,80,Bologna,AC Milan,1,1
31,81,Bologna,AC Milan,1,1
31,82,Bologna,AC Milan,2,1
31,83,Bologna,AC Milan,2,1
31,84,Bologna,AC Milan,2,1
31,85,Bologna,AC Milan,2,1
31,86,Bologna,AC Milan,2,1
31,87,Bologna,AC Milan,2,1
31,88,Bologna,AC Milan,2,1
31,89,Bologna,AC Milan,2,1
31,90,Bologna,AC Milan,2,1
32,1,Bologna,Monza,0,0
32,2,Bologna,Monza,0,0
32,3,Bologna,Monza,0,0
32,4,Bologna,Monza,0,1
32,5,Bologna,Monza,0,1
32,6,Bologna,Monza,0,1
32,7,Bologna,Monza,0,1
32,8,Bologna,Monza,0,1
32,9,Bologna,Monza,0,1
32,10,Bologna,Monza,0,1
32,11,Bologna,Monza,0,1
32,12,Bologna,Monza,0,1
32,13,Bologna,Monza,0,1
32,14,Bologna,Monza,0,1
32,15,Bologna,Monza,0,1
32,16,Bologna,Monza,0,1
32,17,Bologna,Monza,0,1
32,18,Bologna,Monza,0,1
32,19,Bologna,Monza,0,1
32,20,Bologna,Monza,0,1
32,21,Bologna,Monza,0,1
32,22,Bologna,Monza,0,1
32,23,Bologna,Monza,1,1
32,24,Bologna,Monza,1,1
32,25,Bologna,Monza,1,1
32,26,Bologna,Monza,1,1
32,27,Bologna,Monza,1,1
32,28,Bologna,Monza,1,1
32,29,Bologna,Monza,1,1
32,30,Bologna,Monza,1,1
32,31,Bologna,Monza,1,1
32,32,Bologna,Monza,1,1
32,33,Bologna,Monza,1,1
32,34,Bologna,Monza,2,1
32,35,Bologna,Monza,2,1
32,36,Bologna,Monza,2,1
32,37,Bologna,Monza,2,1
32,38,Bologna,Monza,2,1
32,39,Bologna,Monza,2,1
32,40,Bologna,Monza,2,1
32,41,Bologna,Monza,2,1
32,42,Bologna,Monza,2,1
32,43,Bologna,Monza,2,1
32,44,Bologna,Monza,2,1
32,45,Bologna,Monza,2,1
32,46,Bologna,Monza,2,1
32,47,Bologna,Monza,2,1
32,48,Bologna,Monza,2,1
32,49,Bologna,Monza,2,1
32,50,Bologna,Monza,2,1
32,51,Bologna,Monza,2,1
32,52,Bologna,Monza,2,1
32,53,Bologna,Monza,2,1
32,54,Bologna,Monza,2,1
32,55,Bologna,Monza,2,1
32,56,Bologna,Monza,2,1
32,57,Bologna,Monza,2,1
32,58,Bologna,Monza,2,1
32,59,Bologna,Monza,2,1
32,60,Bologna,Monza,2,1
32,61,Bologna,Monza,2,1
32,62,Bologna,Monza,2,1
32,63,Bologna,Monza,2,1
32,64,Bologna,Monza,2,1
32,65,Bologna,Monza,2,1
32,66,Bologna,Monza,2,1
32,67,Bologna,Monza,2,1
32,68,Bologna,Monza,2,1
32,69,Bologna,Monza,3,1
32,70,Bologna,Monza,3,1
32,71,Bologna,Monza,3,1
32,72,Bologna,Monza,3,1
32,73,Bologna,Monza,3,1
32,74,Bologna,Monza,3,1
32,75,Bologna,Monza,3,1
32,76,Bologna,Monza,3,1
32,77,Bologna,Monza,3,1
32,78,Bologna,Monza,3,1
32,79,Bologna,Monza,3,1
32,80,Bologna,Monza,3,1
32,81,Bologna,Monza,3,1
32,82,Bologna,Monza,3,1
32,83,Bologna,Monza,3,1
32,84,Bologna,Monza,3,1
32,85,Bologna,Monza,3,1
32,86,Bologna,Monza,3,1
32,87,Bologna,Monza,3,1
32,88,Bologna,Monza,3,1
32,89,Bologna,Monza,3,1
32,90,Bologna,Monza,3,1
33,1,Bologna,Napoli,0,0
33,2,Bologna,Napoli,0,0
33,3,Bologna,Napoli,0,0
33,4,Bologna,Napoli,0,0
33,5,Bologna,Napoli,0,0
33,6,Bologna,Napoli,0,0
33,7,Bologna,Napoli,0,0
33,8,Bologna,Napoli,0,0
33,9,Bologna,Napoli,0,0
33,10,Bologna,Napoli,0,0
33,11,Bologna,Napoli,0,0
33,12,Bologna,Napoli,0,0
33,13,Bologna,Napoli,0,0
33,14,Bologna,Napoli,0,0
33,15,Bologna,Napoli,0,0
33,16,Bologna,Napoli,0,0
33,17,Bologna,Napoli,0,0
33,18,Bologna,Napoli,0,1
33,19,Bologna,Napoli,0,1
33,20,Bologna,Napoli,0,1
33,21,Bologna,Napoli,0,1
33,22,Bologna,Napoli,0,1
33,23,Bologna,Napoli,0,1
33,24,Bologna,Napoli,0,1
33,25,Bologna,Napoli,0,1
33,26,Bologna,Napoli,0,1
33,27,Bologna,Napoli,0,1
33,28,Bologna,Napoli,0,1
33,29,Bologna,Napoli,0,1
33,30,Bologna,Napoli,0,1
33,31,Bologna,Napoli,0,1
33,32,Bologna,Napoli,0,1
33,33,Bologna,Napoli,0,1
33,34,Bologna,Napoli,0,1
33,35,Bologna,Napoli,0,1
33,36,Bologna,Napoli,0,1
33,37,Bologna,Napoli,0,1
33,38,Bologna,Napoli,0,1
33,39,Bologna,Napoli,0,1
33,40,Bologna,Napoli,0,1
33,41,Bologna,Napoli,0,1
33,42,Bologna,Napoli,0,1
33,43,Bologna,Napoli,0,1
33,44,Bologna,Napoli,0,1
33,45,Bologna,Napoli,0,1
33,46,Bologna,Napoli,0,1
33,47,Bologna,Napoli,0,1
33,48,Bologna,Napoli,0,1
33,49,Bologna,Napoli,0,1
33,50,Bologna,Napoli,0,1
33,51,Bologna,Napoli,0,1
33,52,Bologna,Napoli,0,1
33,53,Bologna,Napoli,0,1
33,54,Bologna,Napoli,0,1
33,55,Bologna,Napoli,0,1
33,56,Bologna,Napoli,0,1
33,57,Bologna,Napoli,0,1
33,58,Bologna,Napoli,0,1
33,59,Bologna,Napoli,0,1
33,60,Bologna,Napoli,0,1
33,61,Bologna,Napoli,0,1
33,62,Bologna,Napoli,0,1
33,63,Bologna,Napoli,0,1
33,64,Bologna,Napoli,1,1
33,65,Bologna,Napoli,1,1
33,66,Bologna,Napoli,1,1
33,67,Bologna,Napoli,1,1
33,68,Bologna,Napoli,1,1
33,69,Bologna,Napoli,1,1
33,70,Bologna,Napoli,1,1
33,71,Bologna,Napoli,1,1
33,72,Bologna,Napoli,1,1
33,73,Bologna,Napoli,1,1
33,74,Bologna,Napoli,1,1
33,75,Bologna,Napoli,1,1
33,76,Bologna,Napoli,1,1
33,77,Bologna,Napoli,1,1
33,78,Bologna,Napoli,1,1
33,79,Bologna,Napoli,1,1
33,80,Bologna,Napoli,1,1
33,81,Bologna,Napoli,1,1
33,82,Bologna,Napoli,1,1
33,83,Bologna,Napoli,1,1
33,84,Bologna,Napoli,1,1
33,85,Bologna,Napoli,1,1
33,86,Bologna,Napoli,1,1
33,87,Bologna,Napoli,1,1
33,88,Bologna,Napoli,1,1
33,89,Bologna,Napoli,1,1
33,90,Bologna,Napoli,1,1
34,1,Bologna,Parma,0,0
34,2,Bologna,Parma,0,0
34,3,Bologna,Parma,0,0
34,4,Bologna,Parma,0,0
34,5,Bologna,Parma,0,0
34,6,Bologna,Parma,0,0
34,7,Bologna,Parma,0,0
34,8,Bologna,Parma,0,0
34,9,Bologna,Parma,0,0
34,10,Bologna,Parma,0,0
34,11,Bologna,Parma,0,0
34,12,Bologna,Parma,0,0
34,13,Bologna,Parma,0,0
34,14,Bologna,Parma,0,0
34,15,Bologna,Parma,0,0
34,16,Bologna,Parma,0,0
34,17,Bologna,Parma,0,0
34,18,Bologna,Parma,0,0
34,19,Bologna,Parma,0,0
34,20,Bologna,Parma,0,0
34,21,Bologna,Parma,0,0
34,22,Bologna,Parma,0,0
34,23,Bologna,Parma,0,0
34,24,Bologna,Parma,0,0
34,25,Bologna,Parma,0,0
34,26,Bologna,Parma,0,0
34,27,Bologna,Parma,0,0
34,28,Bologna,Parma,0,0
34,29,Bologna,Parma,0,0
34,30,Bologna,Parma,0,0
34,31,Bologna,Parma,0,0
34,32,Bologna,Parma,0,0
34,33,Bologna,Parma,0,0
34,34,Bologna,Parma,0,0
34,35,Bologna,Parma,0,0
34,36,Bologna,Parma,0,0
34,37,Bologna,Parma,0,0
34,38,Bologna,Parma,0,0
34,39,Bologna,Parma,0,0
34,40,Bologna,Parma,0,0
34,41,Bologna,Parma,0,0
34,42,Bologna,Parma,0,0
34,43,Bologna,Parma,0,0
34,44,Bologna,Parma,0,0
34,45,Bologna,Parma,0,0
34,46,Bologna,Parma,0,0
34,47,Bologna,Parma,0,0
34,48,Bologna,Parma,0,0
34,49,Bologna,Parma,0,0
34,50,Bologna,Parma,0,0
34,51,Bologna,Parma,0,0
34,52,Bologna,Parma,0,0
34,53,Bologna,Parma,0,0
34,54,Bologna,Parma,0,0
34,55,Bologna,Parma,0,0
34,56,Bologna,Parma,0,0
34,57,Bologna,Parma,0,0
34,58,Bologna,Parma,0,0
34,59,Bologna,Parma,0,0
34,60,Bologna,Parma,0,0
34,61,Bologna,Parma,0,0
34,62,Bologna,Parma,0,0
34,63,Bologna,Parma,0,0
34,64,Bologna,Parma,0,0
34,65,Bologna,Parma,0,0
34,66,Bologna,Parma,0,0
34,67,Bologna,Parma,0,0
34,68,Bologna,Parma,0,0
34,69,Bologna,Parma,0,0
34,70,Bologna,Parma,0,0
34,71,Bologna,Parma,0,0
34,72,Bologna,Parma,0,0
34,73,Bologna,Parma,0,0
34,74,Bologna,Parma,0,0
34,75,Bologna,Parma,0,0
34,76,Bologna,Parma,0,0
34,77,Bologna,Parma,0,0
34,78,Bologna,Parma,0,0
34,79,Bologna,Parma,0,0
34,80,Bologna,Parma,0,0
34,81,Bologna,Parma,0,0
34,82,Bologna,Parma,0,0
34,83,Bologna,Parma,0,0
34,84,Bologna,Parma,0,0
34,85,Bologna,Parma,0,0
34,86,Bologna,Parma,0,0
34,87,Bologna,Parma,0,0
34,88,Bologna,Parma,0,0
34,89,Bologna,Parma,0,0
34,90,Bologna,Parma,0,0
35,1,Bologna,Roma,0,0
35,2,Bologna,Roma,0,0
35,3,Bologna,Roma,0,0
35,4,Bologna,Roma,0,0
35,5,Bologna,Roma,0,0
35,6,Bologna,Roma,0,0
35,7,Bologna,Roma,0,0
35,8,Bologna,Roma,0,0
35,9,Bologna,Roma,0,0
35,10,Bologna,Roma,0,0
35,11,Bologna,Roma,0,0
35,12,Bologna,Roma,0,0
35,13,Bologna,Roma,0,0
35,14,Bologna,Roma,0,0
35,15,Bologna,Roma,0,0
35,16,Bologna,Roma,0,0
35,17,Bologna,Roma,0,0
35,18,Bologna,Roma,0,0
35,19,Bologna,Roma,0,0
35,20,Bologna,Roma,0,0
35,21,Bologna,Roma,0,0
35,22,Bologna,Roma,0,0
35,23,Bologna,Roma,0,0
35,24,Bologna,Roma,0,0
35,25,Bologna,Roma,0,0
35,26,Bologna,Roma,0,0
35,27,Bologna,Roma,0,0
35,28,Bologna,Roma,0,0
35,29,Bologna,Roma,0,0
35,30,Bologna,Roma,0,0
35,31,Bologna,Roma,0,0
35,32,Bologna,Roma,0,0
35,33,Bologna,Roma,0,0
35,34,Bologna,Roma,0,0
35,35,Bologna,Roma,0,0
35,36,Bologna,Roma,0,0
35,37,Bologna,Roma,0,0
35,38,Bologna,Roma,0,0
35,39,Bologna,Roma,0,0
35,40,Bologna,Roma,0,0
35,41,Bologna,Roma,0,0
35,42,Bologna,Roma,0,0
35,43,Bologna,Roma,0,0
35,44,Bologna,Roma,0,0
35,45,Bologna,Roma,0,0
35,46,Bologna,Roma,0,0
35,47,Bologna,Roma,0,0
35,48,Bologna,Roma,0,0
35,49,Bologna,Roma,0,0
35,50,Bologna,Roma,0,0
35,51,Bologna,Roma,0,0
35,52,Bologna,Roma,0,0
35,53,Bologna,Roma,0,0
35,54,Bologna,Roma,0,0
35,55,Bologna,Roma,0,0
35,56,Bologna,Roma,0,0
35,57,Bologna,Roma,0,0
35,58,Bologna,Roma,0,1
35,59,Bologna,Roma,0,1
35,60,Bologna,Roma,0,1
35,61,Bologna,Roma,1,1
35,62,Bologna,Roma,1,1
35,63,Bologna,Roma,1,1
35,64,Bologna,Roma,1,1
35,65,Bologna,Roma,2,1
35,66,Bologna,Roma,2,1
35,67,Bologna,Roma,2,1
35,68,Bologna,Roma,2,1
35,69,Bologna,Roma,2,1
35,70,Bologna,Roma,2,1
35,71,Bologna,Roma,2,1
35,72,Bologna,Roma,2,1
35,73,Bologna,Roma,2,1
35,74,Bologna,Roma,2,1
35,75,Bologna,Roma,2,1
35,76,Bologna,Roma,2,1
35,77,Bologna,Roma,2,1
35,78,Bologna,Roma,2,1
35,79,Bologna,Roma,2,1
35,80,Bologna,Roma,2,1
35,81,Bologna,Roma,2,1
35,82,Bologna,Roma,2,1
35,83,Bologna,Roma,2,1
35,84,Bologna,Roma,2,1
35,85,Bologna,Roma,2,1
35,86,Bologna,Roma,2,1
35,87,Bologna,Roma,2,1
35,88,Bologna,Roma,2,1
35,89,Bologna,Roma,2,1
35,90,Bologna,Roma,2,2
36,1,Bologna,Torino,0,0
36,2,Bologna,Torino,0,0
36,3,Bologna,Torino,0,0
36,4,Bologna,Torino,0,0
36,5,Bologna,Torino,0,0
36,6,Bologna,Torino,0,0
36,7,Bologna,Torino,0,0
36,8,Bologna,Torino,0,0
36,9,Bologna,Torino,0,0
36,10,Bologna,Torino,0,0
36,11,Bologna,Torino,0,0
36,12,Bologna,Torino,0,0
36,13,Bologna,Torino,0,0
36,14,Bologna,Torino,0,0
36,15,Bologna,Torino,0,0
36,16,Bologna,Torino,0,0
36,17,Bologna,Torino,0,0
36,18,Bologna,Torino,0,0
36,19,Bologna,Torino,0,0
36,20,Bologna,Torino,1,0
36,21,Bologna,Torino,1,0
36,22,Bologna,Torino,1,0
36,23,Bologna,Torino,1,0
36,24,Bologna,Torino,1,0
36,25,Bologna,Torino,1,0
36,26,Bologna,Torino,1,0
36,27,Bologna,Torino,1,0
36,28,Bologna,Torino,1,0
36,29,Bologna,Torino,1,0
36,30,Bologna,Torino,1,0
36,31,Bologna,Torino,1,0
36,32,Bologna,Torino,1,0
36,33,Bologna,Torino,1,0
36,34,Bologna,Torino,1,0
36,35,Bologna,Torino,1,0
36,36,Bologna,Torino,1,0
36,37,Bologna,Torino,1,1
36,38,Bologna,Torino,1,1
36,39,Bologna,Torino,1,1
36,40,Bologna,Torino,1,1
36,41,Bologna,Torino,1,1
36,42,Bologna,Torino,1,1
36,43,Bologna,Torino,1,1
36,44,Bologna,Torino,1,1
36,45,Bologna,Torino,1,1
36,46,Bologna,Torino,1,1
36,47,Bologna,Torino,1,1
36,48,Bologna,Torino,1,1
36,49,Bologna,Torino,1,1
36,50,Bologna,Torino,1,1
36,51,Bologna,Torino,1,1
36,52,Bologna,Torino,1,1
36,53,Bologna,Torino,1,1
36,54,Bologna,Torino,1,1
36,55,Bologna,Torino,1,1
36,56,Bologna,Torino,1,1
36,57,Bologna,Torino,1,1
36,58,Bologna,Torino,1,1
36,59,Bologna,Torino,1,1
36,60,Bologna,Torino,1,1
36,61,Bologna,Torino,1,1
36,62,Bologna,Torino,1,1
36,63,Bologna,Torino,1,1
36,64,Bologna,Torino,1,1
36,65,Bologna,Torino,1,2
36,66,Bologna,Torino,1,2
36,67,Bologna,Torino,1,2
36,68,Bologna,Torino,1,2
36,69,Bologna,Torino,1,2
36,70,Bologna,Torino,2,2
36,71,Bologna,Torino,2,2
36,72,Bologna,Torino,2,2
36,73,Bologna,Torino,2,2
36,74,Bologna,Torino,2,2
36,75,Bologna,Torino,2,2
36,76,Bologna,Torino,2,2
36,77,Bologna,Torino,2,2
36,78,Bologna,Torino,2,2
36,79,Bologna,Torino,2,2
36,80,Bologna,Torino,2,2
36,81,Bologna,Torino,2,2
36,82,Bologna,Torino,2,2
36,83,Bologna,Torino,2,2
36,84,Bologna,Torino,2,2
36,85,Bologna,Torino,2,2
36,86,Bologna,Torino,2,2
36,87,Bologna,Torino,2,2
36,88,Bologna,Torino,2,2
36,89,Bologna,Torino,2,2
36,90,Bologna,Torino,3,2
37,1,Bologna,Udinese,0,0
37,2,Bologna,Udinese,0,0
37,3,Bologna,Udinese,0,0
37,4,Bologna,Udinese,0,0
37,5,Bologna,Udinese,0,0
37,6,Bologna,Udinese,0,0
37,7,Bologna,Udinese,0,0
37,8,Bologna,Udinese,0,0
37,9,Bologna,Udinese,0,0
37,10,Bologna,Udinese,0,0
37,11,Bologna,Udinese,0,0
37,12,Bologna,Udinese,0,0
37,13,Bologna,Udinese,0,0
37,14,Bologna,Udinese,0,0
37,15,Bologna,Udinese,0,0
37,16,Bologna,Udinese,0,0
37,17,Bologna,Udinese,0,0
37,18,Bologna,Udinese,0,0
37,19,Bologna,Udinese,0,0
37,20,Bologna,Udinese,0,0
37,21,Bologna,Udinese,0,0
37,22,Bologna,Udinese,0,0
37,23,Bologna,Udinese,0,0
37,24,Bologna,Udinese,0,0
37,25,Bologna,Udinese,0,0
37,26,Bologna,Udinese,0,0
37,27,Bologna,Udinese,0,0
37,28,Bologna,Udinese,0,0
37,29,Bologna,Udinese,0,0
37,30,Bologna,Udinese,0,0
37,31,Bologna,Udinese,0,0
37,32,Bologna,Udinese,0,0
37,33,Bologna,Udinese,0,0
37,34,Bologna,Udinese,0,0
37,35,Bologna,Udinese,0,0
37,36,Bologna,Udinese,0,0
37,37,Bologna,Udinese,0,0
37,38,Bologna,Udinese,0,0
37,39,Bologna,Udinese,0,0
37,40,Bologna,Udinese,0,0
37,41,Bologna,Udinese,0,0
37,42,Bologna,Udinese,0,0
37,43,Bologna,Udinese,0,0
37,44,Bologna,Udinese,0,0
37,45,Bologna,Udinese,0,0
37,46,Bologna,Udinese,0,0
37,47,Bologna,Udinese,0,0
37,48,Bologna,Udinese,0,0
37,49,Bologna,Udinese,0,0
37,50,Bologna,Udinese,0,0
37,51,Bologna,Udinese,0,0
37,52,Bologna,Udinese,0,0
37,53,Bologna,Udinese,0,0
37,54,Bologna,Udinese,0,0
37,55,Bologna,Udinese,0,0
37,56,Bologna,Udinese,0,0
37,57,Bologna,Udinese,1,0
37,58,Bologna,Udinese,1,0
37,59,Bologna,Udinese,1,0
37,60,Bologna,Udinese,1,0
37,61,Bologna,Udinese,1,0
37,62,Bologna,Udinese,1,0
37,63,Bologna,Udinese,1,0
37,64,Bologna,Udinese,1,0
37,65,Bologna,Udinese,1,0
37,66,Bologna,Udinese,1,0
37,67,Bologna,Udinese,1,0
37,68,Bologna,Udinese,1,1
37,69,Bologna,Udinese,1,1
37,70,Bologna,Udinese,1,1
37,71,Bologna,Udinese,1,1
37,72,Bologna,Udinese,1,1
37,73,Bologna,Udinese,1,1
37,74,Bologna,Udinese,1,1
37,75,Bologna,Udinese,1,1
37,76,Bologna,Udinese,1,1
37,77,Bologna,Udinese,1,1
37,78,Bologna,Udinese,1,1
37,79,Bologna,Udinese,1,1
37,80,Bologna,Udinese,1,1
37,81,Bologna,Udinese,1,1
37,82,Bologna,Udinese,1,1
37,83,Bologna,Udinese,1,1
37,84,Bologna,Udinese,1,1
37,85,Bologna,Udinese,1,1
37,86,Bologna,Udinese,1,1
37,87,Bologna,Udinese,1,1
37,88,Bologna,Udinese,1,1
37,89,Bologna,Udinese,1,1
37,90,Bologna,Udinese,1,1
38,1,Bologna,Venezia,0,0
38,2,Bologna,Venezia,0,0
38,3,Bologna,Venezia,0,0
38,4,Bologna,Venezia,0,0
38,5,Bologna,Venezia,0,0
38,6,Bologna,Venezia,0,0
38,7,Bologna,Venezia,0,0
38,8,Bologna,Venezia,0,0
38,9,Bologna,Venezia,0,0
38,10,Bologna,Venezia,0,0
38,11,Bologna,Venezia,0,0
38,12,Bologna,Venezia,0,0
38,13,Bologna,Venezia,0,0
38,14,Bologna,Venezia,0,0
38,15,Bologna,Venezia,0,0
38,16,Bologna,Venezia,0,0
38,17,Bologna,Venezia,0,0
38,18,Bologna,Venezia,0,0
38,19,Bologna,Venezia,0,0
38,20,Bologna,Venezia,0,0
38,21,Bologna,Venezia,1,0
38,22,Bologna,Venezia,1,0
38,23,Bologna,Venezia,1,0
38,24,Bologna,Venezia,1,0
38,25,Bologna,Venezia,1,0
38,26,Bologna,Venezia,1,0
38,27,Bologna,Venezia,1,0
38,28,Bologna,Venezia,1,0
38,29,Bologna,Venezia,1,0
38,30,Bologna,Venezia,1,0
38,31,Bologna,Venezia,1,0
38,32,Bologna,Venezia,1,0
38,33,Bologna,Venezia,1,0
38,34,Bologna,Venezia,1,0
38,35,Bologna,Venezia,1,0
38,36,Bologna,Venezia,1,0
38,37,Bologna,Venezia,1,0
38,38,Bologna,Venezia,1,0
38,39,Bologna,Venezia,1,0
38,40,Bologna,Venezia,1,0
38,41,Bologna,Venezia,1,0
38,42,Bologna,Venezia,1,0
38,43,Bologna,Venezia,1,0
38,44,Bologna,Venezia,1,0
38,45,Bologna,Venezia,1,0
38,46,Bologna,Venezia,1,0
38,47,Bologna,Venezia,1,0
38,48,Bologna,Venezia,1,0
38,49,Bologna,Venezia,1,0
38,50,Bologna,Venezia,1,0
38,51,Bologna,Venezia,1,0
38,52,Bologna,Venezia,1,0
38,53,Bologna,Venezia,1,0
38,54,Bologna,Venezia,1,0
38,55,Bologna,Venezia,1,0
38,56,Bologna,Venezia,1,0
38,57,Bologna,Venezia,1,0
38,58,Bologna,Venezia,1,0
38,59,Bologna,Venezia,1,0
38,60,Bologna,Venezia,1,0
38,61,Bologna,Venezia,1,0
38,62,Bologna,Venezia,1,0
38,63,Bologna,Venezia,1,0
38,64,Bologna,Venezia,1,0
38,65,Bologna,Venezia,1,0
38,66,Bologna,Venezia,1,0
38,67,Bologna,Venezia,1,0
38,68,Bologna,Venezia,1,0
38,69,Bologna,Venezia,2,0
38,70,Bologna,Venezia,2,0
38,71,Bologna,Venezia,3,0
38,72,Bologna,Venezia,3,0
38,73,Bologna,Venezia,3,0
38,74,Bologna,Venezia,3,0
38,75,Bologna,Venezia,3,0
38,76,Bologna,Venezia,3,0
38,77,Bologna,Venezia,3,0
38,78,Bologna,Venezia,3,0
38,79,Bologna,Venezia,3,0
38,80,Bologna,Venezia,3,0
38,81,Bologna,Venezia,3,0
38,82,Bologna,Venezia,3,0
38,83,Bologna,Venezia,3,0
38,84,Bologna,Venezia,3,0
38,85,Bologna,Venezia,3,0
38,86,Bologna,Venezia,3,0
38,87,Bologna,Venezia,3,0
38,88,Bologna,Venezia,3,0
38,89,Bologna,Venezia,3,0
38,90,Bologna,Venezia,3,0
39,1,Cagliari,Atalanta,0,0
39,2,Cagliari,Atalanta,0,0
39,3,Cagliari,Atalanta,0,0
39,4,Cagliari,Atalanta,0,0
39,5,Cagliari,Atalanta,0,0
39,6,Cagliari,Atalanta,0,0
39,7,Cagliari,Atalanta,0,0
39,8,Cagliari,Atalanta,0,0
39,9,Cagliari,Atalanta,0,0
39,10,Cagliari,Atalanta,0,0
39,11,Cagliari,Atalanta,0,0
39,12,Cagliari,Atalanta,0,0
39,13,Cagliari,Atalanta,0,0
39,14,Cagliari,Atalanta,0,0
39,15,Cagliari,Atalanta,0,0
39,16,Cagliari,Atalanta,0,0
39,17,Cagliari,Atalanta,0,0
39,18,Cagliari,Atalanta,0,0
39,19,Cagliari,Atalanta,0,0
39,20,Cagliari,Atalanta,0,0
39,21,Cagliari,Atalanta,0,0
39,22,Cagliari,Atalanta,0,0
39,23,Cagliari,Atalanta,0,0
39,24,Cagliari,Atalanta,0,0
39,25,Cagliari,Atalanta,0,0
39,26,Cagliari,Atalanta,0,0
39,27,Cagliari,Atalanta,0,0
39,28,Cagliari,Atalanta,0,0
39,29,Cagliari,Atalanta,0,0
39,30,Cagliari,Atalanta,0,0
39,31,Cagliari,Atalanta,0,0
39,32,Cagliari,Atalanta,0,0
39,33,Cagliari,Atalanta,0,0
39,34,Cagliari,Atalanta,0,0
39,35,Cagliari,Atalanta,0,0
39,36,Cagliari,Atalanta,0,0
39,37,Cagliari,Atalanta,0,0
39,38,Cagliari,Atalanta,0,0
39,39,Cagliari,Atalanta,0,0
39,40,Cagliari,Atalanta,0,0
39,41,Cagliari,Atalanta,0,0
39,42,Cagliari,Atalanta,0,0
39,43,Cagliari,Atalanta,0,0
39,44,Cagliari,Atalanta,0,0
39,45,Cagliari,Atalanta,0,0
39,46,Cagliari,Atalanta,0,0
39,47,Cagliari,Atalanta,0,0
39,48,Cagliari,Atalanta,0,0
39,49,Cagliari,Atalanta,0,0
39,50,Cagliari,Atalanta,0,0
39,51,Cagliari,Atalanta,0,0
39,52,Cagliari,Atalanta,0,0
39,53,Cagliari,Atalanta,0,0
39,54,Cagliari,Atalanta,0,0
39,55,Cagliari,Atalanta,0,0
39,56,Cagliari,Atalanta,0,0
39,57,Cagliari,Atalanta,0,0
39,58,Cagliari,Atalanta,0,0
39,59,Cagliari,Atalanta,0,0
39,60,Cagliari,Atalanta,0,0
39,61,Cagliari,Atalanta,0,0
39,62,Cagliari,Atalanta,0,0
39,63,Cagliari,Atalanta,0,0
39,64,Cagliari,Atalanta,0,0
39,65,Cagliari,Atalanta,0,0
39,66,Cagliari,Atalanta,0,1
39,67,Cagliari,Atalanta,0,1
39,68,Cagliari,Atalanta,0,1
39,69,Cagliari,Atalanta,0,1
39,70,Cagliari,Atalanta,0,1
39,71,Cagliari,Atalanta,0,1
39,72,Cagliari,Atalanta,0,1
39,73,Cagliari,Atalanta,0,1
39,74,Cagliari,Atalanta,0,1
39,75,Cagliari,Atalanta,0,1
39,76,Cagliari,Atalanta,0,1
39,77,Cagliari,Atalanta,0,1
39,78,Cagliari,Atalanta,0,1
39,79,Cagliari,Atalanta,0,1
39,80,Cagliari,Atalanta,0,1
39,81,Cagliari,Atalanta,0,1
39,82,Cagliari,Atalanta,0,1
39,83,Cagliari,Atalanta,0,1
39,84,Cagliari,Atalanta,0,1
39,85,Cagliari,Atalanta,0,1
39,86,Cagliari,Atalanta,0,1
39,87,Cagliari,Atalanta,0,1
39,88,Cagliari,Atalanta,0,1
39,89,Cagliari,Atalanta,0,1
39,90,Cagliari,Atalanta,0,1
40,1,Cagliari,Bologna,0,0
40,2,Cagliari,Bologna,0,0
40,3,Cagliari,Bologna,0,0
40,4,Cagliari,Bologna,0,0
40,5,Cagliari,Bologna,0,0
40,6,Cagliari,Bologna,0,0
40,7,Cagliari,Bologna,0,0
40,8,Cagliari,Bologna,0,0
40,9,Cagliari,Bologna,0,0
40,10,Cagliari,Bologna,0,0
40,11,Cagliari,Bologna,0,0
40,12,Cagliari,Bologna,0,0
40,13,Cagliari,Bologna,0,0
40,14,Cagliari,Bologna,0,0
40,15,Cagliari,Bologna,0,0
40,16,Cagliari,Bologna,0,0
40,17,Cagliari,Bologna,0,0
40,18,Cagliari,Bologna,0,0
40,19,Cagliari,Bologna,0,0
40,20,Cagliari,Bologna,0,0
40,21,Cagliari,Bologna,0,0
40,22,Cagliari,Bologna,0,0
40,23,Cagliari,Bologna,0,0
40,24,Cagliari,Bologna,0,0
40,25,Cagliari,Bologna,0,0
40,26,Cagliari,Bologna,0,0
40,27,Cagliari,Bologna,0,0
40,28,Cagliari,Bologna,0,0
40,29,Cagliari,Bologna,0,0
40,30,Cagliari,Bologna,0,0
40,31,Cagliari,Bologna,0,0
40,32,Cagliari,Bologna,0,0
40,33,Cagliari,Bologna,0,0
40,34,Cagliari,Bologna,0,0
40,35,Cagliari,Bologna,0,1
40,36,Cagliari,Bologna,0,1
40,37,Cagliari,Bologna,0,1
40,38,Cagliari,Bologna,0,1
40,39,Cagliari,Bologna,0,1
40,40,Cagliari,Bologna,0,1
40,41,Cagliari,Bologna,0,1
40,42,Cagliari,Bologna,0,1
40,43,Cagliari,Bologna,0,1
40,44,Cagliari,Bologna,0,1
40,45,Cagliari,Bologna,0,1
40,46,Cagliari,Bologna,0,1
40,47,Cagliari,Bologna,0,1
40,48,Cagliari,Bologna,0,1
40,49,Cagliari,Bologna,0,1
40,50,Cagliari,Bologna,0,1
40,51,Cagliari,Bologna,0,2
40,52,Cagliari,Bologna,0,2
40,53,Cagliari,Bologna,0,2
40,54,Cagliari,Bologna,0,2
40,55,Cagliari,Bologna,0,2
40,56,Cagliari,Bologna,0,2
40,57,Cagliari,Bologna,0,2
40,58,Cagliari,Bologna,0,2
40,59,Cagliari,Bologna,0,2
40,60,Cagliari,Bologna,0,2
40,61,Cagliari,Bologna,0,2
40,62,Cagliari,Bologna,0,2
40,63,Cagliari,Bologna,0,2
40,64,Cagliari,Bologna,0,2
40,65,Cagliari,Bologna,0,2
40,66,Cagliari,Bologna,0,2
40,67,Cagliari,Bologna,0,2
40,68,Cagliari,Bologna,0,2
40,69,Cagliari,Bologna,0,2
40,70,Cagliari,Bologna,0,2
40,71,Cagliari,Bologna,0,2
40,72,Cagliari,Bologna,0,2
40,73,Cagliari,Bologna,0,2
40,74,Cagliari,Bologna,0,2
40,75,Cagliari,Bologna,0,2
40,76,Cagliari,Bologna,0,2
40,77,Cagliari,Bologna,0,2
40,78,Cagliari,Bologna,0,2
40,79,Cagliari,Bologna,0,2
40,80,Cagliari,Bologna,0,2
40,81,Cagliari,Bologna,0,2
40,82,Cagliari,Bologna,0,2
40,83,Cagliari,Bologna,0,2
40,84,Cagliari,Bologna,0,2
40,85,Cagliari,Bologna,0,2
40,86,Cagliari,Bologna,0,2
40,87,Cagliari,Bologna,0,2
40,88,Cagliari,Bologna,0,2
40,89,Cagliari,Bologna,0,2
40,90,Cagliari,Bologna,0,2
41,1,Cagliari,Como,0,0
41,2,Cagliari,Como,0,0
41,3,Cagliari,Como,0,0
41,4,Cagliari,Como,0,0
41,5,Cagliari,Como,0,0
41,6,Cagliari,Como,0,0
41,7,Cagliari,Como,0,0
41,8,Cagliari,Como,0,0
41,9,Cagliari,Como,0,0
41,10,Cagliari,Como,0,0
41,11,Cagliari,Como,0,0
41,12,Cagliari,Como,0,0
41,13,Cagliari,Como,0,0
41,14,Cagliari,Como,0,0
41,15,Cagliari,Como,0,0
41,16,Cagliari,Como,0,0
41,17,Cagliari,Como,0,0
41,18,Cagliari,Como,0,0
41,19,Cagliari,Como,0,0
41,20,Cagliari,Como,0,0
41,21,Cagliari,Como,0,0
41,22,Cagliari,Como,0,0
41,23,Cagliari,Como,0,0
41,24,Cagliari,Como,0,0
41,25,Cagliari,Como,0,0
41,26,Cagliari,Como,0,0
41,27,Cagliari,Como,0,0
41,28,Cagliari,Como,0,0
41,29,Cagliari,Como,0,0
41,30,Cagliari,Como,0,0
41,31,Cagliari,Como,0,0
41,32,Cagliari,Como,0,0
41,33,Cagliari,Como,0,0
41,34,Cagliari,Como,0,0
41,35,Cagliari,Como,0,0
41,36,Cagliari,Como,0,0
41,37,Cagliari,Como,0,0
41,38,Cagliari,Como,0,0
41,39,Cagliari,Como,0,0
41,40,Cagliari,Como,0,0
41,41,Cagliari,Como,0,0
41,42,Cagliari,Como,0,0
41,43,Cagliari,Como,0,0
41,44,Cagliari,Como,1,0
41,45,Cagliari,Como,1,0
41,46,Cagliari,Como,1,0
41,47,Cagliari,Como,1,0
41,48,Cagliari,Como,1,0
41,49,Cagliari,Como,1,0
41,50,Cagliari,Como,1,0
41,51,Cagliari,Como,1,0
41,52,Cagliari,Como,1,0
41,53,Cagliari,Como,1,1
41,54,Cagliari,Como,1,1
41,55,Cagliari,Como,1,1
41,56,Cagliari,Como,1,1
41,57,Cagliari,Como,1,1
41,58,Cagliari,Como,1,1
41,59,Cagliari,Como,1,1
41,60,Cagliari,Como,1,1
41,61,Cagliari,Como,1,1
41,62,Cagliari,Como,1,1
41,63,Cagliari,Como,1,1
41,64,Cagliari,Como,1,1
41,65,Cagliari,Como,1,1
41,66,Cagliari,Como,1,1
41,67,Cagliari,Como,1,1
41,68,Cagliari,Como,1,1
41,69,Cagliari,Como,1,1
41,70,Cagliari,Como,1,1
41,71,Cagliari,Como,1,1
41,72,Cagliari,Como,1,1
41,73,Cagliari,Como,1,1
41,74,Cagliari,Como,1,1
41,75,Cagliari,Como,1,1
41,76,Cagliari,Como,1,1
41,77,Cagliari,Como,1,1
41,78,Cagliari,Como,1,1
41,79,Cagliari,Como,1,1
41,80,Cagliari,Como,1,1
41,81,Cagliari,Como,1,1
41,82,Cagliari,Como,1,1
41,83,Cagliari,Como,1,1
41,84,Cagliari,Como,1,1
41,85,Cagliari,Como,1,1
41,86,Cagliari,Como,1,1
41,87,Cagliari,Como,1,1
41,88,Cagliari,Como,1,1
41,89,Cagliari,Como,1,1
41,90,Cagliari,Como,1,1
42,1,Cagliari,Empoli,0,0
42,2,Cagliari,Empoli,0,0
42,3,Cagliari,Empoli,0,0
42,4,Cagliari,Empoli,0,0
42,5,Cagliari,Empoli,0,0
42,6,Cagliari,Empoli,0,0
42,7,Cagliari,Empoli,0,0
42,8,Cagliari,Empoli,0,0
42,9,Cagliari,Empoli,0,0
42,10,Cagliari,Empoli,0,0
42,11,Cagliari,Empoli,0,0
42,12,Cagliari,Empoli,0,0
42,13,Cagliari,Empoli,0,0
42,14,Cagliari,Empoli,0,0
42,15,Cagliari,Empoli,0,0
42,16,Cagliari,Empoli,0,0
42,17,Cagliari,Empoli,0,0
42,18,Cagliari,Empoli,0,0
42,19,Cagliari,Empoli,0,0
42,20,Cagliari,Empoli,0,0
42,21,Cagliari,Empoli,0,0
42,22,Cagliari,Empoli,0,0
42,23,Cagliari,Empoli,0,0
42,24,Cagliari,Empoli,0,0
42,25,Cagliari,Empoli,0,0
42,26,Cagliari,Empoli,0,0
42,27,Cagliari,Empoli,0,0
42,28,Cagliari,Empoli,0,0
42,29,Cagliari,Empoli,0,0
42,30,Cagliari,Empoli,0,0
42,31,Cagliari,Empoli,0,0
42,32,Cagliari,Empoli,0,0
42,33,Cagliari,Empoli,0,1
42,34,Cagliari,Empoli,0,1
42,35,Cagliari,Empoli,0,1
42,36,Cagliari,Empoli,0,1
42,37,Cagliari,Empoli,0,1
42,38,Cagliari,Empoli,0,1
42,39,Cagliari,Empoli,0,1
42,40,Cagliari,Empoli,0,1
42,41,Cagliari,Empoli,0,1
42,42,Cagliari,Empoli,0,1
42,43,Cagliari,Empoli,0,1
42,44,Cagliari,Empoli,0,1
42,45,Cagliari,Empoli,0,1
42,46,Cagliari,Empoli,0,1
42,47,Cagliari,Empoli,0,1
42,48,Cagliari,Empoli,0,1
42,49,Cagliari,Empoli,0,2
42,50,Cagliari,Empoli,0,2
42,51,Cagliari,Empoli,0,2
42,52,Cagliari,Empoli,0,2
42,53,Cagliari,Empoli,0,2
42,54,Cagliari,Empoli,0,2
42,55,Cagliari,Empoli,0,2
42,56,Cagliari,Empoli,0,2
42,57,Cagliari,Empoli,0,2
42,58,Cagliari,Empoli,0,2
42,59,Cagliari,Empoli,0,2
42,60,Cagliari,Empoli,0,2
42,61,Cagliari,Empoli,0,2
42,62,Cagliari,Empoli,0,2
42,63,Cagliari,Empoli,0,2
42,64,Cagliari,Empoli,0,2
42,65,Cagliari,Empoli,0,2
42,66,Cagliari,Empoli,0,2
42,67,Cagliari,Empoli,0,2
42,68,Cagliari,Empoli,0,2
42,69,Cagliari,Empoli,0,2
42,70,Cagliari,Empoli,0,2
42,71,Cagliari,Empoli,0,2
42,72,Cagliari,Empoli,0,2
42,73,Cagliari,Empoli,0,2
42,74,Cagliari,Empoli,0,2
42,75,Cagliari,Empoli,0,2
42,76,Cagliari,Empoli,0,2
42,77,Cagliari,Empoli,0,2
42,78,Cagliari,Empoli,0,2
42,79,Cagliari,Empoli,0,2
42,80,Cagliari,Empoli,0,2
42,81,Cagliari,Empoli,0,2
42,82,Cagliari,Empoli,0,2
42,83,Cagliari,Empoli,0,2
42,84,Cagliari,Empoli,0,2
42,85,Cagliari,Empoli,0,2
42,86,Cagliari,Empoli,0,2
42,87,Cagliari,Empoli,0,2
42,88,Cagliari,Empoli,0,2
42,89,Cagliari,Empoli,0,2
42,90,Cagliari,Empoli,0,2
43,1,Cagliari,Fiorentina,0,0
43,2,Cagliari,Fiorentina,0,0
43,3,Cagliari,Fiorentina,0,0
43,4,Cagliari,Fiorentina,0,0
43,5,Cagliari,Fiorentina,0,0
43,6,Cagliari,Fiorentina,0,0
43,7,Cagliari,Fiorentina,1,0
43,8,Cagliari,Fiorentina,1,0
43,9,Cagliari,Fiorentina,1,0
43,10,Cagliari,Fiorentina,1,0
43,11,Cagliari,Fiorentina,1,0
43,12,Cagliari,Fiorentina,1,0
43,13,Cagliari,Fiorentina,1,0
43,14,Cagliari,Fiorentina,1,0
43,15,Cagliari,Fiorentina,1,0
43,16,Cagliari,Fiorentina,1,0
43,17,Cagliari,Fiorentina,1,0
43,18,Cagliari,Fiorentina,1,0
43,19,Cagliari,Fiorentina,1,0
43,20,Cagliari,Fiorentina,1,0
43,21,Cagliari,Fiorentina,1,0
43,22,Cagliari,Fiorentina,1,0
43,23,Cagliari,Fiorentina,1,0
43,24,Cagliari,Fiorentina,1,0
43,25,Cagliari,Fiorentina,1,0
43,26,Cagliari,Fiorentina,1,0
43,27,Cagliari,Fiorentina,1,0
43,28,Cagliari,Fiorentina,1,0
43,29,Cagliari,Fiorentina,1,0
43,30,Cagliari,Fiorentina,1,0
43,31,Cagliari,Fiorentina,1,0
43,32,Cagliari,Fiorentina,1,0
43,33,Cagliari,Fiorentina,1,0
43,34,Cagliari,Fiorentina,1,0
43,35,Cagliari,Fiorentina,1,0
43,36,Cagliari,Fiorentina,1,1
43,37,Cagliari,Fiorentina,1,1
43,38,Cagliari,Fiorentina,1,1
43,39,Cagliari,Fiorentina,1,1
43,40,Cagliari,Fiorentina,1,1
43,41,Cagliari,Fiorentina,1,1
43,42,Cagliari,Fiorentina,1,1
43,43,Cagliari,Fiorentina,1,1
43,44,Cagliari,Fiorentina,1,1
43,45,Cagliari,Fiorentina,1,1
43,46,Cagliari,Fiorentina,1,1
43,47,Cagliari,Fiorentina,1,1
43,48,Cagliari,Fiorentina,1,2
43,49,Cagliari,Fiorentina,1,2
43,50,Cagliari,Fiorentina,1,2
43,51,Cagliari,Fiorentina,1,2
43,52,Cagliari,Fiorentina,1,2
43,53,Cagliari,Fiorentina,1,2
43,54,Cagliari,Fiorentina,1,2
43,55,Cagliari,Fiorentina,1,2
43,56,Cagliari,Fiorentina,1,2
43,57,Cagliari,Fiorentina,1,2
43,58,Cagliari,Fiorentina,1,2
43,59,Cagliari,Fiorentina,1,2
43,60,Cagliari,Fiorentina,1,2
43,61,Cagliari,Fiorentina,1,2
43,62,Cagliari,Fiorentina,1,2
43,63,Cagliari,Fiorentina,1,2
43,64,Cagliari,Fiorentina,1,2
43,65,Cagliari,Fiorentina,1,2
43,66,Cagliari,Fiorentina,1,2
43,67,Cagliari,Fiorentina,1,2
43,68,Cagliari,Fiorentina,1,2
43,69,Cagliari,Fiorentina,1,2
43,70,Cagliari,Fiorentina,1,2
43,71,Cagliari,Fiorentina,1,2
43,72,Cagliari,Fiorentina,1,2
43,73,Cagliari,Fiorentina,1,2
43,74,Cagliari,Fiorentina,1,2
43,75,Cagliari,Fiorentina,1,2
43,76,Cagliari,Fiorentina,1,2
43,77,Cagliari,Fiorentina,1,2
43,78,Cagliari,Fiorentina,1,2
43,79,Cagliari,Fiorentina,1,2
43,80,Cagliari,Fiorentina,1,2
43,81,Cagliari,Fiorentina,1,2
43,82,Cagliari,Fiorentina,1,2
43,83,Cagliari,Fiorentina,1,2
43,84,Cagliari,Fiorentina,1,2
43,85,Cagliari,Fiorentina,1,2
43,86,Cagliari,Fiorentina,1,2
43,87,Cagliari,Fiorentina,1,2
43,88,Cagliari,Fiorentina,1,2
43,89,Cagliari,Fiorentina,1,2
43,90,Cagliari,Fiorentina,1,2
44,1,Cagliari,Genoa,0,0
44,2,Cagliari,Genoa,0,0
44,3,Cagliari,Genoa,0,0
44,4,Cagliari,Genoa,0,0
44,5,Cagliari,Genoa,0,0
44,6,Cagliari,Genoa,0,0
44,7,Cagliari,Genoa,0,0
44,8,Cagliari,Genoa,0,0
44,9,Cagliari,Genoa,0,0
44,10,Cagliari,Genoa,0,0
44,11,Cagliari,Genoa,0,0
44,12,Cagliari,Genoa,0,0
44,13,Cagliari,Genoa,0,0
44,14,Cagliari,Genoa,0,0
44,15,Cagliari,Genoa,0,0
44,16,Cagliari,Genoa,0,0
44,17,Cagliari,Genoa,0,0
44,18,Cagliari,Genoa,1,0
44,19,Cagliari,Genoa,1,0
44,20,Cagliari,Genoa,1,0
44,21,Cagliari,Genoa,1,0
44,22,Cagliari,Genoa,1,0
44,23,Cagliari,Genoa,1,0
44,24,Cagliari,Genoa,1,0
44,25,Cagliari,Genoa,1,0
44,26,Cagliari,Genoa,1,0
44,27,Cagliari,Genoa,1,0
44,28,Cagliari,Genoa,1,0
44,29,Cagliari,Genoa,1,0
44,30,Cagliari,Genoa,1,0
44,31,Cagliari,Genoa,1,0
44,32,Cagliari,Genoa,1,0
44,33,Cagliari,Genoa,1,0
44,34,Cagliari,Genoa,1,0
44,35,Cagliari,Genoa,1,0
44,36,Cagliari,Genoa,1,0
44,37,Cagliari,Genoa,1,0
44,38,Cagliari,Genoa,1,0
44,39,Cagliari,Genoa,1,0
44,40,Cagliari,Genoa,1,0
44,41,Cagliari,Genoa,1,0
44,42,Cagliari,Genoa,1,0
44,43,Cagliari,Genoa,1,0
44,44,Cagliari,Genoa,1,0
44,45,Cagliari,Genoa,1,0
44,46,Cagliari,Genoa,1,0
44,47,Cagliari,Genoa,1,1
44,48,Cagliari,Genoa,1,1
44,49,Cagliari,Genoa,1,1
44,50,Cagliari,Genoa,1,1
44,51,Cagliari,Genoa,1,1
44,52,Cagliari,Genoa,1,1
44,53,Cagliari,Genoa,1,1
44,54,Cagliari,Genoa,1,1
44,55,Cagliari,Genoa,1,1
44,56,Cagliari,Genoa,1,1
44,57,Cagliari,Genoa,1,1
44,58,Cagliari,Genoa,1,1
44,59,Cagliari,Genoa,1,1
44,60,Cagliari,Genoa,1,1
44,61,Cagliari,Genoa,1,1
44,62,Cagliari,Genoa,1,1
44,63,Cagliari,Genoa,1,1
44,64,Cagliari,Genoa,1,1
44,65,Cagliari,Genoa,1,1
44,66,Cagliari,Genoa,1,1
44,67,Cagliari,Genoa,1,1
44,68,Cagliari,Genoa,1,1
44,69,Cagliari,Genoa,1,1
44,70,Cagliari,Genoa,1,1
44,71,Cagliari,Genoa,1,1
44,72,Cagliari,Genoa,1,1
44,73,Cagliari,Genoa,1,1
44,74,Cagliari,Genoa,1,1
44,75,Cagliari,Genoa,1,1
44,76,Cagliari,Genoa,1,1
44,77,Cagliari,Genoa,1,1
44,78,Cagliari,Genoa,1,1
44,79,Cagliari,Genoa,1,1
44,80,Cagliari,Genoa,1,1
44,81,Cagliari,Genoa,1,1
44,82,Cagliari,Genoa,1,1
44,83,Cagliari,Genoa,1,1
44,84,Cagliari,Genoa,1,1
44,85,Cagliari,Genoa,1,1
44,86,Cagliari,Genoa,1,1
44,87,Cagliari,Genoa,1,1
44,88,Cagliari,Genoa,1,1
44,89,Cagliari,Genoa,1,1
44,90,Cagliari,Genoa,1,1
45,1,Cagliari,Hellas Verona,0,0
45,2,Cagliari,Hellas Verona,0,0
45,3,Cagliari,Hellas Verona,0,0
45,4,Cagliari,Hellas Verona,0,0
45,5,Cagliari,Hellas Verona,0,0
45,6,Cagliari,Hellas Verona,0,0
45,7,Cagliari,Hellas Verona,0,0
45,8,Cagliari,Hellas Verona,0,0
45,9,Cagliari,Hellas Verona,0,0
45,10,Cagliari,Hellas Verona,0,0
45,11,Cagliari,Hellas Verona,0,0
45,12,Cagliari,Hellas Verona,0,0
45,13,Cagliari,Hellas Verona,0,0
45,14,Cagliari,Hellas Verona,0,0
45,15,Cagliari,Hellas Verona,0,0
45,16,Cagliari,Hellas Verona,0,0
45,17,Cagliari,Hellas Verona,0,0
45,18,Cagliari,Hellas Verona,0,0
45,19,Cagliari,Hellas Verona,0,0
45,20,Cagliari,Hellas Verona,0,0
45,21,Cagliari,Hellas Verona,0,0
45,22,Cagliari,Hellas Verona,0,0
45,23,Cagliari,Hellas Verona,0,0
45,24,Cagliari,Hellas Verona,0,0
45,25,Cagliari,Hellas Verona,0,0
45,26,Cagliari,Hellas Verona,0,0
45,27,Cagliari,Hellas Verona,0,0
45,28,Cagliari,Hellas Verona,0,0
45,29,Cagliari,Hellas Verona,0,0
45,30,Cagliari,Hellas Verona,0,0
45,31,Cagliari,Hellas Verona,0,0
45,32,Cagliari,Hellas Verona,0,0
45,33,Cagliari,Hellas Verona,0,0
45,34,Cagliari,Hellas Verona,0,0
45,35,Cagliari,Hellas Verona,0,0
45,36,Cagliari,Hellas Verona,0,0
45,37,Cagliari,Hellas Verona,0,0
45,38,Cagliari,Hellas Verona,0,0
45,39,Cagliari,Hellas Verona,0,0
45,40,Cagliari,Hellas Verona,0,0
45,41,Cagliari,Hellas Verona,0,0
45,42,Cagliari,Hellas Verona,0,0
45,43,Cagliari,Hellas Verona,0,0
45,44,Cagliari,Hellas Verona,0,0
45,45,Cagliari,Hellas Verona,0,0
45,46,Cagliari,Hellas Verona,0,0
45,47,Cagliari,Hellas Verona,0,0
45,48,Cagliari,Hellas Verona,0,0
45,49,Cagliari,Hellas Verona,0,0
45,50,Cagliari,Hellas Verona,0,0
45,51,Cagliari,Hellas Verona,0,0
45,52,Cagliari,Hellas Verona,0,0
45,53,Cagliari,Hellas Verona,0,0
45,54,Cagliari,Hellas Verona,0,0
45,55,Cagliari,Hellas Verona,0,0
45,56,Cagliari,Hellas Verona,0,0
45,57,Cagliari,Hellas Verona,0,0
45,58,Cagliari,Hellas Verona,0,0
45,59,Cagliari,Hellas Verona,0,0
45,60,Cagliari,Hellas Verona,0,0
45,61,Cagliari,Hellas Verona,0,0
45,62,Cagliari,Hellas Verona,0,0
45,63,Cagliari,Hellas Verona,0,0
45,64,Cagliari,Hellas Verona,0,0
45,65,Cagliari,Hellas Verona,0,0
45,66,Cagliari,Hellas Verona,0,0
45,67,Cagliari,Hellas Verona,0,0
45,68,Cagliari,Hellas Verona,0,0
45,69,Cagliari,Hellas Verona,0,0
45,70,Cagliari,Hellas Verona,0,0
45,71,Cagliari,Hellas Verona,0,0
45,72,Cagliari,Hellas Verona,0,0
45,73,Cagliari,Hellas Verona,0,0
45,74,Cagliari,Hellas Verona,0,0
45,75,Cagliari,Hellas Verona,1,0
45,76,Cagliari,Hellas Verona,1,0
45,77,Cagliari,Hellas Verona,1,0
45,78,Cagliari,Hellas Verona,1,0
45,79,Cagliari,Hellas Verona,1,0
45,80,Cagliari,Hellas Verona,1,0
45,81,Cagliari,Hellas Verona,1,0
45,82,Cagliari,Hellas Verona,1,0
45,83,Cagliari,Hellas Verona,1,0
45,84,Cagliari,Hellas Verona,1,0
45,85,Cagliari,Hellas Verona,1,0
45,86,Cagliari,Hellas Verona,1,0
45,87,Cagliari,Hellas Verona,1,0
45,88,Cagliari,Hellas Verona,1,0
45,89,Cagliari,Hellas Verona,1,0
45,90,Cagliari,Hellas Verona,1,0
46,1,Cagliari,Inter Milan,0,0
46,2,Cagliari,Inter Milan,0,0
46,3,Cagliari,Inter Milan,0,0
46,4,Cagliari,Inter Milan,0,0
46,5,Cagliari,Inter Milan,0,0
46,6,Cagliari,Inter Milan,0,0
46,7,Cagliari,Inter Milan,0,0
46,8,Cagliari,Inter Milan,0,0
46,9,Cagliari,Inter Milan,0,0
46,10,Cagliari,Inter Milan,0,0
46,11,Cagliari,Inter Milan,0,0
46,12,Cagliari,Inter Milan,0,0
46,13,Cagliari,Inter Milan,0,0
46,14,Cagliari,Inter Milan,0,0
46,15,Cagliari,Inter Milan,0,0
46,16,Cagliari,Inter Milan,0,0
46,17,Cagliari,Inter Milan,0,0
46,18,Cagliari,Inter Milan,0,0
46,19,Cagliari,Inter Milan,0,0
46,20,Cagliari,Inter Milan,0,0
46,21,Cagliari,Inter Milan,0,0
46,22,Cagliari,Inter Milan,0,0
46,23,Cagliari,Inter Milan,0,0
46,24,Cagliari,Inter Milan,0,0
46,25,Cagliari,Inter Milan,0,0
46,26,Cagliari,Inter Milan,0,0
46,27,Cagliari,Inter Milan,0,0
46,28,Cagliari,Inter Milan,0,0
46,29,Cagliari,Inter Milan,0,0
46,30,Cagliari,Inter Milan,0,0
46,31,Cagliari,Inter Milan,0,0
46,32,Cagliari,Inter Milan,0,0
46,33,Cagliari,Inter Milan,0,0
46,34,Cagliari,Inter Milan,0,0
46,35,Cagliari,Inter Milan,0,0
46,36,Cagliari,Inter Milan,0,0
46,37,Cagliari,Inter Milan,0,0
46,38,Cagliari,Inter Milan,0,0
46,39,Cagliari,Inter Milan,0,0
46,40,Cagliari,Inter Milan,0,0
46,41,Cagliari,Inter Milan,0,0
46,42,Cagliari,Inter Milan,0,0
46,43,Cagliari,Inter Milan,0,0
46,44,Cagliari,Inter Milan,0,0
46,45,Cagliari,Inter Milan,0,0
46,46,Cagliari,Inter Milan,0,0
46,47,Cagliari,Inter Milan,0,0
46,48,Cagliari,Inter Milan,0,0
46,49,Cagliari,Inter Milan,0,0
46,50,Cagliari,Inter Milan,0,0
46,51,Cagliari,Inter Milan,0,0
46,52,Cagliari,Inter Milan,0,0
46,53,Cagliari,Inter Milan,0,1
46,54,Cagliari,Inter Milan,0,1
46,55,Cagliari,Inter Milan,0,1
46,56,Cagliari,Inter Milan,0,1
46,57,Cagliari,Inter Milan,0,1
46,58,Cagliari,Inter Milan,0,1
46,59,Cagliari,Inter Milan,0,1
46,60,Cagliari,Inter Milan,0,1
46,61,Cagliari,Inter Milan,0,1
46,62,Cagliari,Inter Milan,0,1
46,63,Cagliari,Inter Milan,0,1
46,64,Cagliari,Inter Milan,0,1
46,65,Cagliari,Inter Milan,0,1
46,66,Cagliari,Inter Milan,0,1
46,67,Cagliari,Inter Milan,0,1
46,68,Cagliari,Inter Milan,0,1
46,69,Cagliari,Inter Milan,0,1
46,70,Cagliari,Inter Milan,0,1
46,71,Cagliari,Inter Milan,0,2
46,72,Cagliari,Inter Milan,0,2
46,73,Cagliari,Inter Milan,0,2
46,74,Cagliari,Inter Milan,0,2
46,75,Cagliari,Inter Milan,0,2
46,76,Cagliari,Inter Milan,0,2
46,77,Cagliari,Inter Milan,0,2
46,78,Cagliari,Inter Milan,0,3
46,79,Cagliari,Inter Milan,0,3
46,80,Cagliari,Inter Milan,0,3
46,81,Cagliari,Inter Milan,0,3
46,82,Cagliari,Inter Milan,0,3
46,83,Cagliari,Inter Milan,0,3
46,84,Cagliari,Inter Milan,0,3
46,85,Cagliari,Inter Milan,0,3
46,86,Cagliari,Inter Milan,0,3
46,87,Cagliari,Inter Milan,0,3
46,88,Cagliari,Inter Milan,0,3
46,89,Cagliari,Inter Milan,0,3
46,90,Cagliari,Inter Milan,0,3
47,1,Cagliari,Juventus,0,0
47,2,Cagliari,Juventus,0,0
47,3,Cagliari,Juventus,0,0
47,4,Cagliari,Juventus,0,0
47,5,Cagliari,Juventus,0,0
47,6,Cagliari,Juventus,0,0
47,7,Cagliari,Juventus,0,0
47,8,Cagliari,Juventus,0,0
47,9,Cagliari,Juventus,0,0
47,10,Cagliari,Juventus,0,0
47,11,Cagliari,Juventus,0,0
47,12,Cagliari,Juventus,0,1
47,13,Cagliari,Juventus,0,1
47,14,Cagliari,Juventus,0,1
47,15,Cagliari,Juventus,0,1
47,16,Cagliari,Juventus,0,1
47,17,Cagliari,Juventus,0,1
47,18,Cagliari,Juventus,0,1
47,19,Cagliari,Juventus,0,1
47,20,Cagliari,Juventus,0,1
47,21,Cagliari,Juventus,0,1
47,22,Cagliari,Juventus,0,1
47,23,Cagliari,Juventus,0,1
47,24,Cagliari,Juventus,0,1
47,25,Cagliari,Juventus,0,1
47,26,Cagliari,Juventus,0,1
47,27,Cagliari,Juventus,0,1
47,28,Cagliari,Juventus,0,1
47,29,Cagliari,Juventus,0,1
47,30,Cagliari,Juventus,0,1
47,31,Cagliari,Juventus,0,1
47,32,Cagliari,Juventus,0,1
47,33,Cagliari,Juventus,0,1
47,34,Cagliari,Juventus,0,1
47,35,Cagliari,Juventus,0,1
47,36,Cagliari,Juventus,0,1
47,37,Cagliari,Juventus,0,1
47,38,Cagliari,Juventus,0,1
47,39,Cagliari,Juventus,0,1
47,40,Cagliari,Juventus,0,1
47,41,Cagliari,Juventus,0,1
47,42,Cagliari,Juventus,0,1
47,43,Cagliari,Juventus,0,1
47,44,Cagliari,Juventus,0,1
47,45,Cagliari,Juventus,0,1
47,46,Cagliari,Juventus,0,1
47,47,Cagliari,Juventus,0,1
47,48,Cagliari,Juventus,0,1
47,49,Cagliari,Juventus,0,1
47,50,Cagliari,Juventus,0,1
47,51,Cagliari,Juventus,0,1
47,52,Cagliari,Juventus,0,1
47,53,Cagliari,Juventus,0,1
47,54,Cagliari,Juventus,0,1
47,55,Cagliari,Juventus,0,1
47,56,Cagliari,Juventus,0,1
47,57,Cagliari,Juventus,0,1
47,58,Cagliari,Juventus,0,1
47,59,Cagliari,Juventus,0,1
47,60,Cagliari,Juventus,0,1
47,61,Cagliari,Juventus,0,1
47,62,Cagliari,Juventus,0,1
47,63,Cagliari,Juventus,0,1
47,64,Cagliari,Juventus,0,1
47,65,Cagliari,Juventus,0,1
47,66,Cagliari,Juventus,0,1
47,67,Cagliari,Juventus,0,1
47,68,Cagliari,Juventus,0,1
47,69,Cagliari,Juventus,0,1
47,70,Cagliari,Juventus,0,1
47,71,Cagliari,Juventus,0,1
47,72,Cagliari,Juventus,0,1
47,73,Cagliari,Juventus,0,1
47,74,Cagliari,Juventus,0,1
47,75,Cagliari,Juventus,0,1
47,76,Cagliari,Juventus,0,1
47,77,Cagliari,Juventus,0,1
47,78,Cagliari,Juventus,0,1
47,79,Cagliari,Juventus,0,1
47,80,Cagliari,Juventus,0,1
47,81,Cagliari,Juventus,0,1
47,82,Cagliari,Juventus,0,1
47,83,Cagliari,Juventus,0,1
47,84,Cagliari,Juventus,0,1
47,85,Cagliari,Juventus,0,1
47,86,Cagliari,Juventus,0,1
47,87,Cagliari,Juventus,0,1
47,88,Cagliari,Juventus,0,1
47,89,Cagliari,Juventus,0,1
47,90,Cagliari,Juventus,0,1
48,1,Cagliari,Lazio,0,0
48,2,Cagliari,Lazio,0,0
48,3,Cagliari,Lazio,0,0
48,4,Cagliari,Lazio,0,0
48,5,Cagliari,Lazio,0,0
48,6,Cagliari,Lazio,0,0
48,7,Cagliari,Lazio,0,0
48,8,Cagliari,Lazio,0,0
48,9,Cagliari,Lazio,0,0
48,10,Cagliari,Lazio,0,0
48,11,Cagliari,Lazio,0,0
48,12,Cagliari,Lazio,0,0
48,13,Cagliari,Lazio,0,0
48,14,Cagliari,Lazio,0,0
48,15,Cagliari,Lazio,0,0
48,16,Cagliari,Lazio,0,0
48,17,Cagliari,Lazio,0,0
48,18,Cagliari,Lazio,0,0
48,19,Cagliari,Lazio,0,0
48,20,Cagliari,Lazio,0,0
48,21,Cagliari,Lazio,0,0
48,22,Cagliari,Lazio,0,0
48,23,Cagliari,Lazio,0,0
48,24,Cagliari,Lazio,0,0
48,25,Cagliari,Lazio,0,0
48,26,Cagliari,Lazio,0,0
48,27,Cagliari,Lazio,0,0
48,28,Cagliari,Lazio,0,0
48,29,Cagliari,Lazio,0,0
48,30,Cagliari,Lazio,0,0
48,31,Cagliari,Lazio,0,0
48,32,Cagliari,Lazio,0,0
48,33,Cagliari,Lazio,0,0
48,34,Cagliari,Lazio,0,0
48,35,Cagliari,Lazio,0,0
48,36,Cagliari,Lazio,0,0
48,37,Cagliari,Lazio,0,0
48,38,Cagliari,Lazio,0,0
48,39,Cagliari,Lazio,0,0
48,40,Cagliari,Lazio,0,0
48,41,Cagliari,Lazio,0,1
48,42,Cagliari,Lazio,0,1
48,43,Cagliari,Lazio,0,1
48,44,Cagliari,Lazio,0,1
48,45,Cagliari,Lazio,0,1
48,46,Cagliari,Lazio,0,1
48,47,Cagliari,Lazio,0,1
48,48,Cagliari,Lazio,0,1
48,49,Cagliari,Lazio,0,1
48,50,Cagliari,Lazio,0,1
48,51,Cagliari,Lazio,0,1
48,52,Cagliari,Lazio,0,1
48,53,Cagliari,Lazio,0,1
48,54,Cagliari,Lazio,0,1
48,55,Cagliari,Lazio,0,1
48,56,Cagliari,Lazio,1,1
48,57,Cagliari,Lazio,1,1
48,58,Cagliari,Lazio,1,1
48,59,Cagliari,Lazio,1,1
48,60,Cagliari,Lazio,1,1
48,61,Cagliari,Lazio,1,1
48,62,Cagliari,Lazio,1,1
48,63,Cagliari,Lazio,1,1
48,64,Cagliari,Lazio,1,2
48,65,Cagliari,Lazio,1,2
48,66,Cagliari,Lazio,1,2
48,67,Cagliari,Lazio,1,2
48,68,Cagliari,Lazio,1,2
48,69,Cagliari,Lazio,1,2
48,70,Cagliari,Lazio,1,2
48,71,Cagliari,Lazio,1,2
48,72,Cagliari,Lazio,1,2
48,73,Cagliari,Lazio,1,2
48,74,Cagliari,Lazio,1,2
48,75,Cagliari,Lazio,1,2
48,76,Cagliari,Lazio,1,2
48,77,Cagliari,Lazio,1,2
48,78,Cagliari,Lazio,1,2
48,79,Cagliari,Lazio,1,2
48,80,Cagliari,Lazio,1,2
48,81,Cagliari,Lazio,1,2
48,82,Cagliari,Lazio,1,2
48,83,Cagliari,Lazio,1,2
48,84,Cagliari,Lazio,1,2
48,85,Cagliari,Lazio,1,2
48,86,Cagliari,Lazio,1,2
48,87,Cagliari,Lazio,1,2
48,88,Cagliari,Lazio,1,2
48,89,Cagliari,Lazio,1,2
48,90,Cagliari,Lazio,1,2
49,1,Cagliari,Lecce,0,0
49,2,Cagliari,Lecce,0,0
49,3,Cagliari,Lecce,0,0
49,4,Cagliari,Lecce,0,0
49,5,Cagliari,Lecce,0,0
49,6,Cagliari,Lecce,0,0
49,7,Cagliari,Lecce,0,0
49,8,Cagliari,Lecce,0,0
49,9,Cagliari,Lecce,0,0
49,10,Cagliari,Lecce,0,0
49,11,Cagliari,Lecce,0,0
49,12,Cagliari,Lecce,0,0
49,13,Cagliari,Lecce,0,0
49,14,Cagliari,Lecce,0,0
49,15,Cagliari,Lecce,0,0
49,16,Cagliari,Lecce,0,0
49,17,Cagliari,Lecce,0,0
49,18,Cagliari,Lecce,0,0
49,19,Cagliari,Lecce,0,0
49,20,Cagliari,Lecce,0,0
49,21,Cagliari,Lecce,0,0
49,22,Cagliari,Lecce,0,0
49,23,Cagliari,Lecce,0,0
49,24,Cagliari,Lecce,0,0
49,25,Cagliari,Lecce,0,0
49,26,Cagliari,Lecce,0,0
49,27,Cagliari,Lecce,0,0
49,28,Cagliari,Lecce,0,0
49,29,Cagliari,Lecce,0,0
49,30,Cagliari,Lecce,0,0
49,31,Cagliari,Lecce,0,0
49,32,Cagliari,Lecce,0,0
49,33,Cagliari,Lecce,0,0
49,34,Cagliari,Lecce,0,0
49,35,Cagliari,Lecce,0,0
49,36,Cagliari,Lecce,0,0
49,37,Cagliari,Lecce,0,0
49,38,Cagliari,Lecce,0,0
49,39,Cagliari,Lecce,0,0
49,40,Cagliari,Lecce,0,0
49,41,Cagliari,Lecce,0,0
49,42,Cagliari,Lecce,0,1
49,43,Cagliari,Lecce,0,1
49,44,Cagliari,Lecce,0,1
49,45,Cagliari,Lecce,0,1
49,46,Cagliari,Lecce,0,1
49,47,Cagliari,Lecce,0,1
49,48,Cagliari,Lecce,0,1
49,49,Cagliari,Lecce,0,1
49,50,Cagliari,Lecce,0,1
49,51,Cagliari,Lecce,0,1
49,52,Cagliari,Lecce,0,1
49,53,Cagliari,Lecce,0,1
49,54,Cagliari,Lecce,0,1
49,55,Cagliari,Lecce,0,1
49,56,Cagliari,Lecce,0,1
49,57,Cagliari,Lecce,0,1
49,58,Cagliari,Lecce,0,1
49,59,Cagliari,Lecce,0,1
49,60,Cagliari,Lecce,1,1
49,61,Cagliari,Lecce,1,1
49,62,Cagliari,Lecce,1,1
49,63,Cagliari,Lecce,1,1
49,64,Cagliari,Lecce,1,1
49,65,Cagliari,Lecce,2,1
49,66,Cagliari,Lecce,2,1
49,67,Cagliari,Lecce,2,1
49,68,Cagliari,Lecce,2,1
49,69,Cagliari,Lecce,2,1
49,70,Cagliari,Lecce,2,1
49,71,Cagliari,Lecce,2,1
49,72,Cagliari,Lecce,2,1
49,73,Cagliari,Lecce,2,1
49,74,Cagliari,Lecce,2,1
49,75,Cagliari,Lecce,2,1
49,76,Cagliari,Lecce,2,1
49,77,Cagliari,Lecce,2,1
49,78,Cagliari,Lecce,2,1
49,79,Cagliari,Lecce,2,1
49,80,Cagliari,Lecce,3,1
49,81,Cagliari,Lecce,3,1
49,82,Cagliari,Lecce,3,1
49,83,Cagliari,Lecce,4,1
49,84,Cagliari,Lecce,4,1
49,85,Cagliari,Lecce,4,1
49,86,Cagliari,Lecce,4,1
49,87,Cagliari,Lecce,4,1
49,88,Cagliari,Lecce,4,1
49,89,Cagliari,Lecce,4,1
49,90,Cagliari,Lecce,4,1
50,1,Cagliari,AC Milan,0,0
50,2,Cagliari,AC Milan,1,0
50,3,Cagliari,AC Milan,1,0
50,4,Cagliari,AC Milan,1,0
50,5,Cagliari,AC Milan,1,0
50,6,Cagliari,AC Milan,1,0
50,7,Cagliari,AC Milan,1,0
50,8,Cagliari,AC Milan,1,0
50,9,Cagliari,AC Milan,1,0
50,10,Cagliari,AC Milan,1,0
50,11,Cagliari,AC Milan,1,0
50,12,Cagliari,AC Milan,1,0
50,13,Cagliari,AC Milan,1,0
50,14,Cagliari,AC Milan,1,0
50,15,Cagliari,AC Milan,1,1
50,16,Cagliari,AC Milan,1,1
50,17,Cagliari,AC Milan,1,1
50,18,Cagliari,AC Milan,1,1
50,19,Cagliari,AC Milan,1,1
50,20,Cagliari,AC Milan,1,1
50,21,Cagliari,AC Milan,1,1
50,22,Cagliari,AC Milan,1,1
50,23,Cagliari,AC Milan,1,1
50,24,Cagliari,AC Milan,1,1
50,25,Cagliari,AC Milan,1,1
50,26,Cagliari,AC Milan,1,1
50,27,Cagliari,AC Milan,1,1
50,28,Cagliari,AC Milan,1,1
50,29,Cagliari,AC Milan,1,1
50,30,Cagliari,AC Milan,1,1
50,31,Cagliari,AC Milan,1,1
50,32,Cagliari,AC Milan,1,1
50,33,Cagliari,AC Milan,1,1
50,34,Cagliari,AC Milan,1,1
50,35,Cagliari,AC Milan,1,1
50,36,Cagliari,AC Milan,1,1
50,37,Cagliari,AC Milan,1,1
50,38,Cagliari,AC Milan,1,1
50,39,Cagliari,AC Milan,1,1
50,40,Cagliari,AC Milan,1,2
50,41,Cagliari,AC Milan,1,2
50,42,Cagliari,AC Milan,1,2
50,43,Cagliari,AC Milan,1,2
50,44,Cagliari,AC Milan,1,2
50,45,Cagliari,AC Milan,1,2
50,46,Cagliari,AC Milan,1,2
50,47,Cagliari,AC Milan,1,2
50,48,Cagliari,AC Milan,1,2
50,49,Cagliari,AC Milan,1,2
50,50,Cagliari,AC Milan,1,2
50,51,Cagliari,AC Milan,1,2
50,52,Cagliari,AC Milan,1,2
50,53,Cagliari,AC Milan,2,2
50,54,Cagliari,AC Milan,2,2
50,55,Cagliari,AC Milan,2,2
50,56,Cagliari,AC Milan,2,2
50,57,Cagliari,AC Milan,2,2
50,58,Cagliari,AC Milan,2,2
50,59,Cagliari,AC Milan,2,2
50,60,Cagliari,AC Milan,2,2
50,61,Cagliari,AC Milan,2,2
50,62,Cagliari,AC Milan,2,2
50,63,Cagliari,AC Milan,2,2
50,64,Cagliari,AC Milan,2,2
50,65,Cagliari,AC Milan,2,2
50,66,Cagliari,AC Milan,2,2
50,67,Cagliari,AC Milan,2,2
50,68,Cagliari,AC Milan,2,2
50,69,Cagliari,AC Milan,2,3
50,70,Cagliari,AC Milan,2,3
50,71,Cagliari,AC Milan,2,3
50,72,Cagliari,AC Milan,2,3
50,73,Cagliari,AC Milan,2,3
50,74,Cagliari,AC Milan,2,3
50,75,Cagliari,AC Milan,2,3
50,76,Cagliari,AC Milan,2,3
50,77,Cagliari,AC Milan,2,3
50,78,Cagliari,AC Milan,2,3
50,79,Cagliari,AC Milan,2,3
50,80,Cagliari,AC Milan,2,3
50,81,Cagliari,AC Milan,2,3
50,82,Cagliari,AC Milan,2,3
50,83,Cagliari,AC Milan,2,3
50,84,Cagliari,AC Milan,2,3
50,85,Cagliari,AC Milan,2,3
50,86,Cagliari,AC Milan,2,3
50,87,Cagliari,AC Milan,2,3
50,88,Cagliari,AC Milan,2,3
50,89,Cagliari,AC Milan,3,3
50,90,Cagliari,AC Milan,3,3
51,1,Cagliari,Monza,0,0
51,2,Cagliari,Monza,0,0
51,3,Cagliari,Monza,0,0
51,4,Cagliari,Monza,0,0
51,5,Cagliari,Monza,0,0
51,6,Cagliari,Monza,0,0
51,7,Cagliari,Monza,0,0
51,8,Cagliari,Monza,0,0
51,9,Cagliari,Monza,0,0
51,10,Cagliari,Monza,0,0
51,11,Cagliari,Monza,0,0
51,12,Cagliari,Monza,0,0
51,13,Cagliari,Monza,0,0
51,14,Cagliari,Monza,0,0
51,15,Cagliari,Monza,0,0
51,16,Cagliari,Monza,0,0
51,17,Cagliari,Monza,0,0
51,18,Cagliari,Monza,0,0
51,19,Cagliari,Monza,0,0
51,20,Cagliari,Monza,0,0
51,21,Cagliari,Monza,0,0
51,22,Cagliari,Monza,0,0
51,23,Cagliari,Monza,0,0
51,24,Cagliari,Monza,0,0
51,25,Cagliari,Monza,0,0
51,26,Cagliari,Monza,0,0
51,27,Cagliari,Monza,0,0
51,28,Cagliari,Monza,0,0
51,29,Cagliari,Monza,0,0
51,30,Cagliari,Monza,0,0
51,31,Cagliari,Monza,0,0
51,32,Cagliari,Monza,0,0
51,33,Cagliari,Monza,0,0
51,34,Cagliari,Monza,0,0
51,35,Cagliari,Monza,0,0
51,36,Cagliari,Monza,0,0
51,37,Cagliari,Monza,0,0
51,38,Cagliari,Monza,0,0
51,39,Cagliari,Monza,0,0
51,40,Cagliari,Monza,0,0
51,41,Cagliari,Monza,0,0
51,42,Cagliari,Monza,0,0
51,43,Cagliari,Monza,0,0
51,44,Cagliari,Monza,0,0
51,45,Cagliari,Monza,0,0
51,46,Cagliari,Monza,0,0
51,47,Cagliari,Monza,0,0
51,48,Cagliari,Monza,0,0
51,49,Cagliari,Monza,1,0
51,50,Cagliari,Monza,1,0
51,51,Cagliari,Monza,1,0
51,52,Cagliari,Monza,1,0
51,53,Cagliari,Monza,1,0
51,54,Cagliari,Monza,1,0
51,55,Cagliari,Monza,1,0
51,56,Cagliari,Monza,1,0
51,57,Cagliari,Monza,1,0
51,58,Cagliari,Monza,1,0
51,59,Cagliari,Monza,1,0
51,60,Cagliari,Monza,1,0
51,61,Cagliari,Monza,1,0
51,62,Cagliari,Monza,1,0
51,63,Cagliari,Monza,1,0
51,64,Cagliari,Monza,1,0
51,65,Cagliari,Monza,1,0
51,66,Cagliari,Monza,1,0
51,67,Cagliari,Monza,1,0
51,68,Cagliari,Monza,1,0
51,69,Cagliari,Monza,1,0
51,70,Cagliari,Monza,1,0
51,71,Cagliari,Monza,1,0
51,72,Cagliari,Monza,1,0
51,73,Cagliari,Monza,2,0
51,74,Cagliari,Monza,2,0
51,75,Cagliari,Monza,2,0
51,76,Cagliari,Monza,2,0
51,77,Cagliari,Monza,2,0
51,78,Cagliari,Monza,2,0
51,79,Cagliari,Monza,2,0
51,80,Cagliari,Monza,2,0
51,81,Cagliari,Monza,2,0
51,82,Cagliari,Monza,2,0
51,83,Cagliari,Monza,2,0
51,84,Cagliari,Monza,2,0
51,85,Cagliari,Monza,2,0
51,86,Cagliari,Monza,2,0
51,87,Cagliari,Monza,2,0
51,88,Cagliari,Monza,2,0
51,89,Cagliari,Monza,2,0
51,90,Cagliari,Monza,3,0
52,1,Cagliari,Napoli,0,0
52,2,Cagliari,Napoli,0,0
52,3,Cagliari,Napoli,0,0
52,4,Cagliari,Napoli,0,0
52,5,Cagliari,Napoli,0,0
52,6,Cagliari,Napoli,0,0
52,7,Cagliari,Napoli,0,0
52,8,Cagliari,Napoli,0,0
52,9,Cagliari,Napoli,0,0
52,10,Cagliari,Napoli,0,0
52,11,Cagliari,Napoli,0,0
52,12,Cagliari,Napoli,0,0
52,13,Cagliari,Napoli,0,0
52,14,Cagliari,Napoli,0,0
52,15,Cagliari,Napoli,0,0
52,16,Cagliari,Napoli,0,0
52,17,Cagliari,Napoli,0,0
52,18,Cagliari,Napoli,0,1
52,19,Cagliari,Napoli,0,1
52,20,Cagliari,Napoli,0,1
52,21,Cagliari,Napoli,0,1
52,22,Cagliari,Napoli,0,1
52,23,Cagliari,Napoli,0,1
52,24,Cagliari,Napoli,0,1
52,25,Cagliari,Napoli,0,1
52,26,Cagliari,Napoli,0,1
52,27,Cagliari,Napoli,0,1
52,28,Cagliari,Napoli,0,1
52,29,Cagliari,Napoli,0,1
52,30,Cagliari,Napoli,0,1
52,31,Cagliari,Napoli,0,1
52,32,Cagliari,Napoli,0,1
52,33,Cagliari,Napoli,0,1
52,34,Cagliari,Napoli,0,1
52,35,Cagliari,Napoli,0,1
52,36,Cagliari,Napoli,0,1
52,37,Cagliari,Napoli,0,1
52,38,Cagliari,Napoli,0,1
52,39,Cagliari,Napoli,0,1
52,40,Cagliari,Napoli,0,1
52,41,Cagliari,Napoli,0,1
52,42,Cagliari,Napoli,0,1
52,43,Cagliari,Napoli,0,1
52,44,Cagliari,Napoli,0,1
52,45,Cagliari,Napoli,0,1
52,46,Cagliari,Napoli,0,1
52,47,Cagliari,Napoli,0,1
52,48,Cagliari,Napoli,0,1
52,49,Cagliari,Napoli,0,1
52,50,Cagliari,Napoli,0,1
52,51,Cagliari,Napoli,0,1
52,52,Cagliari,Napoli,0,1
52,53,Cagliari,Napoli,0,1
52,54,Cagliari,Napoli,0,1
52,55,Cagliari,Napoli,0,1
52,56,Cagliari,Napoli,0,1
52,57,Cagliari,Napoli,0,1
52,58,Cagliari,Napoli,0,1
52,59,Cagliari,Napoli,0,1
52,60,Cagliari,Napoli,0,1
52,61,Cagliari,Napoli,0,1
52,62,Cagliari,Napoli,0,1
52,63,Cagliari,Napoli,0,1
52,64,Cagliari,Napoli,0,1
52,65,Cagliari,Napoli,0,1
52,66,Cagliari,Napoli,0,2
52,67,Cagliari,Napoli,0,2
52,68,Cagliari,Napoli,0,2
52,69,Cagliari,Napoli,0,2
52,70,Cagliari,Napoli,0,3
52,71,Cagliari,Napoli,0,3
52,72,Cagliari,Napoli,0,3
52,73,Cagliari,Napoli,0,3
52,74,Cagliari,Napoli,0,3
52,75,Cagliari,Napoli,0,3
52,76,Cagliari,Napoli,0,3
52,77,Cagliari,Napoli,0,3
52,78,Cagliari,Napoli,0,3
52,79,Cagliari,Napoli,0,3
52,80,Cagliari,Napoli,0,3
52,81,Cagliari,Napoli,0,3
52,82,Cagliari,Napoli,0,3
52,83,Cagliari,Napoli,0,3
52,84,Cagliari,Napoli,0,3
52,85,Cagliari,Napoli,0,3
52,86,Cagliari,Napoli,0,3
52,87,Cagliari,Napoli,0,3
52,88,Cagliari,Napoli,0,3
52,89,Cagliari,Napoli,0,3
52,90,Cagliari,Napoli,0,4
53,1,Cagliari,Parma,0,0
53,2,Cagliari,Parma,0,0
53,3,Cagliari,Parma,0,0
53,4,Cagliari,Parma,0,0
53,5,Cagliari,Parma,0,0
53,6,Cagliari,Parma,0,0
53,7,Cagliari,Parma,0,0
53,8,Cagliari,Parma,0,0
53,9,Cagliari,Parma,0,0
53,10,Cagliari,Parma,0,0
53,11,Cagliari,Parma,0,0
53,12,Cagliari,Parma,0,0
53,13,Cagliari,Parma,0,0
53,14,Cagliari,Parma,0,0
53,15,Cagliari,Parma,0,0
53,16,Cagliari,Parma,0,0
53,17,Cagliari,Parma,0,0
53,18,Cagliari,Parma,0,0
53,19,Cagliari,Parma,0,0
53,20,Cagliari,Parma,0,0
53,21,Cagliari,Parma,0,0
53,22,Cagliari,Parma,0,0
53,23,Cagliari,Parma,0,0
53,24,Cagliari,Parma,0,0
53,25,Cagliari,Parma,0,0
53,26,Cagliari,Parma,0,0
53,27,Cagliari,Parma,0,0
53,28,Cagliari,Parma,0,0
53,29,Cagliari,Parma,0,0
53,30,Cagliari,Parma,0,0
53,31,Cagliari,Parma,0,0
53,32,Cagliari,Parma,0,0
53,33,Cagliari,Parma,0,0
53,34,Cagliari,Parma,0,0
53,35,Cagliari,Parma,0,0
53,36,Cagliari,Parma,0,0
53,37,Cagliari,Parma,0,0
53,38,Cagliari,Parma,0,0
53,39,Cagliari,Parma,0,0
53,40,Cagliari,Parma,0,0
53,41,Cagliari,Parma,0,0
53,42,Cagliari,Parma,0,0
53,43,Cagliari,Parma,0,0
53,44,Cagliari,Parma,0,0
53,45,Cagliari,Parma,0,0
53,46,Cagliari,Parma,0,0
53,47,Cagliari,Parma,0,0
53,48,Cagliari,Parma,0,0
53,49,Cagliari,Parma,0,0
53,50,Cagliari,Parma,0,0
53,51,Cagliari,Parma,0,0
53,52,Cagliari,Parma,0,0
53,53,Cagliari,Parma,0,0
53,54,Cagliari,Parma,0,0
53,55,Cagliari,Parma,0,0
53,56,Cagliari,Parma,0,0
53,57,Cagliari,Parma,1,0
53,58,Cagliari,Parma,1,0
53,59,Cagliari,Parma,1,0
53,60,Cagliari,Parma,1,0
53,61,Cagliari,Parma,1,0
53,62,Cagliari,Parma,1,0
53,63,Cagliari,Parma,1,0
53,64,Cagliari,Parma,1,0
53,65,Cagliari,Parma,1,0
53,66,Cagliari,Parma,1,0
53,67,Cagliari,Parma,1,0
53,68,Cagliari,Parma,1,0
53,69,Cagliari,Parma,1,0
53,70,Cagliari,Parma,2,0
53,71,Cagliari,Parma,2,0
53,72,Cagliari,Parma,2,0
53,73,Cagliari,Parma,2,0
53,74,Cagliari,Parma,2,0
53,75,Cagliari,Parma,2,0
53,76,Cagliari,Parma,2,0
53,77,Cagliari,Parma,2,0
53,78,Cagliari,Parma,2,1
53,79,Cagliari,Parma,2,1
53,80,Cagliari,Parma,2,1
53,81,Cagliari,Parma,2,1
53,82,Cagliari,Parma,2,1
53,83,Cagliari,Parma,2,1
53,84,Cagliari,Parma,2,1
53,85,Cagliari,Parma,2,1
53,86,Cagliari,Parma,2,1
53,87,Cagliari,Parma,2,1
53,88,Cagliari,Parma,2,1
53,89,Cagliari,Parma,2,1
53,90,Cagliari,Parma,2,1
54,1,Cagliari,Roma,0,0
54,2,Cagliari,Roma,0,0
54,3,Cagliari,Roma,0,0
54,4,Cagliari,Roma,0,0
54,5,Cagliari,Roma,0,0
54,6,Cagliari,Roma,0,0
54,7,Cagliari,Roma,0,0
54,8,Cagliari,Roma,0,0
54,9,Cagliari,Roma,0,0
54,10,Cagliari,Roma,0,0
54,11,Cagliari,Roma,0,0
54,12,Cagliari,Roma,0,0
54,13,Cagliari,Roma,0,0
54,14,Cagliari,Roma,0,0
54,15,Cagliari,Roma,0,0
54,16,Cagliari,Roma,0,0
54,17,Cagliari,Roma,0,0
54,18,Cagliari,Roma,0,0
54,19,Cagliari,Roma,0,0
54,20,Cagliari,Roma,0,0
54,21,Cagliari,Roma,0,0
54,22,Cagliari,Roma,0,0
54,23,Cagliari,Roma,0,0
54,24,Cagliari,Roma,0,0
54,25,Cagliari,Roma,0,0
54,26,Cagliari,Roma,0,0
54,27,Cagliari,Roma,0,0
54,28,Cagliari,Roma,0,0
54,29,Cagliari,Roma,0,0
54,30,Cagliari,Roma,0,0
54,31,Cagliari,Roma,0,0
54,32,Cagliari,Roma,0,0
54,33,Cagliari,Roma,0,0
54,34,Cagliari,Roma,0,0
54,35,Cagliari,Roma,0,0
54,36,Cagliari,Roma,0,0
54,37,Cagliari,Roma,0,0
54,38,Cagliari,Roma,0,0
54,39,Cagliari,Roma,0,0
54,40,Cagliari,Roma,0,0
54,41,Cagliari,Roma,0,0
54,42,Cagliari,Roma,0,0
54,43,Cagliari,Roma,0,0
54,44,Cagliari,Roma,0,0
54,45,Cagliari,Roma,0,0
54,46,Cagliari,Roma,0,0
54,47,Cagliari,Roma,0,0
54,48,Cagliari,Roma,0,0
54,49,Cagliari,Roma,0,0
54,50,Cagliari,Roma,0,0
54,51,Cagliari,Roma,0,0
54,52,Cagliari,Roma,0,0
54,53,Cagliari,Roma,0,0
54,54,Cagliari,Roma,0,0
54,55,Cagliari,Roma,0,0
54,56,Cagliari,Roma,0,0
54,57,Cagliari,Roma,0,0
54,58,Cagliari,Roma,0,0
54,59,Cagliari,Roma,0,0
54,60,Cagliari,Roma,0,0
54,61,Cagliari,Roma,0,0
54,62,Cagliari,Roma,0,0
54,63,Cagliari,Roma,0,0
54,64,Cagliari,Roma,0,0
54,65,Cagliari,Roma,0,0
54,66,Cagliari,Roma,0,0
54,67,Cagliari,Roma,0,0
54,68,Cagliari,Roma,0,0
54,69,Cagliari,Roma,0,0
54,70,Cagliari,Roma,0,0
54,71,Cagliari,Roma,0,0
54,72,Cagliari,Roma,0,0
54,73,Cagliari,Roma,0,0
54,74,Cagliari,Roma,0,0
54,75,Cagliari,Roma,0,0
54,76,Cagliari,Roma,0,0
54,77,Cagliari,Roma,0,0
54,78,Cagliari,Roma,0,0
54,79,Cagliari,Roma,0,0
54,80,Cagliari,Roma,0,0
54,81,Cagliari,Roma,0,0
54,82,Cagliari,Roma,0,0
54,83,Cagliari,Roma,0,0
54,84,Cagliari,Roma,0,0
54,85,Cagliari,Roma,0,0
54,86,Cagliari,Roma,0,0
54,87,Cagliari,Roma,0,0
54,88,Cagliari,Roma,0,0
54,89,Cagliari,Roma,0,0
54,90,Cagliari,Roma,0,0
55,1,Cagliari,Torino,0,0
55,2,Cagliari,Torino,0,0
55,3,Cagliari,Torino,0,0
55,4,Cagliari,Torino,0,0
55,5,Cagliari,Torino,0,0
55,6,Cagliari,Torino,0,0
55,7,Cagliari,Torino,0,0
55,8,Cagliari,Torino,0,0
55,9,Cagliari,Torino,0,0
55,10,Cagliari,Torino,0,0
55,11,Cagliari,Torino,0,0
55,12,Cagliari,Torino,0,0
55,13,Cagliari,Torino,0,0
55,14,Cagliari,Torino,0,0
55,15,Cagliari,Torino,0,0
55,16,Cagliari,Torino,0,0
55,17,Cagliari,Torino,0,0
55,18,Cagliari,Torino,0,0
55,19,Cagliari,Torino,0,0
55,20,Cagliari,Torino,0,0
55,21,Cagliari,Torino,0,0
55,22,Cagliari,Torino,0,0
55,23,Cagliari,Torino,0,0
55,24,Cagliari,Torino,0,0
55,25,Cagliari,Torino,0,0
55,26,Cagliari,Torino,0,0
55,27,Cagliari,Torino,0,0
55,28,Cagliari,Torino,0,0
55,29,Cagliari,Torino,0,0
55,30,Cagliari,Torino,0,0
55,31,Cagliari,Torino,0,0
55,32,Cagliari,Torino,0,0
55,33,Cagliari,Torino,0,0
55,34,Cagliari,Torino,0,0
55,35,Cagliari,Torino,0,0
55,36,Cagliari,Torino,0,0
55,37,Cagliari,Torino,0,0
55,38,Cagliari,Torino,1,0
55,39,Cagliari,Torino,1,0
55,40,Cagliari,Torino,1,0
55,41,Cagliari,Torino,1,1
55,42,Cagliari,Torino,1,1
55,43,Cagliari,Torino,1,1
55,44,Cagliari,Torino,1,1
55,45,Cagliari,Torino,1,1
55,46,Cagliari,Torino,1,1
55,47,Cagliari,Torino,1,1
55,48,Cagliari,Torino,1,1
55,49,Cagliari,Torino,1,1
55,50,Cagliari,Torino,1,1
55,51,Cagliari,Torino,1,1
55,52,Cagliari,Torino,1,1
55,53,Cagliari,Torino,1,1
55,54,Cagliari,Torino,1,1
55,55,Cagliari,Torino,1,2
55,56,Cagliari,Torino,1,2
55,57,Cagliari,Torino,1,2
55,58,Cagliari,Torino,1,2
55,59,Cagliari,Torino,1,2
55,60,Cagliari,Torino,1,2
55,61,Cagliari,Torino,1,2
55,62,Cagliari,Torino,1,2
55,63,Cagliari,Torino,1,2
55,64,Cagliari,Torino,1,2
55,65,Cagliari,Torino,1,2
55,66,Cagliari,Torino,1,2
55,67,Cagliari,Torino,1,2
55,68,Cagliari,Torino,1,2
55,69,Cagliari,Torino,1,2
55,70,Cagliari,Torino,1,2
55,71,Cagliari,Torino,1,2
55,72,Cagliari,Torino,1,2
55,73,Cagliari,Torino,1,2
55,74,Cagliari,Torino,2,2
55,75,Cagliari,Torino,2,2
55,76,Cagliari,Torino,2,2
55,77,Cagliari,Torino,2,2
55,78,Cagliari,Torino,3,2
55,79,Cagliari,Torino,3,2
55,80,Cagliari,Torino,3,2
55,81,Cagliari,Torino,3,2
55,82,Cagliari,Torino,3,2
55,83,Cagliari,Torino,3,2
55,84,Cagliari,Torino,3,2
55,85,Cagliari,Torino,3,2
55,86,Cagliari,Torino,3,2
55,87,Cagliari,Torino,3,2
55,88,Cagliari,Torino,3,2
55,89,Cagliari,Torino,3,2
55,90,Cagliari,Torino,3,2
56,1,Cagliari,Udinese,0,0
56,2,Cagliari,Udinese,0,0
56,3,Cagliari,Udinese,0,0
56,4,Cagliari,Udinese,0,0
56,5,Cagliari,Udinese,0,0
56,6,Cagliari,Udinese,0,0
56,7,Cagliari,Udinese,0,0
56,8,Cagliari,Udinese,0,0
56,9,Cagliari,Udinese,0,0
56,10,Cagliari,Udinese,0,0
56,11,Cagliari,Udinese,0,0
56,12,Cagliari,Udinese,0,0
56,13,Cagliari,Udinese,0,0
56,14,Cagliari,Udinese,0,0
56,15,Cagliari,Udinese,0,0
56,16,Cagliari,Udinese,0,0
56,17,Cagliari,Udinese,0,0
56,18,Cagliari,Udinese,0,0
56,19,Cagliari,Udinese,0,0
56,20,Cagliari,Udinese,0,0
56,21,Cagliari,Udinese,0,0
56,22,Cagliari,Udinese,0,0
56,23,Cagliari,Udinese,0,0
56,24,Cagliari,Udinese,0,0
56,25,Cagliari,Udinese,0,0
56,26,Cagliari,Udinese,0,0
56,27,Cagliari,Udinese,0,1
56,28,Cagliari,Udinese,0,1
56,29,Cagliari,Udinese,0,1
56,30,Cagliari,Udinese,0,1
56,31,Cagliari,Udinese,0,1
56,32,Cagliari,Udinese,0,1
56,33,Cagliari,Udinese,0,1
56,34,Cagliari,Udinese,0,1
56,35,Cagliari,Udinese,1,1
56,36,Cagliari,Udinese,1,1
56,37,Cagliari,Udinese,1,1
56,38,Cagliari,Udinese,1,1
56,39,Cagliari,Udinese,1,1
56,40,Cagliari,Udinese,1,1
56,41,Cagliari,Udinese,1,1
56,42,Cagliari,Udinese,1,1
56,43,Cagliari,Udinese,1,1
56,44,Cagliari,Udinese,1,1
56,45,Cagliari,Udinese,1,1
56,46,Cagliari,Udinese,1,1
56,47,Cagliari,Udinese,1,1
56,48,Cagliari,Udinese,1,1
56,49,Cagliari,Udinese,1,1
56,50,Cagliari,Udinese,1,1
56,51,Cagliari,Udinese,1,1
56,52,Cagliari,Udinese,1,1
56,53,Cagliari,Udinese,1,1
56,54,Cagliari,Udinese,1,1
56,55,Cagliari,Udinese,1,1
56,56,Cagliari,Udinese,1,1
56,57,Cagliari,Udinese,1,1
56,58,Cagliari,Udinese,1,1
56,59,Cagliari,Udinese,1,1
56,60,Cagliari,Udinese,1,1
56,61,Cagliari,Udinese,1,1
56,62,Cagliari,Udinese,1,1
56,63,Cagliari,Udinese,1,1
56,64,Cagliari,Udinese,1,1
56,65,Cagliari,Udinese,1,1
56,66,Cagliari,Udinese,1,1
56,67,Cagliari,Udinese,1,2
56,68,Cagliari,Udinese,1,2
56,69,Cagliari,Udinese,1,2
56,70,Cagliari,Udinese,1,2
56,71,Cagliari,Udinese,1,2
56,72,Cagliari,Udinese,1,2
56,73,Cagliari,Udinese,1,2
56,74,Cagliari,Udinese,1,2
56,75,Cagliari,Udinese,1,2
56,76,Cagliari,Udinese,1,2
56,77,Cagliari,Udinese,1,2
56,78,Cagliari,Udinese,1,2
56,79,Cagliari,Udinese,1,2
56,80,Cagliari,Udinese,1,2
56,81,Cagliari,Udinese,1,2
56,82,Cagliari,Udinese,1,2
56,83,Cagliari,Udinese,1,2
56,84,Cagliari,Udinese,1,2
56,85,Cagliari,Udinese,1,2
56,86,Cagliari,Udinese,1,2
56,87,Cagliari,Udinese,1,2
56,88,Cagliari,Udinese,1,2
56,89,Cagliari,Udinese,1,2
56,90,Cagliari,Udinese,1,2
57,1,Cagliari,Venezia,0,0
57,2,Cagliari,Venezia,0,0
57,3,Cagliari,Venezia,0,0
57,4,Cagliari,Venezia,0,0
57,5,Cagliari,Venezia,0,0
57,6,Cagliari,Venezia,0,0
57,7,Cagliari,Venezia,0,0
57,8,Cagliari,Venezia,0,0
57,9,Cagliari,Venezia,0,0
57,10,Cagliari,Venezia,0,0
57,11,Cagliari,Venezia,1,0
57,12,Cagliari,Venezia,1,0
57,13,Cagliari,Venezia,1,0
57,14,Cagliari,Venezia,1,0
57,15,Cagliari,Venezia,1,0
57,16,Cagliari,Venezia,1,0
57,17,Cagliari,Venezia,1,0
57,18,Cagliari,Venezia,1,0
57,19,Cagliari,Venezia,1,0
57,20,Cagliari,Venezia,1,0
57,21,Cagliari,Venezia,1,0
57,22,Cagliari,Venezia,1,0
57,23,Cagliari,Venezia,1,0
57,24,Cagliari,Venezia,1,0
57,25,Cagliari,Venezia,1,0
57,26,Cagliari,Venezia,1,0
57,27,Cagliari,Venezia,1,0
57,28,Cagliari,Venezia,1,0
57,29,Cagliari,Venezia,1,0
57,30,Cagliari,Venezia,1,0
57,31,Cagliari,Venezia,1,0
57,32,Cagliari,Venezia,1,0
57,33,Cagliari,Venezia,1,0
57,34,Cagliari,Venezia,1,0
57,35,Cagliari,Venezia,1,0
57,36,Cagliari,Venezia,1,0
57,37,Cagliari,Venezia,1,0
57,38,Cagliari,Venezia,1,0
57,39,Cagliari,Venezia,1,0
57,40,Cagliari,Venezia,1,0
57,41,Cagliari,Venezia,2,0
57,42,Cagliari,Venezia,2,0
57,43,Cagliari,Venezia,2,0
57,44,Cagliari,Venezia,2,0
57,45,Cagliari,Venezia,2,0
57,46,Cagliari,Venezia,2,0
57,47,Cagliari,Venezia,2,0
57,48,Cagliari,Venezia,2,0
57,49,Cagliari,Venezia,2,0
57,50,Cagliari,Venezia,2,0
57,51,Cagliari,Venezia,2,0
57,52,Cagliari,Venezia,2,0
57,53,Cagliari,Venezia,2,0
57,54,Cagliari,Venezia,2,0
57,55,Cagliari,Venezia,2,0
57,56,Cagliari,Venezia,2,0
57,57,Cagliari,Venezia,2,0
57,58,Cagliari,Venezia,2,0
57,59,Cagliari,Venezia,2,0
57,60,Cagliari,Venezia,2,0
57,61,Cagliari,Venezia,2,0
57,62,Cagliari,Venezia,2,0
57,63,Cagliari,Venezia,2,0
57,64,Cagliari,Venezia,2,0
57,65,Cagliari,Venezia,2,0
57,66,Cagliari,Venezia,2,0
57,67,Cagliari,Venezia,2,0
57,68,Cagliari,Venezia,2,0
57,69,Cagliari,Venezia,2,0
57,70,Cagliari,Venezia,2,0
57,71,Cagliari,Venezia,3,0
57,72,Cagliari,Venezia,3,0
57,73,Cagliari,Venezia,3,0
57,74,Cagliari,Venezia,3,0
57,75,Cagliari,Venezia,3,0
57,76,Cagliari,Venezia,3,0
57,77,Cagliari,Venezia,3,0
57,78,Cagliari,Venezia,3,0
57,79,Cagliari,Venezia,3,0
57,80,Cagliari,Venezia,3,0
57,81,Cagliari,Venezia,3,0
57,82,Cagliari,Venezia,3,0
57,83,Cagliari,Venezia,3,0
57,84,Cagliari,Venezia,3,0
57,85,Cagliari,Venezia,3,0
57,86,Cagliari,Venezia,3,0
57,87,Cagliari,Venezia,3,0
57,88,Cagliari,Venezia,3,0
57,89,Cagliari,Venezia,3,0
57,90,Cagliari,Venezia,3,0
58,1,Como,Atalanta,0,0
58,2,Como,Atalanta,0,0
58,3,Como,Atalanta,0,0
58,4,Como,Atalanta,0,0
58,5,Como,Atalanta,0,0
58,6,Como,Atalanta,0,0
58,7,Como,Atalanta,0,0
58,8,Como,Atalanta,0,0
58,9,Como,Atalanta,0,0
58,10,Como,Atalanta,0,0
58,11,Como,Atalanta,0,0
58,12,Como,Atalanta,0,0
58,13,Como,Atalanta,0,0
58,14,Como,Atalanta,0,0
58,15,Como,Atalanta,0,0
58,16,Como,Atalanta,0,0
58,17,Como,Atalanta,0,0
58,18,Como,Atalanta,0,0
58,19,Como,Atalanta,0,0
58,20,Como,Atalanta,0,0
58,21,Como,Atalanta,0,0
58,22,Como,Atalanta,0,0
58,23,Como,Atalanta,0,0
58,24,Como,Atalanta,0,0
58,25,Como,Atalanta,0,0
58,26,Como,Atalanta,0,0
58,27,Como,Atalanta,0,0
58,28,Como,Atalanta,0,0
58,29,Como,Atalanta,0,0
58,30,Como,Atalanta,1,0
58,31,Como,Atalanta,1,0
58,32,Como,Atalanta,1,0
58,33,Como,Atalanta,1,0
58,34,Como,Atalanta,1,0
58,35,Como,Atalanta,1,0
58,36,Como,Atalanta,1,0
58,37,Como,Atalanta,1,0
58,38,Como,Atalanta,1,0
58,39,Como,Atalanta,1,0
58,40,Como,Atalanta,1,0
58,41,Como,Atalanta,1,0
58,42,Como,Atalanta,1,0
58,43,Como,Atalanta,1,0
58,44,Como,Atalanta,1,0
58,45,Como,Atalanta,1,0
58,46,Como,Atalanta,1,0
58,47,Como,Atalanta,1,0
58,48,Como,Atalanta,1,0
58,49,Como,Atalanta,1,0
58,50,Como,Atalanta,1,0
58,51,Como,Atalanta,1,0
58,52,Como,Atalanta,1,0
58,53,Como,Atalanta,1,0
58,54,Como,Atalanta,1,0
58,55,Como,Atalanta,1,0
58,56,Como,Atalanta,1,1
58,57,Como,Atalanta,1,1
58,58,Como,Atalanta,1,1
58,59,Como,Atalanta,1,1
58,60,Como,Atalanta,1,1
58,61,Como,Atalanta,1,1
58,62,Como,Atalanta,1,1
58,63,Como,Atalanta,1,1
58,64,Como,Atalanta,1,1
58,65,Como,Atalanta,1,1
58,66,Como,Atalanta,1,1
58,67,Como,Atalanta,1,1
58,68,Como,Atalanta,1,1
58,69,Como,Atalanta,1,1
58,70,Como,Atalanta,1,2
58,71,Como,Atalanta,1,2
58,72,Como,Atalanta,1,2
58,73,Como,Atalanta,1,2
58,74,Como,Atalanta,1,2
58,75,Como,Atalanta,1,2
58,76,Como,Atalanta,1,2
58,77,Como,Atalanta,1,2
58,78,Como,Atalanta,1,2
58,79,Como,Atalanta,1,2
58,80,Como,Atalanta,1,2
58,81,Como,Atalanta,1,2
58,82,Como,Atalanta,1,2
58,83,Como,Atalanta,1,2
58,84,Como,Atalanta,1,2
58,85,Como,Atalanta,1,2
58,86,Como,Atalanta,1,2
58,87,Como,Atalanta,1,2
58,88,Como,Atalanta,1,2
58,89,Como,Atalanta,1,2
58,90,Como,Atalanta,1,2
59,1,Como,Bologna,0,0
59,2,Como,Bologna,0,0
59,3,Como,Bologna,0,0
59,4,Como,Bologna,0,0
59,5,Como,Bologna,1,0
59,6,Como,Bologna,1,0
59,7,Como,Bologna,1,0
59,8,Como,Bologna,1,0
59,9,Como,Bologna,1,0
59,10,Como,Bologna,1,0
59,11,Como,Bologna,1,0
59,12,Como,Bologna,1,0
59,13,Como,Bologna,1,0
59,14,Como,Bologna,1,0
59,15,Como,Bologna,1,0
59,16,Como,Bologna,1,0
59,17,Como,Bologna,1,0
59,18,Como,Bologna,1,0
59,19,Como,Bologna,1,0
59,20,Como,Bologna,1,0
59,21,Como,Bologna,1,0
59,22,Como,Bologna,1,0
59,23,Como,Bologna,1,0
59,24,Como,Bologna,1,0
59,25,Como,Bologna,1,0
59,26,Como,Bologna,1,0
59,27,Como,Bologna,1,0
59,28,Como,Bologna,1,0
59,29,Como,Bologna,1,0
59,30,Como,Bologna,1,0
59,31,Como,Bologna,1,0
59,32,Como,Bologna,1,0
59,33,Como,Bologna,1,0
59,34,Como,Bologna,1,0
59,35,Como,Bologna,1,0
59,36,Como,Bologna,1,0
59,37,Como,Bologna,1,0
59,38,Como,Bologna,1,0
59,39,Como,Bologna,1,0
59,40,Como,Bologna,1,0
59,41,Como,Bologna,1,0
59,42,Como,Bologna,1,0
59,43,Como,Bologna,1,0
59,44,Como,Bologna,1,0
59,45,Como,Bologna,1,0
59,46,Como,Bologna,1,0
59,47,Como,Bologna,1,0
59,48,Como,Bologna,1,0
59,49,Como,Bologna,1,0
59,50,Como,Bologna,1,0
59,51,Como,Bologna,1,0
59,52,Como,Bologna,1,0
59,53,Como,Bologna,2,0
59,54,Como,Bologna,2,0
59,55,Como,Bologna,2,0
59,56,Como,Bologna,2,0
59,57,Como,Bologna,2,0
59,58,Como,Bologna,2,0
59,59,Como,Bologna,2,0
59,60,Como,Bologna,2,0
59,61,Como,Bologna,2,0
59,62,Como,Bologna,2,0
59,63,Como,Bologna,2,0
59,64,Como,Bologna,2,0
59,65,Como,Bologna,2,0
59,66,Como,Bologna,2,0
59,67,Como,Bologna,2,0
59,68,Como,Bologna,2,0
59,69,Como,Bologna,2,0
59,70,Como,Bologna,2,0
59,71,Como,Bologna,2,0
59,72,Como,Bologna,2,0
59,73,Como,Bologna,2,0
59,74,Como,Bologna,2,0
59,75,Como,Bologna,2,0
59,76,Como,Bologna,2,1
59,77,Como,Bologna,2,1
59,78,Como,Bologna,2,1
59,79,Como,Bologna,2,1
59,80,Como,Bologna,2,1
59,81,Como,Bologna,2,1
59,82,Como,Bologna,2,1
59,83,Como,Bologna,2,1
59,84,Como,Bologna,2,1
59,85,Como,Bologna,2,1
59,86,Como,Bologna,2,1
59,87,Como,Bologna,2,1
59,88,Como,Bologna,2,1
59,89,Como,Bologna,2,1
59,90,Como,Bologna,2,2
60,1,Como,Cagliari,0,0
60,2,Como,Cagliari,0,0
60,3,Como,Cagliari,0,0
60,4,Como,Cagliari,0,0
60,5,Como,Cagliari,0,0
60,6,Como,Cagliari,0,0
60,7,Como,Cagliari,0,0
60,8,Como,Cagliari,0,0
60,9,Como,Cagliari,0,0
60,10,Como,Cagliari,0,0
60,11,Como,Cagliari,0,0
60,12,Como,Cagliari,0,0
60,13,Como,Cagliari,0,0
60,14,Como,Cagliari,0,0
60,15,Como,Cagliari,0,0
60,16,Como,Cagliari,0,0
60,17,Como,Cagliari,0,0
60,18,Como,Cagliari,0,0
60,19,Como,Cagliari,0,0
60,20,Como,Cagliari,0,0
60,21,Como,Cagliari,0,0
60,22,Como,Cagliari,0,1
60,23,Como,Cagliari,0,1
60,24,Como,Cagliari,0,1
60,25,Como,Cagliari,0,1
60,26,Como,Cagliari,0,1
60,27,Como,Cagliari,0,1
60,28,Como,Cagliari,0,1
60,29,Como,Cagliari,0,1
60,30,Como,Cagliari,0,1
60,31,Como,Cagliari,0,1
60,32,Como,Cagliari,0,1
60,33,Como,Cagliari,0,1
60,34,Como,Cagliari,0,1
60,35,Como,Cagliari,0,1
60,36,Como,Cagliari,0,1
60,37,Como,Cagliari,0,1
60,38,Como,Cagliari,0,1
60,39,Como,Cagliari,0,1
60,40,Como,Cagliari,1,1
60,41,Como,Cagliari,1,1
60,42,Como,Cagliari,1,1
60,43,Como,Cagliari,1,1
60,44,Como,Cagliari,1,1
60,45,Como,Cagliari,2,1
60,46,Como,Cagliari,2,1
60,47,Como,Cagliari,2,1
60,48,Como,Cagliari,2,1
60,49,Como,Cagliari,2,1
60,50,Como,Cagliari,2,1
60,51,Como,Cagliari,2,1
60,52,Como,Cagliari,2,1
60,53,Como,Cagliari,2,1
60,54,Como,Cagliari,2,1
60,55,Como,Cagliari,2,1
60,56,Como,Cagliari,2,1
60,57,Como,Cagliari,2,1
60,58,Como,Cagliari,2,1
60,59,Como,Cagliari,2,1
60,60,Como,Cagliari,2,1
60,61,Como,Cagliari,2,1
60,62,Como,Cagliari,2,1
60,63,Como,Cagliari,2,1
60,64,Como,Cagliari,2,1
60,65,Como,Cagliari,2,1
60,66,Como,Cagliari,2,1
60,67,Como,Cagliari,2,1
60,68,Como,Cagliari,2,1
60,69,Como,Cagliari,2,1
60,70,Como,Cagliari,2,1
60,71,Como,Cagliari,2,1
60,72,Como,Cagliari,2,1
60,73,Como,Cagliari,2,1
60,74,Como,Cagliari,2,1
60,75,Como,Cagliari,2,1
60,76,Como,Cagliari,2,1
60,77,Como,Cagliari,3,1
60,78,Como,Cagliari,3,1
60,79,Como,Cagliari,3,1
60,80,Como,Cagliari,3,1
60,81,Como,Cagliari,3,1
60,82,Como,Cagliari,3,1
60,83,Como,Cagliari,3,1
60,84,Como,Cagliari,3,1
60,85,Como,Cagliari,3,1
60,86,Como,Cagliari,3,1
60,87,Como,Cagliari,3,1
60,88,Como,Cagliari,3,1
60,89,Como,Cagliari,3,1
60,90,Como,Cagliari,3,1
61,1,Como,Empoli,0,0
61,2,Como,Empoli,0,0
61,3,Como,Empoli,0,0
61,4,Como,Empoli,0,0
61,5,Como,Empoli,0,0
61,6,Como,Empoli,0,0
61,7,Como,Empoli,0,0
61,8,Como,Empoli,0,0
61,9,Como,Empoli,0,0
61,10,Como,Empoli,0,0
61,11,Como,Empoli,0,0
61,12,Como,Empoli,0,0
61,13,Como,Empoli,0,0
61,14,Como,Empoli,0,0
61,15,Como,Empoli,0,0
61,16,Como,Empoli,0,0
61,17,Como,Empoli,0,0
61,18,Como,Empoli,0,0
61,19,Como,Empoli,0,0
61,20,Como,Empoli,0,0
61,21,Como,Empoli,0,0
61,22,Como,Empoli,0,0
61,23,Como,Empoli,0,0
61,24,Como,Empoli,0,0
61,25,Como,Empoli,0,0
61,26,Como,Empoli,0,0
61,27,Como,Empoli,0,0
61,28,Como,Empoli,0,0
61,29,Como,Empoli,0,0
61,30,Como,Empoli,0,0
61,31,Como,Empoli,0,0
61,32,Como,Empoli,0,0
61,33,Como,Empoli,0,0
61,34,Como,Empoli,0,0
61,35,Como,Empoli,0,0
61,36,Como,Empoli,0,0
61,37,Como,Empoli,0,0
61,38,Como,Empoli,0,0
61,39,Como,Empoli,0,0
61,40,Como,Empoli,0,0
61,41,Como,Empoli,0,0
61,42,Como,Empoli,0,0
61,43,Como,Empoli,0,0
61,44,Como,Empoli,0,0
61,45,Como,Empoli,0,0
61,46,Como,Empoli,0,0
61,47,Como,Empoli,0,0
61,48,Como,Empoli,0,0
61,49,Como,Empoli,0,0
61,50,Como,Empoli,0,0
61,51,Como,Empoli,0,0
61,52,Como,Empoli,0,0
61,53,Como,Empoli,0,0
61,54,Como,Empoli,0,0
61,55,Como,Empoli,0,0
61,56,Como,Empoli,0,0
61,57,Como,Empoli,0,0
61,58,Como,Empoli,0,0
61,59,Como,Empoli,0,0
61,60,Como,Empoli,0,0
61,61,Como,Empoli,1,0
61,62,Como,Empoli,1,0
61,63,Como,Empoli,1,0
61,64,Como,Empoli,1,0
61,65,Como,Empoli,1,0
61,66,Como,Empoli,1,0
61,67,Como,Empoli,1,0
61,68,Como,Empoli,1,0
61,69,Como,Empoli,1,0
61,70,Como,Empoli,1,0
61,71,Como,Empoli,1,0
61,72,Como,Empoli,1,0
61,73,Como,Empoli,1,0
61,74,Como,Empoli,1,0
61,75,Como,Empoli,1,1
61,76,Como,Empoli,1,1
61,77,Como,Empoli,1,1
61,78,Como,Empoli,1,1
61,79,Como,Empoli,1,1
61,80,Como,Empoli,1,1
61,81,Como,Empoli,1,1
61,82,Como,Empoli,1,1
61,83,Como,Empoli,1,1
61,84,Como,Empoli,1,1
61,85,Como,Empoli,1,1
61,86,Como,Empoli,1,1
61,87,Como,Empoli,1,1
61,88,Como,Empoli,1,1
61,89,Como,Empoli,1,1
61,90,Como,Empoli,1,1
62,1,Como,Fiorentina,0,0
62,2,Como,Fiorentina,0,0
62,3,Como,Fiorentina,0,0
62,4,Como,Fiorentina,0,0
62,5,Como,Fiorentina,0,0
62,6,Como,Fiorentina,0,0
62,7,Como,Fiorentina,0,0
62,8,Como,Fiorentina,0,0
62,9,Como,Fiorentina,0,0
62,10,Como,Fiorentina,0,0
62,11,Como,Fiorentina,0,0
62,12,Como,Fiorentina,0,0
62,13,Como,Fiorentina,0,0
62,14,Como,Fiorentina,0,0
62,15,Como,Fiorentina,0,0
62,16,Como,Fiorentina,0,0
62,17,Como,Fiorentina,0,0
62,18,Como,Fiorentina,0,0
62,19,Como,Fiorentina,0,1
62,20,Como,Fiorentina,0,1
62,21,Como,Fiorentina,0,1
62,22,Como,Fiorentina,0,1
62,23,Como,Fiorentina,0,1
62,24,Como,Fiorentina,0,1
62,25,Como,Fiorentina,0,1
62,26,Como,Fiorentina,0,1
62,27,Como,Fiorentina,0,1
62,28,Como,Fiorentina,0,1
62,29,Como,Fiorentina,0,1
62,30,Como,Fiorentina,0,1
62,31,Como,Fiorentina,0,1
62,32,Como,Fiorentina,0,1
62,33,Como,Fiorentina,0,1
62,34,Como,Fiorentina,0,1
62,35,Como,Fiorentina,0,1
62,36,Como,Fiorentina,0,1
62,37,Como,Fiorentina,0,1
62,38,Como,Fiorentina,0,1
62,39,Como,Fiorentina,0,1
62,40,Como,Fiorentina,0,1
62,41,Como,Fiorentina,0,1
62,42,Como,Fiorentina,0,1
62,43,Como,Fiorentina,0,1
62,44,Como,Fiorentina,0,1
62,45,Como,Fiorentina,0,1
62,46,Como,Fiorentina,0,1
62,47,Como,Fiorentina,0,1
62,48,Como,Fiorentina,0,1
62,49,Como,Fiorentina,0,1
62,50,Como,Fiorentina,0,1
62,51,Como,Fiorentina,0,1
62,52,Como,Fiorentina,0,1
62,53,Como,Fiorentina,0,1
62,54,Como,Fiorentina,0,1
62,55,Como,Fiorentina,0,1
62,56,Como,Fiorentina,0,1
62,57,Como,Fiorentina,0,1
62,58,Como,Fiorentina,0,1
62,59,Como,Fiorentina,0,1
62,60,Como,Fiorentina,0,1
62,61,Como,Fiorentina,0,1
62,62,Como,Fiorentina,0,1
62,63,Como,Fiorentina,0,1
62,64,Como,Fiorentina,0,1
62,65,Como,Fiorentina,0,1
62,66,Como,Fiorentina,0,1
62,67,Como,Fiorentina,0,1
62,68,Como,Fiorentina,0,2
62,69,Como,Fiorentina,0,2
62,70,Como,Fiorentina,0,2
62,71,Como,Fiorentina,0,2
62,72,Como,Fiorentina,0,2
62,73,Como,Fiorentina,0,2
62,74,Como,Fiorentina,0,2
62,75,Como,Fiorentina,0,2
62,76,Como,Fiorentina,0,2
62,77,Como,Fiorentina,0,2
62,78,Como,Fiorentina,0,2
62,79,Como,Fiorentina,0,2
62,80,Como,Fiorentina,0,2
62,81,Como,Fiorentina,0,2
62,82,Como,Fiorentina,0,2
62,83,Como,Fiorentina,0,2
62,84,Como,Fiorentina,0,2
62,85,Como,Fiorentina,0,2
62,86,Como,Fiorentina,0,2
62,87,Como,Fiorentina,0,2
62,88,Como,Fiorentina,0,2
62,89,Como,Fiorentina,0,2
62,90,Como,Fiorentina,0,2
63,1,Como,Genoa,0,0
63,2,Como,Genoa,0,0
63,3,Como,Genoa,0,0
63,4,Como,Genoa,0,0
63,5,Como,Genoa,0,0
63,6,Como,Genoa,0,0
63,7,Como,Genoa,0,0
63,8,Como,Genoa,0,0
63,9,Como,Genoa,0,0
63,10,Como,Genoa,0,0
63,11,Como,Genoa,0,0
63,12,Como,Genoa,0,0
63,13,Como,Genoa,0,0
63,14,Como,Genoa,0,0
63,15,Como,Genoa,0,0
63,16,Como,Genoa,0,0
63,17,Como,Genoa,0,0
63,18,Como,Genoa,0,0
63,19,Como,Genoa,0,0
63,20,Como,Genoa,0,0
63,21,Como,Genoa,0,0
63,22,Como,Genoa,0,0
63,23,Como,Genoa,0,0
63,24,Como,Genoa,0,0
63,25,Como,Genoa,0,0
63,26,Como,Genoa,0,0
63,27,Como,Genoa,0,0
63,28,Como,Genoa,0,0
63,29,Como,Genoa,0,0
63,30,Como,Genoa,0,0
63,31,Como,Genoa,0,0
63,32,Como,Genoa,0,0
63,33,Como,Genoa,0,0
63,34,Como,Genoa,0,0
63,35,Como,Genoa,0,0
63,36,Como,Genoa,0,0
63,37,Como,Genoa,0,0
63,38,Como,Genoa,0,0
63,39,Como,Genoa,0,0
63,40,Como,Genoa,0,0
63,41,Como,Genoa,0,0
63,42,Como,Genoa,0,0
63,43,Como,Genoa,0,0
63,44,Como,Genoa,0,0
63,45,Como,Genoa,0,0
63,46,Como,Genoa,0,0
63,47,Como,Genoa,0,0
63,48,Como,Genoa,0,0
63,49,Como,Genoa,0,0
63,50,Como,Genoa,0,0
63,51,Como,Genoa,0,0
63,52,Como,Genoa,0,0
63,53,Como,Genoa,0,0
63,54,Como,Genoa,0,0
63,55,Como,Genoa,0,0
63,56,Como,Genoa,0,0
63,57,Como,Genoa,0,0
63,58,Como,Genoa,0,0
63,59,Como,Genoa,1,0
63,60,Como,Genoa,1,0
63,61,Como,Genoa,1,0
63,62,Como,Genoa,1,0
63,63,Como,Genoa,1,0
63,64,Como,Genoa,1,0
63,65,Como,Genoa,1,0
63,66,Como,Genoa,1,0
63,67,Como,Genoa,1,0
63,68,Como,Genoa,1,0
63,69,Como,Genoa,1,0
63,70,Como,Genoa,1,0
63,71,Como,Genoa,1,0
63,72,Como,Genoa,1,0
63,73,Como,Genoa,1,0
63,74,Como,Genoa,1,0
63,75,Como,Genoa,1,0
63,76,Como,Genoa,1,0
63,77,Como,Genoa,1,0
63,78,Como,Genoa,1,0
63,79,Como,Genoa,1,0
63,80,Como,Genoa,1,0
63,81,Como,Genoa,1,0
63,82,Como,Genoa,1,0
63,83,Como,Genoa,1,0
63,84,Como,Genoa,1,0
63,85,Como,Genoa,1,0
63,86,Como,Genoa,1,0
63,87,Como,Genoa,1,0
63,88,Como,Genoa,1,0
63,89,Como,Genoa,1,0
63,90,Como,Genoa,1,0
64,1,Como,Hellas Verona,0,0
64,2,Como,Hellas Verona,0,0
64,3,Como,Hellas Verona,0,0
64,4,Como,Hellas Verona,0,0
64,5,Como,Hellas Verona,0,0
64,6,Como,Hellas Verona,0,0
64,7,Como,Hellas Verona,0,0
64,8,Como,Hellas Verona,0,0
64,9,Como,Hellas Verona,0,0
64,10,Como,Hellas Verona,0,0
64,11,Como,Hellas Verona,0,0
64,12,Como,Hellas Verona,0,0
64,13,Como,Hellas Verona,0,0
64,14,Como,Hellas Verona,0,0
64,15,Como,Hellas Verona,0,0
64,16,Como,Hellas Verona,0,0
64,17,Como,Hellas Verona,0,0
64,18,Como,Hellas Verona,0,0
64,19,Como,Hellas Verona,0,0
64,20,Como,Hellas Verona,0,0
64,21,Como,Hellas Verona,0,0
64,22,Como,Hellas Verona,0,0
64,23,Como,Hellas Verona,0,0
64,24,Como,Hellas Verona,0,0
64,25,Como,Hellas Verona,0,0
64,26,Como,Hellas Verona,0,0
64,27,Como,Hellas Verona,0,0
64,28,Como,Hellas Verona,0,0
64,29,Como,Hellas Verona,0,0
64,30,Como,Hellas Verona,0,0
64,31,Como,Hellas Verona,0,0
64,32,Como,Hellas Verona,0,0
64,33,Como,Hellas Verona,0,0
64,34,Como,Hellas Verona,0,0
64,35,Como,Hellas Verona,0,0
64,36,Como,Hellas Verona,0,0
64,37,Como,Hellas Verona,0,0
64,38,Como,Hellas Verona,0,0
64,39,Como,Hellas Verona,0,0
64,40,Como,Hellas Verona,0,0
64,41,Como,Hellas Verona,0,0
64,42,Como,Hellas Verona,0,0
64,43,Como,Hellas Verona,1,0
64,44,Como,Hellas Verona,1,0
64,45,Como,Hellas Verona,1,0
64,46,Como,Hellas Verona,1,0
64,47,Como,Hellas Verona,1,0
64,48,Como,Hellas Verona,1,0
64,49,Como,Hellas Verona,1,0
64,50,Como,Hellas Verona,1,0
64,51,Como,Hellas Verona,1,0
64,52,Como,Hellas Verona,1,0
64,53,Como,Hellas Verona,1,1
64,54,Como,Hellas Verona,1,1
64,55,Como,Hellas Verona,1,1
64,56,Como,Hellas Verona,1,1
64,57,Como,Hellas Verona,1,1
64,58,Como,Hellas Verona,1,1
64,59,Como,Hellas Verona,1,1
64,60,Como,Hellas Verona,1,1
64,61,Como,Hellas Verona,1,1
64,62,Como,Hellas Verona,1,1
64,63,Como,Hellas Verona,1,1
64,64,Como,Hellas Verona,1,1
64,65,Como,Hellas Verona,1,1
64,66,Como,Hellas Verona,1,1
64,67,Como,Hellas Verona,1,1
64,68,Como,Hellas Verona,1,1
64,69,Como,Hellas Verona,1,1
64,70,Como,Hellas Verona,1,1
64,71,Como,Hellas Verona,1,1
64,72,Como,Hellas Verona,2,1
64,73,Como,Hellas Verona,2,1
64,74,Como,Hellas Verona,2,1
64,75,Como,Hellas Verona,2,1
64,76,Como,Hellas Verona,2,1
64,77,Como,Hellas Verona,2,1
64,78,Como,Hellas Verona,2,1
64,79,Como,Hellas Verona,2,1
64,80,Como,Hellas Verona,2,1
64,81,Como,Hellas Verona,2,1
64,82,Como,Hellas Verona,2,1
64,83,Como,Hellas Verona,2,1
64,84,Como,Hellas Verona,2,1
64,85,Como,Hellas Verona,2,1
64,86,Como,Hellas Verona,2,1
64,87,Como,Hellas Verona,2,1
64,88,Como,Hellas Verona,2,1
64,89,Como,Hellas Verona,3,1
64,90,Como,Hellas Verona,3,2
65,1,Como,Inter Milan,0,0
65,2,Como,Inter Milan,0,0
65,3,Como,Inter Milan,0,0
65,4,Como,Inter Milan,0,0
65,5,Como,Inter Milan,0,0
65,6,Como,Inter Milan,0,0
65,7,Como,Inter Milan,0,0
65,8,Como,Inter Milan,0,0
65,9,Como,Inter Milan,0,0
65,10,Como,Inter Milan,0,0
65,11,Como,Inter Milan,0,0
65,12,Como,Inter Milan,0,0
65,13,Como,Inter Milan,0,0
65,14,Como,Inter Milan,0,0
65,15,Como,Inter Milan,0,0
65,16,Como,Inter Milan,0,0
65,17,Como,Inter Milan,0,0
65,18,Como,Inter Milan,0,0
65,19,Como,Inter Milan,0,0
65,20,Como,Inter Milan,0,1
65,21,Como,Inter Milan,0,1
65,22,Como,Inter Milan,0,1
65,23,Como,Inter Milan,0,1
65,24,Como,Inter Milan,0,1
65,25,Como,Inter Milan,0,1
65,26,Como,Inter Milan,0,1
65,27,Como,Inter Milan,0,1
65,28,Como,Inter Milan,0,1
65,29,Como,Inter Milan,0,1
65,30,Como,Inter Milan,0,1
65,31,Como,Inter Milan,0,1
65,32,Como,Inter Milan,0,1
65,33,Como,Inter Milan,0,1
65,34,Como,Inter Milan,0,1
65,35,Como,Inter Milan,0,1
65,36,Como,Inter Milan,0,1
65,37,Como,Inter Milan,0,1
65,38,Como,Inter Milan,0,1
65,39,Como,Inter Milan,0,1
65,40,Como,Inter Milan,0,1
65,41,Como,Inter Milan,0,1
65,42,Como,Inter Milan,0,1
65,43,Como,Inter Milan,0,1
65,44,Como,Inter Milan,0,1
65,45,Como,Inter Milan,0,1
65,46,Como,Inter Milan,0,1
65,47,Como,Inter Milan,0,1
65,48,Como,Inter Milan,0,1
65,49,Como,Inter Milan,0,1
65,50,Como,Inter Milan,0,1
65,51,Como,Inter Milan,0,2
65,52,Como,Inter Milan,0,2
65,53,Como,Inter Milan,0,2
65,54,Como,Inter Milan,0,2
65,55,Como,Inter Milan,0,2
65,56,Como,Inter Milan,0,2
65,57,Como,Inter Milan,0,2
65,58,Como,Inter Milan,0,2
65,59,Como,Inter Milan,0,2
65,60,Como,Inter Milan,0,2
65,61,Como,Inter Milan,0,2
65,62,Como,Inter Milan,0,2
65,63,Como,Inter Milan,0,2
65,64,Como,Inter Milan,0,2
65,65,Como,Inter Milan,0,2
65,66,Como,Inter Milan,0,2
65,67,Como,Inter Milan,0,2
65,68,Como,Inter Milan,0,2
65,69,Como,Inter Milan,0,2
65,70,Como,Inter Milan,0,2
65,71,Como,Inter Milan,0,2
65,72,Como,Inter Milan,0,2
65,73,Como,Inter Milan,0,2
65,74,Como,Inter Milan,0,2
65,75,Como,Inter Milan,0,2
65,76,Como,Inter Milan,0,2
65,77,Como,Inter Milan,0,2
65,78,Como,Inter Milan,0,2
65,79,Como,Inter Milan,0,2
65,80,Como,Inter Milan,0,2
65,81,Como,Inter Milan,0,2
65,82,Como,Inter Milan,0,2
65,83,Como,Inter Milan,0,2
65,84,Como,Inter Milan,0,2
65,85,Como,Inter Milan,0,2
65,86,Como,Inter Milan,0,2
65,87,Como,Inter Milan,0,2
65,88,Como,Inter Milan,0,2
65,89,Como,Inter Milan,0,2
65,90,Como,Inter Milan,0,2
66,1,Como,Juventus,0,0
66,2,Como,Juventus,0,0
66,3,Como,Juventus,0,0
66,4,Como,Juventus,0,0
66,5,Como,Juventus,0,0
66,6,Como,Juventus,0,0
66,7,Como,Juventus,0,0
66,8,Como,Juventus,0,0
66,9,Como,Juventus,0,0
66,10,Como,Juventus,0,0
66,11,Como,Juventus,0,0
66,12,Como,Juventus,0,0
66,13,Como,Juventus,0,0
66,14,Como,Juventus,0,0
66,15,Como,Juventus,0,0
66,16,Como,Juventus,0,0
66,17,Como,Juventus,0,0
66,18,Como,Juventus,0,0
66,19,Como,Juventus,0,0
66,20,Como,Juventus,0,0
66,21,Como,Juventus,0,0
66,22,Como,Juventus,0,0
66,23,Como,Juventus,0,0
66,24,Como,Juventus,0,0
66,25,Como,Juventus,0,0
66,26,Como,Juventus,0,0
66,27,Como,Juventus,0,0
66,28,Como,Juventus,0,0
66,29,Como,Juventus,0,0
66,30,Como,Juventus,0,0
66,31,Como,Juventus,0,0
66,32,Como,Juventus,0,0
66,33,Como,Juventus,0,0
66,34,Como,Juventus,0,1
66,35,Como,Juventus,0,1
66,36,Como,Juventus,0,1
66,37,Como,Juventus,0,1
66,38,Como,Juventus,0,1
66,39,Como,Juventus,0,1
66,40,Como,Juventus,0,1
66,41,Como,Juventus,0,1
66,42,Como,Juventus,0,1
66,43,Como,Juventus,0,1
66,44,Como,Juventus,0,1
66,45,Como,Juventus,1,1
66,46,Como,Juventus,1,1
66,47,Como,Juventus,1,1
66,48,Como,Juventus,1,1
66,49,Como,Juventus,1,1
66,50,Como,Juventus,1,1
66,51,Como,Juventus,1,1
66,52,Como,Juventus,1,1
66,53,Como,Juventus,1,1
66,54,Como,Juventus,1,1
66,55,Como,Juventus,1,1
66,56,Como,Juventus,1,1
66,57,Como,Juventus,1,1
66,58,Como,Juventus,1,1
66,59,Como,Juventus,1,1
66,60,Como,Juventus,1,1
66,61,Como,Juventus,1,1
66,62,Como,Juventus,1,1
66,63,Como,Juventus,1,1
66,64,Como,Juventus,1,1
66,65,Como,Juventus,1,1
66,66,Como,Juventus,1,1
66,67,Como,Juventus,1,1
66,68,Como,Juventus,1,1
66,69,Como,Juventus,1,1
66,70,Como,Juventus,1,1
66,71,Como,Juventus,1,1
66,72,Como,Juventus,1,1
66,73,Como,Juventus,1,1
66,74,Como,Juventus,1,1
66,75,Como,Juventus,1,1
66,76,Como,Juventus,1,1
66,77,Como,Juventus,1,1
66,78,Como,Juventus,1,1
66,79,Como,Juventus,1,1
66,80,Como,Juventus,1,1
66,81,Como,Juventus,1,1
66,82,Como,Juventus,1,1
66,83,Como,Juventus,1,1
66,84,Como,Juventus,1,1
66,85,Como,Juventus,1,1
66,86,Como,Juventus,1,1
66,87,Como,Juventus,1,1
66,88,Como,Juventus,1,1
66,89,Como,Juventus,1,2
66,90,Como,Juventus,1,2
67,1,Como,Lazio,0,0
67,2,Como,Lazio,0,0
67,3,Como,Lazio,0,0
67,4,Como,Lazio,0,0
67,5,Como,Lazio,0,0
67,6,Como,Lazio,0,0
67,7,Como,Lazio,0,0
67,8,Como,Lazio,0,0
67,9,Como,Lazio,0,0
67,10,Como,Lazio,0,0
67,11,Como,Lazio,0,0
67,12,Como,Lazio,0,0
67,13,Como,Lazio,0,0
67,14,Como,Lazio,0,0
67,15,Como,Lazio,0,0
67,16,Como,Lazio,0,0
67,17,Como,Lazio,0,0
67,18,Como,Lazio,0,0
67,19,Como,Lazio,0,0
67,20,Como,Lazio,0,0
67,21,Como,Lazio,0,0
67,22,Como,Lazio,0,0
67,23,Como,Lazio,0,0
67,24,Como,Lazio,0,0
67,25,Como,Lazio,0,0
67,26,Como,Lazio,0,0
67,27,Como,Lazio,0,0
67,28,Como,Lazio,0,1
67,29,Como,Lazio,0,1
67,30,Como,Lazio,0,1
67,31,Como,Lazio,0,2
67,32,Como,Lazio,0,2
67,33,Como,Lazio,0,2
67,34,Como,Lazio,0,2
67,35,Como,Lazio,0,2
67,36,Como,Lazio,0,2
67,37,Como,Lazio,0,2
67,38,Como,Lazio,0,2
67,39,Como,Lazio,0,2
67,40,Como,Lazio,0,2
67,41,Como,Lazio,0,2
67,42,Como,Lazio,0,2
67,43,Como,Lazio,0,2
67,44,Como,Lazio,0,2
67,45,Como,Lazio,0,2
67,46,Como,Lazio,0,2
67,47,Como,Lazio,0,2
67,48,Como,Lazio,0,2
67,49,Como,Lazio,0,2
67,50,Como,Lazio,0,2
67,51,Como,Lazio,0,2
67,52,Como,Lazio,0,2
67,53,Como,Lazio,1,2
67,54,Como,Lazio,1,2
67,55,Como,Lazio,1,2
67,56,Como,Lazio,1,2
67,57,Como,Lazio,1,2
67,58,Como,Lazio,1,2
67,59,Como,Lazio,1,2
67,60,Como,Lazio,1,2
67,61,Como,Lazio,1,2
67,62,Como,Lazio,1,2
67,63,Como,Lazio,1,2
67,64,Como,Lazio,1,2
67,65,Como,Lazio,1,2
67,66,Como,Lazio,1,2
67,67,Como,Lazio,1,2
67,68,Como,Lazio,1,2
67,69,Como,Lazio,1,2
67,70,Como,Lazio,1,2
67,71,Como,Lazio,1,2
67,72,Como,Lazio,1,3
67,73,Como,Lazio,1,3
67,74,Como,Lazio,1,3
67,75,Como,Lazio,1,3
67,76,Como,Lazio,1,3
67,77,Como,Lazio,1,3
67,78,Como,Lazio,1,3
67,79,Como,Lazio,1,3
67,80,Como,Lazio,1,3
67,81,Como,Lazio,1,4
67,82,Como,Lazio,1,4
67,83,Como,Lazio,1,4
67,84,Como,Lazio,1,4
67,85,Como,Lazio,1,4
67,86,Como,Lazio,1,4
67,87,Como,Lazio,1,4
67,88,Como,Lazio,1,4
67,89,Como,Lazio,1,4
67,90,Como,Lazio,1,5
68,1,Como,Lecce,0,0
68,2,Como,Lecce,0,0
68,3,Como,Lecce,0,0
68,4,Como,Lecce,0,0
68,5,Como,Lecce,0,0
68,6,Como,Lecce,0,0
68,7,Como,Lecce,0,0
68,8,Como,Lecce,0,0
68,9,Como,Lecce,0,0
68,10,Como,Lecce,0,0
68,11,Como,Lecce,0,0
68,12,Como,Lecce,0,0
68,13,Como,Lecce,0,0
68,14,Como,Lecce,0,0
68,15,Como,Lecce,0,0
68,16,Como,Lecce,0,0
68,17,Como,Lecce,0,0
68,18,Como,Lecce,0,0
68,19,Como,Lecce,0,0
68,20,Como,Lecce,0,0
68,21,Como,Lecce,0,0
68,22,Como,Lecce,0,0
68,23,Como,Lecce,0,0
68,24,Como,Lecce,0,0
68,25,Como,Lecce,0,0
68,26,Como,Lecce,0,0
68,27,Como,Lecce,0,0
68,28,Como,Lecce,0,0
68,29,Como,Lecce,0,0
68,30,Como,Lecce,0,0
68,31,Como,Lecce,0,0
68,32,Como,Lecce,0,0
68,33,Como,Lecce,0,0
68,34,Como,Lecce,0,0
68,35,Como,Lecce,0,0
68,36,Como,Lecce,0,0
68,37,Como,Lecce,0,0
68,38,Como,Lecce,0,0
68,39,Como,Lecce,0,0
68,40,Como,Lecce,0,0
68,41,Como,Lecce,0,0
68,42,Como,Lecce,0,0
68,43,Como,Lecce,0,0
68,44,Como,Lecce,0,0
68,45,Como,Lecce,0,0
68,46,Como,Lecce,0,0
68,47,Como,Lecce,0,0
68,48,Como,Lecce,0,0
68,49,Como,Lecce,1,0
68,50,Como,Lecce,1,0
68,51,Como,Lecce,1,0
68,52,Como,Lecce,1,0
68,53,Como,Lecce,1,0
68,54,Como,Lecce,1,0
68,55,Como,Lecce,1,0
68,56,Como,Lecce,1,0
68,57,Como,Lecce,1,0
68,58,Como,Lecce,1,0
68,59,Como,Lecce,1,0
68,60,Como,Lecce,1,0
68,61,Como,Lecce,1,0
68,62,Como,Lecce,1,0
68,63,Como,Lecce,1,0
68,64,Como,Lecce,1,0
68,65,Como,Lecce,1,0
68,66,Como,Lecce,1,0
68,67,Como,Lecce,1,0
68,68,Como,Lecce,1,0
68,69,Como,Lecce,1,0
68,70,Como,Lecce,1,0
68,71,Como,Lecce,1,0
68,72,Como,Lecce,1,0
68,73,Como,Lecce,1,0
68,74,Como,Lecce,1,0
68,75,Como,Lecce,1,0
68,76,Como,Lecce,1,0
68,77,Como,Lecce,1,0
68,78,Como,Lecce,1,0
68,79,Como,Lecce,1,0
68,80,Como,Lecce,2,0
68,81,Como,Lecce,2,0
68,82,Como,Lecce,2,0
68,83,Como,Lecce,2,0
68,84,Como,Lecce,2,0
68,85,Como,Lecce,2,0
68,86,Como,Lecce,2,0
68,87,Como,Lecce,2,0
68,88,Como,Lecce,2,0
68,89,Como,Lecce,2,0
68,90,Como,Lecce,2,0
69,1,Como,AC Milan,0,0
69,2,Como,AC Milan,0,0
69,3,Como,AC Milan,0,0
69,4,Como,AC Milan,0,0
69,5,Como,AC Milan,0,0
69,6,Como,AC Milan,0,0
69,7,Como,AC Milan,0,0
69,8,Como,AC Milan,0,0
69,9,Como,AC Milan,0,0
69,10,Como,AC Milan,0,0
69,11,Como,AC Milan,0,0
69,12,Como,AC Milan,0,0
69,13,Como,AC Milan,0,0
69,14,Como,AC Milan,0,0
69,15,Como,AC Milan,0,0
69,16,Como,AC Milan,0,0
69,17,Como,AC Milan,0,0
69,18,Como,AC Milan,0,0
69,19,Como,AC Milan,0,0
69,20,Como,AC Milan,0,0
69,21,Como,AC Milan,0,0
69,22,Como,AC Milan,0,0
69,23,Como,AC Milan,0,0
69,24,Como,AC Milan,0,0
69,25,Como,AC Milan,0,0
69,26,Como,AC Milan,0,0
69,27,Como,AC Milan,0,0
69,28,Como,AC Milan,0,0
69,29,Como,AC Milan,0,0
69,30,Como,AC Milan,0,0
69,31,Como,AC Milan,0,0
69,32,Como,AC Milan,0,0
69,33,Como,AC Milan,0,0
69,34,Como,AC Milan,0,0
69,35,Como,AC Milan,0,0
69,36,Como,AC Milan,0,0
69,37,Como,AC Milan,0,0
69,38,Como,AC Milan,0,0
69,39,Como,AC Milan,0,0
69,40,Como,AC Milan,0,0
69,41,Como,AC Milan,0,0
69,42,Como,AC Milan,0,0
69,43,Como,AC Milan,0,0
69,44,Como,AC Milan,0,0
69,45,Como,AC Milan,0,0
69,46,Como,AC Milan,0,0
69,47,Como,AC Milan,0,0
69,48,Como,AC Milan,0,0
69,49,Como,AC Milan,0,0
69,50,Como,AC Milan,0,0
69,51,Como,AC Milan,0,0
69,52,Como,AC Milan,0,0
69,53,Como,AC Milan,0,0
69,54,Como,AC Milan,0,0
69,55,Como,AC Milan,0,0
69,56,Como,AC Milan,0,0
69,57,Como,AC Milan,0,0
69,58,Como,AC Milan,0,0
69,59,Como,AC Milan,0,0
69,60,Como,AC Milan,1,0
69,61,Como,AC Milan,1,0
69,62,Como,AC Milan,1,0
69,63,Como,AC Milan,1,0
69,64,Como,AC Milan,1,0
69,65,Como,AC Milan,1,0
69,66,Como,AC Milan,1,0
69,67,Como,AC Milan,1,0
69,68,Como,AC Milan,1,0
69,69,Como,AC Milan,1,0
69,70,Como,AC Milan,1,0
69,71,Como,AC Milan,1,1
69,72,Como,AC Milan,1,1
69,73,Como,AC Milan,1,1
69,74,Como,AC Milan,1,1
69,75,Como,AC Milan,1,1
69,76,Como,AC Milan,1,2
69,77,Como,AC Milan,1,2
69,78,Como,AC Milan,1,2
69,79,Como,AC Milan,1,2
69,80,Como,AC Milan,1,2
69,81,Como,AC Milan,1,2
69,82,Como,AC Milan,1,2
69,83,Como,AC Milan,1,2
69,84,Como,AC Milan,1,2
69,85,Como,AC Milan,1,2
69,86,Como,AC Milan,1,2
69,87,Como,AC Milan,1,2
69,88,Como,AC Milan,1,2
69,89,Como,AC Milan,1,2
69,90,Como,AC Milan,1,2
70,1,Como,Monza,0,0
70,2,Como,Monza,0,0
70,3,Como,Monza,0,0
70,4,Como,Monza,0,0
70,5,Como,Monza,0,0
70,6,Como,Monza,0,0
70,7,Como,Monza,0,0
70,8,Como,Monza,0,0
70,9,Como,Monza,0,0
70,10,Como,Monza,0,0
70,11,Como,Monza,0,0
70,12,Como,Monza,0,0
70,13,Como,Monza,0,0
70,14,Como,Monza,0,0
70,15,Como,Monza,0,0
70,16,Como,Monza,0,0
70,17,Como,Monza,0,0
70,18,Como,Monza,0,0
70,19,Como,Monza,0,0
70,20,Como,Monza,0,0
70,21,Como,Monza,0,0
70,22,Como,Monza,0,0
70,23,Como,Monza,0,0
70,24,Como,Monza,0,0
70,25,Como,Monza,0,0
70,26,Como,Monza,0,0
70,27,Como,Monza,0,0
70,28,Como,Monza,0,0
70,29,Como,Monza,0,0
70,30,Como,Monza,0,0
70,31,Como,Monza,0,0
70,32,Como,Monza,0,0
70,33,Como,Monza,0,0
70,34,Como,Monza,0,0
70,35,Como,Monza,0,0
70,36,Como,Monza,1,0
70,37,Como,Monza,1,0
70,38,Como,Monza,1,0
70,39,Como,Monza,1,0
70,40,Como,Monza,1,0
70,41,Como,Monza,1,0
70,42,Como,Monza,1,0
70,43,Como,Monza,1,0
70,44,Como,Monza,1,0
70,45,Como,Monza,1,0
70,46,Como,Monza,1,0
70,47,Como,Monza,1,0
70,48,Como,Monza,1,0
70,49,Como,Monza,1,0
70,50,Como,Monza,1,0
70,51,Como,Monza,1,0
70,52,Como,Monza,1,0
70,53,Como,Monza,1,0
70,54,Como,Monza,1,1
70,55,Como,Monza,1,1
70,56,Como,Monza,1,1
70,57,Como,Monza,1,1
70,58,Como,Monza,1,1
70,59,Como,Monza,1,1
70,60,Como,Monza,1,1
70,61,Como,Monza,1,1
70,62,Como,Monza,1,1
70,63,Como,Monza,1,1
70,64,Como,Monza,1,1
70,65,Como,Monza,1,1
70,66,Como,Monza,1,1
70,67,Como,Monza,1,1
70,68,Como,Monza,1,1
70,69,Como,Monza,1,1
70,70,Como,Monza,1,1
70,71,Como,Monza,1,1
70,72,Como,Monza,1,1
70,73,Como,Monza,1,1
70,74,Como,Monza,1,1
70,75,Como,Monza,1,1
70,76,Como,Monza,1,1
70,77,Como,Monza,1,1
70,78,Como,Monza,1,1
70,79,Como,Monza,1,1
70,80,Como,Monza,1,1
70,81,Como,Monza,1,1
70,82,Como,Monza,1,1
70,83,Como,Monza,1,1
70,84,Como,Monza,1,1
70,85,Como,Monza,1,1
70,86,Como,Monza,1,1
70,87,Como,Monza,1,1
70,88,Como,Monza,1,1
70,89,Como,Monza,1,1
70,90,Como,Monza,1,1
71,1,Como,Napoli,0,0
71,2,Como,Napoli,0,0
71,3,Como,Napoli,0,0
71,4,Como,Napoli,0,0
71,5,Como,Napoli,0,0
71,6,Como,Napoli,0,0
71,7,Como,Napoli,1,0
71,8,Como,Napoli,1,0
71,9,Como,Napoli,1,0
71,10,Como,Napoli,1,0
71,11,Como,Napoli,1,0
71,12,Como,Napoli,1,0
71,13,Como,Napoli,1,0
71,14,Como,Napoli,1,0
71,15,Como,Napoli,1,0
71,16,Como,Napoli,1,0
71,17,Como,Napoli,1,1
71,18,Como,Napoli,1,1
71,19,Como,Napoli,1,1
71,20,Como,Napoli,1,1
71,21,Como,Napoli,1,1
71,22,Como,Napoli,1,1
71,23,Como,Napoli,1,1
71,24,Como,Napoli,1,1
71,25,Como,Napoli,1,1
71,26,Como,Napoli,1,1
71,27,Como,Napoli,1,1
71,28,Como,Napoli,1,1
71,29,Como,Napoli,1,1
71,30,Como,Napoli,1,1
71,31,Como,Napoli,1,1
71,32,Como,Napoli,1,1
71,33,Como,Napoli,1,1
71,34,Como,Napoli,1,1
71,35,Como,Napoli,1,1
71,36,Como,Napoli,1,1
71,37,Como,Napoli,1,1
71,38,Como,Napoli,1,1
71,39,Como,Napoli,1,1
71,40,Como,Napoli,1,1
71,41,Como,Napoli,1,1
71,42,Como,Napoli,1,1
71,43,Como,Napoli,1,1
71,44,Como,Napoli,1,1
71,45,Como,Napoli,1,1
71,46,Como,Napoli,1,1
71,47,Como,Napoli,1,1
71,48,Como,Napoli,1,1
71,49,Como,Napoli,1,1
71,50,Como,Napoli,1,1
71,51,Como,Napoli,1,1
71,52,Como,Napoli,1,1
71,53,Como,Napoli,1,1
71,54,Como,Napoli,1,1
71,55,Como,Napoli,1,1
71,56,Como,Napoli,1,1
71,57,Como,Napoli,1,1
71,58,Como,Napoli,1,1
71,59,Como,Napoli,1,1
71,60,Como,Napoli,1,1
71,61,Como,Napoli,1,1
71,62,Como,Napoli,1,1
71,63,Como,Napoli,1,1
71,64,Como,Napoli,1,1
71,65,Como,Napoli,1,1
71,66,Como,Napoli,1,1
71,67,Como,Napoli,1,1
71,68,Como,Napoli,1,1
71,69,Como,Napoli,1,1
71,70,Como,Napoli,1,1
71,71,Como,Napoli,1,1
71,72,Como,Napoli,1,1
71,73,Como,Napoli,1,1
71,74,Como,Napoli,1,1
71,75,Como,Napoli,1,1
71,76,Como,Napoli,1,1
71,77,Como,Napoli,2,1
71,78,Como,Napoli,2,1
71,79,Como,Napoli,2,1
71,80,Como,Napoli,2,1
71,81,Como,Napoli,2,1
71,82,Como,Napoli,2,1
71,83,Como,Napoli,2,1
71,84,Como,Napoli,2,1
71,85,Como,Napoli,2,1
71,86,Como,Napoli,2,1
71,87,Como,Napoli,2,1
71,88,Como,Napoli,2,1
71,89,Como,Napoli,2,1
71,90,Como,Napoli,2,1
72,1,Como,Parma,0,0
72,2,Como,Parma,0,0
72,3,Como,Parma,0,0
72,4,Como,Parma,0,0
72,5,Como,Parma,0,0
72,6,Como,Parma,0,0
72,7,Como,Parma,0,0
72,8,Como,Parma,0,0
72,9,Como,Parma,0,0
72,10,Como,Parma,0,0
72,11,Como,Parma,0,0
72,12,Como,Parma,0,0
72,13,Como,Parma,0,0
72,14,Como,Parma,0,0
72,15,Como,Parma,0,0
72,16,Como,Parma,0,0
72,17,Como,Parma,0,0
72,18,Como,Parma,0,0
72,19,Como,Parma,0,0
72,20,Como,Parma,0,1
72,21,Como,Parma,0,1
72,22,Como,Parma,0,1
72,23,Como,Parma,0,1
72,24,Como,Parma,0,1
72,25,Como,Parma,0,1
72,26,Como,Parma,0,1
72,27,Como,Parma,0,1
72,28,Como,Parma,0,1
72,29,Como,Parma,0,1
72,30,Como,Parma,0,1
72,31,Como,Parma,0,1
72,32,Como,Parma,0,1
72,33,Como,Parma,0,1
72,34,Como,Parma,0,1
72,35,Como,Parma,0,1
72,36,Como,Parma,0,1
72,37,Como,Parma,0,1
72,38,Como,Parma,0,1
72,39,Como,Parma,0,1
72,40,Como,Parma,0,1
72,41,Como,Parma,0,1
72,42,Como,Parma,0,1
72,43,Como,Parma,0,1
72,44,Como,Parma,0,1
72,45,Como,Parma,1,1
72,46,Como,Parma,1,1
72,47,Como,Parma,1,1
72,48,Como,Parma,1,1
72,49,Como,Parma,1,1
72,50,Como,Parma,1,1
72,51,Como,Parma,1,1
72,52,Como,Parma,1,1
72,53,Como,Parma,1,1
72,54,Como,Parma,1,1
72,55,Como,Parma,1,1
72,56,Como,Parma,1,1
72,57,Como,Parma,1,1
72,58,Como,Parma,1,1
72,59,Como,Parma,1,1
72,60,Como,Parma,1,1
72,61,Como,Parma,1,1
72,62,Como,Parma,1,1
72,63,Como,Parma,1,1
72,64,Como,Parma,1,1
72,65,Como,Parma,1,1
72,66,Como,Parma,1,1
72,67,Como,Parma,1,1
72,68,Como,Parma,1,1
72,69,Como,Parma,1,1
72,70,Como,Parma,1,1
72,71,Como,Parma,1,1
72,72,Como,Parma,1,1
72,73,Como,Parma,1,1
72,74,Como,Parma,1,1
72,75,Como,Parma,1,1
72,76,Como,Parma,1,1
72,77,Como,Parma,1,1
72,78,Como,Parma,1,1
72,79,Como,Parma,1,1
72,80,Como,Parma,1,1
72,81,Como,Parma,1,1
72,82,Como,Parma,1,1
72,83,Como,Parma,1,1
72,84,Como,Parma,1,1
72,85,Como,Parma,1,1
72,86,Como,Parma,1,1
72,87,Como,Parma,1,1
72,88,Como,Parma,1,1
72,89,Como,Parma,1,1
72,90,Como,Parma,1,1
73,1,Como,Roma,0,0
73,2,Como,Roma,0,0
73,3,Como,Roma,0,0
73,4,Como,Roma,0,0
73,5,Como,Roma,0,0
73,6,Como,Roma,0,0
73,7,Como,Roma,0,0
73,8,Como,Roma,0,0
73,9,Como,Roma,0,0
73,10,Como,Roma,0,0
73,11,Como,Roma,0,0
73,12,Como,Roma,0,0
73,13,Como,Roma,0,0
73,14,Como,Roma,0,0
73,15,Como,Roma,0,0
73,16,Como,Roma,0,0
73,17,Como,Roma,0,0
73,18,Como,Roma,0,0
73,19,Como,Roma,0,0
73,20,Como,Roma,0,0
73,21,Como,Roma,0,0
73,22,Como,Roma,0,0
73,23,Como,Roma,0,0
73,24,Como,Roma,0,0
73,25,Como,Roma,0,0
73,26,Como,Roma,0,0
73,27,Como,Roma,0,0
73,28,Como,Roma,0,0
73,29,Como,Roma,0,0
73,30,Como,Roma,0,0
73,31,Como,Roma,0,0
73,32,Como,Roma,0,0
73,33,Como,Roma,0,0
73,34,Como,Roma,0,0
73,35,Como,Roma,0,0
73,36,Como,Roma,0,0
73,37,Como,Roma,0,0
73,38,Como,Roma,0,0
73,39,Como,Roma,0,0
73,40,Como,Roma,0,0
73,41,Como,Roma,0,0
73,42,Como,Roma,0,0
73,43,Como,Roma,0,0
73,44,Como,Roma,0,0
73,45,Como,Roma,0,0
73,46,Como,Roma,0,0
73,47,Como,Roma,0,0
73,48,Como,Roma,0,0
73,49,Como,Roma,0,0
73,50,Como,Roma,0,0
73,51,Como,Roma,0,0
73,52,Como,Roma,0,0
73,53,Como,Roma,0,0
73,54,Como,Roma,0,0
73,55,Como,Roma,0,0
73,56,Como,Roma,0,0
73,57,Como,Roma,0,0
73,58,Como,Roma,0,0
73,59,Como,Roma,0,0
73,60,Como,Roma,0,0
73,61,Como,Roma,0,0
73,62,Como,Roma,0,0
73,63,Como,Roma,0,0
73,64,Como,Roma,0,0
73,65,Como,Roma,0,0
73,66,Como,Roma,0,0
73,67,Como,Roma,0,0
73,68,Como,Roma,0,0
73,69,Como,Roma,0,0
73,70,Como,Roma,0,0
73,71,Como,Roma,0,0
73,72,Como,Roma,0,0
73,73,Como,Roma,0,0
73,74,Como,Roma,0,0
73,75,Como,Roma,0,0
73,76,Como,Roma,0,0
73,77,Como,Roma,0,0
73,78,Como,Roma,0,0
73,79,Como,Roma,0,0
73,80,Como,Roma,0,0
73,81,Como,Roma,0,0
73,82,Como,Roma,0,0
73,83,Como,Roma,0,0
73,84,Como,Roma,0,0
73,85,Como,Roma,0,0
73,86,Como,Roma,0,0
73,87,Como,Roma,0,0
73,88,Como,Roma,0,0
73,89,Como,Roma,1,0
73,90,Como,Roma,2,0
74,1,Como,Torino,0,0
74,2,Como,Torino,0,0
74,3,Como,Torino,0,0
74,4,Como,Torino,0,0
74,5,Como,Torino,0,0
74,6,Como,Torino,0,0
74,7,Como,Torino,0,0
74,8,Como,Torino,0,0
74,9,Como,Torino,0,0
74,10,Como,Torino,0,0
74,11,Como,Torino,0,0
74,12,Como,Torino,0,0
74,13,Como,Torino,0,0
74,14,Como,Torino,0,0
74,15,Como,Torino,0,0
74,16,Como,Torino,0,0
74,17,Como,Torino,0,0
74,18,Como,Torino,0,0
74,19,Como,Torino,0,0
74,20,Como,Torino,0,0
74,21,Como,Torino,0,0
74,22,Como,Torino,0,0
74,23,Como,Torino,0,0
74,24,Como,Torino,0,0
74,25,Como,Torino,0,0
74,26,Como,Torino,0,0
74,27,Como,Torino,0,0
74,28,Como,Torino,0,0
74,29,Como,Torino,0,0
74,30,Como,Torino,0,0
74,31,Como,Torino,0,0
74,32,Como,Torino,0,0
74,33,Como,Torino,0,0
74,34,Como,Torino,0,0
74,35,Como,Torino,0,0
74,36,Como,Torino,0,0
74,37,Como,Torino,0,0
74,38,Como,Torino,1,0
74,39,Como,Torino,1,0
74,40,Como,Torino,1,0
74,41,Como,Torino,1,0
74,42,Como,Torino,1,0
74,43,Como,Torino,1,0
74,44,Como,Torino,1,0
74,45,Como,Torino,1,0
74,46,Como,Torino,1,0
74,47,Como,Torino,1,0
74,48,Como,Torino,1,0
74,49,Como,Torino,1,0
74,50,Como,Torino,1,0
74,51,Como,Torino,1,0
74,52,Como,Torino,1,0
74,53,Como,Torino,1,0
74,54,Como,Torino,1,0
74,55,Como,Torino,1,0
74,56,Como,Torino,1,0
74,57,Como,Torino,1,0
74,58,Como,Torino,1,0
74,59,Como,Torino,1,0
74,60,Como,Torino,1,0
74,61,Como,Torino,1,0
74,62,Como,Torino,1,0
74,63,Como,Torino,1,0
74,64,Como,Torino,1,0
74,65,Como,Torino,1,0
74,66,Como,Torino,1,0
74,67,Como,Torino,1,0
74,68,Como,Torino,1,0
74,69,Como,Torino,1,0
74,70,Como,Torino,1,0
74,71,Como,Torino,1,0
74,72,Como,Torino,1,0
74,73,Como,Torino,1,0
74,74,Como,Torino,1,0
74,75,Como,Torino,1,0
74,76,Como,Torino,1,0
74,77,Como,Torino,1,0
74,78,Como,Torino,1,0
74,79,Como,Torino,1,0
74,80,Como,Torino,1,0
74,81,Como,Torino,1,0
74,82,Como,Torino,1,0
74,83,Como,Torino,1,0
74,84,Como,Torino,1,0
74,85,Como,Torino,1,0
74,86,Como,Torino,1,0
74,87,Como,Torino,1,0
74,88,Como,Torino,1,0
74,89,Como,Torino,1,0
74,90,Como,Torino,1,0
75,1,Como,Udinese,0,0
75,2,Como,Udinese,0,0
75,3,Como,Udinese,0,0
75,4,Como,Udinese,0,0
75,5,Como,Udinese,1,0
75,6,Como,Udinese,1,0
75,7,Como,Udinese,1,0
75,8,Como,Udinese,1,0
75,9,Como,Udinese,1,0
75,10,Como,Udinese,1,0
75,11,Como,Udinese,1,0
75,12,Como,Udinese,1,0
75,13,Como,Udinese,1,0
75,14,Como,Udinese,1,0
75,15,Como,Udinese,1,0
75,16,Como,Udinese,1,0
75,17,Como,Udinese,1,0
75,18,Como,Udinese,1,0
75,19,Como,Udinese,1,0
75,20,Como,Udinese,1,0
75,21,Como,Udinese,1,0
75,22,Como,Udinese,1,0
75,23,Como,Udinese,1,0
75,24,Como,Udinese,1,0
75,25,Como,Udinese,1,0
75,26,Como,Udinese,1,0
75,27,Como,Udinese,1,0
75,28,Como,Udinese,1,0
75,29,Como,Udinese,1,0
75,30,Como,Udinese,1,0
75,31,Como,Udinese,1,0
75,32,Como,Udinese,1,0
75,33,Como,Udinese,1,0
75,34,Como,Udinese,1,0
75,35,Como,Udinese,1,0
75,36,Como,Udinese,1,0
75,37,Como,Udinese,1,0
75,38,Como,Udinese,1,0
75,39,Como,Udinese,1,0
75,40,Como,Udinese,1,0
75,41,Como,Udinese,1,0
75,42,Como,Udinese,1,0
75,43,Como,Udinese,1,0
75,44,Como,Udinese,2,0
75,45,Como,Udinese,2,0
75,46,Como,Udinese,2,0
75,47,Como,Udinese,2,0
75,48,Como,Udinese,2,0
75,49,Como,Udinese,2,0
75,50,Como,Udinese,2,1
75,51,Como,Udinese,2,1
75,52,Como,Udinese,2,1
75,53,Como,Udinese,2,1
75,54,Como,Udinese,2,1
75,55,Como,Udinese,2,1
75,56,Como,Udinese,2,1
75,57,Como,Udinese,2,1
75,58,Como,Udinese,2,1
75,59,Como,Udinese,2,1
75,60,Como,Udinese,2,1
75,61,Como,Udinese,2,1
75,62,Como,Udinese,2,1
75,63,Como,Udinese,2,1
75,64,Como,Udinese,2,1
75,65,Como,Udinese,2,1
75,66,Como,Udinese,2,1
75,67,Como,Udinese,2,1
75,68,Como,Udinese,2,1
75,69,Como,Udinese,2,1
75,70,Como,Udinese,2,1
75,71,Como,Udinese,2,1
75,72,Como,Udinese,2,1
75,73,Como,Udinese,2,1
75,74,Como,Udinese,2,1
75,75,Como,Udinese,2,1
75,76,Como,Udinese,2,1
75,77,Como,Udinese,2,1
75,78,Como,Udinese,3,1
75,79,Como,Udinese,3,1
75,80,Como,Udinese,3,1
75,81,Como,Udinese,3,1
75,82,Como,Udinese,3,1
75,83,Como,Udinese,3,1
75,84,Como,Udinese,3,1
75,85,Como,Udinese,3,1
75,86,Como,Udinese,3,1
75,87,Como,Udinese,3,1
75,88,Como,Udinese,3,1
75,89,Como,Udinese,3,1
75,90,Como,Udinese,4,1
76,1,Como,Venezia,0,0
76,2,Como,Venezia,0,0
76,3,Como,Venezia,0,0
76,4,Como,Venezia,0,0
76,5,Como,Venezia,0,0
76,6,Como,Venezia,0,0
76,7,Como,Venezia,0,0
76,8,Como,Venezia,0,0
76,9,Como,Venezia,0,0
76,10,Como,Venezia,0,0
76,11,Como,Venezia,0,0
76,12,Como,Venezia,0,0
76,13,Como,Venezia,0,0
76,14,Como,Venezia,0,0
76,15,Como,Venezia,0,0
76,16,Como,Venezia,0,0
76,17,Como,Venezia,0,0
76,18,Como,Venezia,0,0
76,19,Como,Venezia,0,0
76,20,Como,Venezia,0,0
76,21,Como,Venezia,0,0
76,22,Como,Venezia,0,0
76,23,Como,Venezia,0,0
76,24,Como,Venezia,0,0
76,25,Como,Venezia,0,0
76,26,Como,Venezia,0,0
76,27,Como,Venezia,0,0
76,28,Como,Venezia,0,0
76,29,Como,Venezia,0,0
76,30,Como,Venezia,0,0
76,31,Como,Venezia,0,0
76,32,Como,Venezia,0,0
76,33,Como,Venezia,0,0
76,34,Como,Venezia,0,0
76,35,Como,Venezia,0,0
76,36,Como,Venezia,0,0
76,37,Como,Venezia,0,0
76,38,Como,Venezia,0,0
76,39,Como,Venezia,0,0
76,40,Como,Venezia,0,0
76,41,Como,Venezia,0,0
76,42,Como,Venezia,0,0
76,43,Como,Venezia,0,0
76,44,Como,Venezia,0,0
76,45,Como,Venezia,0,0
76,46,Como,Venezia,0,0
76,47,Como,Venezia,0,0
76,48,Como,Venezia,0,0
76,49,Como,Venezia,1,0
76,50,Como,Venezia,1,0
76,51,Como,Venezia,1,0
76,52,Como,Venezia,1,0
76,53,Como,Venezia,1,0
76,54,Como,Venezia,1,0
76,55,Como,Venezia,1,0
76,56,Como,Venezia,1,0
76,57,Como,Venezia,1,0
76,58,Como,Venezia,1,0
76,59,Como,Venezia,1,0
76,60,Como,Venezia,1,0
76,61,Como,Venezia,1,0
76,62,Como,Venezia,1,0
76,63,Como,Venezia,1,0
76,64,Como,Venezia,1,0
76,65,Como,Venezia,1,0
76,66,Como,Venezia,1,0
76,67,Como,Venezia,1,0
76,68,Como,Venezia,1,0
76,69,Como,Venezia,1,0
76,70,Como,Venezia,1,0
76,71,Como,Venezia,1,0
76,72,Como,Venezia,1,0
76,73,Como,Venezia,1,0
76,74,Como,Venezia,1,0
76,75,Como,Venezia,1,0
76,76,Como,Venezia,1,0
76,77,Como,Venezia,1,0
76,78,Como,Venezia,1,0
76,79,Como,Venezia,1,0
76,80,Como,Venezia,1,0
76,81,Como,Venezia,1,0
76,82,Como,Venezia,1,0
76,83,Como,Venezia,1,0
76,84,Como,Venezia,1,0
76,85,Como,Venezia,1,0
76,86,Como,Venezia,1,0
76,87,Como,Venezia,1,0
76,88,Como,Venezia,1,0
76,89,Como,Venezia,1,0
76,90,Como,Venezia,1,1
77,1,Empoli,Atalanta,0,0
77,2,Empoli,Atalanta,0,0
77,3,Empoli,Atalanta,0,0
77,4,Empoli,Atalanta,0,0
77,5,Empoli,Atalanta,0,0
77,6,Empoli,Atalanta,0,0
77,7,Empoli,Atalanta,0,0
77,8,Empoli,Atalanta,0,0
77,9,Empoli,Atalanta,0,0
77,10,Empoli,Atalanta,0,0
77,11,Empoli,Atalanta,0,0
77,12,Empoli,Atalanta,0,0
77,13,Empoli,Atalanta,0,0
77,14,Empoli,Atalanta,0,0
77,15,Empoli,Atalanta,0,0
77,16,Empoli,Atalanta,0,0
77,17,Empoli,Atalanta,0,0
77,18,Empoli,Atalanta,0,0
77,19,Empoli,Atalanta,0,0
77,20,Empoli,Atalanta,0,0
77,21,Empoli,Atalanta,0,0
77,22,Empoli,Atalanta,0,0
77,23,Empoli,Atalanta,0,0
77,24,Empoli,Atalanta,0,0
77,25,Empoli,Atalanta,0,0
77,26,Empoli,Atalanta,0,0
77,27,Empoli,Atalanta,0,1
77,28,Empoli,Atalanta,0,1
77,29,Empoli,Atalanta,0,1
77,30,Empoli,Atalanta,0,1
77,31,Empoli,Atalanta,0,1
77,32,Empoli,Atalanta,0,1
77,33,Empoli,Atalanta,0,2
77,34,Empoli,Atalanta,0,2
77,35,Empoli,Atalanta,0,2
77,36,Empoli,Atalanta,0,2
77,37,Empoli,Atalanta,0,2
77,38,Empoli,Atalanta,0,2
77,39,Empoli,Atalanta,0,2
77,40,Empoli,Atalanta,0,2
77,41,Empoli,Atalanta,0,2
77,42,Empoli,Atalanta,0,2
77,43,Empoli,Atalanta,0,3
77,44,Empoli,Atalanta,0,3
77,45,Empoli,Atalanta,0,3
77,46,Empoli,Atalanta,0,3
77,47,Empoli,Atalanta,0,3
77,48,Empoli,Atalanta,0,3
77,49,Empoli,Atalanta,0,3
77,50,Empoli,Atalanta,0,3
77,51,Empoli,Atalanta,0,3
77,52,Empoli,Atalanta,0,3
77,53,Empoli,Atalanta,0,3
77,54,Empoli,Atalanta,0,3
77,55,Empoli,Atalanta,0,4
77,56,Empoli,Atalanta,0,4
77,57,Empoli,Atalanta,0,4
77,58,Empoli,Atalanta,0,4
77,59,Empoli,Atalanta,0,4
77,60,Empoli,Atalanta,0,4
77,61,Empoli,Atalanta,0,4
77,62,Empoli,Atalanta,0,4
77,63,Empoli,Atalanta,0,4
77,64,Empoli,Atalanta,0,4
77,65,Empoli,Atalanta,0,4
77,66,Empoli,Atalanta,0,4
77,67,Empoli,Atalanta,0,4
77,68,Empoli,Atalanta,0,4
77,69,Empoli,Atalanta,0,4
77,70,Empoli,Atalanta,0,4
77,71,Empoli,Atalanta,0,4
77,72,Empoli,Atalanta,0,4
77,73,Empoli,Atalanta,0,4
77,74,Empoli,Atalanta,0,5
77,75,Empoli,Atalanta,0,5
77,76,Empoli,Atalanta,0,5
77,77,Empoli,Atalanta,0,5
77,78,Empoli,Atalanta,0,5
77,79,Empoli,Atalanta,0,5
77,80,Empoli,Atalanta,0,5
77,81,Empoli,Atalanta,0,5
77,82,Empoli,Atalanta,0,5
77,83,Empoli,Atalanta,0,5
77,84,Empoli,Atalanta,0,5
77,85,Empoli,Atalanta,0,5
77,86,Empoli,Atalanta,0,5
77,87,Empoli,Atalanta,0,5
77,88,Empoli,Atalanta,0,5
77,89,Empoli,Atalanta,0,5
77,90,Empoli,Atalanta,0,5
78,1,Empoli,Bologna,0,0
78,2,Empoli,Bologna,0,0
78,3,Empoli,Bologna,0,0
78,4,Empoli,Bologna,0,0
78,5,Empoli,Bologna,0,0
78,6,Empoli,Bologna,0,0
78,7,Empoli,Bologna,0,0
78,8,Empoli,Bologna,0,0
78,9,Empoli,Bologna,0,0
78,10,Empoli,Bologna,0,0
78,11,Empoli,Bologna,0,0
78,12,Empoli,Bologna,0,0
78,13,Empoli,Bologna,0,0
78,14,Empoli,Bologna,0,0
78,15,Empoli,Bologna,0,0
78,16,Empoli,Bologna,0,0
78,17,Empoli,Bologna,0,0
78,18,Empoli,Bologna,0,0
78,19,Empoli,Bologna,0,0
78,20,Empoli,Bologna,0,0
78,21,Empoli,Bologna,0,0
78,22,Empoli,Bologna,0,0
78,23,Empoli,Bologna,0,0
78,24,Empoli,Bologna,1,0
78,25,Empoli,Bologna,1,0
78,26,Empoli,Bologna,1,0
78,27,Empoli,Bologna,1,0
78,28,Empoli,Bologna,1,0
78,29,Empoli,Bologna,1,0
78,30,Empoli,Bologna,1,0
78,31,Empoli,Bologna,1,0
78,32,Empoli,Bologna,1,0
78,33,Empoli,Bologna,1,0
78,34,Empoli,Bologna,1,0
78,35,Empoli,Bologna,1,0
78,36,Empoli,Bologna,1,0
78,37,Empoli,Bologna,1,0
78,38,Empoli,Bologna,1,0
78,39,Empoli,Bologna,1,0
78,40,Empoli,Bologna,1,0
78,41,Empoli,Bologna,1,0
78,42,Empoli,Bologna,1,0
78,43,Empoli,Bologna,1,0
78,44,Empoli,Bologna,1,1
78,45,Empoli,Bologna,1,1
78,46,Empoli,Bologna,1,1
78,47,Empoli,Bologna,1,1
78,48,Empoli,Bologna,1,1
78,49,Empoli,Bologna,1,1
78,50,Empoli,Bologna,1,1
78,51,Empoli,Bologna,1,1
78,52,Empoli,Bologna,1,1
78,53,Empoli,Bologna,1,1
78,54,Empoli,Bologna,1,1
78,55,Empoli,Bologna,1,1
78,56,Empoli,Bologna,1,1
78,57,Empoli,Bologna,1,1
78,58,Empoli,Bologna,1,1
78,59,Empoli,Bologna,1,1
78,60,Empoli,Bologna,1,1
78,61,Empoli,Bologna,1,1
78,62,Empoli,Bologna,1,1
78,63,Empoli,Bologna,1,1
78,64,Empoli,Bologna,1,1
78,65,Empoli,Bologna,1,1
78,66,Empoli,Bologna,1,1
78,67,Empoli,Bologna,1,1
78,68,Empoli,Bologna,1,1
78,69,Empoli,Bologna,1,1
78,70,Empoli,Bologna,1,1
78,71,Empoli,Bologna,1,1
78,72,Empoli,Bologna,1,1
78,73,Empoli,Bologna,1,1
78,74,Empoli,Bologna,1,1
78,75,Empoli,Bologna,1,1
78,76,Empoli,Bologna,1,1
78,77,Empoli,Bologna,1,1
78,78,Empoli,Bologna,1,1
78,79,Empoli,Bologna,1,1
78,80,Empoli,Bologna,1,1
78,81,Empoli,Bologna,1,1
78,82,Empoli,Bologna,1,1
78,83,Empoli,Bologna,1,1
78,84,Empoli,Bologna,1,1
78,85,Empoli,Bologna,1,1
78,86,Empoli,Bologna,1,1
78,87,Empoli,Bologna,1,1
78,88,Empoli,Bologna,1,1
78,89,Empoli,Bologna,1,1
78,90,Empoli,Bologna,1,1
79,1,Empoli,Cagliari,0,0
79,2,Empoli,Cagliari,0,0
79,3,Empoli,Cagliari,0,0
79,4,Empoli,Cagliari,0,0
79,5,Empoli,Cagliari,0,0
79,6,Empoli,Cagliari,0,0
79,7,Empoli,Cagliari,0,0
79,8,Empoli,Cagliari,0,0
79,9,Empoli,Cagliari,0,0
79,10,Empoli,Cagliari,0,0
79,11,Empoli,Cagliari,0,0
79,12,Empoli,Cagliari,0,0
79,13,Empoli,Cagliari,0,0
79,14,Empoli,Cagliari,0,0
79,15,Empoli,Cagliari,0,0
79,16,Empoli,Cagliari,0,0
79,17,Empoli,Cagliari,0,0
79,18,Empoli,Cagliari,0,0
79,19,Empoli,Cagliari,0,0
79,20,Empoli,Cagliari,0,0
79,21,Empoli,Cagliari,0,0
79,22,Empoli,Cagliari,0,0
79,23,Empoli,Cagliari,0,0
79,24,Empoli,Cagliari,0,0
79,25,Empoli,Cagliari,0,0
79,26,Empoli,Cagliari,0,0
79,27,Empoli,Cagliari,0,0
79,28,Empoli,Cagliari,0,0
79,29,Empoli,Cagliari,0,0
79,30,Empoli,Cagliari,0,0
79,31,Empoli,Cagliari,0,0
79,32,Empoli,Cagliari,0,0
79,33,Empoli,Cagliari,0,0
79,34,Empoli,Cagliari,0,0
79,35,Empoli,Cagliari,0,0
79,36,Empoli,Cagliari,0,0
79,37,Empoli,Cagliari,0,0
79,38,Empoli,Cagliari,0,0
79,39,Empoli,Cagliari,0,0
79,40,Empoli,Cagliari,0,0
79,41,Empoli,Cagliari,0,0
79,42,Empoli,Cagliari,0,0
79,43,Empoli,Cagliari,0,0
79,44,Empoli,Cagliari,0,0
79,45,Empoli,Cagliari,0,0
79,46,Empoli,Cagliari,0,0
79,47,Empoli,Cagliari,0,0
79,48,Empoli,Cagliari,0,0
79,49,Empoli,Cagliari,0,0
79,50,Empoli,Cagliari,0,0
79,51,Empoli,Cagliari,0,0
79,52,Empoli,Cagliari,0,0
79,53,Empoli,Cagliari,0,0
79,54,Empoli,Cagliari,0,0
79,55,Empoli,Cagliari,0,0
79,56,Empoli,Cagliari,0,0
79,57,Empoli,Cagliari,0,0
79,58,Empoli,Cagliari,0,0
79,59,Empoli,Cagliari,0,0
79,60,Empoli,Cagliari,0,0
79,61,Empoli,Cagliari,0,0
79,62,Empoli,Cagliari,0,0
79,63,Empoli,Cagliari,0,0
79,64,Empoli,Cagliari,0,0
79,65,Empoli,Cagliari,0,0
79,66,Empoli,Cagliari,0,0
79,67,Empoli,Cagliari,0,0
79,68,Empoli,Cagliari,0,0
79,69,Empoli,Cagliari,0,0
79,70,Empoli,Cagliari,0,0
79,71,Empoli,Cagliari,0,0
79,72,Empoli,Cagliari,0,0
79,73,Empoli,Cagliari,0,0
79,74,Empoli,Cagliari,0,0
79,75,Empoli,Cagliari,0,0
79,76,Empoli,Cagliari,0,0
79,77,Empoli,Cagliari,0,0
79,78,Empoli,Cagliari,0,0
79,79,Empoli,Cagliari,0,0
79,80,Empoli,Cagliari,0,0
79,81,Empoli,Cagliari,0,0
79,82,Empoli,Cagliari,0,0
79,83,Empoli,Cagliari,0,0
79,84,Empoli,Cagliari,0,0
79,85,Empoli,Cagliari,0,0
79,86,Empoli,Cagliari,0,0
79,87,Empoli,Cagliari,0,0
79,88,Empoli,Cagliari,0,0
79,89,Empoli,Cagliari,0,0
79,90,Empoli,Cagliari,0,0
80,1,Empoli,Como,0,0
80,2,Empoli,Como,0,0
80,3,Empoli,Como,0,0
80,4,Empoli,Como,0,0
80,5,Empoli,Como,0,0
80,6,Empoli,Como,0,0
80,7,Empoli,Como,0,0
80,8,Empoli,Como,0,0
80,9,Empoli,Como,0,0
80,10,Empoli,Como,0,0
80,11,Empoli,Como,0,0
80,12,Empoli,Como,0,0
80,13,Empoli,Como,0,0
80,14,Empoli,Como,0,0
80,15,Empoli,Como,0,0
80,16,Empoli,Como,0,0
80,17,Empoli,Como,0,0
80,18,Empoli,Como,0,0
80,19,Empoli,Como,0,0
80,20,Empoli,Como,0,0
80,21,Empoli,Como,0,0
80,22,Empoli,Como,0,0
80,23,Empoli,Como,0,0
80,24,Empoli,Como,0,0
80,25,Empoli,Como,0,0
80,26,Empoli,Como,0,0
80,27,Empoli,Como,0,0
80,28,Empoli,Como,0,0
80,29,Empoli,Como,0,0
80,30,Empoli,Como,0,0
80,31,Empoli,Como,0,0
80,32,Empoli,Como,0,0
80,33,Empoli,Como,0,0
80,34,Empoli,Como,0,0
80,35,Empoli,Como,0,0
80,36,Empoli,Como,0,0
80,37,Empoli,Como,0,0
80,38,Empoli,Como,0,0
80,39,Empoli,Como,0,0
80,40,Empoli,Como,0,0
80,41,Empoli,Como,0,0
80,42,Empoli,Como,0,0
80,43,Empoli,Como,0,0
80,44,Empoli,Como,0,0
80,45,Empoli,Como,0,0
80,46,Empoli,Como,0,0
80,47,Empoli,Como,1,0
80,48,Empoli,Como,1,0
80,49,Empoli,Como,1,0
80,50,Empoli,Como,1,0
80,51,Empoli,Como,1,0
80,52,Empoli,Como,1,0
80,53,Empoli,Como,1,0
80,54,Empoli,Como,1,0
80,55,Empoli,Como,1,0
80,56,Empoli,Como,1,0
80,57,Empoli,Como,1,0
80,58,Empoli,Como,1,0
80,59,Empoli,Como,1,0
80,60,Empoli,Como,1,0
80,61,Empoli,Como,1,0
80,62,Empoli,Como,1,0
80,63,Empoli,Como,1,0
80,64,Empoli,Como,1,0
80,65,Empoli,Como,1,0
80,66,Empoli,Como,1,0
80,67,Empoli,Como,1,0
80,68,Empoli,Como,1,0
80,69,Empoli,Como,1,0
80,70,Empoli,Como,1,0
80,71,Empoli,Como,1,0
80,72,Empoli,Como,1,0
80,73,Empoli,Como,1,0
80,74,Empoli,Como,1,0
80,75,Empoli,Como,1,0
80,76,Empoli,Como,1,0
80,77,Empoli,Como,1,0
80,78,Empoli,Como,1,0
80,79,Empoli,Como,1,0
80,80,Empoli,Como,1,0
80,81,Empoli,Como,1,0
80,82,Empoli,Como,1,0
80,83,Empoli,Como,1,0
80,84,Empoli,Como,1,0
80,85,Empoli,Como,1,0
80,86,Empoli,Como,1,0
80,87,Empoli,Como,1,0
80,88,Empoli,Como,1,0
80,89,Empoli,Como,1,0
80,90,Empoli,Como,1,0
81,1,Empoli,Fiorentina,0,0
81,2,Empoli,Fiorentina,0,0
81,3,Empoli,Fiorentina,0,0
81,4,Empoli,Fiorentina,0,0
81,5,Empoli,Fiorentina,0,0
81,6,Empoli,Fiorentina,0,0
81,7,Empoli,Fiorentina,0,0
81,8,Empoli,Fiorentina,0,0
81,9,Empoli,Fiorentina,0,0
81,10,Empoli,Fiorentina,0,0
81,11,Empoli,Fiorentina,0,0
81,12,Empoli,Fiorentina,0,0
81,13,Empoli,Fiorentina,0,0
81,14,Empoli,Fiorentina,0,0
81,15,Empoli,Fiorentina,0,0
81,16,Empoli,Fiorentina,0,0
81,17,Empoli,Fiorentina,0,0
81,18,Empoli,Fiorentina,0,0
81,19,Empoli,Fiorentina,0,0
81,20,Empoli,Fiorentina,0,0
81,21,Empoli,Fiorentina,0,0
81,22,Empoli,Fiorentina,0,0
81,23,Empoli,Fiorentina,0,0
81,24,Empoli,Fiorentina,0,0
81,25,Empoli,Fiorentina,0,0
81,26,Empoli,Fiorentina,0,0
81,27,Empoli,Fiorentina,0,0
81,28,Empoli,Fiorentina,0,0
81,29,Empoli,Fiorentina,0,0
81,30,Empoli,Fiorentina,0,0
81,31,Empoli,Fiorentina,0,0
81,32,Empoli,Fiorentina,0,0
81,33,Empoli,Fiorentina,0,0
81,34,Empoli,Fiorentina,0,0
81,35,Empoli,Fiorentina,0,0
81,36,Empoli,Fiorentina,0,0
81,37,Empoli,Fiorentina,0,0
81,38,Empoli,Fiorentina,0,0
81,39,Empoli,Fiorentina,0,0
81,40,Empoli,Fiorentina,0,0
81,41,Empoli,Fiorentina,0,0
81,42,Empoli,Fiorentina,0,0
81,43,Empoli,Fiorentina,0,0
81,44,Empoli,Fiorentina,0,0
81,45,Empoli,Fiorentina,0,0
81,46,Empoli,Fiorentina,0,0
81,47,Empoli,Fiorentina,0,0
81,48,Empoli,Fiorentina,0,0
81,49,Empoli,Fiorentina,0,0
81,50,Empoli,Fiorentina,0,0
81,51,Empoli,Fiorentina,0,0
81,52,Empoli,Fiorentina,0,0
81,53,Empoli,Fiorentina,0,0
81,54,Empoli,Fiorentina,0,0
81,55,Empoli,Fiorentina,0,0
81,56,Empoli,Fiorentina,0,0
81,57,Empoli,Fiorentina,0,0
81,58,Empoli,Fiorentina,0,0
81,59,Empoli,Fiorentina,0,0
81,60,Empoli,Fiorentina,0,0
81,61,Empoli,Fiorentina,0,0
81,62,Empoli,Fiorentina,0,0
81,63,Empoli,Fiorentina,0,0
81,64,Empoli,Fiorentina,0,0
81,65,Empoli,Fiorentina,0,0
81,66,Empoli,Fiorentina,0,0
81,67,Empoli,Fiorentina,0,0
81,68,Empoli,Fiorentina,0,0
81,69,Empoli,Fiorentina,0,0
81,70,Empoli,Fiorentina,0,0
81,71,Empoli,Fiorentina,0,0
81,72,Empoli,Fiorentina,0,0
81,73,Empoli,Fiorentina,0,0
81,74,Empoli,Fiorentina,0,0
81,75,Empoli,Fiorentina,0,0
81,76,Empoli,Fiorentina,0,0
81,77,Empoli,Fiorentina,0,0
81,78,Empoli,Fiorentina,0,0
81,79,Empoli,Fiorentina,0,0
81,80,Empoli,Fiorentina,0,0
81,81,Empoli,Fiorentina,0,0
81,82,Empoli,Fiorentina,0,0
81,83,Empoli,Fiorentina,0,0
81,84,Empoli,Fiorentina,0,0
81,85,Empoli,Fiorentina,0,0
81,86,Empoli,Fiorentina,0,0
81,87,Empoli,Fiorentina,0,0
81,88,Empoli,Fiorentina,0,0
81,89,Empoli,Fiorentina,0,0
81,90,Empoli,Fiorentina,0,0
82,1,Empoli,Genoa,0,0
82,2,Empoli,Genoa,0,0
82,3,Empoli,Genoa,0,0
82,4,Empoli,Genoa,0,0
82,5,Empoli,Genoa,0,0
82,6,Empoli,Genoa,0,0
82,7,Empoli,Genoa,0,0
82,8,Empoli,Genoa,0,0
82,9,Empoli,Genoa,0,0
82,10,Empoli,Genoa,0,0
82,11,Empoli,Genoa,0,0
82,12,Empoli,Genoa,0,0
82,13,Empoli,Genoa,0,0
82,14,Empoli,Genoa,0,0
82,15,Empoli,Genoa,0,0
82,16,Empoli,Genoa,0,0
82,17,Empoli,Genoa,0,0
82,18,Empoli,Genoa,0,0
82,19,Empoli,Genoa,0,0
82,20,Empoli,Genoa,0,0
82,21,Empoli,Genoa,0,0
82,22,Empoli,Genoa,0,0
82,23,Empoli,Genoa,0,0
82,24,Empoli,Genoa,0,0
82,25,Empoli,Genoa,0,0
82,26,Empoli,Genoa,0,0
82,27,Empoli,Genoa,0,0
82,28,Empoli,Genoa,0,0
82,29,Empoli,Genoa,0,0
82,30,Empoli,Genoa,0,0
82,31,Empoli,Genoa,0,0
82,32,Empoli,Genoa,0,0
82,33,Empoli,Genoa,0,0
82,34,Empoli,Genoa,0,0
82,35,Empoli,Genoa,0,0
82,36,Empoli,Genoa,0,0
82,37,Empoli,Genoa,0,0
82,38,Empoli,Genoa,0,0
82,39,Empoli,Genoa,0,0
82,40,Empoli,Genoa,0,0
82,41,Empoli,Genoa,0,0
82,42,Empoli,Genoa,0,0
82,43,Empoli,Genoa,0,0
82,44,Empoli,Genoa,0,0
82,45,Empoli,Genoa,0,0
82,46,Empoli,Genoa,0,1
82,47,Empoli,Genoa,0,1
82,48,Empoli,Genoa,0,1
82,49,Empoli,Genoa,0,1
82,50,Empoli,Genoa,0,1
82,51,Empoli,Genoa,0,1
82,52,Empoli,Genoa,0,1
82,53,Empoli,Genoa,0,1
82,54,Empoli,Genoa,0,1
82,55,Empoli,Genoa,0,1
82,56,Empoli,Genoa,0,1
82,57,Empoli,Genoa,0,1
82,58,Empoli,Genoa,0,1
82,59,Empoli,Genoa,0,1
82,60,Empoli,Genoa,0,1
82,61,Empoli,Genoa,0,1
82,62,Empoli,Genoa,0,1
82,63,Empoli,Genoa,0,1
82,64,Empoli,Genoa,0,1
82,65,Empoli,Genoa,0,1
82,66,Empoli,Genoa,0,1
82,67,Empoli,Genoa,0,1
82,68,Empoli,Genoa,0,2
82,69,Empoli,Genoa,0,2
82,70,Empoli,Genoa,0,2
82,71,Empoli,Genoa,0,2
82,72,Empoli,Genoa,0,2
82,73,Empoli,Genoa,0,2
82,74,Empoli,Genoa,1,2
82,75,Empoli,Genoa,1,2
82,76,Empoli,Genoa,1,2
82,77,Empoli,Genoa,1,2
82,78,Empoli,Genoa,1,2
82,79,Empoli,Genoa,1,2
82,80,Empoli,Genoa,1,2
82,81,Empoli,Genoa,1,2
82,82,Empoli,Genoa,1,2
82,83,Empoli,Genoa,1,2
82,84,Empoli,Genoa,1,2
82,85,Empoli,Genoa,1,2
82,86,Empoli,Genoa,1,2
82,87,Empoli,Genoa,1,2
82,88,Empoli,Genoa,1,2
82,89,Empoli,Genoa,1,2
82,90,Empoli,Genoa,1,2
83,1,Empoli,Hellas Verona,0,0
83,2,Empoli,Hellas Verona,0,0
83,3,Empoli,Hellas Verona,0,0
83,4,Empoli,Hellas Verona,0,1
83,5,Empoli,Hellas Verona,0,1
83,6,Empoli,Hellas Verona,0,1
83,7,Empoli,Hellas Verona,0,1
83,8,Empoli,Hellas Verona,0,1
83,9,Empoli,Hellas Verona,0,1
83,10,Empoli,Hellas Verona,0,1
83,11,Empoli,Hellas Verona,0,1
83,12,Empoli,Hellas Verona,0,1
83,13,Empoli,Hellas Verona,0,1
83,14,Empoli,Hellas Verona,0,1
83,15,Empoli,Hellas Verona,0,1
83,16,Empoli,Hellas Verona,0,1
83,17,Empoli,Hellas Verona,0,1
83,18,Empoli,Hellas Verona,0,1
83,19,Empoli,Hellas Verona,0,1
83,20,Empoli,Hellas Verona,0,1
83,21,Empoli,Hellas Verona,0,1
83,22,Empoli,Hellas Verona,0,1
83,23,Empoli,Hellas Verona,0,1
83,24,Empoli,Hellas Verona,0,1
83,25,Empoli,Hellas Verona,0,1
83,26,Empoli,Hellas Verona,0,1
83,27,Empoli,Hellas Verona,0,1
83,28,Empoli,Hellas Verona,0,1
83,29,Empoli,Hellas Verona,0,1
83,30,Empoli,Hellas Verona,0,1
83,31,Empoli,Hellas Verona,0,1
83,32,Empoli,Hellas Verona,0,1
83,33,Empoli,Hellas Verona,0,1
83,34,Empoli,Hellas Verona,0,1
83,35,Empoli,Hellas Verona,0,1
83,36,Empoli,Hellas Verona,0,1
83,37,Empoli,Hellas Verona,0,1
83,38,Empoli,Hellas Verona,0,1
83,39,Empoli,Hellas Verona,0,1
83,40,Empoli,Hellas Verona,0,1
83,41,Empoli,Hellas Verona,0,1
83,42,Empoli,Hellas Verona,0,1
83,43,Empoli,Hellas Verona,1,1
83,44,Empoli,Hellas Verona,1,1
83,45,Empoli,Hellas Verona,1,1
83,46,Empoli,Hellas Verona,1,1
83,47,Empoli,Hellas Verona,1,1
83,48,Empoli,Hellas Verona,1,1
83,49,Empoli,Hellas Verona,1,1
83,50,Empoli,Hellas Verona,1,1
83,51,Empoli,Hellas Verona,1,1
83,52,Empoli,Hellas Verona,1,1
83,53,Empoli,Hellas Verona,1,1
83,54,Empoli,Hellas Verona,1,1
83,55,Empoli,Hellas Verona,1,1
83,56,Empoli,Hellas Verona,1,1
83,57,Empoli,Hellas Verona,1,1
83,58,Empoli,Hellas Verona,1,1
83,59,Empoli,Hellas Verona,1,1
83,60,Empoli,Hellas Verona,1,1
83,61,Empoli,Hellas Verona,1,1
83,62,Empoli,Hellas Verona,1,1
83,63,Empoli,Hellas Verona,1,1
83,64,Empoli,Hellas Verona,1,1
83,65,Empoli,Hellas Verona,1,1
83,66,Empoli,Hellas Verona,1,1
83,67,Empoli,Hellas Verona,1,1
83,68,Empoli,Hellas Verona,1,1
83,69,Empoli,Hellas Verona,1,2
83,70,Empoli,Hellas Verona,1,2
83,71,Empoli,Hellas Verona,1,2
83,72,Empoli,Hellas Verona,1,2
83,73,Empoli,Hellas Verona,1,2
83,74,Empoli,Hellas Verona,1,2
83,75,Empoli,Hellas Verona,1,2
83,76,Empoli,Hellas Verona,1,2
83,77,Empoli,Hellas Verona,1,2
83,78,Empoli,Hellas Verona,1,2
83,79,Empoli,Hellas Verona,1,2
83,80,Empoli,Hellas Verona,1,2
83,81,Empoli,Hellas Verona,1,2
83,82,Empoli,Hellas Verona,1,2
83,83,Empoli,Hellas Verona,1,2
83,84,Empoli,Hellas Verona,1,2
83,85,Empoli,Hellas Verona,1,2
83,86,Empoli,Hellas Verona,1,2
83,87,Empoli,Hellas Verona,1,2
83,88,Empoli,Hellas Verona,1,2
83,89,Empoli,Hellas Verona,1,2
83,90,Empoli,Hellas Verona,1,2
84,1,Empoli,Inter Milan,0,0
84,2,Empoli,Inter Milan,0,0
84,3,Empoli,Inter Milan,0,0
84,4,Empoli,Inter Milan,0,0
84,5,Empoli,Inter Milan,0,0
84,6,Empoli,Inter Milan,0,0
84,7,Empoli,Inter Milan,0,0
84,8,Empoli,Inter Milan,0,0
84,9,Empoli,Inter Milan,0,0
84,10,Empoli,Inter Milan,0,0
84,11,Empoli,Inter Milan,0,0
84,12,Empoli,Inter Milan,0,0
84,13,Empoli,Inter Milan,0,0
84,14,Empoli,Inter Milan,0,0
84,15,Empoli,Inter Milan,0,0
84,16,Empoli,Inter Milan,0,0
84,17,Empoli,Inter Milan,0,0
84,18,Empoli,Inter Milan,0,0
84,19,Empoli,Inter Milan,0,0
84,20,Empoli,Inter Milan,0,0
84,21,Empoli,Inter Milan,0,0
84,22,Empoli,Inter Milan,0,0
84,23,Empoli,Inter Milan,0,0
84,24,Empoli,Inter Milan,0,0
84,25,Empoli,Inter Milan,0,0
84,26,Empoli,Inter Milan,0,0
84,27,Empoli,Inter Milan,0,0
84,28,Empoli,Inter Milan,0,0
84,29,Empoli,Inter Milan,0,0
84,30,Empoli,Inter Milan,0,0
84,31,Empoli,Inter Milan,0,0
84,32,Empoli,Inter Milan,0,0
84,33,Empoli,Inter Milan,0,0
84,34,Empoli,Inter Milan,0,0
84,35,Empoli,Inter Milan,0,0
84,36,Empoli,Inter Milan,0,0
84,37,Empoli,Inter Milan,0,0
84,38,Empoli,Inter Milan,0,0
84,39,Empoli,Inter Milan,0,0
84,40,Empoli,Inter Milan,0,0
84,41,Empoli,Inter Milan,0,0
84,42,Empoli,Inter Milan,0,0
84,43,Empoli,Inter Milan,0,0
84,44,Empoli,Inter Milan,0,0
84,45,Empoli,Inter Milan,0,0
84,46,Empoli,Inter Milan,0,0
84,47,Empoli,Inter Milan,0,0
84,48,Empoli,Inter Milan,0,0
84,49,Empoli,Inter Milan,0,0
84,50,Empoli,Inter Milan,0,1
84,51,Empoli,Inter Milan,0,1
84,52,Empoli,Inter Milan,0,1
84,53,Empoli,Inter Milan,0,1
84,54,Empoli,Inter Milan,0,1
84,55,Empoli,Inter Milan,0,1
84,56,Empoli,Inter Milan,0,1
84,57,Empoli,Inter Milan,0,1
84,58,Empoli,Inter Milan,0,1
84,59,Empoli,Inter Milan,0,1
84,60,Empoli,Inter Milan,0,1
84,61,Empoli,Inter Milan,0,1
84,62,Empoli,Inter Milan,0,1
84,63,Empoli,Inter Milan,0,1
84,64,Empoli,Inter Milan,0,1
84,65,Empoli,Inter Milan,0,1
84,66,Empoli,Inter Milan,0,1
84,67,Empoli,Inter Milan,0,2
84,68,Empoli,Inter Milan,0,2
84,69,Empoli,Inter Milan,0,2
84,70,Empoli,Inter Milan,0,2
84,71,Empoli,Inter Milan,0,2
84,72,Empoli,Inter Milan,0,2
84,73,Empoli,Inter Milan,0,2
84,74,Empoli,Inter Milan,0,2
84,75,Empoli,Inter Milan,0,2
84,76,Empoli,Inter Milan,0,2
84,77,Empoli,Inter Milan,0,2
84,78,Empoli,Inter Milan,0,2
84,79,Empoli,Inter Milan,0,3
84,80,Empoli,Inter Milan,0,3
84,81,Empoli,Inter Milan,0,3
84,82,Empoli,Inter Milan,0,3
84,83,Empoli,Inter Milan,0,3
84,84,Empoli,Inter Milan,0,3
84,85,Empoli,Inter Milan,0,3
84,86,Empoli,Inter Milan,0,3
84,87,Empoli,Inter Milan,0,3
84,88,Empoli,Inter Milan,0,3
84,89,Empoli,Inter Milan,0,3
84,90,Empoli,Inter Milan,0,3
85,1,Empoli,Juventus,0,0
85,2,Empoli,Juventus,0,0
85,3,Empoli,Juventus,0,0
85,4,Empoli,Juventus,0,0
85,5,Empoli,Juventus,0,0
85,6,Empoli,Juventus,0,0
85,7,Empoli,Juventus,0,0
85,8,Empoli,Juventus,0,0
85,9,Empoli,Juventus,0,0
85,10,Empoli,Juventus,0,0
85,11,Empoli,Juventus,0,0
85,12,Empoli,Juventus,0,0
85,13,Empoli,Juventus,0,0
85,14,Empoli,Juventus,0,0
85,15,Empoli,Juventus,0,0
85,16,Empoli,Juventus,0,0
85,17,Empoli,Juventus,0,0
85,18,Empoli,Juventus,0,0
85,19,Empoli,Juventus,0,0
85,20,Empoli,Juventus,0,0
85,21,Empoli,Juventus,0,0
85,22,Empoli,Juventus,0,0
85,23,Empoli,Juventus,0,0
85,24,Empoli,Juventus,0,0
85,25,Empoli,Juventus,0,0
85,26,Empoli,Juventus,0,0
85,27,Empoli,Juventus,0,0
85,28,Empoli,Juventus,0,0
85,29,Empoli,Juventus,0,0
85,30,Empoli,Juventus,0,0
85,31,Empoli,Juventus,0,0
85,32,Empoli,Juventus,0,0
85,33,Empoli,Juventus,0,0
85,34,Empoli,Juventus,0,0
85,35,Empoli,Juventus,0,0
85,36,Empoli,Juventus,0,0
85,37,Empoli,Juventus,0,0
85,38,Empoli,Juventus,0,0
85,39,Empoli,Juventus,0,0
85,40,Empoli,Juventus,0,0
85,41,Empoli,Juventus,0,0
85,42,Empoli,Juventus,0,0
85,43,Empoli,Juventus,0,0
85,44,Empoli,Juventus,0,0
85,45,Empoli,Juventus,0,0
85,46,Empoli,Juventus,0,0
85,47,Empoli,Juventus,0,0
85,48,Empoli,Juventus,0,0
85,49,Empoli,Juventus,0,0
85,50,Empoli,Juventus,0,0
85,51,Empoli,Juventus,0,0
85,52,Empoli,Juventus,0,0
85,53,Empoli,Juventus,0,0
85,54,Empoli,Juventus,0,0
85,55,Empoli,Juventus,0,0
85,56,Empoli,Juventus,0,0
85,57,Empoli,Juventus,0,0
85,58,Empoli,Juventus,0,0
85,59,Empoli,Juventus,0,0
85,60,Empoli,Juventus,0,0
85,61,Empoli,Juventus,0,0
85,62,Empoli,Juventus,0,0
85,63,Empoli,Juventus,0,0
85,64,Empoli,Juventus,0,0
85,65,Empoli,Juventus,0,0
85,66,Empoli,Juventus,0,0
85,67,Empoli,Juventus,0,0
85,68,Empoli,Juventus,0,0
85,69,Empoli,Juventus,0,0
85,70,Empoli,Juventus,0,0
85,71,Empoli,Juventus,0,0
85,72,Empoli,Juventus,0,0
85,73,Empoli,Juventus,0,0
85,74,Empoli,Juventus,0,0
85,75,Empoli,Juventus,0,0
85,76,Empoli,Juventus,0,0
85,77,Empoli,Juventus,0,0
85,78,Empoli,Juventus,0,0
85,79,Empoli,Juventus,0,0
85,80,Empoli,Juventus,0,0
85,81,Empoli,Juventus,0,0
85,82,Empoli,Juventus,0,0
85,83,Empoli,Juventus,0,0
85,84,Empoli,Juventus,0,0
85,85,Empoli,Juventus,0,0
85,86,Empoli,Juventus,0,0
85,87,Empoli,Juventus,0,0
85,88,Empoli,Juventus,0,0
85,89,Empoli,Juventus,0,0
85,90,Empoli,Juventus,0,0
86,1,Empoli,Lazio,0,1
86,2,Empoli,Lazio,0,1
86,3,Empoli,Lazio,0,1
86,4,Empoli,Lazio,0,1
86,5,Empoli,Lazio,0,1
86,6,Empoli,Lazio,0,1
86,7,Empoli,Lazio,0,1
86,8,Empoli,Lazio,0,1
86,9,Empoli,Lazio,0,1
86,10,Empoli,Lazio,0,1
86,11,Empoli,Lazio,0,1
86,12,Empoli,Lazio,0,1
86,13,Empoli,Lazio,0,1
86,14,Empoli,Lazio,0,1
86,15,Empoli,Lazio,0,1
86,16,Empoli,Lazio,0,1
86,17,Empoli,Lazio,0,1
86,18,Empoli,Lazio,0,1
86,19,Empoli,Lazio,0,1
86,20,Empoli,Lazio,0,1
86,21,Empoli,Lazio,0,1
86,22,Empoli,Lazio,0,1
86,23,Empoli,Lazio,0,1
86,24,Empoli,Lazio,0,1
86,25,Empoli,Lazio,0,1
86,26,Empoli,Lazio,0,1
86,27,Empoli,Lazio,0,1
86,28,Empoli,Lazio,0,1
86,29,Empoli,Lazio,0,1
86,30,Empoli,Lazio,0,1
86,31,Empoli,Lazio,0,1
86,32,Empoli,Lazio,0,1
86,33,Empoli,Lazio,0,1
86,34,Empoli,Lazio,0,1
86,35,Empoli,Lazio,0,1
86,36,Empoli,Lazio,0,1
86,37,Empoli,Lazio,0,1
86,38,Empoli,Lazio,0,1
86,39,Empoli,Lazio,0,1
86,40,Empoli,Lazio,0,1
86,41,Empoli,Lazio,0,1
86,42,Empoli,Lazio,0,1
86,43,Empoli,Lazio,0,1
86,44,Empoli,Lazio,0,1
86,45,Empoli,Lazio,0,1
86,46,Empoli,Lazio,0,1
86,47,Empoli,Lazio,0,1
86,48,Empoli,Lazio,0,1
86,49,Empoli,Lazio,0,1
86,50,Empoli,Lazio,0,1
86,51,Empoli,Lazio,0,1
86,52,Empoli,Lazio,0,1
86,53,Empoli,Lazio,0,1
86,54,Empoli,Lazio,0,1
86,55,Empoli,Lazio,0,1
86,56,Empoli,Lazio,0,1
86,57,Empoli,Lazio,0,1
86,58,Empoli,Lazio,0,1
86,59,Empoli,Lazio,0,1
86,60,Empoli,Lazio,0,1
86,61,Empoli,Lazio,0,1
86,62,Empoli,Lazio,0,1
86,63,Empoli,Lazio,0,1
86,64,Empoli,Lazio,0,1
86,65,Empoli,Lazio,0,1
86,66,Empoli,Lazio,0,1
86,67,Empoli,Lazio,0,1
86,68,Empoli,Lazio,0,1
86,69,Empoli,Lazio,0,1
86,70,Empoli,Lazio,0,1
86,71,Empoli,Lazio,0,1
86,72,Empoli,Lazio,0,1
86,73,Empoli,Lazio,0,1
86,74,Empoli,Lazio,0,1
86,75,Empoli,Lazio,0,1
86,76,Empoli,Lazio,0,1
86,77,Empoli,Lazio,0,1
86,78,Empoli,Lazio,0,1
86,79,Empoli,Lazio,0,1
86,80,Empoli,Lazio,0,1
86,81,Empoli,Lazio,0,1
86,82,Empoli,Lazio,0,1
86,83,Empoli,Lazio,0,1
86,84,Empoli,Lazio,0,1
86,85,Empoli,Lazio,0,1
86,86,Empoli,Lazio,0,1
86,87,Empoli,Lazio,0,1
86,88,Empoli,Lazio,0,1
86,89,Empoli,Lazio,0,1
86,90,Empoli,Lazio,0,1
87,1,Empoli,Lecce,0,0
87,2,Empoli,Lecce,0,0
87,3,Empoli,Lecce,0,0
87,4,Empoli,Lecce,0,0
87,5,Empoli,Lecce,0,0
87,6,Empoli,Lecce,0,1
87,7,Empoli,Lecce,0,1
87,8,Empoli,Lecce,0,1
87,9,Empoli,Lecce,0,1
87,10,Empoli,Lecce,0,1
87,11,Empoli,Lecce,0,2
87,12,Empoli,Lecce,0,2
87,13,Empoli,Lecce,0,2
87,14,Empoli,Lecce,0,2
87,15,Empoli,Lecce,0,2
87,16,Empoli,Lecce,0,2
87,17,Empoli,Lecce,0,2
87,18,Empoli,Lecce,0,2
87,19,Empoli,Lecce,0,2
87,20,Empoli,Lecce,0,2
87,21,Empoli,Lecce,0,2
87,22,Empoli,Lecce,0,2
87,23,Empoli,Lecce,0,2
87,24,Empoli,Lecce,0,2
87,25,Empoli,Lecce,0,2
87,26,Empoli,Lecce,0,2
87,27,Empoli,Lecce,0,2
87,28,Empoli,Lecce,0,2
87,29,Empoli,Lecce,0,2
87,30,Empoli,Lecce,0,2
87,31,Empoli,Lecce,0,2
87,32,Empoli,Lecce,0,2
87,33,Empoli,Lecce,0,2
87,34,Empoli,Lecce,0,2
87,35,Empoli,Lecce,0,2
87,36,Empoli,Lecce,0,2
87,37,Empoli,Lecce,0,2
87,38,Empoli,Lecce,0,2
87,39,Empoli,Lecce,0,2
87,40,Empoli,Lecce,0,2
87,41,Empoli,Lecce,0,2
87,42,Empoli,Lecce,0,2
87,43,Empoli,Lecce,0,2
87,44,Empoli,Lecce,0,2
87,45,Empoli,Lecce,0,2
87,46,Empoli,Lecce,0,2
87,47,Empoli,Lecce,1,2
87,48,Empoli,Lecce,1,2
87,49,Empoli,Lecce,1,2
87,50,Empoli,Lecce,1,2
87,51,Empoli,Lecce,1,2
87,52,Empoli,Lecce,1,2
87,53,Empoli,Lecce,1,2
87,54,Empoli,Lecce,1,2
87,55,Empoli,Lecce,1,2
87,56,Empoli,Lecce,1,2
87,57,Empoli,Lecce,1,2
87,58,Empoli,Lecce,1,2
87,59,Empoli,Lecce,1,2
87,60,Empoli,Lecce,1,2
87,61,Empoli,Lecce,1,2
87,62,Empoli,Lecce,1,2
87,63,Empoli,Lecce,1,2
87,64,Empoli,Lecce,1,2
87,65,Empoli,Lecce,1,2
87,66,Empoli,Lecce,1,2
87,67,Empoli,Lecce,1,2
87,68,Empoli,Lecce,1,2
87,69,Empoli,Lecce,1,2
87,70,Empoli,Lecce,1,2
87,71,Empoli,Lecce,1,2
87,72,Empoli,Lecce,1,2
87,73,Empoli,Lecce,1,2
87,74,Empoli,Lecce,1,2
87,75,Empoli,Lecce,1,2
87,76,Empoli,Lecce,1,2
87,77,Empoli,Lecce,1,2
87,78,Empoli,Lecce,1,2
87,79,Empoli,Lecce,1,2
87,80,Empoli,Lecce,1,2
87,81,Empoli,Lecce,1,2
87,82,Empoli,Lecce,1,2
87,83,Empoli,Lecce,1,2
87,84,Empoli,Lecce,1,2
87,85,Empoli,Lecce,1,2
87,86,Empoli,Lecce,1,2
87,87,Empoli,Lecce,1,2
87,88,Empoli,Lecce,1,2
87,89,Empoli,Lecce,1,2
87,90,Empoli,Lecce,1,3
88,1,Empoli,AC Milan,0,0
88,2,Empoli,AC Milan,0,0
88,3,Empoli,AC Milan,0,0
88,4,Empoli,AC Milan,0,0
88,5,Empoli,AC Milan,0,0
88,6,Empoli,AC Milan,0,0
88,7,Empoli,AC Milan,0,0
88,8,Empoli,AC Milan,0,0
88,9,Empoli,AC Milan,0,0
88,10,Empoli,AC Milan,0,0
88,11,Empoli,AC Milan,0,0
88,12,Empoli,AC Milan,0,0
88,13,Empoli,AC Milan,0,0
88,14,Empoli,AC Milan,0,0
88,15,Empoli,AC Milan,0,0
88,16,Empoli,AC Milan,0,0
88,17,Empoli,AC Milan,0,0
88,18,Empoli,AC Milan,0,0
88,19,Empoli,AC Milan,0,0
88,20,Empoli,AC Milan,0,0
88,21,Empoli,AC Milan,0,0
88,22,Empoli,AC Milan,0,0
88,23,Empoli,AC Milan,0,0
88,24,Empoli,AC Milan,0,0
88,25,Empoli,AC Milan,0,0
88,26,Empoli,AC Milan,0,0
88,27,Empoli,AC Milan,0,0
88,28,Empoli,AC Milan,0,0
88,29,Empoli,AC Milan,0,0
88,30,Empoli,AC Milan,0,0
88,31,Empoli,AC Milan,0,0
88,32,Empoli,AC Milan,0,0
88,33,Empoli,AC Milan,0,0
88,34,Empoli,AC Milan,0,0
88,35,Empoli,AC Milan,0,0
88,36,Empoli,AC Milan,0,0
88,37,Empoli,AC Milan,0,0
88,38,Empoli,AC Milan,0,0
88,39,Empoli,AC Milan,0,0
88,40,Empoli,AC Milan,0,0
88,41,Empoli,AC Milan,0,0
88,42,Empoli,AC Milan,0,0
88,43,Empoli,AC Milan,0,0
88,44,Empoli,AC Milan,0,0
88,45,Empoli,AC Milan,0,0
88,46,Empoli,AC Milan,0,0
88,47,Empoli,AC Milan,0,0
88,48,Empoli,AC Milan,0,0
88,49,Empoli,AC Milan,0,0
88,50,Empoli,AC Milan,0,0
88,51,Empoli,AC Milan,0,0
88,52,Empoli,AC Milan,0,0
88,53,Empoli,AC Milan,0,0
88,54,Empoli,AC Milan,0,0
88,55,Empoli,AC Milan,0,0
88,56,Empoli,AC Milan,0,0
88,57,Empoli,AC Milan,0,0
88,58,Empoli,AC Milan,0,0
88,59,Empoli,AC Milan,0,0
88,60,Empoli,AC Milan,0,0
88,61,Empoli,AC Milan,0,0
88,62,Empoli,AC Milan,0,0
88,63,Empoli,AC Milan,0,0
88,64,Empoli,AC Milan,0,0
88,65,Empoli,AC Milan,0,0
88,66,Empoli,AC Milan,0,0
88,67,Empoli,AC Milan,0,0
88,68,Empoli,AC Milan,0,1
88,69,Empoli,AC Milan,0,1
88,70,Empoli,AC Milan,0,1
88,71,Empoli,AC Milan,0,1
88,72,Empoli,AC Milan,0,1
88,73,Empoli,AC Milan,0,1
88,74,Empoli,AC Milan,0,1
88,75,Empoli,AC Milan,0,1
88,76,Empoli,AC Milan,0,2
88,77,Empoli,AC Milan,0,2
88,78,Empoli,AC Milan,0,2
88,79,Empoli,AC Milan,0,2
88,80,Empoli,AC Milan,0,2
88,81,Empoli,AC Milan,0,2
88,82,Empoli,AC Milan,0,2
88,83,Empoli,AC Milan,0,2
88,84,Empoli,AC Milan,0,2
88,85,Empoli,AC Milan,0,2
88,86,Empoli,AC Milan,0,2
88,87,Empoli,AC Milan,0,2
88,88,Empoli,AC Milan,0,2
88,89,Empoli,AC Milan,0,2
88,90,Empoli,AC Milan,0,2
89,1,Empoli,Monza,0,0
89,2,Empoli,Monza,0,0
89,3,Empoli,Monza,0,0
89,4,Empoli,Monza,0,0
89,5,Empoli,Monza,0,0
89,6,Empoli,Monza,0,0
89,7,Empoli,Monza,0,0
89,8,Empoli,Monza,0,0
89,9,Empoli,Monza,0,0
89,10,Empoli,Monza,0,0
89,11,Empoli,Monza,0,0
89,12,Empoli,Monza,0,0
89,13,Empoli,Monza,0,0
89,14,Empoli,Monza,0,0
89,15,Empoli,Monza,0,0
89,16,Empoli,Monza,0,0
89,17,Empoli,Monza,0,0
89,18,Empoli,Monza,0,0
89,19,Empoli,Monza,0,0
89,20,Empoli,Monza,0,0
89,21,Empoli,Monza,0,0
89,22,Empoli,Monza,0,0
89,23,Empoli,Monza,0,0
89,24,Empoli,Monza,0,0
89,25,Empoli,Monza,0,0
89,26,Empoli,Monza,0,0
89,27,Empoli,Monza,0,0
89,28,Empoli,Monza,0,0
89,29,Empoli,Monza,0,0
89,30,Empoli,Monza,0,0
89,31,Empoli,Monza,0,0
89,32,Empoli,Monza,0,0
89,33,Empoli,Monza,0,0
89,34,Empoli,Monza,0,0
89,35,Empoli,Monza,0,0
89,36,Empoli,Monza,0,0
89,37,Empoli,Monza,0,0
89,38,Empoli,Monza,0,0
89,39,Empoli,Monza,0,0
89,40,Empoli,Monza,0,0
89,41,Empoli,Monza,0,0
89,42,Empoli,Monza,0,0
89,43,Empoli,Monza,0,0
89,44,Empoli,Monza,0,0
89,45,Empoli,Monza,0,0
89,46,Empoli,Monza,0,0
89,47,Empoli,Monza,0,0
89,48,Empoli,Monza,0,0
89,49,Empoli,Monza,0,0
89,50,Empoli,Monza,0,0
89,51,Empoli,Monza,0,0
89,52,Empoli,Monza,0,0
89,53,Empoli,Monza,0,0
89,54,Empoli,Monza,0,0
89,55,Empoli,Monza,0,0
89,56,Empoli,Monza,0,0
89,57,Empoli,Monza,0,0
89,58,Empoli,Monza,0,0
89,59,Empoli,Monza,0,0
89,60,Empoli,Monza,0,0
89,61,Empoli,Monza,0,0
89,62,Empoli,Monza,0,0
89,63,Empoli,Monza,0,0
89,64,Empoli,Monza,0,0
89,65,Empoli,Monza,0,0
89,66,Empoli,Monza,0,0
89,67,Empoli,Monza,0,0
89,68,Empoli,Monza,0,0
89,69,Empoli,Monza,0,0
89,70,Empoli,Monza,0,0
89,71,Empoli,Monza,0,0
89,72,Empoli,Monza,0,0
89,73,Empoli,Monza,0,0
89,74,Empoli,Monza,0,0
89,75,Empoli,Monza,0,0
89,76,Empoli,Monza,0,0
89,77,Empoli,Monza,0,0
89,78,Empoli,Monza,0,0
89,79,Empoli,Monza,0,0
89,80,Empoli,Monza,0,0
89,81,Empoli,Monza,0,0
89,82,Empoli,Monza,0,0
89,83,Empoli,Monza,0,0
89,84,Empoli,Monza,0,0
89,85,Empoli,Monza,0,0
89,86,Empoli,Monza,0,0
89,87,Empoli,Monza,0,0
89,88,Empoli,Monza,0,0
89,89,Empoli,Monza,0,0
89,90,Empoli,Monza,0,0
90,1,Empoli,Napoli,0,0
90,2,Empoli,Napoli,0,0
90,3,Empoli,Napoli,0,0
90,4,Empoli,Napoli,0,0
90,5,Empoli,Napoli,0,0
90,6,Empoli,Napoli,0,0
90,7,Empoli,Napoli,0,0
90,8,Empoli,Napoli,0,0
90,9,Empoli,Napoli,0,0
90,10,Empoli,Napoli,0,0
90,11,Empoli,Napoli,0,0
90,12,Empoli,Napoli,0,0
90,13,Empoli,Napoli,0,0
90,14,Empoli,Napoli,0,0
90,15,Empoli,Napoli,0,0
90,16,Empoli,Napoli,0,0
90,17,Empoli,Napoli,0,0
90,18,Empoli,Napoli,0,0
90,19,Empoli,Napoli,0,0
90,20,Empoli,Napoli,0,0
90,21,Empoli,Napoli,0,0
90,22,Empoli,Napoli,0,0
90,23,Empoli,Napoli,0,0
90,24,Empoli,Napoli,0,0
90,25,Empoli,Napoli,0,0
90,26,Empoli,Napoli,0,0
90,27,Empoli,Napoli,0,0
90,28,Empoli,Napoli,0,0
90,29,Empoli,Napoli,0,0
90,30,Empoli,Napoli,0,0
90,31,Empoli,Napoli,0,0
90,32,Empoli,Napoli,0,0
90,33,Empoli,Napoli,0,0
90,34,Empoli,Napoli,0,0
90,35,Empoli,Napoli,0,0
90,36,Empoli,Napoli,0,0
90,37,Empoli,Napoli,0,0
90,38,Empoli,Napoli,0,0
90,39,Empoli,Napoli,0,0
90,40,Empoli,Napoli,0,0
90,41,Empoli,Napoli,0,0
90,42,Empoli,Napoli,0,0
90,43,Empoli,Napoli,0,0
90,44,Empoli,Napoli,0,0
90,45,Empoli,Napoli,0,0
90,46,Empoli,Napoli,0,0
90,47,Empoli,Napoli,0,0
90,48,Empoli,Napoli,0,0
90,49,Empoli,Napoli,0,0
90,50,Empoli,Napoli,0,0
90,51,Empoli,Napoli,0,0
90,52,Empoli,Napoli,0,0
90,53,Empoli,Napoli,0,0
90,54,Empoli,Napoli,0,0
90,55,Empoli,Napoli,0,0
90,56,Empoli,Napoli,0,0
90,57,Empoli,Napoli,0,0
90,58,Empoli,Napoli,0,0
90,59,Empoli,Napoli,0,0
90,60,Empoli,Napoli,0,0
90,61,Empoli,Napoli,0,0
90,62,Empoli,Napoli,0,0
90,63,Empoli,Napoli,0,1
90,64,Empoli,Napoli,0,1
90,65,Empoli,Napoli,0,1
90,66,Empoli,Napoli,0,1
90,67,Empoli,Napoli,0,1
90,68,Empoli,Napoli,0,1
90,69,Empoli,Napoli,0,1
90,70,Empoli,Napoli,0,1
90,71,Empoli,Napoli,0,1
90,72,Empoli,Napoli,0,1
90,73,Empoli,Napoli,0,1
90,74,Empoli,Napoli,0,1
90,75,Empoli,Napoli,0,1
90,76,Empoli,Napoli,0,1
90,77,Empoli,Napoli,0,1
90,78,Empoli,Napoli,0,1
90,79,Empoli,Napoli,0,1
90,80,Empoli,Napoli,0,1
90,81,Empoli,Napoli,0,1
90,82,Empoli,Napoli,0,1
90,83,Empoli,Napoli,0,1
90,84,Empoli,Napoli,0,1
90,85,Empoli,Napoli,0,1
90,86,Empoli,Napoli,0,1
90,87,Empoli,Napoli,0,1
90,88,Empoli,Napoli,0,1
90,89,Empoli,Napoli,0,1
90,90,Empoli,Napoli,0,1
91,1,Empoli,Parma,0,0
91,2,Empoli,Parma,0,0
91,3,Empoli,Parma,0,0
91,4,Empoli,Parma,0,0
91,5,Empoli,Parma,0,0
91,6,Empoli,Parma,0,0
91,7,Empoli,Parma,0,0
91,8,Empoli,Parma,0,0
91,9,Empoli,Parma,0,0
91,10,Empoli,Parma,0,0
91,11,Empoli,Parma,1,0
91,12,Empoli,Parma,1,0
91,13,Empoli,Parma,1,0
91,14,Empoli,Parma,1,0
91,15,Empoli,Parma,1,0
91,16,Empoli,Parma,1,0
91,17,Empoli,Parma,1,0
91,18,Empoli,Parma,1,0
91,19,Empoli,Parma,1,0
91,20,Empoli,Parma,1,0
91,21,Empoli,Parma,1,0
91,22,Empoli,Parma,1,0
91,23,Empoli,Parma,1,0
91,24,Empoli,Parma,1,0
91,25,Empoli,Parma,1,0
91,26,Empoli,Parma,1,0
91,27,Empoli,Parma,1,0
91,28,Empoli,Parma,1,0
91,29,Empoli,Parma,1,0
91,30,Empoli,Parma,1,0
91,31,Empoli,Parma,1,0
91,32,Empoli,Parma,1,0
91,33,Empoli,Parma,1,0
91,34,Empoli,Parma,1,0
91,35,Empoli,Parma,1,0
91,36,Empoli,Parma,1,0
91,37,Empoli,Parma,1,0
91,38,Empoli,Parma,1,0
91,39,Empoli,Parma,1,0
91,40,Empoli,Parma,1,0
91,41,Empoli,Parma,1,0
91,42,Empoli,Parma,1,0
91,43,Empoli,Parma,1,0
91,44,Empoli,Parma,1,0
91,45,Empoli,Parma,1,0
91,46,Empoli,Parma,1,0
91,47,Empoli,Parma,1,0
91,48,Empoli,Parma,1,0
91,49,Empoli,Parma,1,0
91,50,Empoli,Parma,1,0
91,51,Empoli,Parma,1,0
91,52,Empoli,Parma,1,0
91,53,Empoli,Parma,1,0
91,54,Empoli,Parma,1,0
91,55,Empoli,Parma,1,0
91,56,Empoli,Parma,1,0
91,57,Empoli,Parma,1,0
91,58,Empoli,Parma,1,0
91,59,Empoli,Parma,1,0
91,60,Empoli,Parma,1,0
91,61,Empoli,Parma,1,0
91,62,Empoli,Parma,1,0
91,63,Empoli,Parma,1,0
91,64,Empoli,Parma,1,0
91,65,Empoli,Parma,1,0
91,66,Empoli,Parma,1,0
91,67,Empoli,Parma,1,0
91,68,Empoli,Parma,1,0
91,69,Empoli,Parma,1,0
91,70,Empoli,Parma,1,0
91,71,Empoli,Parma,1,0
91,72,Empoli,Parma,1,0
91,73,Empoli,Parma,1,1
91,74,Empoli,Parma,1,1
91,75,Empoli,Parma,1,1
91,76,Empoli,Parma,1,1
91,77,Empoli,Parma,1,1
91,78,Empoli,Parma,1,1
91,79,Empoli,Parma,1,1
91,80,Empoli,Parma,1,1
91,81,Empoli,Parma,1,1
91,82,Empoli,Parma,1,1
91,83,Empoli,Parma,1,1
91,84,Empoli,Parma,1,1
91,85,Empoli,Parma,1,1
91,86,Empoli,Parma,2,1
91,87,Empoli,Parma,2,1
91,88,Empoli,Parma,2,1
91,89,Empoli,Parma,2,1
91,90,Empoli,Parma,2,1
92,1,Empoli,Roma,0,1
92,2,Empoli,Roma,0,1
92,3,Empoli,Roma,0,1
92,4,Empoli,Roma,0,1
92,5,Empoli,Roma,0,1
92,6,Empoli,Roma,0,1
92,7,Empoli,Roma,0,1
92,8,Empoli,Roma,0,1
92,9,Empoli,Roma,0,1
92,10,Empoli,Roma,0,1
92,11,Empoli,Roma,0,1
92,12,Empoli,Roma,0,1
92,13,Empoli,Roma,0,1
92,14,Empoli,Roma,0,1
92,15,Empoli,Roma,0,1
92,16,Empoli,Roma,0,1
92,17,Empoli,Roma,0,1
92,18,Empoli,Roma,0,1
92,19,Empoli,Roma,0,1
92,20,Empoli,Roma,0,1
92,21,Empoli,Roma,0,1
92,22,Empoli,Roma,0,1
92,23,Empoli,Roma,0,1
92,24,Empoli,Roma,0,1
92,25,Empoli,Roma,0,1
92,26,Empoli,Roma,0,1
92,27,Empoli,Roma,0,1
92,28,Empoli,Roma,0,1
92,29,Empoli,Roma,0,1
92,30,Empoli,Roma,0,1
92,31,Empoli,Roma,0,1
92,32,Empoli,Roma,0,1
92,33,Empoli,Roma,0,1
92,34,Empoli,Roma,0,1
92,35,Empoli,Roma,0,1
92,36,Empoli,Roma,0,1
92,37,Empoli,Roma,0,1
92,38,Empoli,Roma,0,1
92,39,Empoli,Roma,0,1
92,40,Empoli,Roma,0,1
92,41,Empoli,Roma,0,1
92,42,Empoli,Roma,0,1
92,43,Empoli,Roma,0,1
92,44,Empoli,Roma,0,1
92,45,Empoli,Roma,0,1
92,46,Empoli,Roma,0,1
92,47,Empoli,Roma,0,1
92,48,Empoli,Roma,0,1
92,49,Empoli,Roma,0,1
92,50,Empoli,Roma,0,1
92,51,Empoli,Roma,0,1
92,52,Empoli,Roma,0,1
92,53,Empoli,Roma,0,1
92,54,Empoli,Roma,0,1
92,55,Empoli,Roma,0,1
92,56,Empoli,Roma,0,1
92,57,Empoli,Roma,0,1
92,58,Empoli,Roma,0,1
92,59,Empoli,Roma,0,1
92,60,Empoli,Roma,0,1
92,61,Empoli,Roma,0,1
92,62,Empoli,Roma,0,1
92,63,Empoli,Roma,0,1
92,64,Empoli,Roma,0,1
92,65,Empoli,Roma,0,1
92,66,Empoli,Roma,0,1
92,67,Empoli,Roma,0,1
92,68,Empoli,Roma,0,1
92,69,Empoli,Roma,0,1
92,70,Empoli,Roma,0,1
92,71,Empoli,Roma,0,1
92,72,Empoli,Roma,0,1
92,73,Empoli,Roma,0,1
92,74,Empoli,Roma,0,1
92,75,Empoli,Roma,0,1
92,76,Empoli,Roma,0,1
92,77,Empoli,Roma,0,1
92,78,Empoli,Roma,0,1
92,79,Empoli,Roma,0,1
92,80,Empoli,Roma,0,1
92,81,Empoli,Roma,0,1
92,82,Empoli,Roma,0,1
92,83,Empoli,Roma,0,1
92,84,Empoli,Roma,0,1
92,85,Empoli,Roma,0,1
92,86,Empoli,Roma,0,1
92,87,Empoli,Roma,0,1
92,88,Empoli,Roma,0,1
92,89,Empoli,Roma,0,1
92,90,Empoli,Roma,0,1
93,1,Empoli,Torino,0,0
93,2,Empoli,Torino,0,0
93,3,Empoli,Torino,0,0
93,4,Empoli,Torino,0,0
93,5,Empoli,Torino,0,0
93,6,Empoli,Torino,0,0
93,7,Empoli,Torino,0,0
93,8,Empoli,Torino,0,0
93,9,Empoli,Torino,0,0
93,10,Empoli,Torino,0,0
93,11,Empoli,Torino,0,0
93,12,Empoli,Torino,0,0
93,13,Empoli,Torino,0,0
93,14,Empoli,Torino,0,0
93,15,Empoli,Torino,0,0
93,16,Empoli,Torino,0,0
93,17,Empoli,Torino,0,0
93,18,Empoli,Torino,0,0
93,19,Empoli,Torino,0,0
93,20,Empoli,Torino,0,0
93,21,Empoli,Torino,0,0
93,22,Empoli,Torino,0,0
93,23,Empoli,Torino,0,0
93,24,Empoli,Torino,0,0
93,25,Empoli,Torino,0,0
93,26,Empoli,Torino,0,0
93,27,Empoli,Torino,0,0
93,28,Empoli,Torino,0,0
93,29,Empoli,Torino,0,0
93,30,Empoli,Torino,0,0
93,31,Empoli,Torino,0,0
93,32,Empoli,Torino,0,0
93,33,Empoli,Torino,0,0
93,34,Empoli,Torino,0,0
93,35,Empoli,Torino,0,0
93,36,Empoli,Torino,0,0
93,37,Empoli,Torino,0,0
93,38,Empoli,Torino,0,0
93,39,Empoli,Torino,0,0
93,40,Empoli,Torino,0,0
93,41,Empoli,Torino,0,0
93,42,Empoli,Torino,0,0
93,43,Empoli,Torino,0,0
93,44,Empoli,Torino,0,0
93,45,Empoli,Torino,0,0
93,46,Empoli,Torino,0,0
93,47,Empoli,Torino,0,0
93,48,Empoli,Torino,0,0
93,49,Empoli,Torino,0,0
93,50,Empoli,Torino,0,0
93,51,Empoli,Torino,0,0
93,52,Empoli,Torino,0,0
93,53,Empoli,Torino,0,0
93,54,Empoli,Torino,0,0
93,55,Empoli,Torino,0,0
93,56,Empoli,Torino,0,0
93,57,Empoli,Torino,0,0
93,58,Empoli,Torino,0,0
93,59,Empoli,Torino,0,0
93,60,Empoli,Torino,0,0
93,61,Empoli,Torino,0,0
93,62,Empoli,Torino,0,0
93,63,Empoli,Torino,0,0
93,64,Empoli,Torino,0,0
93,65,Empoli,Torino,0,0
93,66,Empoli,Torino,0,0
93,67,Empoli,Torino,0,0
93,68,Empoli,Torino,0,0
93,69,Empoli,Torino,0,0
93,70,Empoli,Torino,0,1
93,71,Empoli,Torino,0,1
93,72,Empoli,Torino,0,1
93,73,Empoli,Torino,0,1
93,74,Empoli,Torino,0,1
93,75,Empoli,Torino,0,1
93,76,Empoli,Torino,0,1
93,77,Empoli,Torino,0,1
93,78,Empoli,Torino,0,1
93,79,Empoli,Torino,0,1
93,80,Empoli,Torino,0,1
93,81,Empoli,Torino,0,1
93,82,Empoli,Torino,0,1
93,83,Empoli,Torino,0,1
93,84,Empoli,Torino,0,1
93,85,Empoli,Torino,0,1
93,86,Empoli,Torino,0,1
93,87,Empoli,Torino,0,1
93,88,Empoli,Torino,0,1
93,89,Empoli,Torino,0,1
93,90,Empoli,Torino,0,1
94,1,Empoli,Udinese,0,0
94,2,Empoli,Udinese,0,0
94,3,Empoli,Udinese,0,0
94,4,Empoli,Udinese,0,0
94,5,Empoli,Udinese,0,0
94,6,Empoli,Udinese,0,0
94,7,Empoli,Udinese,0,0
94,8,Empoli,Udinese,0,0
94,9,Empoli,Udinese,0,0
94,10,Empoli,Udinese,0,0
94,11,Empoli,Udinese,0,0
94,12,Empoli,Udinese,0,0
94,13,Empoli,Udinese,0,0
94,14,Empoli,Udinese,0,0
94,15,Empoli,Udinese,0,0
94,16,Empoli,Udinese,0,0
94,17,Empoli,Udinese,0,0
94,18,Empoli,Udinese,0,0
94,19,Empoli,Udinese,0,0
94,20,Empoli,Udinese,0,0
94,21,Empoli,Udinese,0,0
94,22,Empoli,Udinese,0,0
94,23,Empoli,Udinese,1,0
94,24,Empoli,Udinese,1,0
94,25,Empoli,Udinese,1,0
94,26,Empoli,Udinese,1,0
94,27,Empoli,Udinese,1,0
94,28,Empoli,Udinese,1,0
94,29,Empoli,Udinese,1,0
94,30,Empoli,Udinese,1,0
94,31,Empoli,Udinese,1,0
94,32,Empoli,Udinese,1,0
94,33,Empoli,Udinese,1,0
94,34,Empoli,Udinese,1,0
94,35,Empoli,Udinese,1,0
94,36,Empoli,Udinese,1,0
94,37,Empoli,Udinese,1,0
94,38,Empoli,Udinese,1,0
94,39,Empoli,Udinese,1,0
94,40,Empoli,Udinese,1,0
94,41,Empoli,Udinese,1,0
94,42,Empoli,Udinese,1,0
94,43,Empoli,Udinese,1,0
94,44,Empoli,Udinese,1,0
94,45,Empoli,Udinese,1,0
94,46,Empoli,Udinese,1,0
94,47,Empoli,Udinese,1,0
94,48,Empoli,Udinese,1,0
94,49,Empoli,Udinese,1,0
94,50,Empoli,Udinese,1,0
94,51,Empoli,Udinese,1,0
94,52,Empoli,Udinese,1,0
94,53,Empoli,Udinese,1,0
94,54,Empoli,Udinese,1,0
94,55,Empoli,Udinese,1,0
94,56,Empoli,Udinese,1,0
94,57,Empoli,Udinese,1,0
94,58,Empoli,Udinese,1,0
94,59,Empoli,Udinese,1,0
94,60,Empoli,Udinese,1,0
94,61,Empoli,Udinese,1,0
94,62,Empoli,Udinese,1,0
94,63,Empoli,Udinese,1,0
94,64,Empoli,Udinese,1,0
94,65,Empoli,Udinese,1,0
94,66,Empoli,Udinese,1,0
94,67,Empoli,Udinese,1,0
94,68,Empoli,Udinese,1,0
94,69,Empoli,Udinese,1,0
94,70,Empoli,Udinese,1,0
94,71,Empoli,Udinese,1,0
94,72,Empoli,Udinese,1,0
94,73,Empoli,Udinese,1,0
94,74,Empoli,Udinese,1,0
94,75,Empoli,Udinese,1,0
94,76,Empoli,Udinese,1,1
94,77,Empoli,Udinese,1,1
94,78,Empoli,Udinese,1,1
94,79,Empoli,Udinese,1,1
94,80,Empoli,Udinese,1,1
94,81,Empoli,Udinese,1,1
94,82,Empoli,Udinese,1,1
94,83,Empoli,Udinese,1,1
94,84,Empoli,Udinese,1,1
94,85,Empoli,Udinese,1,1
94,86,Empoli,Udinese,1,1
94,87,Empoli,Udinese,1,1
94,88,Empoli,Udinese,1,1
94,89,Empoli,Udinese,1,1
94,90,Empoli,Udinese,1,1
95,1,Empoli,Venezia,0,0
95,2,Empoli,Venezia,0,0
95,3,Empoli,Venezia,0,0
95,4,Empoli,Venezia,0,0
95,5,Empoli,Venezia,0,0
95,6,Empoli,Venezia,0,0
95,7,Empoli,Venezia,0,0
95,8,Empoli,Venezia,0,0
95,9,Empoli,Venezia,0,0
95,10,Empoli,Venezia,0,0
95,11,Empoli,Venezia,0,0
95,12,Empoli,Venezia,0,0
95,13,Empoli,Venezia,0,0
95,14,Empoli,Venezia,0,0
95,15,Empoli,Venezia,0,0
95,16,Empoli,Venezia,0,0
95,17,Empoli,Venezia,0,0
95,18,Empoli,Venezia,0,0
95,19,Empoli,Venezia,0,0
95,20,Empoli,Venezia,0,0
95,21,Empoli,Venezia,0,0
95,22,Empoli,Venezia,0,0
95,23,Empoli,Venezia,0,0
95,24,Empoli,Venezia,0,0
95,25,Empoli,Venezia,0,0
95,26,Empoli,Venezia,0,0
95,27,Empoli,Venezia,0,0
95,28,Empoli,Venezia,0,0
95,29,Empoli,Venezia,0,0
95,30,Empoli,Venezia,0,0
95,31,Empoli,Venezia,0,0
95,32,Empoli,Venezia,0,0
95,33,Empoli,Venezia,0,0
95,34,Empoli,Venezia,0,0
95,35,Empoli,Venezia,0,0
95,36,Empoli,Venezia,0,0
95,37,Empoli,Venezia,0,0
95,38,Empoli,Venezia,0,0
95,39,Empoli,Venezia,0,0
95,40,Empoli,Venezia,0,0
95,41,Empoli,Venezia,0,0
95,42,Empoli,Venezia,0,0
95,43,Empoli,Venezia,0,0
95,44,Empoli,Venezia,0,0
95,45,Empoli,Venezia,0,0
95,46,Empoli,Venezia,0,0
95,47,Empoli,Venezia,0,0
95,48,Empoli,Venezia,0,0
95,49,Empoli,Venezia,0,0
95,50,Empoli,Venezia,0,0
95,51,Empoli,Venezia,0,0
95,52,Empoli,Venezia,0,0
95,53,Empoli,Venezia,0,0
95,54,Empoli,Venezia,0,0
95,55,Empoli,Venezia,0,0
95,56,Empoli,Venezia,0,0
95,57,Empoli,Venezia,0,0
95,58,Empoli,Venezia,0,0
95,59,Empoli,Venezia,1,0
95,60,Empoli,Venezia,1,0
95,61,Empoli,Venezia,1,0
95,62,Empoli,Venezia,1,0
95,63,Empoli,Venezia,1,0
95,64,Empoli,Venezia,1,0
95,65,Empoli,Venezia,1,0
95,66,Empoli,Venezia,1,0
95,67,Empoli,Venezia,1,0
95,68,Empoli,Venezia,1,1
95,69,Empoli,Venezia,1,1
95,70,Empoli,Venezia,1,1
95,71,Empoli,Venezia,1,1
95,72,Empoli,Venezia,1,1
95,73,Empoli,Venezia,1,1
95,74,Empoli,Venezia,1,1
95,75,Empoli,Venezia,1,1
95,76,Empoli,Venezia,1,1
95,77,Empoli,Venezia,1,1
95,78,Empoli,Venezia,1,1
95,79,Empoli,Venezia,1,1
95,80,Empoli,Venezia,1,1
95,81,Empoli,Venezia,1,1
95,82,Empoli,Venezia,1,1
95,83,Empoli,Venezia,1,1
95,84,Empoli,Venezia,1,1
95,85,Empoli,Venezia,1,2
95,86,Empoli,Venezia,1,2
95,87,Empoli,Venezia,2,2
95,88,Empoli,Venezia,2,2
95,89,Empoli,Venezia,2,2
95,90,Empoli,Venezia,2,2
96,1,Fiorentina,Atalanta,0,0
96,2,Fiorentina,Atalanta,0,0
96,3,Fiorentina,Atalanta,0,0
96,4,Fiorentina,Atalanta,0,0
96,5,Fiorentina,Atalanta,0,0
96,6,Fiorentina,Atalanta,0,0
96,7,Fiorentina,Atalanta,0,0
96,8,Fiorentina,Atalanta,0,0
96,9,Fiorentina,Atalanta,0,0
96,10,Fiorentina,Atalanta,0,0
96,11,Fiorentina,Atalanta,0,0
96,12,Fiorentina,Atalanta,0,0
96,13,Fiorentina,Atalanta,0,0
96,14,Fiorentina,Atalanta,0,0
96,15,Fiorentina,Atalanta,0,0
96,16,Fiorentina,Atalanta,0,0
96,17,Fiorentina,Atalanta,0,0
96,18,Fiorentina,Atalanta,0,0
96,19,Fiorentina,Atalanta,0,0
96,20,Fiorentina,Atalanta,0,0
96,21,Fiorentina,Atalanta,0,0
96,22,Fiorentina,Atalanta,0,0
96,23,Fiorentina,Atalanta,0,0
96,24,Fiorentina,Atalanta,0,0
96,25,Fiorentina,Atalanta,0,0
96,26,Fiorentina,Atalanta,0,0
96,27,Fiorentina,Atalanta,0,0
96,28,Fiorentina,Atalanta,0,0
96,29,Fiorentina,Atalanta,0,0
96,30,Fiorentina,Atalanta,0,0
96,31,Fiorentina,Atalanta,0,0
96,32,Fiorentina,Atalanta,0,0
96,33,Fiorentina,Atalanta,0,0
96,34,Fiorentina,Atalanta,0,0
96,35,Fiorentina,Atalanta,0,0
96,36,Fiorentina,Atalanta,0,0
96,37,Fiorentina,Atalanta,0,0
96,38,Fiorentina,Atalanta,0,0
96,39,Fiorentina,Atalanta,0,0
96,40,Fiorentina,Atalanta,0,0
96,41,Fiorentina,Atalanta,0,0
96,42,Fiorentina,Atalanta,0,0
96,43,Fiorentina,Atalanta,0,0
96,44,Fiorentina,Atalanta,0,0
96,45,Fiorentina,Atalanta,1,0
96,46,Fiorentina,Atalanta,1,0
96,47,Fiorentina,Atalanta,1,0
96,48,Fiorentina,Atalanta,1,0
96,49,Fiorentina,Atalanta,1,0
96,50,Fiorentina,Atalanta,1,0
96,51,Fiorentina,Atalanta,1,0
96,52,Fiorentina,Atalanta,1,0
96,53,Fiorentina,Atalanta,1,0
96,54,Fiorentina,Atalanta,1,0
96,55,Fiorentina,Atalanta,1,0
96,56,Fiorentina,Atalanta,1,0
96,57,Fiorentina,Atalanta,1,0
96,58,Fiorentina,Atalanta,1,0
96,59,Fiorentina,Atalanta,1,0
96,60,Fiorentina,Atalanta,1,0
96,61,Fiorentina,Atalanta,1,0
96,62,Fiorentina,Atalanta,1,0
96,63,Fiorentina,Atalanta,1,0
96,64,Fiorentina,Atalanta,1,0
96,65,Fiorentina,Atalanta,1,0
96,66,Fiorentina,Atalanta,1,0
96,67,Fiorentina,Atalanta,1,0
96,68,Fiorentina,Atalanta,1,0
96,69,Fiorentina,Atalanta,1,0
96,70,Fiorentina,Atalanta,1,0
96,71,Fiorentina,Atalanta,1,0
96,72,Fiorentina,Atalanta,1,0
96,73,Fiorentina,Atalanta,1,0
96,74,Fiorentina,Atalanta,1,0
96,75,Fiorentina,Atalanta,1,0
96,76,Fiorentina,Atalanta,1,0
96,77,Fiorentina,Atalanta,1,0
96,78,Fiorentina,Atalanta,1,0
96,79,Fiorentina,Atalanta,1,0
96,80,Fiorentina,Atalanta,1,0
96,81,Fiorentina,Atalanta,1,0
96,82,Fiorentina,Atalanta,1,0
96,83,Fiorentina,Atalanta,1,0
96,84,Fiorentina,Atalanta,1,0
96,85,Fiorentina,Atalanta,1,0
96,86,Fiorentina,Atalanta,1,0
96,87,Fiorentina,Atalanta,1,0
96,88,Fiorentina,Atalanta,1,0
96,89,Fiorentina,Atalanta,1,0
96,90,Fiorentina,Atalanta,1,0
97,1,Fiorentina,Bologna,0,0
97,2,Fiorentina,Bologna,0,0
97,3,Fiorentina,Bologna,0,0
97,4,Fiorentina,Bologna,0,0
97,5,Fiorentina,Bologna,0,0
97,6,Fiorentina,Bologna,0,0
97,7,Fiorentina,Bologna,0,0
97,8,Fiorentina,Bologna,0,0
97,9,Fiorentina,Bologna,0,0
97,10,Fiorentina,Bologna,0,0
97,11,Fiorentina,Bologna,0,0
97,12,Fiorentina,Bologna,0,0
97,13,Fiorentina,Bologna,1,0
97,14,Fiorentina,Bologna,1,0
97,15,Fiorentina,Bologna,1,0
97,16,Fiorentina,Bologna,1,0
97,17,Fiorentina,Bologna,1,0
97,18,Fiorentina,Bologna,1,0
97,19,Fiorentina,Bologna,1,0
97,20,Fiorentina,Bologna,1,0
97,21,Fiorentina,Bologna,1,0
97,22,Fiorentina,Bologna,1,0
97,23,Fiorentina,Bologna,1,0
97,24,Fiorentina,Bologna,1,0
97,25,Fiorentina,Bologna,1,0
97,26,Fiorentina,Bologna,1,0
97,27,Fiorentina,Bologna,1,0
97,28,Fiorentina,Bologna,1,0
97,29,Fiorentina,Bologna,1,0
97,30,Fiorentina,Bologna,1,0
97,31,Fiorentina,Bologna,1,0
97,32,Fiorentina,Bologna,1,0
97,33,Fiorentina,Bologna,1,0
97,34,Fiorentina,Bologna,1,0
97,35,Fiorentina,Bologna,1,0
97,36,Fiorentina,Bologna,1,0
97,37,Fiorentina,Bologna,1,0
97,38,Fiorentina,Bologna,1,0
97,39,Fiorentina,Bologna,1,0
97,40,Fiorentina,Bologna,1,0
97,41,Fiorentina,Bologna,1,0
97,42,Fiorentina,Bologna,1,0
97,43,Fiorentina,Bologna,1,0
97,44,Fiorentina,Bologna,1,0
97,45,Fiorentina,Bologna,1,0
97,46,Fiorentina,Bologna,1,0
97,47,Fiorentina,Bologna,1,0
97,48,Fiorentina,Bologna,1,0
97,49,Fiorentina,Bologna,1,0
97,50,Fiorentina,Bologna,1,0
97,51,Fiorentina,Bologna,1,0
97,52,Fiorentina,Bologna,1,0
97,53,Fiorentina,Bologna,1,0
97,54,Fiorentina,Bologna,1,0
97,55,Fiorentina,Bologna,1,0
97,56,Fiorentina,Bologna,1,0
97,57,Fiorentina,Bologna,1,0
97,58,Fiorentina,Bologna,1,0
97,59,Fiorentina,Bologna,1,0
97,60,Fiorentina,Bologna,1,0
97,61,Fiorentina,Bologna,1,1
97,62,Fiorentina,Bologna,1,1
97,63,Fiorentina,Bologna,1,1
97,64,Fiorentina,Bologna,1,1
97,65,Fiorentina,Bologna,1,1
97,66,Fiorentina,Bologna,1,1
97,67,Fiorentina,Bologna,2,1
97,68,Fiorentina,Bologna,2,1
97,69,Fiorentina,Bologna,2,1
97,70,Fiorentina,Bologna,2,1
97,71,Fiorentina,Bologna,2,1
97,72,Fiorentina,Bologna,2,1
97,73,Fiorentina,Bologna,2,1
97,74,Fiorentina,Bologna,2,1
97,75,Fiorentina,Bologna,2,1
97,76,Fiorentina,Bologna,2,1
97,77,Fiorentina,Bologna,2,1
97,78,Fiorentina,Bologna,2,1
97,79,Fiorentina,Bologna,2,2
97,80,Fiorentina,Bologna,2,2
97,81,Fiorentina,Bologna,2,2
97,82,Fiorentina,Bologna,2,2
97,83,Fiorentina,Bologna,2,2
97,84,Fiorentina,Bologna,3,2
97,85,Fiorentina,Bologna,3,2
97,86,Fiorentina,Bologna,3,2
97,87,Fiorentina,Bologna,3,2
97,88,Fiorentina,Bologna,3,2
97,89,Fiorentina,Bologna,3,2
97,90,Fiorentina,Bologna,3,2
98,1,Fiorentina,Cagliari,0,0
98,2,Fiorentina,Cagliari,0,0
98,3,Fiorentina,Cagliari,0,0
98,4,Fiorentina,Cagliari,0,0
98,5,Fiorentina,Cagliari,0,0
98,6,Fiorentina,Cagliari,0,0
98,7,Fiorentina,Cagliari,0,0
98,8,Fiorentina,Cagliari,0,0
98,9,Fiorentina,Cagliari,0,0
98,10,Fiorentina,Cagliari,0,0
98,11,Fiorentina,Cagliari,0,0
98,12,Fiorentina,Cagliari,0,0
98,13,Fiorentina,Cagliari,0,0
98,14,Fiorentina,Cagliari,0,0
98,15,Fiorentina,Cagliari,0,0
98,16,Fiorentina,Cagliari,0,0
98,17,Fiorentina,Cagliari,0,0
98,18,Fiorentina,Cagliari,0,0
98,19,Fiorentina,Cagliari,0,0
98,20,Fiorentina,Cagliari,0,0
98,21,Fiorentina,Cagliari,0,0
98,22,Fiorentina,Cagliari,0,0
98,23,Fiorentina,Cagliari,0,0
98,24,Fiorentina,Cagliari,1,0
98,25,Fiorentina,Cagliari,1,0
98,26,Fiorentina,Cagliari,1,0
98,27,Fiorentina,Cagliari,1,0
98,28,Fiorentina,Cagliari,1,0
98,29,Fiorentina,Cagliari,1,0
98,30,Fiorentina,Cagliari,1,0
98,31,Fiorentina,Cagliari,1,0
98,32,Fiorentina,Cagliari,1,0
98,33,Fiorentina,Cagliari,1,0
98,34,Fiorentina,Cagliari,1,0
98,35,Fiorentina,Cagliari,1,0
98,36,Fiorentina,Cagliari,1,0
98,37,Fiorentina,Cagliari,1,0
98,38,Fiorentina,Cagliari,1,0
98,39,Fiorentina,Cagliari,1,0
98,40,Fiorentina,Cagliari,1,0
98,41,Fiorentina,Cagliari,1,0
98,42,Fiorentina,Cagliari,1,0
98,43,Fiorentina,Cagliari,1,0
98,44,Fiorentina,Cagliari,1,0
98,45,Fiorentina,Cagliari,1,0
98,46,Fiorentina,Cagliari,1,0
98,47,Fiorentina,Cagliari,1,0
98,48,Fiorentina,Cagliari,1,0
98,49,Fiorentina,Cagliari,1,0
98,50,Fiorentina,Cagliari,1,0
98,51,Fiorentina,Cagliari,1,0
98,52,Fiorentina,Cagliari,1,0
98,53,Fiorentina,Cagliari,1,0
98,54,Fiorentina,Cagliari,1,0
98,55,Fiorentina,Cagliari,1,0
98,56,Fiorentina,Cagliari,1,0
98,57,Fiorentina,Cagliari,1,0
98,58,Fiorentina,Cagliari,1,0
98,59,Fiorentina,Cagliari,1,0
98,60,Fiorentina,Cagliari,1,0
98,61,Fiorentina,Cagliari,1,0
98,62,Fiorentina,Cagliari,1,0
98,63,Fiorentina,Cagliari,1,0
98,64,Fiorentina,Cagliari,1,0
98,65,Fiorentina,Cagliari,1,0
98,66,Fiorentina,Cagliari,1,0
98,67,Fiorentina,Cagliari,1,0
98,68,Fiorentina,Cagliari,1,0
98,69,Fiorentina,Cagliari,1,0
98,70,Fiorentina,Cagliari,1,0
98,71,Fiorentina,Cagliari,1,0
98,72,Fiorentina,Cagliari,1,0
98,73,Fiorentina,Cagliari,1,0
98,74,Fiorentina,Cagliari,1,0
98,75,Fiorentina,Cagliari,1,0
98,76,Fiorentina,Cagliari,1,0
98,77,Fiorentina,Cagliari,1,0
98,78,Fiorentina,Cagliari,1,0
98,79,Fiorentina,Cagliari,1,0
98,80,Fiorentina,Cagliari,1,0
98,81,Fiorentina,Cagliari,1,0
98,82,Fiorentina,Cagliari,1,0
98,83,Fiorentina,Cagliari,1,0
98,84,Fiorentina,Cagliari,1,0
98,85,Fiorentina,Cagliari,1,0
98,86,Fiorentina,Cagliari,1,0
98,87,Fiorentina,Cagliari,1,0
98,88,Fiorentina,Cagliari,1,0
98,89,Fiorentina,Cagliari,1,0
98,90,Fiorentina,Cagliari,1,0
99,1,Fiorentina,Como,0,0
99,2,Fiorentina,Como,0,0
99,3,Fiorentina,Como,0,0
99,4,Fiorentina,Como,0,0
99,5,Fiorentina,Como,0,0
99,6,Fiorentina,Como,0,0
99,7,Fiorentina,Como,0,0
99,8,Fiorentina,Como,0,0
99,9,Fiorentina,Como,0,0
99,10,Fiorentina,Como,0,0
99,11,Fiorentina,Como,0,0
99,12,Fiorentina,Como,0,0
99,13,Fiorentina,Como,0,0
99,14,Fiorentina,Como,0,0
99,15,Fiorentina,Como,0,0
99,16,Fiorentina,Como,0,0
99,17,Fiorentina,Como,0,0
99,18,Fiorentina,Como,0,0
99,19,Fiorentina,Como,0,0
99,20,Fiorentina,Como,0,0
99,21,Fiorentina,Como,0,0
99,22,Fiorentina,Como,0,0
99,23,Fiorentina,Como,0,0
99,24,Fiorentina,Como,0,0
99,25,Fiorentina,Como,0,0
99,26,Fiorentina,Como,0,0
99,27,Fiorentina,Como,0,0
99,28,Fiorentina,Como,0,0
99,29,Fiorentina,Como,0,0
99,30,Fiorentina,Como,0,0
99,31,Fiorentina,Como,0,0
99,32,Fiorentina,Como,0,0
99,33,Fiorentina,Como,0,0
99,34,Fiorentina,Como,0,0
99,35,Fiorentina,Como,0,0
99,36,Fiorentina,Como,0,0
99,37,Fiorentina,Como,0,0
99,38,Fiorentina,Como,0,0
99,39,Fiorentina,Como,0,0
99,40,Fiorentina,Como,0,0
99,41,Fiorentina,Como,0,1
99,42,Fiorentina,Como,0,1
99,43,Fiorentina,Como,0,1
99,44,Fiorentina,Como,0,1
99,45,Fiorentina,Como,0,1
99,46,Fiorentina,Como,0,1
99,47,Fiorentina,Como,0,1
99,48,Fiorentina,Como,0,1
99,49,Fiorentina,Como,0,1
99,50,Fiorentina,Como,0,1
99,51,Fiorentina,Como,0,1
99,52,Fiorentina,Como,0,1
99,53,Fiorentina,Como,0,1
99,54,Fiorentina,Como,0,1
99,55,Fiorentina,Como,0,1
99,56,Fiorentina,Como,0,1
99,57,Fiorentina,Como,0,1
99,58,Fiorentina,Como,0,1
99,59,Fiorentina,Como,0,1
99,60,Fiorentina,Como,0,1
99,61,Fiorentina,Como,0,1
99,62,Fiorentina,Como,0,1
99,63,Fiorentina,Como,0,1
99,64,Fiorentina,Como,0,1
99,65,Fiorentina,Como,0,1
99,66,Fiorentina,Como,0,2
99,67,Fiorentina,Como,0,2
99,68,Fiorentina,Como,0,2
99,69,Fiorentina,Como,0,2
99,70,Fiorentina,Como,0,2
99,71,Fiorentina,Como,0,2
99,72,Fiorentina,Como,0,2
99,73,Fiorentina,Como,0,2
99,74,Fiorentina,Como,0,2
99,75,Fiorentina,Como,0,2
99,76,Fiorentina,Como,0,2
99,77,Fiorentina,Como,0,2
99,78,Fiorentina,Como,0,2
99,79,Fiorentina,Como,0,2
99,80,Fiorentina,Como,0,2
99,81,Fiorentina,Como,0,2
99,82,Fiorentina,Como,0,2
99,83,Fiorentina,Como,0,2
99,84,Fiorentina,Como,0,2
99,85,Fiorentina,Como,0,2
99,86,Fiorentina,Como,0,2
99,87,Fiorentina,Como,0,2
99,88,Fiorentina,Como,0,2
99,89,Fiorentina,Como,0,2
99,90,Fiorentina,Como,0,2
100,1,Fiorentina,Empoli,0,0
100,2,Fiorentina,Empoli,0,0
100,3,Fiorentina,Empoli,0,0
100,4,Fiorentina,Empoli,0,0
100,5,Fiorentina,Empoli,0,0
100,6,Fiorentina,Empoli,0,0
100,7,Fiorentina,Empoli,1,0
100,8,Fiorentina,Empoli,1,0
100,9,Fiorentina,Empoli,1,0
100,10,Fiorentina,Empoli,1,0
100,11,Fiorentina,Empoli,1,0
100,12,Fiorentina,Empoli,1,0
100,13,Fiorentina,Empoli,1,0
100,14,Fiorentina,Empoli,1,0
100,15,Fiorentina,Empoli,1,0
100,16,Fiorentina,Empoli,1,0
100,17,Fiorentina,Empoli,1,0
100,18,Fiorentina,Empoli,1,0
100,19,Fiorentina,Empoli,1,0
100,20,Fiorentina,Empoli,1,0
100,21,Fiorentina,Empoli,1,0
100,22,Fiorentina,Empoli,1,0
100,23,Fiorentina,Empoli,1,0
100,24,Fiorentina,Empoli,1,0
100,25,Fiorentina,Empoli,2,0
100,26,Fiorentina,Empoli,2,0
100,27,Fiorentina,Empoli,2,0
100,28,Fiorentina,Empoli,2,0
100,29,Fiorentina,Empoli,2,0
100,30,Fiorentina,Empoli,2,0
100,31,Fiorentina,Empoli,2,0
100,32,Fiorentina,Empoli,2,0
100,33,Fiorentina,Empoli,2,0
100,34,Fiorentina,Empoli,2,0
100,35,Fiorentina,Empoli,2,0
100,36,Fiorentina,Empoli,2,0
100,37,Fiorentina,Empoli,2,0
100,38,Fiorentina,Empoli,2,0
100,39,Fiorentina,Empoli,2,0
100,40,Fiorentina,Empoli,2,0
100,41,Fiorentina,Empoli,2,0
100,42,Fiorentina,Empoli,2,0
100,43,Fiorentina,Empoli,2,0
100,44,Fiorentina,Empoli,2,0
100,45,Fiorentina,Empoli,2,0
100,46,Fiorentina,Empoli,2,0
100,47,Fiorentina,Empoli,2,0
100,48,Fiorentina,Empoli,2,0
100,49,Fiorentina,Empoli,2,0
100,50,Fiorentina,Empoli,2,0
100,51,Fiorentina,Empoli,2,0
100,52,Fiorentina,Empoli,2,0
100,53,Fiorentina,Empoli,2,0
100,54,Fiorentina,Empoli,2,0
100,55,Fiorentina,Empoli,2,0
100,56,Fiorentina,Empoli,2,0
100,57,Fiorentina,Empoli,2,1
100,58,Fiorentina,Empoli,2,1
100,59,Fiorentina,Empoli,2,1
100,60,Fiorentina,Empoli,2,1
100,61,Fiorentina,Empoli,2,1
100,62,Fiorentina,Empoli,2,1
100,63,Fiorentina,Empoli,2,1
100,64,Fiorentina,Empoli,2,1
100,65,Fiorentina,Empoli,2,1
100,66,Fiorentina,Empoli,2,1
100,67,Fiorentina,Empoli,2,1
100,68,Fiorentina,Empoli,2,1
100,69,Fiorentina,Empoli,2,1
100,70,Fiorentina,Empoli,2,1
100,71,Fiorentina,Empoli,2,1
100,72,Fiorentina,Empoli,2,1
100,73,Fiorentina,Empoli,2,1
100,74,Fiorentina,Empoli,2,1
100,75,Fiorentina,Empoli,2,1
100,76,Fiorentina,Empoli,2,1
100,77,Fiorentina,Empoli,2,1
100,78,Fiorentina,Empoli,2,1
100,79,Fiorentina,Empoli,2,1
100,80,Fiorentina,Empoli,2,1
100,81,Fiorentina,Empoli,2,1
100,82,Fiorentina,Empoli,2,1
100,83,Fiorentina,Empoli,2,1
100,84,Fiorentina,Empoli,2,1
100,85,Fiorentina,Empoli,2,1
100,86,Fiorentina,Empoli,2,1
100,87,Fiorentina,Empoli,2,1
100,88,Fiorentina,Empoli,2,1
100,89,Fiorentina,Empoli,2,1
100,90,Fiorentina,Empoli,2,1
101,1,Fiorentina,Genoa,0,0
101,2,Fiorentina,Genoa,0,0
101,3,Fiorentina,Genoa,0,0
101,4,Fiorentina,Genoa,0,0
101,5,Fiorentina,Genoa,0,0
101,6,Fiorentina,Genoa,0,0
101,7,Fiorentina,Genoa,0,0
101,8,Fiorentina,Genoa,0,0
101,9,Fiorentina,Genoa,1,0
101,10,Fiorentina,Genoa,1,0
101,11,Fiorentina,Genoa,1,0
101,12,Fiorentina,Genoa,1,0
101,13,Fiorentina,Genoa,1,0
101,14,Fiorentina,Genoa,1,0
101,15,Fiorentina,Genoa,1,0
101,16,Fiorentina,Genoa,1,0
101,17,Fiorentina,Genoa,1,0
101,18,Fiorentina,Genoa,1,0
101,19,Fiorentina,Genoa,1,0
101,20,Fiorentina,Genoa,1,0
101,21,Fiorentina,Genoa,1,0
101,22,Fiorentina,Genoa,1,0
101,23,Fiorentina,Genoa,1,0
101,24,Fiorentina,Genoa,1,0
101,25,Fiorentina,Genoa,1,0
101,26,Fiorentina,Genoa,1,0
101,27,Fiorentina,Genoa,1,0
101,28,Fiorentina,Genoa,1,0
101,29,Fiorentina,Genoa,1,0
101,30,Fiorentina,Genoa,2,0
101,31,Fiorentina,Genoa,2,0
101,32,Fiorentina,Genoa,2,0
101,33,Fiorentina,Genoa,2,0
101,34,Fiorentina,Genoa,2,0
101,35,Fiorentina,Genoa,2,0
101,36,Fiorentina,Genoa,2,0
101,37,Fiorentina,Genoa,2,0
101,38,Fiorentina,Genoa,2,0
101,39,Fiorentina,Genoa,2,0
101,40,Fiorentina,Genoa,2,0
101,41,Fiorentina,Genoa,2,0
101,42,Fiorentina,Genoa,2,0
101,43,Fiorentina,Genoa,2,0
101,44,Fiorentina,Genoa,2,0
101,45,Fiorentina,Genoa,2,0
101,46,Fiorentina,Genoa,2,0
101,47,Fiorentina,Genoa,2,0
101,48,Fiorentina,Genoa,2,0
101,49,Fiorentina,Genoa,2,0
101,50,Fiorentina,Genoa,2,0
101,51,Fiorentina,Genoa,2,0
101,52,Fiorentina,Genoa,2,0
101,53,Fiorentina,Genoa,2,0
101,54,Fiorentina,Genoa,2,0
101,55,Fiorentina,Genoa,2,1
101,56,Fiorentina,Genoa,2,1
101,57,Fiorentina,Genoa,2,1
101,58,Fiorentina,Genoa,2,1
101,59,Fiorentina,Genoa,2,1
101,60,Fiorentina,Genoa,2,1
101,61,Fiorentina,Genoa,2,1
101,62,Fiorentina,Genoa,2,1
101,63,Fiorentina,Genoa,2,1
101,64,Fiorentina,Genoa,2,1
101,65,Fiorentina,Genoa,2,1
101,66,Fiorentina,Genoa,2,1
101,67,Fiorentina,Genoa,2,1
101,68,Fiorentina,Genoa,2,1
101,69,Fiorentina,Genoa,2,1
101,70,Fiorentina,Genoa,2,1
101,71,Fiorentina,Genoa,2,1
101,72,Fiorentina,Genoa,2,1
101,73,Fiorentina,Genoa,2,1
101,74,Fiorentina,Genoa,2,1
101,75,Fiorentina,Genoa,2,1
101,76,Fiorentina,Genoa,2,1
101,77,Fiorentina,Genoa,2,1
101,78,Fiorentina,Genoa,2,1
101,79,Fiorentina,Genoa,2,1
101,80,Fiorentina,Genoa,2,1
101,81,Fiorentina,Genoa,2,1
101,82,Fiorentina,Genoa,2,1
101,83,Fiorentina,Genoa,2,1
101,84,Fiorentina,Genoa,2,1
101,85,Fiorentina,Genoa,2,1
101,86,Fiorentina,Genoa,2,1
101,87,Fiorentina,Genoa,2,1
101,88,Fiorentina,Genoa,2,1
101,89,Fiorentina,Genoa,2,1
101,90,Fiorentina,Genoa,2,1
102,1,Fiorentina,Hellas Verona,0,0
102,2,Fiorentina,Hellas Verona,0,0
102,3,Fiorentina,Hellas Verona,0,0
102,4,Fiorentina,Hellas Verona,1,0
102,5,Fiorentina,Hellas Verona,1,0
102,6,Fiorentina,Hellas Verona,1,0
102,7,Fiorentina,Hellas Verona,1,0
102,8,Fiorentina,Hellas Verona,1,0
102,9,Fiorentina,Hellas Verona,1,0
102,10,Fiorentina,Hellas Verona,1,0
102,11,Fiorentina,Hellas Verona,1,0
102,12,Fiorentina,Hellas Verona,1,0
102,13,Fiorentina,Hellas Verona,1,0
102,14,Fiorentina,Hellas Verona,1,0
102,15,Fiorentina,Hellas Verona,1,0
102,16,Fiorentina,Hellas Verona,1,0
102,17,Fiorentina,Hellas Verona,1,0
102,18,Fiorentina,Hellas Verona,1,1
102,19,Fiorentina,Hellas Verona,1,1
102,20,Fiorentina,Hellas Verona,1,1
102,21,Fiorentina,Hellas Verona,1,1
102,22,Fiorentina,Hellas Verona,1,1
102,23,Fiorentina,Hellas Verona,1,1
102,24,Fiorentina,Hellas Verona,1,1
102,25,Fiorentina,Hellas Verona,1,1
102,26,Fiorentina,Hellas Verona,1,1
102,27,Fiorentina,Hellas Verona,1,1
102,28,Fiorentina,Hellas Verona,1,1
102,29,Fiorentina,Hellas Verona,1,1
102,30,Fiorentina,Hellas Verona,1,1
102,31,Fiorentina,Hellas Verona,1,1
102,32,Fiorentina,Hellas Verona,1,1
102,33,Fiorentina,Hellas Verona,1,1
102,34,Fiorentina,Hellas Verona,1,1
102,35,Fiorentina,Hellas Verona,1,1
102,36,Fiorentina,Hellas Verona,1,1
102,37,Fiorentina,Hellas Verona,1,1
102,38,Fiorentina,Hellas Verona,1,1
102,39,Fiorentina,Hellas Verona,1,1
102,40,Fiorentina,Hellas Verona,1,1
102,41,Fiorentina,Hellas Verona,1,1
102,42,Fiorentina,Hellas Verona,1,1
102,43,Fiorentina,Hellas Verona,1,1
102,44,Fiorentina,Hellas Verona,1,1
102,45,Fiorentina,Hellas Verona,1,1
102,46,Fiorentina,Hellas Verona,1,1
102,47,Fiorentina,Hellas Verona,1,1
102,48,Fiorentina,Hellas Verona,1,1
102,49,Fiorentina,Hellas Verona,1,1
102,50,Fiorentina,Hellas Verona,1,1
102,51,Fiorentina,Hellas Verona,1,1
102,52,Fiorentina,Hellas Verona,1,1
102,53,Fiorentina,Hellas Verona,1,1
102,54,Fiorentina,Hellas Verona,1,1
102,55,Fiorentina,Hellas Verona,1,1
102,56,Fiorentina,Hellas Verona,1,1
102,57,Fiorentina,Hellas Verona,1,1
102,58,Fiorentina,Hellas Verona,1,1
102,59,Fiorentina,Hellas Verona,2,1
102,60,Fiorentina,Hellas Verona,2,1
102,61,Fiorentina,Hellas Verona,2,1
102,62,Fiorentina,Hellas Verona,2,1
102,63,Fiorentina,Hellas Verona,2,1
102,64,Fiorentina,Hellas Verona,2,1
102,65,Fiorentina,Hellas Verona,2,1
102,66,Fiorentina,Hellas Verona,2,1
102,67,Fiorentina,Hellas Verona,2,1
102,68,Fiorentina,Hellas Verona,2,1
102,69,Fiorentina,Hellas Verona,2,1
102,70,Fiorentina,Hellas Verona,2,1
102,71,Fiorentina,Hellas Verona,2,1
102,72,Fiorentina,Hellas Verona,2,1
102,73,Fiorentina,Hellas Verona,2,1
102,74,Fiorentina,Hellas Verona,2,1
102,75,Fiorentina,Hellas Verona,2,1
102,76,Fiorentina,Hellas Verona,2,1
102,77,Fiorentina,Hellas Verona,2,1
102,78,Fiorentina,Hellas Verona,2,1
102,79,Fiorentina,Hellas Verona,2,1
102,80,Fiorentina,Hellas Verona,2,1
102,81,Fiorentina,Hellas Verona,2,1
102,82,Fiorentina,Hellas Verona,2,1
102,83,Fiorentina,Hellas Verona,2,1
102,84,Fiorentina,Hellas Verona,2,1
102,85,Fiorentina,Hellas Verona,2,1
102,86,Fiorentina,Hellas Verona,2,1
102,87,Fiorentina,Hellas Verona,2,1
102,88,Fiorentina,Hellas Verona,2,1
102,89,Fiorentina,Hellas Verona,2,1
102,90,Fiorentina,Hellas Verona,3,1
103,1,Fiorentina,Inter Milan,0,0
103,2,Fiorentina,Inter Milan,0,0
103,3,Fiorentina,Inter Milan,0,0
103,4,Fiorentina,Inter Milan,0,0
103,5,Fiorentina,Inter Milan,0,0
103,6,Fiorentina,Inter Milan,0,0
103,7,Fiorentina,Inter Milan,0,0
103,8,Fiorentina,Inter Milan,0,0
103,9,Fiorentina,Inter Milan,0,0
103,10,Fiorentina,Inter Milan,0,0
103,11,Fiorentina,Inter Milan,0,0
103,12,Fiorentina,Inter Milan,0,0
103,13,Fiorentina,Inter Milan,0,0
103,14,Fiorentina,Inter Milan,0,0
103,15,Fiorentina,Inter Milan,0,0
103,16,Fiorentina,Inter Milan,0,0
103,17,Fiorentina,Inter Milan,0,0
103,18,Fiorentina,Inter Milan,0,0
103,19,Fiorentina,Inter Milan,0,0
103,20,Fiorentina,Inter Milan,0,0
103,21,Fiorentina,Inter Milan,0,0
103,22,Fiorentina,Inter Milan,0,0
103,23,Fiorentina,Inter Milan,0,0
103,24,Fiorentina,Inter Milan,0,0
103,25,Fiorentina,Inter Milan,0,0
103,26,Fiorentina,Inter Milan,0,0
103,27,Fiorentina,Inter Milan,0,0
103,28,Fiorentina,Inter Milan,0,0
103,29,Fiorentina,Inter Milan,0,0
103,30,Fiorentina,Inter Milan,0,0
103,31,Fiorentina,Inter Milan,0,0
103,32,Fiorentina,Inter Milan,0,0
103,33,Fiorentina,Inter Milan,0,0
103,34,Fiorentina,Inter Milan,0,0
103,35,Fiorentina,Inter Milan,0,0
103,36,Fiorentina,Inter Milan,0,0
103,37,Fiorentina,Inter Milan,0,0
103,38,Fiorentina,Inter Milan,0,0
103,39,Fiorentina,Inter Milan,0,0
103,40,Fiorentina,Inter Milan,0,0
103,41,Fiorentina,Inter Milan,0,0
103,42,Fiorentina,Inter Milan,0,0
103,43,Fiorentina,Inter Milan,0,0
103,44,Fiorentina,Inter Milan,0,0
103,45,Fiorentina,Inter Milan,0,0
103,46,Fiorentina,Inter Milan,0,0
103,47,Fiorentina,Inter Milan,0,0
103,48,Fiorentina,Inter Milan,0,0
103,49,Fiorentina,Inter Milan,0,0
103,50,Fiorentina,Inter Milan,0,0
103,51,Fiorentina,Inter Milan,0,0
103,52,Fiorentina,Inter Milan,0,0
103,53,Fiorentina,Inter Milan,0,0
103,54,Fiorentina,Inter Milan,0,0
103,55,Fiorentina,Inter Milan,0,0
103,56,Fiorentina,Inter Milan,0,0
103,57,Fiorentina,Inter Milan,0,0
103,58,Fiorentina,Inter Milan,0,0
103,59,Fiorentina,Inter Milan,1,0
103,60,Fiorentina,Inter Milan,1,0
103,61,Fiorentina,Inter Milan,1,0
103,62,Fiorentina,Inter Milan,1,0
103,63,Fiorentina,Inter Milan,1,0
103,64,Fiorentina,Inter Milan,1,0
103,65,Fiorentina,Inter Milan,1,0
103,66,Fiorentina,Inter Milan,1,0
103,67,Fiorentina,Inter Milan,1,0
103,68,Fiorentina,Inter Milan,2,0
103,69,Fiorentina,Inter Milan,2,0
103,70,Fiorentina,Inter Milan,2,0
103,71,Fiorentina,Inter Milan,2,0
103,72,Fiorentina,Inter Milan,2,0
103,73,Fiorentina,Inter Milan,2,0
103,74,Fiorentina,Inter Milan,2,0
103,75,Fiorentina,Inter Milan,2,0
103,76,Fiorentina,Inter Milan,2,0
103,77,Fiorentina,Inter Milan,2,0
103,78,Fiorentina,Inter Milan,2,0
103,79,Fiorentina,Inter Milan,2,0
103,80,Fiorentina,Inter Milan,2,0
103,81,Fiorentina,Inter Milan,2,0
103,82,Fiorentina,Inter Milan,2,0
103,83,Fiorentina,Inter Milan,2,0
103,84,Fiorentina,Inter Milan,2,0
103,85,Fiorentina,Inter Milan,2,0
103,86,Fiorentina,Inter Milan,2,0
103,87,Fiorentina,Inter Milan,2,0
103,88,Fiorentina,Inter Milan,2,0
103,89,Fiorentina,Inter Milan,3,0
103,90,Fiorentina,Inter Milan,3,0
104,1,Fiorentina,Juventus,0,0
104,2,Fiorentina,Juventus,0,0
104,3,Fiorentina,Juventus,0,0
104,4,Fiorentina,Juventus,0,0
104,5,Fiorentina,Juventus,0,0
104,6,Fiorentina,Juventus,0,0
104,7,Fiorentina,Juventus,0,0
104,8,Fiorentina,Juventus,0,0
104,9,Fiorentina,Juventus,0,0
104,10,Fiorentina,Juventus,0,0
104,11,Fiorentina,Juventus,0,0
104,12,Fiorentina,Juventus,0,0
104,13,Fiorentina,Juventus,0,0
104,14,Fiorentina,Juventus,0,0
104,15,Fiorentina,Juventus,1,0
104,16,Fiorentina,Juventus,1,0
104,17,Fiorentina,Juventus,1,0
104,18,Fiorentina,Juventus,2,0
104,19,Fiorentina,Juventus,2,0
104,20,Fiorentina,Juventus,2,0
104,21,Fiorentina,Juventus,2,0
104,22,Fiorentina,Juventus,2,0
104,23,Fiorentina,Juventus,2,0
104,24,Fiorentina,Juventus,2,0
104,25,Fiorentina,Juventus,2,0
104,26,Fiorentina,Juventus,2,0
104,27,Fiorentina,Juventus,2,0
104,28,Fiorentina,Juventus,2,0
104,29,Fiorentina,Juventus,2,0
104,30,Fiorentina,Juventus,2,0
104,31,Fiorentina,Juventus,2,0
104,32,Fiorentina,Juventus,2,0
104,33,Fiorentina,Juventus,2,0
104,34,Fiorentina,Juventus,2,0
104,35,Fiorentina,Juventus,2,0
104,36,Fiorentina,Juventus,2,0
104,37,Fiorentina,Juventus,2,0
104,38,Fiorentina,Juventus,2,0
104,39,Fiorentina,Juventus,2,0
104,40,Fiorentina,Juventus,2,0
104,41,Fiorentina,Juventus,2,0
104,42,Fiorentina,Juventus,2,0
104,43,Fiorentina,Juventus,2,0
104,44,Fiorentina,Juventus,2,0
104,45,Fiorentina,Juventus,2,0
104,46,Fiorentina,Juventus,2,0
104,47,Fiorentina,Juventus,2,0
104,48,Fiorentina,Juventus,2,0
104,49,Fiorentina,Juventus,2,0
104,50,Fiorentina,Juventus,2,0
104,51,Fiorentina,Juventus,2,0
104,52,Fiorentina,Juventus,2,0
104,53,Fiorentina,Juventus,3,0
104,54,Fiorentina,Juventus,3,0
104,55,Fiorentina,Juventus,3,0
104,56,Fiorentina,Juventus,3,0
104,57,Fiorentina,Juventus,3,0
104,58,Fiorentina,Juventus,3,0
104,59,Fiorentina,Juventus,3,0
104,60,Fiorentina,Juventus,3,0
104,61,Fiorentina,Juventus,3,0
104,62,Fiorentina,Juventus,3,0
104,63,Fiorentina,Juventus,3,0
104,64,Fiorentina,Juventus,3,0
104,65,Fiorentina,Juventus,3,0
104,66,Fiorentina,Juventus,3,0
104,67,Fiorentina,Juventus,3,0
104,68,Fiorentina,Juventus,3,0
104,69,Fiorentina,Juventus,3,0
104,70,Fiorentina,Juventus,3,0
104,71,Fiorentina,Juventus,3,0
104,72,Fiorentina,Juventus,3,0
104,73,Fiorentina,Juventus,3,0
104,74,Fiorentina,Juventus,3,0
104,75,Fiorentina,Juventus,3,0
104,76,Fiorentina,Juventus,3,0
104,77,Fiorentina,Juventus,3,0
104,78,Fiorentina,Juventus,3,0
104,79,Fiorentina,Juventus,3,0
104,80,Fiorentina,Juventus,3,0
104,81,Fiorentina,Juventus,3,0
104,82,Fiorentina,Juventus,3,0
104,83,Fiorentina,Juventus,3,0
104,84,Fiorentina,Juventus,3,0
104,85,Fiorentina,Juventus,3,0
104,86,Fiorentina,Juventus,3,0
104,87,Fiorentina,Juventus,3,0
104,88,Fiorentina,Juventus,3,0
104,89,Fiorentina,Juventus,3,0
104,90,Fiorentina,Juventus,3,0
105,1,Fiorentina,Lazio,0,0
105,2,Fiorentina,Lazio,0,0
105,3,Fiorentina,Lazio,0,0
105,4,Fiorentina,Lazio,0,0
105,5,Fiorentina,Lazio,0,0
105,6,Fiorentina,Lazio,0,0
105,7,Fiorentina,Lazio,0,0
105,8,Fiorentina,Lazio,0,0
105,9,Fiorentina,Lazio,0,0
105,10,Fiorentina,Lazio,0,0
105,11,Fiorentina,Lazio,0,0
105,12,Fiorentina,Lazio,0,0
105,13,Fiorentina,Lazio,0,0
105,14,Fiorentina,Lazio,0,0
105,15,Fiorentina,Lazio,0,0
105,16,Fiorentina,Lazio,0,0
105,17,Fiorentina,Lazio,0,0
105,18,Fiorentina,Lazio,0,0
105,19,Fiorentina,Lazio,0,0
105,20,Fiorentina,Lazio,0,0
105,21,Fiorentina,Lazio,0,0
105,22,Fiorentina,Lazio,0,0
105,23,Fiorentina,Lazio,0,0
105,24,Fiorentina,Lazio,0,0
105,25,Fiorentina,Lazio,0,0
105,26,Fiorentina,Lazio,0,0
105,27,Fiorentina,Lazio,0,0
105,28,Fiorentina,Lazio,0,0
105,29,Fiorentina,Lazio,0,0
105,30,Fiorentina,Lazio,0,0
105,31,Fiorentina,Lazio,0,0
105,32,Fiorentina,Lazio,0,0
105,33,Fiorentina,Lazio,0,0
105,34,Fiorentina,Lazio,0,0
105,35,Fiorentina,Lazio,0,0
105,36,Fiorentina,Lazio,0,0
105,37,Fiorentina,Lazio,0,0
105,38,Fiorentina,Lazio,0,0
105,39,Fiorentina,Lazio,0,0
105,40,Fiorentina,Lazio,0,0
105,41,Fiorentina,Lazio,0,1
105,42,Fiorentina,Lazio,0,1
105,43,Fiorentina,Lazio,0,1
105,44,Fiorentina,Lazio,0,1
105,45,Fiorentina,Lazio,0,1
105,46,Fiorentina,Lazio,0,1
105,47,Fiorentina,Lazio,0,1
105,48,Fiorentina,Lazio,0,1
105,49,Fiorentina,Lazio,1,1
105,50,Fiorentina,Lazio,1,1
105,51,Fiorentina,Lazio,1,1
105,52,Fiorentina,Lazio,1,1
105,53,Fiorentina,Lazio,1,1
105,54,Fiorentina,Lazio,1,1
105,55,Fiorentina,Lazio,1,1
105,56,Fiorentina,Lazio,1,1
105,57,Fiorentina,Lazio,1,1
105,58,Fiorentina,Lazio,1,1
105,59,Fiorentina,Lazio,1,1
105,60,Fiorentina,Lazio,1,1
105,61,Fiorentina,Lazio,1,1
105,62,Fiorentina,Lazio,1,1
105,63,Fiorentina,Lazio,1,1
105,64,Fiorentina,Lazio,1,1
105,65,Fiorentina,Lazio,1,1
105,66,Fiorentina,Lazio,1,1
105,67,Fiorentina,Lazio,1,1
105,68,Fiorentina,Lazio,1,1
105,69,Fiorentina,Lazio,1,1
105,70,Fiorentina,Lazio,1,1
105,71,Fiorentina,Lazio,1,1
105,72,Fiorentina,Lazio,1,1
105,73,Fiorentina,Lazio,1,1
105,74,Fiorentina,Lazio,1,1
105,75,Fiorentina,Lazio,1,1
105,76,Fiorentina,Lazio,1,1
105,77,Fiorentina,Lazio,1,1
105,78,Fiorentina,Lazio,1,1
105,79,Fiorentina,Lazio,1,1
105,80,Fiorentina,Lazio,1,1
105,81,Fiorentina,Lazio,1,1
105,82,Fiorentina,Lazio,1,1
105,83,Fiorentina,Lazio,1,1
105,84,Fiorentina,Lazio,1,1
105,85,Fiorentina,Lazio,1,1
105,86,Fiorentina,Lazio,1,1
105,87,Fiorentina,Lazio,1,1
105,88,Fiorentina,Lazio,1,1
105,89,Fiorentina,Lazio,1,1
105,90,Fiorentina,Lazio,2,1
106,1,Fiorentina,Lecce,0,0
106,2,Fiorentina,Lecce,0,0
106,3,Fiorentina,Lecce,0,0
106,4,Fiorentina,Lecce,0,0
106,5,Fiorentina,Lecce,0,0
106,6,Fiorentina,Lecce,0,0
106,7,Fiorentina,Lecce,0,0
106,8,Fiorentina,Lecce,0,0
106,9,Fiorentina,Lecce,1,0
106,10,Fiorentina,Lecce,1,0
106,11,Fiorentina,Lecce,1,0
106,12,Fiorentina,Lecce,1,0
106,13,Fiorentina,Lecce,1,0
106,14,Fiorentina,Lecce,1,0
106,15,Fiorentina,Lecce,1,0
106,16,Fiorentina,Lecce,1,0
106,17,Fiorentina,Lecce,1,0
106,18,Fiorentina,Lecce,1,0
106,19,Fiorentina,Lecce,1,0
106,20,Fiorentina,Lecce,1,0
106,21,Fiorentina,Lecce,1,0
106,22,Fiorentina,Lecce,1,0
106,23,Fiorentina,Lecce,1,0
106,24,Fiorentina,Lecce,1,0
106,25,Fiorentina,Lecce,1,0
106,26,Fiorentina,Lecce,1,0
106,27,Fiorentina,Lecce,1,0
106,28,Fiorentina,Lecce,1,0
106,29,Fiorentina,Lecce,1,0
106,30,Fiorentina,Lecce,1,0
106,31,Fiorentina,Lecce,1,0
106,32,Fiorentina,Lecce,1,0
106,33,Fiorentina,Lecce,1,0
106,34,Fiorentina,Lecce,1,0
106,35,Fiorentina,Lecce,1,0
106,36,Fiorentina,Lecce,1,0
106,37,Fiorentina,Lecce,1,0
106,38,Fiorentina,Lecce,1,0
106,39,Fiorentina,Lecce,1,0
106,40,Fiorentina,Lecce,1,0
106,41,Fiorentina,Lecce,1,0
106,42,Fiorentina,Lecce,1,0
106,43,Fiorentina,Lecce,1,0
106,44,Fiorentina,Lecce,1,0
106,45,Fiorentina,Lecce,1,0
106,46,Fiorentina,Lecce,1,0
106,47,Fiorentina,Lecce,1,0
106,48,Fiorentina,Lecce,1,0
106,49,Fiorentina,Lecce,1,0
106,50,Fiorentina,Lecce,1,0
106,51,Fiorentina,Lecce,1,0
106,52,Fiorentina,Lecce,1,0
106,53,Fiorentina,Lecce,1,0
106,54,Fiorentina,Lecce,1,0
106,55,Fiorentina,Lecce,1,0
106,56,Fiorentina,Lecce,1,0
106,57,Fiorentina,Lecce,1,0
106,58,Fiorentina,Lecce,1,0
106,59,Fiorentina,Lecce,1,0
106,60,Fiorentina,Lecce,1,0
106,61,Fiorentina,Lecce,1,0
106,62,Fiorentina,Lecce,1,0
106,63,Fiorentina,Lecce,1,0
106,64,Fiorentina,Lecce,1,0
106,65,Fiorentina,Lecce,1,0
106,66,Fiorentina,Lecce,1,0
106,67,Fiorentina,Lecce,1,0
106,68,Fiorentina,Lecce,1,0
106,69,Fiorentina,Lecce,1,0
106,70,Fiorentina,Lecce,1,0
106,71,Fiorentina,Lecce,1,0
106,72,Fiorentina,Lecce,1,0
106,73,Fiorentina,Lecce,1,0
106,74,Fiorentina,Lecce,1,0
106,75,Fiorentina,Lecce,1,0
106,76,Fiorentina,Lecce,1,0
106,77,Fiorentina,Lecce,1,0
106,78,Fiorentina,Lecce,1,0
106,79,Fiorentina,Lecce,1,0
106,80,Fiorentina,Lecce,1,0
106,81,Fiorentina,Lecce,1,0
106,82,Fiorentina,Lecce,1,0
106,83,Fiorentina,Lecce,1,0
106,84,Fiorentina,Lecce,1,0
106,85,Fiorentina,Lecce,1,0
106,86,Fiorentina,Lecce,1,0
106,87,Fiorentina,Lecce,1,0
106,88,Fiorentina,Lecce,1,0
106,89,Fiorentina,Lecce,1,0
106,90,Fiorentina,Lecce,1,0
107,1,Fiorentina,AC Milan,0,0
107,2,Fiorentina,AC Milan,0,0
107,3,Fiorentina,AC Milan,0,0
107,4,Fiorentina,AC Milan,0,0
107,5,Fiorentina,AC Milan,0,0
107,6,Fiorentina,AC Milan,0,0
107,7,Fiorentina,AC Milan,0,0
107,8,Fiorentina,AC Milan,0,0
107,9,Fiorentina,AC Milan,0,0
107,10,Fiorentina,AC Milan,0,0
107,11,Fiorentina,AC Milan,0,0
107,12,Fiorentina,AC Milan,0,0
107,13,Fiorentina,AC Milan,0,0
107,14,Fiorentina,AC Milan,0,0
107,15,Fiorentina,AC Milan,0,0
107,16,Fiorentina,AC Milan,0,0
107,17,Fiorentina,AC Milan,0,0
107,18,Fiorentina,AC Milan,0,0
107,19,Fiorentina,AC Milan,0,0
107,20,Fiorentina,AC Milan,0,0
107,21,Fiorentina,AC Milan,0,0
107,22,Fiorentina,AC Milan,0,0
107,23,Fiorentina,AC Milan,0,0
107,24,Fiorentina,AC Milan,0,0
107,25,Fiorentina,AC Milan,0,0
107,26,Fiorentina,AC Milan,0,0
107,27,Fiorentina,AC Milan,0,0
107,28,Fiorentina,AC Milan,0,0
107,29,Fiorentina,AC Milan,0,0
107,30,Fiorentina,AC Milan,0,0
107,31,Fiorentina,AC Milan,0,0
107,32,Fiorentina,AC Milan,0,0
107,33,Fiorentina,AC Milan,0,0
107,34,Fiorentina,AC Milan,0,0
107,35,Fiorentina,AC Milan,1,0
107,36,Fiorentina,AC Milan,1,0
107,37,Fiorentina,AC Milan,1,0
107,38,Fiorentina,AC Milan,1,0
107,39,Fiorentina,AC Milan,1,0
107,40,Fiorentina,AC Milan,1,0
107,41,Fiorentina,AC Milan,1,0
107,42,Fiorentina,AC Milan,1,0
107,43,Fiorentina,AC Milan,1,0
107,44,Fiorentina,AC Milan,1,0
107,45,Fiorentina,AC Milan,1,0
107,46,Fiorentina,AC Milan,1,0
107,47,Fiorentina,AC Milan,1,0
107,48,Fiorentina,AC Milan,1,0
107,49,Fiorentina,AC Milan,1,0
107,50,Fiorentina,AC Milan,1,0
107,51,Fiorentina,AC Milan,1,0
107,52,Fiorentina,AC Milan,1,0
107,53,Fiorentina,AC Milan,1,0
107,54,Fiorentina,AC Milan,1,0
107,55,Fiorentina,AC Milan,1,0
107,56,Fiorentina,AC Milan,1,0
107,57,Fiorentina,AC Milan,1,0
107,58,Fiorentina,AC Milan,1,0
107,59,Fiorentina,AC Milan,1,0
107,60,Fiorentina,AC Milan,1,1
107,61,Fiorentina,AC Milan,1,1
107,62,Fiorentina,AC Milan,1,1
107,63,Fiorentina,AC Milan,1,1
107,64,Fiorentina,AC Milan,1,1
107,65,Fiorentina,AC Milan,1,1
107,66,Fiorentina,AC Milan,1,1
107,67,Fiorentina,AC Milan,1,1
107,68,Fiorentina,AC Milan,1,1
107,69,Fiorentina,AC Milan,1,1
107,70,Fiorentina,AC Milan,1,1
107,71,Fiorentina,AC Milan,1,1
107,72,Fiorentina,AC Milan,1,1
107,73,Fiorentina,AC Milan,2,1
107,74,Fiorentina,AC Milan,2,1
107,75,Fiorentina,AC Milan,2,1
107,76,Fiorentina,AC Milan,2,1
107,77,Fiorentina,AC Milan,2,1
107,78,Fiorentina,AC Milan,2,1
107,79,Fiorentina,AC Milan,2,1
107,80,Fiorentina,AC Milan,2,1
107,81,Fiorentina,AC Milan,2,1
107,82,Fiorentina,AC Milan,2,1
107,83,Fiorentina,AC Milan,2,1
107,84,Fiorentina,AC Milan,2,1
107,85,Fiorentina,AC Milan,2,1
107,86,Fiorentina,AC Milan,2,1
107,87,Fiorentina,AC Milan,2,1
107,88,Fiorentina,AC Milan,2,1
107,89,Fiorentina,AC Milan,2,1
107,90,Fiorentina,AC Milan,2,1
108,1,Fiorentina,Monza,0,0
108,2,Fiorentina,Monza,0,0
108,3,Fiorentina,Monza,0,0
108,4,Fiorentina,Monza,0,0
108,5,Fiorentina,Monza,0,0
108,6,Fiorentina,Monza,0,0
108,7,Fiorentina,Monza,0,0
108,8,Fiorentina,Monza,0,0
108,9,Fiorentina,Monza,0,0
108,10,Fiorentina,Monza,0,0
108,11,Fiorentina,Monza,0,0
108,12,Fiorentina,Monza,0,0
108,13,Fiorentina,Monza,0,0
108,14,Fiorentina,Monza,0,0
108,15,Fiorentina,Monza,0,0
108,16,Fiorentina,Monza,0,0
108,17,Fiorentina,Monza,0,0
108,18,Fiorentina,Monza,0,1
108,19,Fiorentina,Monza,0,1
108,20,Fiorentina,Monza,0,1
108,21,Fiorentina,Monza,0,1
108,22,Fiorentina,Monza,0,1
108,23,Fiorentina,Monza,0,1
108,24,Fiorentina,Monza,0,1
108,25,Fiorentina,Monza,0,1
108,26,Fiorentina,Monza,0,1
108,27,Fiorentina,Monza,0,1
108,28,Fiorentina,Monza,0,1
108,29,Fiorentina,Monza,0,1
108,30,Fiorentina,Monza,0,1
108,31,Fiorentina,Monza,0,1
108,32,Fiorentina,Monza,0,2
108,33,Fiorentina,Monza,0,2
108,34,Fiorentina,Monza,0,2
108,35,Fiorentina,Monza,0,2
108,36,Fiorentina,Monza,0,2
108,37,Fiorentina,Monza,0,2
108,38,Fiorentina,Monza,0,2
108,39,Fiorentina,Monza,0,2
108,40,Fiorentina,Monza,0,2
108,41,Fiorentina,Monza,0,2
108,42,Fiorentina,Monza,0,2
108,43,Fiorentina,Monza,0,2
108,44,Fiorentina,Monza,0,2
108,45,Fiorentina,Monza,1,2
108,46,Fiorentina,Monza,1,2
108,47,Fiorentina,Monza,1,2
108,48,Fiorentina,Monza,1,2
108,49,Fiorentina,Monza,1,2
108,50,Fiorentina,Monza,1,2
108,51,Fiorentina,Monza,1,2
108,52,Fiorentina,Monza,1,2
108,53,Fiorentina,Monza,1,2
108,54,Fiorentina,Monza,1,2
108,55,Fiorentina,Monza,1,2
108,56,Fiorentina,Monza,1,2
108,57,Fiorentina,Monza,1,2
108,58,Fiorentina,Monza,1,2
108,59,Fiorentina,Monza,1,2
108,60,Fiorentina,Monza,1,2
108,61,Fiorentina,Monza,1,2
108,62,Fiorentina,Monza,1,2
108,63,Fiorentina,Monza,1,2
108,64,Fiorentina,Monza,1,2
108,65,Fiorentina,Monza,1,2
108,66,Fiorentina,Monza,1,2
108,67,Fiorentina,Monza,1,2
108,68,Fiorentina,Monza,1,2
108,69,Fiorentina,Monza,1,2
108,70,Fiorentina,Monza,1,2
108,71,Fiorentina,Monza,1,2
108,72,Fiorentina,Monza,1,2
108,73,Fiorentina,Monza,1,2
108,74,Fiorentina,Monza,1,2
108,75,Fiorentina,Monza,1,2
108,76,Fiorentina,Monza,1,2
108,77,Fiorentina,Monza,1,2
108,78,Fiorentina,Monza,1,2
108,79,Fiorentina,Monza,1,2
108,80,Fiorentina,Monza,1,2
108,81,Fiorentina,Monza,1,2
108,82,Fiorentina,Monza,1,2
108,83,Fiorentina,Monza,1,2
108,84,Fiorentina,Monza,1,2
108,85,Fiorentina,Monza,1,2
108,86,Fiorentina,Monza,1,2
108,87,Fiorentina,Monza,1,2
108,88,Fiorentina,Monza,1,2
108,89,Fiorentina,Monza,1,2
108,90,Fiorentina,Monza,2,2
109,1,Fiorentina,Napoli,0,0
109,2,Fiorentina,Napoli,0,0
109,3,Fiorentina,Napoli,0,0
109,4,Fiorentina,Napoli,0,0
109,5,Fiorentina,Napoli,0,0
109,6,Fiorentina,Napoli,0,0
109,7,Fiorentina,Napoli,0,0
109,8,Fiorentina,Napoli,0,0
109,9,Fiorentina,Napoli,0,0
109,10,Fiorentina,Napoli,0,0
109,11,Fiorentina,Napoli,0,0
109,12,Fiorentina,Napoli,0,0
109,13,Fiorentina,Napoli,0,0
109,14,Fiorentina,Napoli,0,0
109,15,Fiorentina,Napoli,0,0
109,16,Fiorentina,Napoli,0,0
109,17,Fiorentina,Napoli,0,0
109,18,Fiorentina,Napoli,0,0
109,19,Fiorentina,Napoli,0,0
109,20,Fiorentina,Napoli,0,0
109,21,Fiorentina,Napoli,0,0
109,22,Fiorentina,Napoli,0,0
109,23,Fiorentina,Napoli,0,0
109,24,Fiorentina,Napoli,0,0
109,25,Fiorentina,Napoli,0,0
109,26,Fiorentina,Napoli,0,0
109,27,Fiorentina,Napoli,0,0
109,28,Fiorentina,Napoli,0,0
109,29,Fiorentina,Napoli,0,1
109,30,Fiorentina,Napoli,0,1
109,31,Fiorentina,Napoli,0,1
109,32,Fiorentina,Napoli,0,1
109,33,Fiorentina,Napoli,0,1
109,34,Fiorentina,Napoli,0,1
109,35,Fiorentina,Napoli,0,1
109,36,Fiorentina,Napoli,0,1
109,37,Fiorentina,Napoli,0,1
109,38,Fiorentina,Napoli,0,1
109,39,Fiorentina,Napoli,0,1
109,40,Fiorentina,Napoli,0,1
109,41,Fiorentina,Napoli,0,1
109,42,Fiorentina,Napoli,0,1
109,43,Fiorentina,Napoli,0,1
109,44,Fiorentina,Napoli,0,1
109,45,Fiorentina,Napoli,0,1
109,46,Fiorentina,Napoli,0,1
109,47,Fiorentina,Napoli,0,1
109,48,Fiorentina,Napoli,0,1
109,49,Fiorentina,Napoli,0,1
109,50,Fiorentina,Napoli,0,1
109,51,Fiorentina,Napoli,0,1
109,52,Fiorentina,Napoli,0,1
109,53,Fiorentina,Napoli,0,1
109,54,Fiorentina,Napoli,0,2
109,55,Fiorentina,Napoli,0,2
109,56,Fiorentina,Napoli,0,2
109,57,Fiorentina,Napoli,0,2
109,58,Fiorentina,Napoli,0,2
109,59,Fiorentina,Napoli,0,2
109,60,Fiorentina,Napoli,0,2
109,61,Fiorentina,Napoli,0,2
109,62,Fiorentina,Napoli,0,2
109,63,Fiorentina,Napoli,0,2
109,64,Fiorentina,Napoli,0,2
109,65,Fiorentina,Napoli,0,2
109,66,Fiorentina,Napoli,0,2
109,67,Fiorentina,Napoli,0,2
109,68,Fiorentina,Napoli,0,3
109,69,Fiorentina,Napoli,0,3
109,70,Fiorentina,Napoli,0,3
109,71,Fiorentina,Napoli,0,3
109,72,Fiorentina,Napoli,0,3
109,73,Fiorentina,Napoli,0,3
109,74,Fiorentina,Napoli,0,3
109,75,Fiorentina,Napoli,0,3
109,76,Fiorentina,Napoli,0,3
109,77,Fiorentina,Napoli,0,3
109,78,Fiorentina,Napoli,0,3
109,79,Fiorentina,Napoli,0,3
109,80,Fiorentina,Napoli,0,3
109,81,Fiorentina,Napoli,0,3
109,82,Fiorentina,Napoli,0,3
109,83,Fiorentina,Napoli,0,3
109,84,Fiorentina,Napoli,0,3
109,85,Fiorentina,Napoli,0,3
109,86,Fiorentina,Napoli,0,3
109,87,Fiorentina,Napoli,0,3
109,88,Fiorentina,Napoli,0,3
109,89,Fiorentina,Napoli,0,3
109,90,Fiorentina,Napoli,0,3
110,1,Fiorentina,Parma,0,0
110,2,Fiorentina,Parma,0,0
110,3,Fiorentina,Parma,0,0
110,4,Fiorentina,Parma,0,0
110,5,Fiorentina,Parma,0,0
110,6,Fiorentina,Parma,0,0
110,7,Fiorentina,Parma,0,0
110,8,Fiorentina,Parma,0,0
110,9,Fiorentina,Parma,0,0
110,10,Fiorentina,Parma,0,0
110,11,Fiorentina,Parma,0,0
110,12,Fiorentina,Parma,0,0
110,13,Fiorentina,Parma,0,0
110,14,Fiorentina,Parma,0,0
110,15,Fiorentina,Parma,0,0
110,16,Fiorentina,Parma,0,0
110,17,Fiorentina,Parma,0,0
110,18,Fiorentina,Parma,0,0
110,19,Fiorentina,Parma,0,0
110,20,Fiorentina,Parma,0,0
110,21,Fiorentina,Parma,0,0
110,22,Fiorentina,Parma,0,0
110,23,Fiorentina,Parma,0,0
110,24,Fiorentina,Parma,0,0
110,25,Fiorentina,Parma,0,0
110,26,Fiorentina,Parma,0,0
110,27,Fiorentina,Parma,0,0
110,28,Fiorentina,Parma,0,0
110,29,Fiorentina,Parma,0,0
110,30,Fiorentina,Parma,0,0
110,31,Fiorentina,Parma,0,0
110,32,Fiorentina,Parma,0,0
110,33,Fiorentina,Parma,0,0
110,34,Fiorentina,Parma,0,0
110,35,Fiorentina,Parma,0,0
110,36,Fiorentina,Parma,0,0
110,37,Fiorentina,Parma,0,0
110,38,Fiorentina,Parma,0,0
110,39,Fiorentina,Parma,0,0
110,40,Fiorentina,Parma,0,0
110,41,Fiorentina,Parma,0,0
110,42,Fiorentina,Parma,0,0
110,43,Fiorentina,Parma,0,0
110,44,Fiorentina,Parma,0,0
110,45,Fiorentina,Parma,0,0
110,46,Fiorentina,Parma,0,0
110,47,Fiorentina,Parma,0,0
110,48,Fiorentina,Parma,0,0
110,49,Fiorentina,Parma,0,0
110,50,Fiorentina,Parma,0,0
110,51,Fiorentina,Parma,0,0
110,52,Fiorentina,Parma,0,0
110,53,Fiorentina,Parma,0,0
110,54,Fiorentina,Parma,0,0
110,55,Fiorentina,Parma,0,0
110,56,Fiorentina,Parma,0,0
110,57,Fiorentina,Parma,0,0
110,58,Fiorentina,Parma,0,0
110,59,Fiorentina,Parma,0,0
110,60,Fiorentina,Parma,0,0
110,61,Fiorentina,Parma,0,0
110,62,Fiorentina,Parma,0,0
110,63,Fiorentina,Parma,0,0
110,64,Fiorentina,Parma,0,0
110,65,Fiorentina,Parma,0,0
110,66,Fiorentina,Parma,0,0
110,67,Fiorentina,Parma,0,0
110,68,Fiorentina,Parma,0,0
110,69,Fiorentina,Parma,0,0
110,70,Fiorentina,Parma,0,0
110,71,Fiorentina,Parma,0,0
110,72,Fiorentina,Parma,0,0
110,73,Fiorentina,Parma,0,0
110,74,Fiorentina,Parma,0,0
110,75,Fiorentina,Parma,0,0
110,76,Fiorentina,Parma,0,0
110,77,Fiorentina,Parma,0,0
110,78,Fiorentina,Parma,0,0
110,79,Fiorentina,Parma,0,0
110,80,Fiorentina,Parma,0,0
110,81,Fiorentina,Parma,0,0
110,82,Fiorentina,Parma,0,0
110,83,Fiorentina,Parma,0,0
110,84,Fiorentina,Parma,0,0
110,85,Fiorentina,Parma,0,0
110,86,Fiorentina,Parma,0,0
110,87,Fiorentina,Parma,0,0
110,88,Fiorentina,Parma,0,0
110,89,Fiorentina,Parma,0,0
110,90,Fiorentina,Parma,0,0
111,1,Fiorentina,Roma,0,0
111,2,Fiorentina,Roma,0,0
111,3,Fiorentina,Roma,0,0
111,4,Fiorentina,Roma,0,0
111,5,Fiorentina,Roma,0,0
111,6,Fiorentina,Roma,0,0
111,7,Fiorentina,Roma,0,0
111,8,Fiorentina,Roma,0,0
111,9,Fiorentina,Roma,1,0
111,10,Fiorentina,Roma,1,0
111,11,Fiorentina,Roma,1,0
111,12,Fiorentina,Roma,1,0
111,13,Fiorentina,Roma,1,0
111,14,Fiorentina,Roma,1,0
111,15,Fiorentina,Roma,1,0
111,16,Fiorentina,Roma,1,0
111,17,Fiorentina,Roma,2,0
111,18,Fiorentina,Roma,2,0
111,19,Fiorentina,Roma,2,0
111,20,Fiorentina,Roma,2,0
111,21,Fiorentina,Roma,2,0
111,22,Fiorentina,Roma,2,0
111,23,Fiorentina,Roma,2,0
111,24,Fiorentina,Roma,2,0
111,25,Fiorentina,Roma,2,0
111,26,Fiorentina,Roma,2,0
111,27,Fiorentina,Roma,2,0
111,28,Fiorentina,Roma,2,0
111,29,Fiorentina,Roma,2,0
111,30,Fiorentina,Roma,2,0
111,31,Fiorentina,Roma,2,0
111,32,Fiorentina,Roma,2,0
111,33,Fiorentina,Roma,2,0
111,34,Fiorentina,Roma,2,0
111,35,Fiorentina,Roma,2,0
111,36,Fiorentina,Roma,2,0
111,37,Fiorentina,Roma,2,0
111,38,Fiorentina,Roma,2,0
111,39,Fiorentina,Roma,2,1
111,40,Fiorentina,Roma,2,1
111,41,Fiorentina,Roma,3,1
111,42,Fiorentina,Roma,3,1
111,43,Fiorentina,Roma,3,1
111,44,Fiorentina,Roma,3,1
111,45,Fiorentina,Roma,3,1
111,46,Fiorentina,Roma,3,1
111,47,Fiorentina,Roma,3,1
111,48,Fiorentina,Roma,3,1
111,49,Fiorentina,Roma,3,1
111,50,Fiorentina,Roma,3,1
111,51,Fiorentina,Roma,3,1
111,52,Fiorentina,Roma,4,1
111,53,Fiorentina,Roma,4,1
111,54,Fiorentina,Roma,4,1
111,55,Fiorentina,Roma,4,1
111,56,Fiorentina,Roma,4,1
111,57,Fiorentina,Roma,4,1
111,58,Fiorentina,Roma,4,1
111,59,Fiorentina,Roma,4,1
111,60,Fiorentina,Roma,4,1
111,61,Fiorentina,Roma,4,1
111,62,Fiorentina,Roma,4,1
111,63,Fiorentina,Roma,4,1
111,64,Fiorentina,Roma,4,1
111,65,Fiorentina,Roma,4,1
111,66,Fiorentina,Roma,4,1
111,67,Fiorentina,Roma,4,1
111,68,Fiorentina,Roma,4,1
111,69,Fiorentina,Roma,4,1
111,70,Fiorentina,Roma,4,1
111,71,Fiorentina,Roma,5,1
111,72,Fiorentina,Roma,5,1
111,73,Fiorentina,Roma,5,1
111,74,Fiorentina,Roma,5,1
111,75,Fiorentina,Roma,5,1
111,76,Fiorentina,Roma,5,1
111,77,Fiorentina,Roma,5,1
111,78,Fiorentina,Roma,5,1
111,79,Fiorentina,Roma,5,1
111,80,Fiorentina,Roma,5,1
111,81,Fiorentina,Roma,5,1
111,82,Fiorentina,Roma,5,1
111,83,Fiorentina,Roma,5,1
111,84,Fiorentina,Roma,5,1
111,85,Fiorentina,Roma,5,1
111,86,Fiorentina,Roma,5,1
111,87,Fiorentina,Roma,5,1
111,88,Fiorentina,Roma,5,1
111,89,Fiorentina,Roma,5,1
111,90,Fiorentina,Roma,5,1
112,1,Fiorentina,Torino,0,0
112,2,Fiorentina,Torino,0,0
112,3,Fiorentina,Torino,0,0
112,4,Fiorentina,Torino,0,0
112,5,Fiorentina,Torino,0,0
112,6,Fiorentina,Torino,0,0
112,7,Fiorentina,Torino,0,0
112,8,Fiorentina,Torino,0,0
112,9,Fiorentina,Torino,0,0
112,10,Fiorentina,Torino,0,0
112,11,Fiorentina,Torino,0,0
112,12,Fiorentina,Torino,0,0
112,13,Fiorentina,Torino,0,0
112,14,Fiorentina,Torino,0,0
112,15,Fiorentina,Torino,0,0
112,16,Fiorentina,Torino,0,0
112,17,Fiorentina,Torino,0,0
112,18,Fiorentina,Torino,0,0
112,19,Fiorentina,Torino,0,0
112,20,Fiorentina,Torino,0,0
112,21,Fiorentina,Torino,0,0
112,22,Fiorentina,Torino,0,0
112,23,Fiorentina,Torino,0,0
112,24,Fiorentina,Torino,0,0
112,25,Fiorentina,Torino,0,0
112,26,Fiorentina,Torino,0,0
112,27,Fiorentina,Torino,0,0
112,28,Fiorentina,Torino,0,0
112,29,Fiorentina,Torino,0,0
112,30,Fiorentina,Torino,0,0
112,31,Fiorentina,Torino,0,0
112,32,Fiorentina,Torino,0,0
112,33,Fiorentina,Torino,0,0
112,34,Fiorentina,Torino,0,0
112,35,Fiorentina,Torino,0,0
112,36,Fiorentina,Torino,0,0
112,37,Fiorentina,Torino,0,0
112,38,Fiorentina,Torino,1,0
112,39,Fiorentina,Torino,1,0
112,40,Fiorentina,Torino,1,0
112,41,Fiorentina,Torino,1,0
112,42,Fiorentina,Torino,1,0
112,43,Fiorentina,Torino,1,0
112,44,Fiorentina,Torino,1,0
112,45,Fiorentina,Torino,1,0
112,46,Fiorentina,Torino,1,0
112,47,Fiorentina,Torino,1,0
112,48,Fiorentina,Torino,1,0
112,49,Fiorentina,Torino,1,0
112,50,Fiorentina,Torino,1,0
112,51,Fiorentina,Torino,1,0
112,52,Fiorentina,Torino,1,0
112,53,Fiorentina,Torino,1,0
112,54,Fiorentina,Torino,1,0
112,55,Fiorentina,Torino,1,0
112,56,Fiorentina,Torino,1,0
112,57,Fiorentina,Torino,1,0
112,58,Fiorentina,Torino,1,0
112,59,Fiorentina,Torino,1,0
112,60,Fiorentina,Torino,1,0
112,61,Fiorentina,Torino,1,0
112,62,Fiorentina,Torino,1,0
112,63,Fiorentina,Torino,1,0
112,64,Fiorentina,Torino,1,0
112,65,Fiorentina,Torino,1,0
112,66,Fiorentina,Torino,1,0
112,67,Fiorentina,Torino,1,0
112,68,Fiorentina,Torino,1,0
112,69,Fiorentina,Torino,1,0
112,70,Fiorentina,Torino,1,1
112,71,Fiorentina,Torino,1,1
112,72,Fiorentina,Torino,1,1
112,73,Fiorentina,Torino,1,1
112,74,Fiorentina,Torino,1,1
112,75,Fiorentina,Torino,1,1
112,76,Fiorentina,Torino,1,1
112,77,Fiorentina,Torino,1,1
112,78,Fiorentina,Torino,1,1
112,79,Fiorentina,Torino,1,1
112,80,Fiorentina,Torino,1,1
112,81,Fiorentina,Torino,1,1
112,82,Fiorentina,Torino,1,1
112,83,Fiorentina,Torino,1,1
112,84,Fiorentina,Torino,1,1
112,85,Fiorentina,Torino,1,1
112,86,Fiorentina,Torino,1,1
112,87,Fiorentina,Torino,1,1
112,88,Fiorentina,Torino,1,1
112,89,Fiorentina,Torino,1,1
112,90,Fiorentina,Torino,1,1
113,1,Fiorentina,Udinese,0,0
113,2,Fiorentina,Udinese,0,0
113,3,Fiorentina,Udinese,0,0
113,4,Fiorentina,Udinese,0,0
113,5,Fiorentina,Udinese,0,0
113,6,Fiorentina,Udinese,0,0
113,7,Fiorentina,Udinese,0,0
113,8,Fiorentina,Udinese,1,0
113,9,Fiorentina,Udinese,1,0
113,10,Fiorentina,Udinese,1,0
113,11,Fiorentina,Udinese,1,0
113,12,Fiorentina,Udinese,1,0
113,13,Fiorentina,Udinese,1,0
113,14,Fiorentina,Udinese,1,0
113,15,Fiorentina,Udinese,1,0
113,16,Fiorentina,Udinese,1,0
113,17,Fiorentina,Udinese,1,0
113,18,Fiorentina,Udinese,1,0
113,19,Fiorentina,Udinese,1,0
113,20,Fiorentina,Udinese,1,0
113,21,Fiorentina,Udinese,1,0
113,22,Fiorentina,Udinese,1,0
113,23,Fiorentina,Udinese,1,0
113,24,Fiorentina,Udinese,1,0
113,25,Fiorentina,Udinese,1,0
113,26,Fiorentina,Udinese,1,0
113,27,Fiorentina,Udinese,1,0
113,28,Fiorentina,Udinese,1,0
113,29,Fiorentina,Udinese,1,0
113,30,Fiorentina,Udinese,1,0
113,31,Fiorentina,Udinese,1,0
113,32,Fiorentina,Udinese,1,0
113,33,Fiorentina,Udinese,1,0
113,34,Fiorentina,Udinese,1,0
113,35,Fiorentina,Udinese,1,0
113,36,Fiorentina,Udinese,1,0
113,37,Fiorentina,Udinese,1,0
113,38,Fiorentina,Udinese,1,0
113,39,Fiorentina,Udinese,1,0
113,40,Fiorentina,Udinese,1,0
113,41,Fiorentina,Udinese,1,0
113,42,Fiorentina,Udinese,1,0
113,43,Fiorentina,Udinese,1,0
113,44,Fiorentina,Udinese,1,0
113,45,Fiorentina,Udinese,1,0
113,46,Fiorentina,Udinese,1,0
113,47,Fiorentina,Udinese,1,0
113,48,Fiorentina,Udinese,1,0
113,49,Fiorentina,Udinese,1,1
113,50,Fiorentina,Udinese,1,1
113,51,Fiorentina,Udinese,1,1
113,52,Fiorentina,Udinese,1,1
113,53,Fiorentina,Udinese,1,1
113,54,Fiorentina,Udinese,1,1
113,55,Fiorentina,Udinese,1,1
113,56,Fiorentina,Udinese,1,1
113,57,Fiorentina,Udinese,1,2
113,58,Fiorentina,Udinese,1,2
113,59,Fiorentina,Udinese,1,2
113,60,Fiorentina,Udinese,1,2
113,61,Fiorentina,Udinese,1,2
113,62,Fiorentina,Udinese,1,2
113,63,Fiorentina,Udinese,1,2
113,64,Fiorentina,Udinese,1,2
113,65,Fiorentina,Udinese,1,2
113,66,Fiorentina,Udinese,1,2
113,67,Fiorentina,Udinese,1,2
113,68,Fiorentina,Udinese,1,2
113,69,Fiorentina,Udinese,1,2
113,70,Fiorentina,Udinese,1,2
113,71,Fiorentina,Udinese,1,2
113,72,Fiorentina,Udinese,1,2
113,73,Fiorentina,Udinese,1,2
113,74,Fiorentina,Udinese,1,2
113,75,Fiorentina,Udinese,1,2
113,76,Fiorentina,Udinese,1,2
113,77,Fiorentina,Udinese,1,2
113,78,Fiorentina,Udinese,1,2
113,79,Fiorentina,Udinese,1,2
113,80,Fiorentina,Udinese,1,2
113,81,Fiorentina,Udinese,1,2
113,82,Fiorentina,Udinese,1,2
113,83,Fiorentina,Udinese,1,2
113,84,Fiorentina,Udinese,1,2
113,85,Fiorentina,Udinese,1,2
113,86,Fiorentina,Udinese,1,2
113,87,Fiorentina,Udinese,1,2
113,88,Fiorentina,Udinese,1,2
113,89,Fiorentina,Udinese,1,2
113,90,Fiorentina,Udinese,1,2
114,1,Fiorentina,Venezia,0,0
114,2,Fiorentina,Venezia,0,0
114,3,Fiorentina,Venezia,0,0
114,4,Fiorentina,Venezia,0,0
114,5,Fiorentina,Venezia,0,0
114,6,Fiorentina,Venezia,0,0
114,7,Fiorentina,Venezia,0,0
114,8,Fiorentina,Venezia,0,0
114,9,Fiorentina,Venezia,0,0
114,10,Fiorentina,Venezia,0,0
114,11,Fiorentina,Venezia,0,0
114,12,Fiorentina,Venezia,0,0
114,13,Fiorentina,Venezia,0,0
114,14,Fiorentina,Venezia,0,0
114,15,Fiorentina,Venezia,0,0
114,16,Fiorentina,Venezia,0,0
114,17,Fiorentina,Venezia,0,0
114,18,Fiorentina,Venezia,0,0
114,19,Fiorentina,Venezia,0,0
114,20,Fiorentina,Venezia,0,0
114,21,Fiorentina,Venezia,0,0
114,22,Fiorentina,Venezia,0,0
114,23,Fiorentina,Venezia,0,0
114,24,Fiorentina,Venezia,0,0
114,25,Fiorentina,Venezia,0,0
114,26,Fiorentina,Venezia,0,0
114,27,Fiorentina,Venezia,0,0
114,28,Fiorentina,Venezia,0,0
114,29,Fiorentina,Venezia,0,0
114,30,Fiorentina,Venezia,0,0
114,31,Fiorentina,Venezia,0,0
114,32,Fiorentina,Venezia,0,0
114,33,Fiorentina,Venezia,0,0
114,34,Fiorentina,Venezia,0,0
114,35,Fiorentina,Venezia,0,0
114,36,Fiorentina,Venezia,0,0
114,37,Fiorentina,Venezia,0,0
114,38,Fiorentina,Venezia,0,0
114,39,Fiorentina,Venezia,0,0
114,40,Fiorentina,Venezia,0,0
114,41,Fiorentina,Venezia,0,0
114,42,Fiorentina,Venezia,0,0
114,43,Fiorentina,Venezia,0,0
114,44,Fiorentina,Venezia,0,0
114,45,Fiorentina,Venezia,0,0
114,46,Fiorentina,Venezia,0,0
114,47,Fiorentina,Venezia,0,0
114,48,Fiorentina,Venezia,0,0
114,49,Fiorentina,Venezia,0,0
114,50,Fiorentina,Venezia,0,0
114,51,Fiorentina,Venezia,0,0
114,52,Fiorentina,Venezia,0,0
114,53,Fiorentina,Venezia,0,0
114,54,Fiorentina,Venezia,0,0
114,55,Fiorentina,Venezia,0,0
114,56,Fiorentina,Venezia,0,0
114,57,Fiorentina,Venezia,0,0
114,58,Fiorentina,Venezia,0,0
114,59,Fiorentina,Venezia,0,0
114,60,Fiorentina,Venezia,0,0
114,61,Fiorentina,Venezia,0,0
114,62,Fiorentina,Venezia,0,0
114,63,Fiorentina,Venezia,0,0
114,64,Fiorentina,Venezia,0,0
114,65,Fiorentina,Venezia,0,0
114,66,Fiorentina,Venezia,0,0
114,67,Fiorentina,Venezia,0,0
114,68,Fiorentina,Venezia,0,0
114,69,Fiorentina,Venezia,0,0
114,70,Fiorentina,Venezia,0,0
114,71,Fiorentina,Venezia,0,0
114,72,Fiorentina,Venezia,0,0
114,73,Fiorentina,Venezia,0,0
114,74,Fiorentina,Venezia,0,0
114,75,Fiorentina,Venezia,0,0
114,76,Fiorentina,Venezia,0,0
114,77,Fiorentina,Venezia,0,0
114,78,Fiorentina,Venezia,0,0
114,79,Fiorentina,Venezia,0,0
114,80,Fiorentina,Venezia,0,0
114,81,Fiorentina,Venezia,0,0
114,82,Fiorentina,Venezia,0,0
114,83,Fiorentina,Venezia,0,0
114,84,Fiorentina,Venezia,0,0
114,85,Fiorentina,Venezia,0,0
114,86,Fiorentina,Venezia,0,0
114,87,Fiorentina,Venezia,0,0
114,88,Fiorentina,Venezia,0,0
114,89,Fiorentina,Venezia,0,0
114,90,Fiorentina,Venezia,0,0
115,1,Genoa,Atalanta,0,0
115,2,Genoa,Atalanta,0,0
115,3,Genoa,Atalanta,0,0
115,4,Genoa,Atalanta,0,0
115,5,Genoa,Atalanta,0,0
115,6,Genoa,Atalanta,0,0
115,7,Genoa,Atalanta,0,0
115,8,Genoa,Atalanta,0,0
115,9,Genoa,Atalanta,0,0
115,10,Genoa,Atalanta,0,0
115,11,Genoa,Atalanta,0,0
115,12,Genoa,Atalanta,0,0
115,13,Genoa,Atalanta,0,0
115,14,Genoa,Atalanta,0,0
115,15,Genoa,Atalanta,0,0
115,16,Genoa,Atalanta,0,0
115,17,Genoa,Atalanta,0,0
115,18,Genoa,Atalanta,0,0
115,19,Genoa,Atalanta,0,0
115,20,Genoa,Atalanta,0,0
115,21,Genoa,Atalanta,0,0
115,22,Genoa,Atalanta,0,0
115,23,Genoa,Atalanta,0,0
115,24,Genoa,Atalanta,0,0
115,25,Genoa,Atalanta,0,0
115,26,Genoa,Atalanta,0,0
115,27,Genoa,Atalanta,0,0
115,28,Genoa,Atalanta,0,0
115,29,Genoa,Atalanta,0,0
115,30,Genoa,Atalanta,0,0
115,31,Genoa,Atalanta,0,0
115,32,Genoa,Atalanta,0,0
115,33,Genoa,Atalanta,0,0
115,34,Genoa,Atalanta,0,0
115,35,Genoa,Atalanta,0,0
115,36,Genoa,Atalanta,0,0
115,37,Genoa,Atalanta,1,0
115,38,Genoa,Atalanta,1,0
115,39,Genoa,Atalanta,1,0
115,40,Genoa,Atalanta,1,0
115,41,Genoa,Atalanta,1,0
115,42,Genoa,Atalanta,1,0
115,43,Genoa,Atalanta,1,0
115,44,Genoa,Atalanta,1,0
115,45,Genoa,Atalanta,1,0
115,46,Genoa,Atalanta,1,0
115,47,Genoa,Atalanta,1,1
115,48,Genoa,Atalanta,1,1
115,49,Genoa,Atalanta,1,1
115,50,Genoa,Atalanta,1,1
115,51,Genoa,Atalanta,1,1
115,52,Genoa,Atalanta,1,1
115,53,Genoa,Atalanta,1,1
115,54,Genoa,Atalanta,1,1
115,55,Genoa,Atalanta,1,1
115,56,Genoa,Atalanta,1,1
115,57,Genoa,Atalanta,1,1
115,58,Genoa,Atalanta,2,1
115,59,Genoa,Atalanta,2,1
115,60,Genoa,Atalanta,2,1
115,61,Genoa,Atalanta,2,1
115,62,Genoa,Atalanta,2,1
115,63,Genoa,Atalanta,2,2
115,64,Genoa,Atalanta,2,2
115,65,Genoa,Atalanta,2,2
115,66,Genoa,Atalanta,2,2
115,67,Genoa,Atalanta,2,2
115,68,Genoa,Atalanta,2,2
115,69,Genoa,Atalanta,2,2
115,70,Genoa,Atalanta,2,2
115,71,Genoa,Atalanta,2,2
115,72,Genoa,Atalanta,2,2
115,73,Genoa,Atalanta,2,2
115,74,Genoa,Atalanta,2,2
115,75,Genoa,Atalanta,2,2
115,76,Genoa,Atalanta,2,2
115,77,Genoa,Atalanta,2,2
115,78,Genoa,Atalanta,2,2
115,79,Genoa,Atalanta,2,2
115,80,Genoa,Atalanta,2,2
115,81,Genoa,Atalanta,2,2
115,82,Genoa,Atalanta,2,2
115,83,Genoa,Atalanta,2,2
115,84,Genoa,Atalanta,2,2
115,85,Genoa,Atalanta,2,2
115,86,Genoa,Atalanta,2,2
115,87,Genoa,Atalanta,2,2
115,88,Genoa,Atalanta,2,2
115,89,Genoa,Atalanta,2,3
115,90,Genoa,Atalanta,2,3
116,1,Genoa,Bologna,0,0
116,2,Genoa,Bologna,0,0
116,3,Genoa,Bologna,0,0
116,4,Genoa,Bologna,0,0
116,5,Genoa,Bologna,0,0
116,6,Genoa,Bologna,0,0
116,7,Genoa,Bologna,0,0
116,8,Genoa,Bologna,0,0
116,9,Genoa,Bologna,0,0
116,10,Genoa,Bologna,0,0
116,11,Genoa,Bologna,0,0
116,12,Genoa,Bologna,0,0
116,13,Genoa,Bologna,0,0
116,14,Genoa,Bologna,0,0
116,15,Genoa,Bologna,0,0
116,16,Genoa,Bologna,0,0
116,17,Genoa,Bologna,0,0
116,18,Genoa,Bologna,0,0
116,19,Genoa,Bologna,0,0
116,20,Genoa,Bologna,0,0
116,21,Genoa,Bologna,0,0
116,22,Genoa,Bologna,0,0
116,23,Genoa,Bologna,0,0
116,24,Genoa,Bologna,0,0
116,25,Genoa,Bologna,0,0
116,26,Genoa,Bologna,0,0
116,27,Genoa,Bologna,0,0
116,28,Genoa,Bologna,0,0
116,29,Genoa,Bologna,0,0
116,30,Genoa,Bologna,0,0
116,31,Genoa,Bologna,0,0
116,32,Genoa,Bologna,0,0
116,33,Genoa,Bologna,0,0
116,34,Genoa,Bologna,0,0
116,35,Genoa,Bologna,0,0
116,36,Genoa,Bologna,0,0
116,37,Genoa,Bologna,0,1
116,38,Genoa,Bologna,0,1
116,39,Genoa,Bologna,0,1
116,40,Genoa,Bologna,0,1
116,41,Genoa,Bologna,0,1
116,42,Genoa,Bologna,0,1
116,43,Genoa,Bologna,0,1
116,44,Genoa,Bologna,0,1
116,45,Genoa,Bologna,0,1
116,46,Genoa,Bologna,0,1
116,47,Genoa,Bologna,0,1
116,48,Genoa,Bologna,0,1
116,49,Genoa,Bologna,0,1
116,50,Genoa,Bologna,0,1
116,51,Genoa,Bologna,0,1
116,52,Genoa,Bologna,0,1
116,53,Genoa,Bologna,0,1
116,54,Genoa,Bologna,0,1
116,55,Genoa,Bologna,0,1
116,56,Genoa,Bologna,0,2
116,57,Genoa,Bologna,0,2
116,58,Genoa,Bologna,0,2
116,59,Genoa,Bologna,0,2
116,60,Genoa,Bologna,0,2
116,61,Genoa,Bologna,0,2
116,62,Genoa,Bologna,0,2
116,63,Genoa,Bologna,0,2
116,64,Genoa,Bologna,0,2
116,65,Genoa,Bologna,0,2
116,66,Genoa,Bologna,0,2
116,67,Genoa,Bologna,0,2
116,68,Genoa,Bologna,0,2
116,69,Genoa,Bologna,0,2
116,70,Genoa,Bologna,0,2
116,71,Genoa,Bologna,0,2
116,72,Genoa,Bologna,0,2
116,73,Genoa,Bologna,1,2
116,74,Genoa,Bologna,1,2
116,75,Genoa,Bologna,1,2
116,76,Genoa,Bologna,1,2
116,77,Genoa,Bologna,1,2
116,78,Genoa,Bologna,1,2
116,79,Genoa,Bologna,1,2
116,80,Genoa,Bologna,1,2
116,81,Genoa,Bologna,1,2
116,82,Genoa,Bologna,1,2
116,83,Genoa,Bologna,1,2
116,84,Genoa,Bologna,1,2
116,85,Genoa,Bologna,2,2
116,86,Genoa,Bologna,2,2
116,87,Genoa,Bologna,2,2
116,88,Genoa,Bologna,2,2
116,89,Genoa,Bologna,2,2
116,90,Genoa,Bologna,2,2
117,1,Genoa,Cagliari,0,0
117,2,Genoa,Cagliari,0,0
117,3,Genoa,Cagliari,0,0
117,4,Genoa,Cagliari,0,0
117,5,Genoa,Cagliari,0,0
117,6,Genoa,Cagliari,0,0
117,7,Genoa,Cagliari,0,0
117,8,Genoa,Cagliari,0,1
117,9,Genoa,Cagliari,0,1
117,10,Genoa,Cagliari,0,1
117,11,Genoa,Cagliari,0,1
117,12,Genoa,Cagliari,1,1
117,13,Genoa,Cagliari,1,1
117,14,Genoa,Cagliari,1,1
117,15,Genoa,Cagliari,1,1
117,16,Genoa,Cagliari,1,1
117,17,Genoa,Cagliari,1,1
117,18,Genoa,Cagliari,1,1
117,19,Genoa,Cagliari,1,1
117,20,Genoa,Cagliari,1,1
117,21,Genoa,Cagliari,1,1
117,22,Genoa,Cagliari,1,1
117,23,Genoa,Cagliari,1,1
117,24,Genoa,Cagliari,1,1
117,25,Genoa,Cagliari,1,1
117,26,Genoa,Cagliari,1,1
117,27,Genoa,Cagliari,1,1
117,28,Genoa,Cagliari,1,1
117,29,Genoa,Cagliari,1,1
117,30,Genoa,Cagliari,1,1
117,31,Genoa,Cagliari,1,1
117,32,Genoa,Cagliari,1,1
117,33,Genoa,Cagliari,1,1
117,34,Genoa,Cagliari,1,1
117,35,Genoa,Cagliari,1,1
117,36,Genoa,Cagliari,1,1
117,37,Genoa,Cagliari,1,1
117,38,Genoa,Cagliari,1,1
117,39,Genoa,Cagliari,1,1
117,40,Genoa,Cagliari,1,1
117,41,Genoa,Cagliari,1,1
117,42,Genoa,Cagliari,1,1
117,43,Genoa,Cagliari,1,1
117,44,Genoa,Cagliari,1,1
117,45,Genoa,Cagliari,1,1
117,46,Genoa,Cagliari,1,1
117,47,Genoa,Cagliari,1,1
117,48,Genoa,Cagliari,1,1
117,49,Genoa,Cagliari,1,1
117,50,Genoa,Cagliari,1,1
117,51,Genoa,Cagliari,1,1
117,52,Genoa,Cagliari,1,1
117,53,Genoa,Cagliari,1,1
117,54,Genoa,Cagliari,1,1
117,55,Genoa,Cagliari,1,1
117,56,Genoa,Cagliari,1,1
117,57,Genoa,Cagliari,1,1
117,58,Genoa,Cagliari,1,1
117,59,Genoa,Cagliari,2,1
117,60,Genoa,Cagliari,2,1
117,61,Genoa,Cagliari,2,1
117,62,Genoa,Cagliari,2,1
117,63,Genoa,Cagliari,2,1
117,64,Genoa,Cagliari,2,1
117,65,Genoa,Cagliari,2,1
117,66,Genoa,Cagliari,2,1
117,67,Genoa,Cagliari,2,1
117,68,Genoa,Cagliari,2,1
117,69,Genoa,Cagliari,2,1
117,70,Genoa,Cagliari,2,1
117,71,Genoa,Cagliari,2,1
117,72,Genoa,Cagliari,2,1
117,73,Genoa,Cagliari,2,1
117,74,Genoa,Cagliari,2,1
117,75,Genoa,Cagliari,2,1
117,76,Genoa,Cagliari,2,1
117,77,Genoa,Cagliari,2,1
117,78,Genoa,Cagliari,2,1
117,79,Genoa,Cagliari,2,1
117,80,Genoa,Cagliari,2,1
117,81,Genoa,Cagliari,2,1
117,82,Genoa,Cagliari,2,1
117,83,Genoa,Cagliari,2,1
117,84,Genoa,Cagliari,2,1
117,85,Genoa,Cagliari,2,1
117,86,Genoa,Cagliari,2,1
117,87,Genoa,Cagliari,2,1
117,88,Genoa,Cagliari,2,2
117,89,Genoa,Cagliari,2,2
117,90,Genoa,Cagliari,2,2
118,1,Genoa,Como,0,0
118,2,Genoa,Como,0,0
118,3,Genoa,Como,0,0
118,4,Genoa,Como,0,0
118,5,Genoa,Como,0,0
118,6,Genoa,Como,0,0
118,7,Genoa,Como,0,0
118,8,Genoa,Como,0,0
118,9,Genoa,Como,0,0
118,10,Genoa,Como,0,0
118,11,Genoa,Como,0,0
118,12,Genoa,Como,0,0
118,13,Genoa,Como,0,0
118,14,Genoa,Como,0,0
118,15,Genoa,Como,0,0
118,16,Genoa,Como,0,0
118,17,Genoa,Como,0,1
118,18,Genoa,Como,0,1
118,19,Genoa,Como,0,1
118,20,Genoa,Como,0,1
118,21,Genoa,Como,0,1
118,22,Genoa,Como,0,1
118,23,Genoa,Como,0,1
118,24,Genoa,Como,0,1
118,25,Genoa,Como,0,1
118,26,Genoa,Como,0,1
118,27,Genoa,Como,0,1
118,28,Genoa,Como,0,1
118,29,Genoa,Como,0,1
118,30,Genoa,Como,0,1
118,31,Genoa,Como,0,1
118,32,Genoa,Como,0,1
118,33,Genoa,Como,0,1
118,34,Genoa,Como,0,1
118,35,Genoa,Como,0,1
118,36,Genoa,Como,0,1
118,37,Genoa,Como,0,1
118,38,Genoa,Como,0,1
118,39,Genoa,Como,0,1
118,40,Genoa,Como,0,1
118,41,Genoa,Como,0,1
118,42,Genoa,Como,0,1
118,43,Genoa,Como,0,1
118,44,Genoa,Como,0,1
118,45,Genoa,Como,0,1
118,46,Genoa,Como,0,1
118,47,Genoa,Como,0,1
118,48,Genoa,Como,0,1
118,49,Genoa,Como,0,1
118,50,Genoa,Como,0,1
118,51,Genoa,Como,0,1
118,52,Genoa,Como,0,1
118,53,Genoa,Como,0,1
118,54,Genoa,Como,0,1
118,55,Genoa,Como,0,1
118,56,Genoa,Como,0,1
118,57,Genoa,Como,0,1
118,58,Genoa,Como,0,1
118,59,Genoa,Como,0,1
118,60,Genoa,Como,0,1
118,61,Genoa,Como,0,1
118,62,Genoa,Como,0,1
118,63,Genoa,Como,0,1
118,64,Genoa,Como,0,1
118,65,Genoa,Como,0,1
118,66,Genoa,Como,0,1
118,67,Genoa,Como,0,1
118,68,Genoa,Como,0,1
118,69,Genoa,Como,0,1
118,70,Genoa,Como,0,1
118,71,Genoa,Como,0,1
118,72,Genoa,Como,0,1
118,73,Genoa,Como,0,1
118,74,Genoa,Como,0,1
118,75,Genoa,Como,0,1
118,76,Genoa,Como,0,1
118,77,Genoa,Como,0,1
118,78,Genoa,Como,0,1
118,79,Genoa,Como,0,1
118,80,Genoa,Como,0,1
118,81,Genoa,Como,0,1
118,82,Genoa,Como,0,1
118,83,Genoa,Como,0,1
118,84,Genoa,Como,0,1
118,85,Genoa,Como,0,1
118,86,Genoa,Como,0,1
118,87,Genoa,Como,0,1
118,88,Genoa,Como,0,1
118,89,Genoa,Como,0,1
118,90,Genoa,Como,1,1
119,1,Genoa,Empoli,0,0
119,2,Genoa,Empoli,0,0
119,3,Genoa,Empoli,0,0
119,4,Genoa,Empoli,0,0
119,5,Genoa,Empoli,0,0
119,6,Genoa,Empoli,0,0
119,7,Genoa,Empoli,0,0
119,8,Genoa,Empoli,0,0
119,9,Genoa,Empoli,0,0
119,10,Genoa,Empoli,0,0
119,11,Genoa,Empoli,0,0
119,12,Genoa,Empoli,0,0
119,13,Genoa,Empoli,0,0
119,14,Genoa,Empoli,0,0
119,15,Genoa,Empoli,0,0
119,16,Genoa,Empoli,0,0
119,17,Genoa,Empoli,0,0
119,18,Genoa,Empoli,0,0
119,19,Genoa,Empoli,0,0
119,20,Genoa,Empoli,0,0
119,21,Genoa,Empoli,0,0
119,22,Genoa,Empoli,0,0
119,23,Genoa,Empoli,0,0
119,24,Genoa,Empoli,0,0
119,25,Genoa,Empoli,0,0
119,26,Genoa,Empoli,0,0
119,27,Genoa,Empoli,0,0
119,28,Genoa,Empoli,0,0
119,29,Genoa,Empoli,0,0
119,30,Genoa,Empoli,0,0
119,31,Genoa,Empoli,0,0
119,32,Genoa,Empoli,0,0
119,33,Genoa,Empoli,0,0
119,34,Genoa,Empoli,0,0
119,35,Genoa,Empoli,0,0
119,36,Genoa,Empoli,0,1
119,37,Genoa,Empoli,0,1
119,38,Genoa,Empoli,0,1
119,39,Genoa,Empoli,0,1
119,40,Genoa,Empoli,0,1
119,41,Genoa,Empoli,0,1
119,42,Genoa,Empoli,0,1
119,43,Genoa,Empoli,0,1
119,44,Genoa,Empoli,0,1
119,45,Genoa,Empoli,0,1
119,46,Genoa,Empoli,0,1
119,47,Genoa,Empoli,0,1
119,48,Genoa,Empoli,0,1
119,49,Genoa,Empoli,0,1
119,50,Genoa,Empoli,0,1
119,51,Genoa,Empoli,0,1
119,52,Genoa,Empoli,0,1
119,53,Genoa,Empoli,0,1
119,54,Genoa,Empoli,0,1
119,55,Genoa,Empoli,0,1
119,56,Genoa,Empoli,0,1
119,57,Genoa,Empoli,0,1
119,58,Genoa,Empoli,0,1
119,59,Genoa,Empoli,0,1
119,60,Genoa,Empoli,0,1
119,61,Genoa,Empoli,0,1
119,62,Genoa,Empoli,0,1
119,63,Genoa,Empoli,0,1
119,64,Genoa,Empoli,0,1
119,65,Genoa,Empoli,0,1
119,66,Genoa,Empoli,0,1
119,67,Genoa,Empoli,0,1
119,68,Genoa,Empoli,0,1
119,69,Genoa,Empoli,0,1
119,70,Genoa,Empoli,0,1
119,71,Genoa,Empoli,0,1
119,72,Genoa,Empoli,0,1
119,73,Genoa,Empoli,0,1
119,74,Genoa,Empoli,0,1
119,75,Genoa,Empoli,0,1
119,76,Genoa,Empoli,0,1
119,77,Genoa,Empoli,0,1
119,78,Genoa,Empoli,0,1
119,79,Genoa,Empoli,0,1
119,80,Genoa,Empoli,0,1
119,81,Genoa,Empoli,1,1
119,82,Genoa,Empoli,1,1
119,83,Genoa,Empoli,1,1
119,84,Genoa,Empoli,1,1
119,85,Genoa,Empoli,1,1
119,86,Genoa,Empoli,1,1
119,87,Genoa,Empoli,1,1
119,88,Genoa,Empoli,1,1
119,89,Genoa,Empoli,1,1
119,90,Genoa,Empoli,1,1
120,1,Genoa,Fiorentina,0,0
120,2,Genoa,Fiorentina,0,0
120,3,Genoa,Fiorentina,0,0
120,4,Genoa,Fiorentina,0,0
120,5,Genoa,Fiorentina,0,0
120,6,Genoa,Fiorentina,0,0
120,7,Genoa,Fiorentina,0,0
120,8,Genoa,Fiorentina,0,0
120,9,Genoa,Fiorentina,0,0
120,10,Genoa,Fiorentina,0,0
120,11,Genoa,Fiorentina,0,0
120,12,Genoa,Fiorentina,0,0
120,13,Genoa,Fiorentina,0,0
120,14,Genoa,Fiorentina,0,0
120,15,Genoa,Fiorentina,0,0
120,16,Genoa,Fiorentina,0,0
120,17,Genoa,Fiorentina,0,0
120,18,Genoa,Fiorentina,0,0
120,19,Genoa,Fiorentina,0,0
120,20,Genoa,Fiorentina,0,0
120,21,Genoa,Fiorentina,0,0
120,22,Genoa,Fiorentina,0,0
120,23,Genoa,Fiorentina,0,0
120,24,Genoa,Fiorentina,0,0
120,25,Genoa,Fiorentina,0,0
120,26,Genoa,Fiorentina,0,0
120,27,Genoa,Fiorentina,0,0
120,28,Genoa,Fiorentina,0,0
120,29,Genoa,Fiorentina,0,0
120,30,Genoa,Fiorentina,0,0
120,31,Genoa,Fiorentina,0,0
120,32,Genoa,Fiorentina,0,0
120,33,Genoa,Fiorentina,0,0
120,34,Genoa,Fiorentina,0,0
120,35,Genoa,Fiorentina,0,0
120,36,Genoa,Fiorentina,0,0
120,37,Genoa,Fiorentina,0,0
120,38,Genoa,Fiorentina,0,0
120,39,Genoa,Fiorentina,0,0
120,40,Genoa,Fiorentina,0,0
120,41,Genoa,Fiorentina,0,0
120,42,Genoa,Fiorentina,0,0
120,43,Genoa,Fiorentina,0,0
120,44,Genoa,Fiorentina,0,0
120,45,Genoa,Fiorentina,0,0
120,46,Genoa,Fiorentina,0,0
120,47,Genoa,Fiorentina,0,0
120,48,Genoa,Fiorentina,0,0
120,49,Genoa,Fiorentina,0,0
120,50,Genoa,Fiorentina,0,0
120,51,Genoa,Fiorentina,0,0
120,52,Genoa,Fiorentina,0,0
120,53,Genoa,Fiorentina,0,0
120,54,Genoa,Fiorentina,0,0
120,55,Genoa,Fiorentina,0,0
120,56,Genoa,Fiorentina,0,0
120,57,Genoa,Fiorentina,0,0
120,58,Genoa,Fiorentina,0,0
120,59,Genoa,Fiorentina,0,0
120,60,Genoa,Fiorentina,0,0
120,61,Genoa,Fiorentina,0,0
120,62,Genoa,Fiorentina,0,0
120,63,Genoa,Fiorentina,0,0
120,64,Genoa,Fiorentina,0,0
120,65,Genoa,Fiorentina,0,0
120,66,Genoa,Fiorentina,0,0
120,67,Genoa,Fiorentina,0,0
120,68,Genoa,Fiorentina,0,0
120,69,Genoa,Fiorentina,0,0
120,70,Genoa,Fiorentina,0,0
120,71,Genoa,Fiorentina,0,0
120,72,Genoa,Fiorentina,0,1
120,73,Genoa,Fiorentina,0,1
120,74,Genoa,Fiorentina,0,1
120,75,Genoa,Fiorentina,0,1
120,76,Genoa,Fiorentina,0,1
120,77,Genoa,Fiorentina,0,1
120,78,Genoa,Fiorentina,0,1
120,79,Genoa,Fiorentina,0,1
120,80,Genoa,Fiorentina,0,1
120,81,Genoa,Fiorentina,0,1
120,82,Genoa,Fiorentina,0,1
120,83,Genoa,Fiorentina,0,1
120,84,Genoa,Fiorentina,0,1
120,85,Genoa,Fiorentina,0,1
120,86,Genoa,Fiorentina,0,1
120,87,Genoa,Fiorentina,0,1
120,88,Genoa,Fiorentina,0,1
120,89,Genoa,Fiorentina,0,1
120,90,Genoa,Fiorentina,0,1
121,1,Genoa,Hellas Verona,0,0
121,2,Genoa,Hellas Verona,0,0
121,3,Genoa,Hellas Verona,0,0
121,4,Genoa,Hellas Verona,0,0
121,5,Genoa,Hellas Verona,0,0
121,6,Genoa,Hellas Verona,0,0
121,7,Genoa,Hellas Verona,0,0
121,8,Genoa,Hellas Verona,0,0
121,9,Genoa,Hellas Verona,0,0
121,10,Genoa,Hellas Verona,0,0
121,11,Genoa,Hellas Verona,0,0
121,12,Genoa,Hellas Verona,0,0
121,13,Genoa,Hellas Verona,0,0
121,14,Genoa,Hellas Verona,0,0
121,15,Genoa,Hellas Verona,0,0
121,16,Genoa,Hellas Verona,0,0
121,17,Genoa,Hellas Verona,0,0
121,18,Genoa,Hellas Verona,0,0
121,19,Genoa,Hellas Verona,0,0
121,20,Genoa,Hellas Verona,0,0
121,21,Genoa,Hellas Verona,0,0
121,22,Genoa,Hellas Verona,0,0
121,23,Genoa,Hellas Verona,0,0
121,24,Genoa,Hellas Verona,0,0
121,25,Genoa,Hellas Verona,0,0
121,26,Genoa,Hellas Verona,0,0
121,27,Genoa,Hellas Verona,0,0
121,28,Genoa,Hellas Verona,0,0
121,29,Genoa,Hellas Verona,0,0
121,30,Genoa,Hellas Verona,0,0
121,31,Genoa,Hellas Verona,0,0
121,32,Genoa,Hellas Verona,0,0
121,33,Genoa,Hellas Verona,0,0
121,34,Genoa,Hellas Verona,0,0
121,35,Genoa,Hellas Verona,0,0
121,36,Genoa,Hellas Verona,0,0
121,37,Genoa,Hellas Verona,0,0
121,38,Genoa,Hellas Verona,0,0
121,39,Genoa,Hellas Verona,0,0
121,40,Genoa,Hellas Verona,0,0
121,41,Genoa,Hellas Verona,0,0
121,42,Genoa,Hellas Verona,0,0
121,43,Genoa,Hellas Verona,0,0
121,44,Genoa,Hellas Verona,0,0
121,45,Genoa,Hellas Verona,0,0
121,46,Genoa,Hellas Verona,0,0
121,47,Genoa,Hellas Verona,0,0
121,48,Genoa,Hellas Verona,0,0
121,49,Genoa,Hellas Verona,0,0
121,50,Genoa,Hellas Verona,0,0
121,51,Genoa,Hellas Verona,0,0
121,52,Genoa,Hellas Verona,0,0
121,53,Genoa,Hellas Verona,0,0
121,54,Genoa,Hellas Verona,0,0
121,55,Genoa,Hellas Verona,0,1
121,56,Genoa,Hellas Verona,0,1
121,57,Genoa,Hellas Verona,0,1
121,58,Genoa,Hellas Verona,0,1
121,59,Genoa,Hellas Verona,0,1
121,60,Genoa,Hellas Verona,0,1
121,61,Genoa,Hellas Verona,0,1
121,62,Genoa,Hellas Verona,0,1
121,63,Genoa,Hellas Verona,0,1
121,64,Genoa,Hellas Verona,0,2
121,65,Genoa,Hellas Verona,0,2
121,66,Genoa,Hellas Verona,0,2
121,67,Genoa,Hellas Verona,0,2
121,68,Genoa,Hellas Verona,0,2
121,69,Genoa,Hellas Verona,0,2
121,70,Genoa,Hellas Verona,0,2
121,71,Genoa,Hellas Verona,0,2
121,72,Genoa,Hellas Verona,0,2
121,73,Genoa,Hellas Verona,0,2
121,74,Genoa,Hellas Verona,0,2
121,75,Genoa,Hellas Verona,0,2
121,76,Genoa,Hellas Verona,0,2
121,77,Genoa,Hellas Verona,0,2
121,78,Genoa,Hellas Verona,0,2
121,79,Genoa,Hellas Verona,0,2
121,80,Genoa,Hellas Verona,0,2
121,81,Genoa,Hellas Verona,0,2
121,82,Genoa,Hellas Verona,0,2
121,83,Genoa,Hellas Verona,0,2
121,84,Genoa,Hellas Verona,0,2
121,85,Genoa,Hellas Verona,0,2
121,86,Genoa,Hellas Verona,0,2
121,87,Genoa,Hellas Verona,0,2
121,88,Genoa,Hellas Verona,0,2
121,89,Genoa,Hellas Verona,0,2
121,90,Genoa,Hellas Verona,0,2
122,1,Genoa,Inter Milan,0,0
122,2,Genoa,Inter Milan,0,0
122,3,Genoa,Inter Milan,0,0
122,4,Genoa,Inter Milan,0,0
122,5,Genoa,Inter Milan,0,0
122,6,Genoa,Inter Milan,0,0
122,7,Genoa,Inter Milan,0,0
122,8,Genoa,Inter Milan,0,0
122,9,Genoa,Inter Milan,0,0
122,10,Genoa,Inter Milan,0,0
122,11,Genoa,Inter Milan,0,0
122,12,Genoa,Inter Milan,0,0
122,13,Genoa,Inter Milan,0,0
122,14,Genoa,Inter Milan,0,0
122,15,Genoa,Inter Milan,0,0
122,16,Genoa,Inter Milan,0,0
122,17,Genoa,Inter Milan,0,0
122,18,Genoa,Inter Milan,0,0
122,19,Genoa,Inter Milan,0,0
122,20,Genoa,Inter Milan,1,0
122,21,Genoa,Inter Milan,1,0
122,22,Genoa,Inter Milan,1,0
122,23,Genoa,Inter Milan,1,0
122,24,Genoa,Inter Milan,1,0
122,25,Genoa,Inter Milan,1,0
122,26,Genoa,Inter Milan,1,0
122,27,Genoa,Inter Milan,1,0
122,28,Genoa,Inter Milan,1,0
122,29,Genoa,Inter Milan,1,0
122,30,Genoa,Inter Milan,1,1
122,31,Genoa,Inter Milan,1,1
122,32,Genoa,Inter Milan,1,1
122,33,Genoa,Inter Milan,1,1
122,34,Genoa,Inter Milan,1,1
122,35,Genoa,Inter Milan,1,1
122,36,Genoa,Inter Milan,1,1
122,37,Genoa,Inter Milan,1,1
122,38,Genoa,Inter Milan,1,1
122,39,Genoa,Inter Milan,1,1
122,40,Genoa,Inter Milan,1,1
122,41,Genoa,Inter Milan,1,1
122,42,Genoa,Inter Milan,1,1
122,43,Genoa,Inter Milan,1,1
122,44,Genoa,Inter Milan,1,1
122,45,Genoa,Inter Milan,1,1
122,46,Genoa,Inter Milan,1,1
122,47,Genoa,Inter Milan,1,1
122,48,Genoa,Inter Milan,1,1
122,49,Genoa,Inter Milan,1,1
122,50,Genoa,Inter Milan,1,1
122,51,Genoa,Inter Milan,1,1
122,52,Genoa,Inter Milan,1,1
122,53,Genoa,Inter Milan,1,1
122,54,Genoa,Inter Milan,1,1
122,55,Genoa,Inter Milan,1,1
122,56,Genoa,Inter Milan,1,1
122,57,Genoa,Inter Milan,1,1
122,58,Genoa,Inter Milan,1,1
122,59,Genoa,Inter Milan,1,1
122,60,Genoa,Inter Milan,1,1
122,61,Genoa,Inter Milan,1,1
122,62,Genoa,Inter Milan,1,1
122,63,Genoa,Inter Milan,1,1
122,64,Genoa,Inter Milan,1,1
122,65,Genoa,Inter Milan,1,1
122,66,Genoa,Inter Milan,1,1
122,67,Genoa,Inter Milan,1,1
122,68,Genoa,Inter Milan,1,1
122,69,Genoa,Inter Milan,1,1
122,70,Genoa,Inter Milan,1,1
122,71,Genoa,Inter Milan,1,1
122,72,Genoa,Inter Milan,1,1
122,73,Genoa,Inter Milan,1,1
122,74,Genoa,Inter Milan,1,1
122,75,Genoa,Inter Milan,1,1
122,76,Genoa,Inter Milan,1,1
122,77,Genoa,Inter Milan,1,1
122,78,Genoa,Inter Milan,1,1
122,79,Genoa,Inter Milan,1,1
122,80,Genoa,Inter Milan,1,1
122,81,Genoa,Inter Milan,1,1
122,82,Genoa,Inter Milan,1,2
122,83,Genoa,Inter Milan,1,2
122,84,Genoa,Inter Milan,1,2
122,85,Genoa,Inter Milan,1,2
122,86,Genoa,Inter Milan,1,2
122,87,Genoa,Inter Milan,1,2
122,88,Genoa,Inter Milan,1,2
122,89,Genoa,Inter Milan,1,2
122,90,Genoa,Inter Milan,2,2
123,1,Genoa,Juventus,0,0
123,2,Genoa,Juventus,0,0
123,3,Genoa,Juventus,0,0
123,4,Genoa,Juventus,0,0
123,5,Genoa,Juventus,0,0
123,6,Genoa,Juventus,0,0
123,7,Genoa,Juventus,0,0
123,8,Genoa,Juventus,0,0
123,9,Genoa,Juventus,0,0
123,10,Genoa,Juventus,0,0
123,11,Genoa,Juventus,0,0
123,12,Genoa,Juventus,0,0
123,13,Genoa,Juventus,0,0
123,14,Genoa,Juventus,0,0
123,15,Genoa,Juventus,0,0
123,16,Genoa,Juventus,0,0
123,17,Genoa,Juventus,0,0
123,18,Genoa,Juventus,0,0
123,19,Genoa,Juventus,0,0
123,20,Genoa,Juventus,0,0
123,21,Genoa,Juventus,0,0
123,22,Genoa,Juventus,0,0
123,23,Genoa,Juventus,0,0
123,24,Genoa,Juventus,0,0
123,25,Genoa,Juventus,0,0
123,26,Genoa,Juventus,0,0
123,27,Genoa,Juventus,0,0
123,28,Genoa,Juventus,0,0
123,29,Genoa,Juventus,0,0
123,30,Genoa,Juventus,0,0
123,31,Genoa,Juventus,0,0
123,32,Genoa,Juventus,0,0
123,33,Genoa,Juventus,0,0
123,34,Genoa,Juventus,0,0
123,35,Genoa,Juventus,0,0
123,36,Genoa,Juventus,0,0
123,37,Genoa,Juventus,0,0
123,38,Genoa,Juventus,0,0
123,39,Genoa,Juventus,0,0
123,40,Genoa,Juventus,0,0
123,41,Genoa,Juventus,0,0
123,42,Genoa,Juventus,0,0
123,43,Genoa,Juventus,0,0
123,44,Genoa,Juventus,0,0
123,45,Genoa,Juventus,0,0
123,46,Genoa,Juventus,0,0
123,47,Genoa,Juventus,0,0
123,48,Genoa,Juventus,0,1
123,49,Genoa,Juventus,0,1
123,50,Genoa,Juventus,0,1
123,51,Genoa,Juventus,0,1
123,52,Genoa,Juventus,0,1
123,53,Genoa,Juventus,0,1
123,54,Genoa,Juventus,0,1
123,55,Genoa,Juventus,0,2
123,56,Genoa,Juventus,0,2
123,57,Genoa,Juventus,0,2
123,58,Genoa,Juventus,0,2
123,59,Genoa,Juventus,0,2
123,60,Genoa,Juventus,0,2
123,61,Genoa,Juventus,0,2
123,62,Genoa,Juventus,0,2
123,63,Genoa,Juventus,0,2
123,64,Genoa,Juventus,0,2
123,65,Genoa,Juventus,0,2
123,66,Genoa,Juventus,0,2
123,67,Genoa,Juventus,0,2
123,68,Genoa,Juventus,0,2
123,69,Genoa,Juventus,0,2
123,70,Genoa,Juventus,0,2
123,71,Genoa,Juventus,0,2
123,72,Genoa,Juventus,0,2
123,73,Genoa,Juventus,0,2
123,74,Genoa,Juventus,0,2
123,75,Genoa,Juventus,0,2
123,76,Genoa,Juventus,0,2
123,77,Genoa,Juventus,0,2
123,78,Genoa,Juventus,0,2
123,79,Genoa,Juventus,0,2
123,80,Genoa,Juventus,0,2
123,81,Genoa,Juventus,0,2
123,82,Genoa,Juventus,0,2
123,83,Genoa,Juventus,0,2
123,84,Genoa,Juventus,0,2
123,85,Genoa,Juventus,0,2
123,86,Genoa,Juventus,0,2
123,87,Genoa,Juventus,0,2
123,88,Genoa,Juventus,0,2
123,89,Genoa,Juventus,0,3
123,90,Genoa,Juventus,0,3
124,1,Genoa,Lazio,0,0
124,2,Genoa,Lazio,0,0
124,3,Genoa,Lazio,0,0
124,4,Genoa,Lazio,0,0
124,5,Genoa,Lazio,0,0
124,6,Genoa,Lazio,0,0
124,7,Genoa,Lazio,0,0
124,8,Genoa,Lazio,0,0
124,9,Genoa,Lazio,0,0
124,10,Genoa,Lazio,0,0
124,11,Genoa,Lazio,0,0
124,12,Genoa,Lazio,0,0
124,13,Genoa,Lazio,0,0
124,14,Genoa,Lazio,0,0
124,15,Genoa,Lazio,0,0
124,16,Genoa,Lazio,0,0
124,17,Genoa,Lazio,0,0
124,18,Genoa,Lazio,0,0
124,19,Genoa,Lazio,0,0
124,20,Genoa,Lazio,0,0
124,21,Genoa,Lazio,0,0
124,22,Genoa,Lazio,0,0
124,23,Genoa,Lazio,0,0
124,24,Genoa,Lazio,0,0
124,25,Genoa,Lazio,0,0
124,26,Genoa,Lazio,0,0
124,27,Genoa,Lazio,0,0
124,28,Genoa,Lazio,0,0
124,29,Genoa,Lazio,0,0
124,30,Genoa,Lazio,0,0
124,31,Genoa,Lazio,0,0
124,32,Genoa,Lazio,0,1
124,33,Genoa,Lazio,0,1
124,34,Genoa,Lazio,0,1
124,35,Genoa,Lazio,0,1
124,36,Genoa,Lazio,0,1
124,37,Genoa,Lazio,0,1
124,38,Genoa,Lazio,0,1
124,39,Genoa,Lazio,0,1
124,40,Genoa,Lazio,0,1
124,41,Genoa,Lazio,0,1
124,42,Genoa,Lazio,0,1
124,43,Genoa,Lazio,0,1
124,44,Genoa,Lazio,0,1
124,45,Genoa,Lazio,0,1
124,46,Genoa,Lazio,0,1
124,47,Genoa,Lazio,0,1
124,48,Genoa,Lazio,0,1
124,49,Genoa,Lazio,0,1
124,50,Genoa,Lazio,0,1
124,51,Genoa,Lazio,0,1
124,52,Genoa,Lazio,0,1
124,53,Genoa,Lazio,0,1
124,54,Genoa,Lazio,0,1
124,55,Genoa,Lazio,0,1
124,56,Genoa,Lazio,0,1
124,57,Genoa,Lazio,0,1
124,58,Genoa,Lazio,0,1
124,59,Genoa,Lazio,0,1
124,60,Genoa,Lazio,0,1
124,61,Genoa,Lazio,0,1
124,62,Genoa,Lazio,0,1
124,63,Genoa,Lazio,0,1
124,64,Genoa,Lazio,0,1
124,65,Genoa,Lazio,0,2
124,66,Genoa,Lazio,0,2
124,67,Genoa,Lazio,0,2
124,68,Genoa,Lazio,0,2
124,69,Genoa,Lazio,0,2
124,70,Genoa,Lazio,0,2
124,71,Genoa,Lazio,0,2
124,72,Genoa,Lazio,0,2
124,73,Genoa,Lazio,0,2
124,74,Genoa,Lazio,0,2
124,75,Genoa,Lazio,0,2
124,76,Genoa,Lazio,0,2
124,77,Genoa,Lazio,0,2
124,78,Genoa,Lazio,0,2
124,79,Genoa,Lazio,0,2
124,80,Genoa,Lazio,0,2
124,81,Genoa,Lazio,0,2
124,82,Genoa,Lazio,0,2
124,83,Genoa,Lazio,0,2
124,84,Genoa,Lazio,0,2
124,85,Genoa,Lazio,0,2
124,86,Genoa,Lazio,0,2
124,87,Genoa,Lazio,0,2
124,88,Genoa,Lazio,0,2
124,89,Genoa,Lazio,0,2
124,90,Genoa,Lazio,0,2
125,1,Genoa,Lecce,0,0
125,2,Genoa,Lecce,0,0
125,3,Genoa,Lecce,0,0
125,4,Genoa,Lecce,0,0
125,5,Genoa,Lecce,0,0
125,6,Genoa,Lecce,0,0
125,7,Genoa,Lecce,0,0
125,8,Genoa,Lecce,0,0
125,9,Genoa,Lecce,0,0
125,10,Genoa,Lecce,0,0
125,11,Genoa,Lecce,0,0
125,12,Genoa,Lecce,0,0
125,13,Genoa,Lecce,0,0
125,14,Genoa,Lecce,0,0
125,15,Genoa,Lecce,0,0
125,16,Genoa,Lecce,1,0
125,17,Genoa,Lecce,1,0
125,18,Genoa,Lecce,1,0
125,19,Genoa,Lecce,1,0
125,20,Genoa,Lecce,1,0
125,21,Genoa,Lecce,1,0
125,22,Genoa,Lecce,1,0
125,23,Genoa,Lecce,1,0
125,24,Genoa,Lecce,1,0
125,25,Genoa,Lecce,1,0
125,26,Genoa,Lecce,1,0
125,27,Genoa,Lecce,1,0
125,28,Genoa,Lecce,1,0
125,29,Genoa,Lecce,1,0
125,30,Genoa,Lecce,1,0
125,31,Genoa,Lecce,1,0
125,32,Genoa,Lecce,1,0
125,33,Genoa,Lecce,1,0
125,34,Genoa,Lecce,1,0
125,35,Genoa,Lecce,1,0
125,36,Genoa,Lecce,1,0
125,37,Genoa,Lecce,1,0
125,38,Genoa,Lecce,1,0
125,39,Genoa,Lecce,1,0
125,40,Genoa,Lecce,1,0
125,41,Genoa,Lecce,1,0
125,42,Genoa,Lecce,1,0
125,43,Genoa,Lecce,1,0
125,44,Genoa,Lecce,1,0
125,45,Genoa,Lecce,2,0
125,46,Genoa,Lecce,2,0
125,47,Genoa,Lecce,2,0
125,48,Genoa,Lecce,2,0
125,49,Genoa,Lecce,2,0
125,50,Genoa,Lecce,2,0
125,51,Genoa,Lecce,2,0
125,52,Genoa,Lecce,2,0
125,53,Genoa,Lecce,2,0
125,54,Genoa,Lecce,2,0
125,55,Genoa,Lecce,2,0
125,56,Genoa,Lecce,2,0
125,57,Genoa,Lecce,2,0
125,58,Genoa,Lecce,2,0
125,59,Genoa,Lecce,2,0
125,60,Genoa,Lecce,2,0
125,61,Genoa,Lecce,2,0
125,62,Genoa,Lecce,2,0
125,63,Genoa,Lecce,2,0
125,64,Genoa,Lecce,2,0
125,65,Genoa,Lecce,2,0
125,66,Genoa,Lecce,2,0
125,67,Genoa,Lecce,2,0
125,68,Genoa,Lecce,2,1
125,69,Genoa,Lecce,2,1
125,70,Genoa,Lecce,2,1
125,71,Genoa,Lecce,2,1
125,72,Genoa,Lecce,2,1
125,73,Genoa,Lecce,2,1
125,74,Genoa,Lecce,2,1
125,75,Genoa,Lecce,2,1
125,76,Genoa,Lecce,2,1
125,77,Genoa,Lecce,2,1
125,78,Genoa,Lecce,2,1
125,79,Genoa,Lecce,2,1
125,80,Genoa,Lecce,2,1
125,81,Genoa,Lecce,2,1
125,82,Genoa,Lecce,2,1
125,83,Genoa,Lecce,2,1
125,84,Genoa,Lecce,2,1
125,85,Genoa,Lecce,2,1
125,86,Genoa,Lecce,2,1
125,87,Genoa,Lecce,2,1
125,88,Genoa,Lecce,2,1
125,89,Genoa,Lecce,2,1
125,90,Genoa,Lecce,2,1
126,1,Genoa,AC Milan,0,0
126,2,Genoa,AC Milan,0,0
126,3,Genoa,AC Milan,0,0
126,4,Genoa,AC Milan,0,0
126,5,Genoa,AC Milan,0,0
126,6,Genoa,AC Milan,0,0
126,7,Genoa,AC Milan,0,0
126,8,Genoa,AC Milan,0,0
126,9,Genoa,AC Milan,0,0
126,10,Genoa,AC Milan,0,0
126,11,Genoa,AC Milan,0,0
126,12,Genoa,AC Milan,0,0
126,13,Genoa,AC Milan,0,0
126,14,Genoa,AC Milan,0,0
126,15,Genoa,AC Milan,0,0
126,16,Genoa,AC Milan,0,0
126,17,Genoa,AC Milan,0,0
126,18,Genoa,AC Milan,0,0
126,19,Genoa,AC Milan,0,0
126,20,Genoa,AC Milan,0,0
126,21,Genoa,AC Milan,0,0
126,22,Genoa,AC Milan,0,0
126,23,Genoa,AC Milan,0,0
126,24,Genoa,AC Milan,0,0
126,25,Genoa,AC Milan,0,0
126,26,Genoa,AC Milan,0,0
126,27,Genoa,AC Milan,0,0
126,28,Genoa,AC Milan,0,0
126,29,Genoa,AC Milan,0,0
126,30,Genoa,AC Milan,0,0
126,31,Genoa,AC Milan,0,0
126,32,Genoa,AC Milan,0,0
126,33,Genoa,AC Milan,0,0
126,34,Genoa,AC Milan,0,0
126,35,Genoa,AC Milan,0,0
126,36,Genoa,AC Milan,0,0
126,37,Genoa,AC Milan,0,0
126,38,Genoa,AC Milan,0,0
126,39,Genoa,AC Milan,0,0
126,40,Genoa,AC Milan,0,0
126,41,Genoa,AC Milan,0,0
126,42,Genoa,AC Milan,0,0
126,43,Genoa,AC Milan,0,0
126,44,Genoa,AC Milan,0,0
126,45,Genoa,AC Milan,0,0
126,46,Genoa,AC Milan,0,0
126,47,Genoa,AC Milan,0,0
126,48,Genoa,AC Milan,0,0
126,49,Genoa,AC Milan,0,0
126,50,Genoa,AC Milan,0,0
126,51,Genoa,AC Milan,0,0
126,52,Genoa,AC Milan,0,0
126,53,Genoa,AC Milan,0,0
126,54,Genoa,AC Milan,0,0
126,55,Genoa,AC Milan,0,0
126,56,Genoa,AC Milan,0,0
126,57,Genoa,AC Milan,0,0
126,58,Genoa,AC Milan,0,0
126,59,Genoa,AC Milan,0,0
126,60,Genoa,AC Milan,0,0
126,61,Genoa,AC Milan,1,0
126,62,Genoa,AC Milan,1,0
126,63,Genoa,AC Milan,1,0
126,64,Genoa,AC Milan,1,0
126,65,Genoa,AC Milan,1,0
126,66,Genoa,AC Milan,1,0
126,67,Genoa,AC Milan,1,0
126,68,Genoa,AC Milan,1,0
126,69,Genoa,AC Milan,1,0
126,70,Genoa,AC Milan,1,0
126,71,Genoa,AC Milan,1,0
126,72,Genoa,AC Milan,1,0
126,73,Genoa,AC Milan,1,0
126,74,Genoa,AC Milan,1,0
126,75,Genoa,AC Milan,1,0
126,76,Genoa,AC Milan,1,1
126,77,Genoa,AC Milan,1,2
126,78,Genoa,AC Milan,1,2
126,79,Genoa,AC Milan,1,2
126,80,Genoa,AC Milan,1,2
126,81,Genoa,AC Milan,1,2
126,82,Genoa,AC Milan,1,2
126,83,Genoa,AC Milan,1,2
126,84,Genoa,AC Milan,1,2
126,85,Genoa,AC Milan,1,2
126,86,Genoa,AC Milan,1,2
126,87,Genoa,AC Milan,1,2
126,88,Genoa,AC Milan,1,2
126,89,Genoa,AC Milan,1,2
126,90,Genoa,AC Milan,1,2
127,1,Genoa,Monza,0,0
127,2,Genoa,Monza,0,0
127,3,Genoa,Monza,0,0
127,4,Genoa,Monza,0,0
127,5,Genoa,Monza,0,0
127,6,Genoa,Monza,0,0
127,7,Genoa,Monza,0,0
127,8,Genoa,Monza,0,0
127,9,Genoa,Monza,0,0
127,10,Genoa,Monza,0,0
127,11,Genoa,Monza,0,0
127,12,Genoa,Monza,0,0
127,13,Genoa,Monza,0,0
127,14,Genoa,Monza,0,0
127,15,Genoa,Monza,0,0
127,16,Genoa,Monza,0,0
127,17,Genoa,Monza,0,0
127,18,Genoa,Monza,0,0
127,19,Genoa,Monza,0,0
127,20,Genoa,Monza,0,0
127,21,Genoa,Monza,0,0
127,22,Genoa,Monza,0,0
127,23,Genoa,Monza,0,0
127,24,Genoa,Monza,0,0
127,25,Genoa,Monza,0,0
127,26,Genoa,Monza,0,0
127,27,Genoa,Monza,0,0
127,28,Genoa,Monza,0,0
127,29,Genoa,Monza,0,0
127,30,Genoa,Monza,0,0
127,31,Genoa,Monza,0,0
127,32,Genoa,Monza,0,0
127,33,Genoa,Monza,0,0
127,34,Genoa,Monza,0,0
127,35,Genoa,Monza,0,0
127,36,Genoa,Monza,0,0
127,37,Genoa,Monza,0,0
127,38,Genoa,Monza,0,0
127,39,Genoa,Monza,0,0
127,40,Genoa,Monza,0,0
127,41,Genoa,Monza,0,0
127,42,Genoa,Monza,0,0
127,43,Genoa,Monza,0,0
127,44,Genoa,Monza,0,0
127,45,Genoa,Monza,0,0
127,46,Genoa,Monza,0,0
127,47,Genoa,Monza,0,0
127,48,Genoa,Monza,0,0
127,49,Genoa,Monza,0,0
127,50,Genoa,Monza,0,0
127,51,Genoa,Monza,0,0
127,52,Genoa,Monza,0,0
127,53,Genoa,Monza,0,0
127,54,Genoa,Monza,0,0
127,55,Genoa,Monza,0,0
127,56,Genoa,Monza,0,0
127,57,Genoa,Monza,0,0
127,58,Genoa,Monza,0,0
127,59,Genoa,Monza,0,0
127,60,Genoa,Monza,0,0
127,61,Genoa,Monza,1,0
127,62,Genoa,Monza,1,0
127,63,Genoa,Monza,1,0
127,64,Genoa,Monza,1,0
127,65,Genoa,Monza,1,0
127,66,Genoa,Monza,1,0
127,67,Genoa,Monza,1,0
127,68,Genoa,Monza,1,0
127,69,Genoa,Monza,1,0
127,70,Genoa,Monza,1,0
127,71,Genoa,Monza,1,0
127,72,Genoa,Monza,1,0
127,73,Genoa,Monza,1,0
127,74,Genoa,Monza,1,0
127,75,Genoa,Monza,1,0
127,76,Genoa,Monza,1,0
127,77,Genoa,Monza,1,0
127,78,Genoa,Monza,1,0
127,79,Genoa,Monza,1,0
127,80,Genoa,Monza,1,0
127,81,Genoa,Monza,1,0
127,82,Genoa,Monza,1,0
127,83,Genoa,Monza,1,0
127,84,Genoa,Monza,2,0
127,85,Genoa,Monza,2,0
127,86,Genoa,Monza,2,0
127,87,Genoa,Monza,2,0
127,88,Genoa,Monza,2,0
127,89,Genoa,Monza,2,0
127,90,Genoa,Monza,2,0
128,1,Genoa,Napoli,0,0
128,2,Genoa,Napoli,0,0
128,3,Genoa,Napoli,0,0
128,4,Genoa,Napoli,0,0
128,5,Genoa,Napoli,0,0
128,6,Genoa,Napoli,0,0
128,7,Genoa,Napoli,0,0
128,8,Genoa,Napoli,0,0
128,9,Genoa,Napoli,0,0
128,10,Genoa,Napoli,0,0
128,11,Genoa,Napoli,0,0
128,12,Genoa,Napoli,0,0
128,13,Genoa,Napoli,0,0
128,14,Genoa,Napoli,0,0
128,15,Genoa,Napoli,0,1
128,16,Genoa,Napoli,0,1
128,17,Genoa,Napoli,0,1
128,18,Genoa,Napoli,0,1
128,19,Genoa,Napoli,0,1
128,20,Genoa,Napoli,0,1
128,21,Genoa,Napoli,0,1
128,22,Genoa,Napoli,0,1
128,23,Genoa,Napoli,0,2
128,24,Genoa,Napoli,0,2
128,25,Genoa,Napoli,0,2
128,26,Genoa,Napoli,0,2
128,27,Genoa,Napoli,0,2
128,28,Genoa,Napoli,0,2
128,29,Genoa,Napoli,0,2
128,30,Genoa,Napoli,0,2
128,31,Genoa,Napoli,0,2
128,32,Genoa,Napoli,0,2
128,33,Genoa,Napoli,0,2
128,34,Genoa,Napoli,0,2
128,35,Genoa,Napoli,0,2
128,36,Genoa,Napoli,0,2
128,37,Genoa,Napoli,0,2
128,38,Genoa,Napoli,0,2
128,39,Genoa,Napoli,0,2
128,40,Genoa,Napoli,0,2
128,41,Genoa,Napoli,0,2
128,42,Genoa,Napoli,0,2
128,43,Genoa,Napoli,0,2
128,44,Genoa,Napoli,0,2
128,45,Genoa,Napoli,0,2
128,46,Genoa,Napoli,0,2
128,47,Genoa,Napoli,0,2
128,48,Genoa,Napoli,0,2
128,49,Genoa,Napoli,0,2
128,50,Genoa,Napoli,0,2
128,51,Genoa,Napoli,1,2
128,52,Genoa,Napoli,1,2
128,53,Genoa,Napoli,1,2
128,54,Genoa,Napoli,1,2
128,55,Genoa,Napoli,1,2
128,56,Genoa,Napoli,1,2
128,57,Genoa,Napoli,1,2
128,58,Genoa,Napoli,1,2
128,59,Genoa,Napoli,1,2
128,60,Genoa,Napoli,1,2
128,61,Genoa,Napoli,1,2
128,62,Genoa,Napoli,1,2
128,63,Genoa,Napoli,1,2
128,64,Genoa,Napoli,1,2
128,65,Genoa,Napoli,1,2
128,66,Genoa,Napoli,1,2
128,67,Genoa,Napoli,1,2
128,68,Genoa,Napoli,1,2
128,69,Genoa,Napoli,1,2
128,70,Genoa,Napoli,1,2
128,71,Genoa,Napoli,1,2
128,72,Genoa,Napoli,1,2
128,73,Genoa,Napoli,1,2
128,74,Genoa,Napoli,1,2
128,75,Genoa,Napoli,1,2
128,76,Genoa,Napoli,1,2
128,77,Genoa,Napoli,1,2
128,78,Genoa,Napoli,1,2
128,79,Genoa,Napoli,1,2
128,80,Genoa,Napoli,1,2
128,81,Genoa,Napoli,1,2
128,82,Genoa,Napoli,1,2
128,83,Genoa,Napoli,1,2
128,84,Genoa,Napoli,1,2
128,85,Genoa,Napoli,1,2
128,86,Genoa,Napoli,1,2
128,87,Genoa,Napoli,1,2
128,88,Genoa,Napoli,1,2
128,89,Genoa,Napoli,1,2
128,90,Genoa,Napoli,1,2
129,1,Genoa,Parma,0,0
129,2,Genoa,Parma,0,0
129,3,Genoa,Parma,0,0
129,4,Genoa,Parma,0,0
129,5,Genoa,Parma,0,0
129,6,Genoa,Parma,0,0
129,7,Genoa,Parma,0,0
129,8,Genoa,Parma,0,0
129,9,Genoa,Parma,0,0
129,10,Genoa,Parma,0,0
129,11,Genoa,Parma,0,0
129,12,Genoa,Parma,0,0
129,13,Genoa,Parma,0,0
129,14,Genoa,Parma,0,0
129,15,Genoa,Parma,0,0
129,16,Genoa,Parma,0,0
129,17,Genoa,Parma,0,0
129,18,Genoa,Parma,0,0
129,19,Genoa,Parma,0,0
129,20,Genoa,Parma,0,0
129,21,Genoa,Parma,0,0
129,22,Genoa,Parma,0,0
129,23,Genoa,Parma,0,0
129,24,Genoa,Parma,0,0
129,25,Genoa,Parma,0,0
129,26,Genoa,Parma,0,0
129,27,Genoa,Parma,0,0
129,28,Genoa,Parma,0,0
129,29,Genoa,Parma,0,0
129,30,Genoa,Parma,0,0
129,31,Genoa,Parma,0,0
129,32,Genoa,Parma,0,0
129,33,Genoa,Parma,0,0
129,34,Genoa,Parma,0,0
129,35,Genoa,Parma,0,0
129,36,Genoa,Parma,0,0
129,37,Genoa,Parma,0,0
129,38,Genoa,Parma,0,0
129,39,Genoa,Parma,0,0
129,40,Genoa,Parma,0,0
129,41,Genoa,Parma,0,0
129,42,Genoa,Parma,0,0
129,43,Genoa,Parma,0,0
129,44,Genoa,Parma,0,0
129,45,Genoa,Parma,0,0
129,46,Genoa,Parma,0,0
129,47,Genoa,Parma,0,0
129,48,Genoa,Parma,0,0
129,49,Genoa,Parma,0,0
129,50,Genoa,Parma,0,0
129,51,Genoa,Parma,0,0
129,52,Genoa,Parma,0,0
129,53,Genoa,Parma,0,0
129,54,Genoa,Parma,0,0
129,55,Genoa,Parma,0,0
129,56,Genoa,Parma,0,0
129,57,Genoa,Parma,0,0
129,58,Genoa,Parma,0,0
129,59,Genoa,Parma,0,0
129,60,Genoa,Parma,0,0
129,61,Genoa,Parma,0,0
129,62,Genoa,Parma,0,0
129,63,Genoa,Parma,0,0
129,64,Genoa,Parma,0,0
129,65,Genoa,Parma,1,0
129,66,Genoa,Parma,1,0
129,67,Genoa,Parma,1,0
129,68,Genoa,Parma,1,0
129,69,Genoa,Parma,1,0
129,70,Genoa,Parma,1,0
129,71,Genoa,Parma,1,0
129,72,Genoa,Parma,1,0
129,73,Genoa,Parma,1,0
129,74,Genoa,Parma,1,0
129,75,Genoa,Parma,1,0
129,76,Genoa,Parma,1,0
129,77,Genoa,Parma,1,0
129,78,Genoa,Parma,1,0
129,79,Genoa,Parma,1,0
129,80,Genoa,Parma,1,0
129,81,Genoa,Parma,1,0
129,82,Genoa,Parma,1,0
129,83,Genoa,Parma,1,0
129,84,Genoa,Parma,1,0
129,85,Genoa,Parma,1,0
129,86,Genoa,Parma,1,0
129,87,Genoa,Parma,1,0
129,88,Genoa,Parma,1,0
129,89,Genoa,Parma,1,0
129,90,Genoa,Parma,1,0
130,1,Genoa,Roma,0,0
130,2,Genoa,Roma,0,0
130,3,Genoa,Roma,0,0
130,4,Genoa,Roma,0,0
130,5,Genoa,Roma,0,0
130,6,Genoa,Roma,0,0
130,7,Genoa,Roma,0,0
130,8,Genoa,Roma,0,0
130,9,Genoa,Roma,0,0
130,10,Genoa,Roma,0,0
130,11,Genoa,Roma,0,0
130,12,Genoa,Roma,0,0
130,13,Genoa,Roma,0,0
130,14,Genoa,Roma,0,0
130,15,Genoa,Roma,0,0
130,16,Genoa,Roma,0,0
130,17,Genoa,Roma,0,0
130,18,Genoa,Roma,0,0
130,19,Genoa,Roma,0,0
130,20,Genoa,Roma,0,0
130,21,Genoa,Roma,0,0
130,22,Genoa,Roma,0,0
130,23,Genoa,Roma,0,0
130,24,Genoa,Roma,0,0
130,25,Genoa,Roma,0,0
130,26,Genoa,Roma,0,0
130,27,Genoa,Roma,0,0
130,28,Genoa,Roma,0,0
130,29,Genoa,Roma,0,0
130,30,Genoa,Roma,0,0
130,31,Genoa,Roma,0,0
130,32,Genoa,Roma,0,0
130,33,Genoa,Roma,0,0
130,34,Genoa,Roma,0,0
130,35,Genoa,Roma,0,0
130,36,Genoa,Roma,0,0
130,37,Genoa,Roma,0,1
130,38,Genoa,Roma,0,1
130,39,Genoa,Roma,0,1
130,40,Genoa,Roma,0,1
130,41,Genoa,Roma,0,1
130,42,Genoa,Roma,0,1
130,43,Genoa,Roma,0,1
130,44,Genoa,Roma,0,1
130,45,Genoa,Roma,0,1
130,46,Genoa,Roma,0,1
130,47,Genoa,Roma,0,1
130,48,Genoa,Roma,0,1
130,49,Genoa,Roma,0,1
130,50,Genoa,Roma,0,1
130,51,Genoa,Roma,0,1
130,52,Genoa,Roma,0,1
130,53,Genoa,Roma,0,1
130,54,Genoa,Roma,0,1
130,55,Genoa,Roma,0,1
130,56,Genoa,Roma,0,1
130,57,Genoa,Roma,0,1
130,58,Genoa,Roma,0,1
130,59,Genoa,Roma,0,1
130,60,Genoa,Roma,0,1
130,61,Genoa,Roma,0,1
130,62,Genoa,Roma,0,1
130,63,Genoa,Roma,0,1
130,64,Genoa,Roma,0,1
130,65,Genoa,Roma,0,1
130,66,Genoa,Roma,0,1
130,67,Genoa,Roma,0,1
130,68,Genoa,Roma,0,1
130,69,Genoa,Roma,0,1
130,70,Genoa,Roma,0,1
130,71,Genoa,Roma,0,1
130,72,Genoa,Roma,0,1
130,73,Genoa,Roma,0,1
130,74,Genoa,Roma,0,1
130,75,Genoa,Roma,0,1
130,76,Genoa,Roma,0,1
130,77,Genoa,Roma,0,1
130,78,Genoa,Roma,0,1
130,79,Genoa,Roma,0,1
130,80,Genoa,Roma,0,1
130,81,Genoa,Roma,0,1
130,82,Genoa,Roma,0,1
130,83,Genoa,Roma,0,1
130,84,Genoa,Roma,0,1
130,85,Genoa,Roma,0,1
130,86,Genoa,Roma,0,1
130,87,Genoa,Roma,0,1
130,88,Genoa,Roma,0,1
130,89,Genoa,Roma,0,1
130,90,Genoa,Roma,1,1
131,1,Genoa,Torino,0,0
131,2,Genoa,Torino,0,0
131,3,Genoa,Torino,0,0
131,4,Genoa,Torino,0,0
131,5,Genoa,Torino,0,0
131,6,Genoa,Torino,0,0
131,7,Genoa,Torino,0,0
131,8,Genoa,Torino,0,0
131,9,Genoa,Torino,0,0
131,10,Genoa,Torino,0,0
131,11,Genoa,Torino,0,0
131,12,Genoa,Torino,0,0
131,13,Genoa,Torino,0,0
131,14,Genoa,Torino,0,0
131,15,Genoa,Torino,0,0
131,16,Genoa,Torino,0,0
131,17,Genoa,Torino,0,0
131,18,Genoa,Torino,0,0
131,19,Genoa,Torino,0,0
131,20,Genoa,Torino,0,0
131,21,Genoa,Torino,0,0
131,22,Genoa,Torino,0,0
131,23,Genoa,Torino,0,0
131,24,Genoa,Torino,0,0
131,25,Genoa,Torino,0,0
131,26,Genoa,Torino,0,0
131,27,Genoa,Torino,0,0
131,28,Genoa,Torino,0,0
131,29,Genoa,Torino,0,0
131,30,Genoa,Torino,0,0
131,31,Genoa,Torino,0,0
131,32,Genoa,Torino,0,0
131,33,Genoa,Torino,0,0
131,34,Genoa,Torino,0,0
131,35,Genoa,Torino,0,0
131,36,Genoa,Torino,0,0
131,37,Genoa,Torino,0,0
131,38,Genoa,Torino,0,0
131,39,Genoa,Torino,0,0
131,40,Genoa,Torino,0,0
131,41,Genoa,Torino,0,0
131,42,Genoa,Torino,0,0
131,43,Genoa,Torino,0,0
131,44,Genoa,Torino,0,0
131,45,Genoa,Torino,0,0
131,46,Genoa,Torino,0,0
131,47,Genoa,Torino,0,0
131,48,Genoa,Torino,0,0
131,49,Genoa,Torino,0,0
131,50,Genoa,Torino,0,0
131,51,Genoa,Torino,0,0
131,52,Genoa,Torino,0,0
131,53,Genoa,Torino,0,0
131,54,Genoa,Torino,0,0
131,55,Genoa,Torino,0,0
131,56,Genoa,Torino,0,0
131,57,Genoa,Torino,0,0
131,58,Genoa,Torino,0,0
131,59,Genoa,Torino,0,0
131,60,Genoa,Torino,0,0
131,61,Genoa,Torino,0,0
131,62,Genoa,Torino,0,0
131,63,Genoa,Torino,0,0
131,64,Genoa,Torino,0,0
131,65,Genoa,Torino,0,0
131,66,Genoa,Torino,0,0
131,67,Genoa,Torino,0,0
131,68,Genoa,Torino,0,0
131,69,Genoa,Torino,0,0
131,70,Genoa,Torino,0,0
131,71,Genoa,Torino,0,0
131,72,Genoa,Torino,0,0
131,73,Genoa,Torino,0,0
131,74,Genoa,Torino,0,0
131,75,Genoa,Torino,0,0
131,76,Genoa,Torino,0,0
131,77,Genoa,Torino,0,0
131,78,Genoa,Torino,0,0
131,79,Genoa,Torino,0,0
131,80,Genoa,Torino,0,0
131,81,Genoa,Torino,0,0
131,82,Genoa,Torino,0,0
131,83,Genoa,Torino,0,0
131,84,Genoa,Torino,0,0
131,85,Genoa,Torino,0,0
131,86,Genoa,Torino,0,0
131,87,Genoa,Torino,0,0
131,88,Genoa,Torino,0,0
131,89,Genoa,Torino,0,0
131,90,Genoa,Torino,0,0
132,1,Genoa,Udinese,0,0
132,2,Genoa,Udinese,0,0
132,3,Genoa,Udinese,0,0
132,4,Genoa,Udinese,0,0
132,5,Genoa,Udinese,0,0
132,6,Genoa,Udinese,0,0
132,7,Genoa,Udinese,0,0
132,8,Genoa,Udinese,0,0
132,9,Genoa,Udinese,0,0
132,10,Genoa,Udinese,0,0
132,11,Genoa,Udinese,0,0
132,12,Genoa,Udinese,0,0
132,13,Genoa,Udinese,0,0
132,14,Genoa,Udinese,0,0
132,15,Genoa,Udinese,0,0
132,16,Genoa,Udinese,0,0
132,17,Genoa,Udinese,0,0
132,18,Genoa,Udinese,0,0
132,19,Genoa,Udinese,0,0
132,20,Genoa,Udinese,0,0
132,21,Genoa,Udinese,0,0
132,22,Genoa,Udinese,0,0
132,23,Genoa,Udinese,0,0
132,24,Genoa,Udinese,0,0
132,25,Genoa,Udinese,0,0
132,26,Genoa,Udinese,0,0
132,27,Genoa,Udinese,0,0
132,28,Genoa,Udinese,0,0
132,29,Genoa,Udinese,0,0
132,30,Genoa,Udinese,0,0
132,31,Genoa,Udinese,0,0
132,32,Genoa,Udinese,0,0
132,33,Genoa,Udinese,0,0
132,34,Genoa,Udinese,0,0
132,35,Genoa,Udinese,0,0
132,36,Genoa,Udinese,0,0
132,37,Genoa,Udinese,0,0
132,38,Genoa,Udinese,0,0
132,39,Genoa,Udinese,0,0
132,40,Genoa,Udinese,0,0
132,41,Genoa,Udinese,0,0
132,42,Genoa,Udinese,0,0
132,43,Genoa,Udinese,0,0
132,44,Genoa,Udinese,0,0
132,45,Genoa,Udinese,0,0
132,46,Genoa,Udinese,0,0
132,47,Genoa,Udinese,0,0
132,48,Genoa,Udinese,0,0
132,49,Genoa,Udinese,0,0
132,50,Genoa,Udinese,0,0
132,51,Genoa,Udinese,0,0
132,52,Genoa,Udinese,0,0
132,53,Genoa,Udinese,0,0
132,54,Genoa,Udinese,0,0
132,55,Genoa,Udinese,0,0
132,56,Genoa,Udinese,0,0
132,57,Genoa,Udinese,0,0
132,58,Genoa,Udinese,0,0
132,59,Genoa,Udinese,0,0
132,60,Genoa,Udinese,0,0
132,61,Genoa,Udinese,0,0
132,62,Genoa,Udinese,0,0
132,63,Genoa,Udinese,0,0
132,64,Genoa,Udinese,0,0
132,65,Genoa,Udinese,0,0
132,66,Genoa,Udinese,0,0
132,67,Genoa,Udinese,0,0
132,68,Genoa,Udinese,0,0
132,69,Genoa,Udinese,0,0
132,70,Genoa,Udinese,0,0
132,71,Genoa,Udinese,0,0
132,72,Genoa,Udinese,0,0
132,73,Genoa,Udinese,0,0
132,74,Genoa,Udinese,0,0
132,75,Genoa,Udinese,0,0
132,76,Genoa,Udinese,0,0
132,77,Genoa,Udinese,1,0
132,78,Genoa,Udinese,1,0
132,79,Genoa,Udinese,1,0
132,80,Genoa,Udinese,1,0
132,81,Genoa,Udinese,1,0
132,82,Genoa,Udinese,1,0
132,83,Genoa,Udinese,1,0
132,84,Genoa,Udinese,1,0
132,85,Genoa,Udinese,1,0
132,86,Genoa,Udinese,1,0
132,87,Genoa,Udinese,1,0
132,88,Genoa,Udinese,1,0
132,89,Genoa,Udinese,1,0
132,90,Genoa,Udinese,1,0
133,1,Genoa,Venezia,0,0
133,2,Genoa,Venezia,0,0
133,3,Genoa,Venezia,0,0
133,4,Genoa,Venezia,0,0
133,5,Genoa,Venezia,0,0
133,6,Genoa,Venezia,0,0
133,7,Genoa,Venezia,0,0
133,8,Genoa,Venezia,0,0
133,9,Genoa,Venezia,0,0
133,10,Genoa,Venezia,0,0
133,11,Genoa,Venezia,0,0
133,12,Genoa,Venezia,0,0
133,13,Genoa,Venezia,0,0
133,14,Genoa,Venezia,0,0
133,15,Genoa,Venezia,0,0
133,16,Genoa,Venezia,0,0
133,17,Genoa,Venezia,0,0
133,18,Genoa,Venezia,0,0
133,19,Genoa,Venezia,0,0
133,20,Genoa,Venezia,0,0
133,21,Genoa,Venezia,0,0
133,22,Genoa,Venezia,0,0
133,23,Genoa,Venezia,0,0
133,24,Genoa,Venezia,0,0
133,25,Genoa,Venezia,0,0
133,26,Genoa,Venezia,0,0
133,27,Genoa,Venezia,0,0
133,28,Genoa,Venezia,0,0
133,29,Genoa,Venezia,0,0
133,30,Genoa,Venezia,0,0
133,31,Genoa,Venezia,0,0
133,32,Genoa,Venezia,0,0
133,33,Genoa,Venezia,0,0
133,34,Genoa,Venezia,0,0
133,35,Genoa,Venezia,0,0
133,36,Genoa,Venezia,0,0
133,37,Genoa,Venezia,0,0
133,38,Genoa,Venezia,0,0
133,39,Genoa,Venezia,0,0
133,40,Genoa,Venezia,0,0
133,41,Genoa,Venezia,0,0
133,42,Genoa,Venezia,0,0
133,43,Genoa,Venezia,0,0
133,44,Genoa,Venezia,0,0
133,45,Genoa,Venezia,0,0
133,46,Genoa,Venezia,0,0
133,47,Genoa,Venezia,0,0
133,48,Genoa,Venezia,0,0
133,49,Genoa,Venezia,0,0
133,50,Genoa,Venezia,0,0
133,51,Genoa,Venezia,0,0
133,52,Genoa,Venezia,0,0
133,53,Genoa,Venezia,0,0
133,54,Genoa,Venezia,0,0
133,55,Genoa,Venezia,0,0
133,56,Genoa,Venezia,0,0
133,57,Genoa,Venezia,0,0
133,58,Genoa,Venezia,0,0
133,59,Genoa,Venezia,0,0
133,60,Genoa,Venezia,0,0
133,61,Genoa,Venezia,0,0
133,62,Genoa,Venezia,0,0
133,63,Genoa,Venezia,0,0
133,64,Genoa,Venezia,0,0
133,65,Genoa,Venezia,0,0
133,66,Genoa,Venezia,0,0
133,67,Genoa,Venezia,0,0
133,68,Genoa,Venezia,0,0
133,69,Genoa,Venezia,0,0
133,70,Genoa,Venezia,0,0
133,71,Genoa,Venezia,0,0
133,72,Genoa,Venezia,0,0
133,73,Genoa,Venezia,0,0
133,74,Genoa,Venezia,0,0
133,75,Genoa,Venezia,0,0
133,76,Genoa,Venezia,0,0
133,77,Genoa,Venezia,0,0
133,78,Genoa,Venezia,0,0
133,79,Genoa,Venezia,0,0
133,80,Genoa,Venezia,0,0
133,81,Genoa,Venezia,0,0
133,82,Genoa,Venezia,1,0
133,83,Genoa,Venezia,1,0
133,84,Genoa,Venezia,1,0
133,85,Genoa,Venezia,1,0
133,86,Genoa,Venezia,2,0
133,87,Genoa,Venezia,2,0
133,88,Genoa,Venezia,2,0
133,89,Genoa,Venezia,2,0
133,90,Genoa,Venezia,2,0
134,1,Hellas Verona,Atalanta,0,0
134,2,Hellas Verona,Atalanta,0,0
134,3,Hellas Verona,Atalanta,0,0
134,4,Hellas Verona,Atalanta,0,0
134,5,Hellas Verona,Atalanta,0,0
134,6,Hellas Verona,Atalanta,0,0
134,7,Hellas Verona,Atalanta,0,0
134,8,Hellas Verona,Atalanta,0,0
134,9,Hellas Verona,Atalanta,0,0
134,10,Hellas Verona,Atalanta,0,0
134,11,Hellas Verona,Atalanta,0,0
134,12,Hellas Verona,Atalanta,0,0
134,13,Hellas Verona,Atalanta,0,0
134,14,Hellas Verona,Atalanta,0,0
134,15,Hellas Verona,Atalanta,0,0
134,16,Hellas Verona,Atalanta,0,0
134,17,Hellas Verona,Atalanta,0,0
134,18,Hellas Verona,Atalanta,0,0
134,19,Hellas Verona,Atalanta,0,0
134,20,Hellas Verona,Atalanta,0,0
134,21,Hellas Verona,Atalanta,0,1
134,22,Hellas Verona,Atalanta,0,1
134,23,Hellas Verona,Atalanta,0,1
134,24,Hellas Verona,Atalanta,0,1
134,25,Hellas Verona,Atalanta,0,2
134,26,Hellas Verona,Atalanta,0,2
134,27,Hellas Verona,Atalanta,0,2
134,28,Hellas Verona,Atalanta,0,2
134,29,Hellas Verona,Atalanta,0,2
134,30,Hellas Verona,Atalanta,0,2
134,31,Hellas Verona,Atalanta,0,2
134,32,Hellas Verona,Atalanta,0,2
134,33,Hellas Verona,Atalanta,0,2
134,34,Hellas Verona,Atalanta,0,2
134,35,Hellas Verona,Atalanta,0,2
134,36,Hellas Verona,Atalanta,0,2
134,37,Hellas Verona,Atalanta,0,3
134,38,Hellas Verona,Atalanta,0,3
134,39,Hellas Verona,Atalanta,0,3
134,40,Hellas Verona,Atalanta,0,3
134,41,Hellas Verona,Atalanta,0,3
134,42,Hellas Verona,Atalanta,0,3
134,43,Hellas Verona,Atalanta,0,3
134,44,Hellas Verona,Atalanta,0,4
134,45,Hellas Verona,Atalanta,0,4
134,46,Hellas Verona,Atalanta,0,4
134,47,Hellas Verona,Atalanta,0,4
134,48,Hellas Verona,Atalanta,0,4
134,49,Hellas Verona,Atalanta,0,4
134,50,Hellas Verona,Atalanta,0,4
134,51,Hellas Verona,Atalanta,0,4
134,52,Hellas Verona,Atalanta,0,4
134,53,Hellas Verona,Atalanta,0,4
134,54,Hellas Verona,Atalanta,0,4
134,55,Hellas Verona,Atalanta,0,4
134,56,Hellas Verona,Atalanta,0,5
134,57,Hellas Verona,Atalanta,0,5
134,58,Hellas Verona,Atalanta,0,5
134,59,Hellas Verona,Atalanta,0,5
134,60,Hellas Verona,Atalanta,0,5
134,61,Hellas Verona,Atalanta,0,5
134,62,Hellas Verona,Atalanta,0,5
134,63,Hellas Verona,Atalanta,0,5
134,64,Hellas Verona,Atalanta,0,5
134,65,Hellas Verona,Atalanta,0,5
134,66,Hellas Verona,Atalanta,0,5
134,67,Hellas Verona,Atalanta,0,5
134,68,Hellas Verona,Atalanta,0,5
134,69,Hellas Verona,Atalanta,0,5
134,70,Hellas Verona,Atalanta,0,5
134,71,Hellas Verona,Atalanta,0,5
134,72,Hellas Verona,Atalanta,0,5
134,73,Hellas Verona,Atalanta,0,5
134,74,Hellas Verona,Atalanta,0,5
134,75,Hellas Verona,Atalanta,0,5
134,76,Hellas Verona,Atalanta,0,5
134,77,Hellas Verona,Atalanta,0,5
134,78,Hellas Verona,Atalanta,0,5
134,79,Hellas Verona,Atalanta,0,5
134,80,Hellas Verona,Atalanta,0,5
134,81,Hellas Verona,Atalanta,0,5
134,82,Hellas Verona,Atalanta,0,5
134,83,Hellas Verona,Atalanta,0,5
134,84,Hellas Verona,Atalanta,0,5
134,85,Hellas Verona,Atalanta,0,5
134,86,Hellas Verona,Atalanta,0,5
134,87,Hellas Verona,Atalanta,0,5
134,88,Hellas Verona,Atalanta,0,5
134,89,Hellas Verona,Atalanta,0,5
134,90,Hellas Verona,Atalanta,0,5
135,1,Hellas Verona,Bologna,0,0
135,2,Hellas Verona,Bologna,0,0
135,3,Hellas Verona,Bologna,0,0
135,4,Hellas Verona,Bologna,0,0
135,5,Hellas Verona,Bologna,0,0
135,6,Hellas Verona,Bologna,0,0
135,7,Hellas Verona,Bologna,0,0
135,8,Hellas Verona,Bologna,0,0
135,9,Hellas Verona,Bologna,0,0
135,10,Hellas Verona,Bologna,0,0
135,11,Hellas Verona,Bologna,0,0
135,12,Hellas Verona,Bologna,0,0
135,13,Hellas Verona,Bologna,0,0
135,14,Hellas Verona,Bologna,0,0
135,15,Hellas Verona,Bologna,0,0
135,16,Hellas Verona,Bologna,0,0
135,17,Hellas Verona,Bologna,0,0
135,18,Hellas Verona,Bologna,0,0
135,19,Hellas Verona,Bologna,0,0
135,20,Hellas Verona,Bologna,0,0
135,21,Hellas Verona,Bologna,0,0
135,22,Hellas Verona,Bologna,0,0
135,23,Hellas Verona,Bologna,0,0
135,24,Hellas Verona,Bologna,0,0
135,25,Hellas Verona,Bologna,0,0
135,26,Hellas Verona,Bologna,0,0
135,27,Hellas Verona,Bologna,0,0
135,28,Hellas Verona,Bologna,0,0
135,29,Hellas Verona,Bologna,0,0
135,30,Hellas Verona,Bologna,0,0
135,31,Hellas Verona,Bologna,0,0
135,32,Hellas Verona,Bologna,0,0
135,33,Hellas Verona,Bologna,0,0
135,34,Hellas Verona,Bologna,0,0
135,35,Hellas Verona,Bologna,0,0
135,36,Hellas Verona,Bologna,0,0
135,37,Hellas Verona,Bologna,0,0
135,38,Hellas Verona,Bologna,0,0
135,39,Hellas Verona,Bologna,0,0
135,40,Hellas Verona,Bologna,0,1
135,41,Hellas Verona,Bologna,0,1
135,42,Hellas Verona,Bologna,0,1
135,43,Hellas Verona,Bologna,0,1
135,44,Hellas Verona,Bologna,0,1
135,45,Hellas Verona,Bologna,0,1
135,46,Hellas Verona,Bologna,0,1
135,47,Hellas Verona,Bologna,0,1
135,48,Hellas Verona,Bologna,0,1
135,49,Hellas Verona,Bologna,0,1
135,50,Hellas Verona,Bologna,0,1
135,51,Hellas Verona,Bologna,0,1
135,52,Hellas Verona,Bologna,0,1
135,53,Hellas Verona,Bologna,0,1
135,54,Hellas Verona,Bologna,0,1
135,55,Hellas Verona,Bologna,0,1
135,56,Hellas Verona,Bologna,0,1
135,57,Hellas Verona,Bologna,0,1
135,58,Hellas Verona,Bologna,0,1
135,59,Hellas Verona,Bologna,0,1
135,60,Hellas Verona,Bologna,0,1
135,61,Hellas Verona,Bologna,0,1
135,62,Hellas Verona,Bologna,0,1
135,63,Hellas Verona,Bologna,0,1
135,64,Hellas Verona,Bologna,0,1
135,65,Hellas Verona,Bologna,0,1
135,66,Hellas Verona,Bologna,0,1
135,67,Hellas Verona,Bologna,0,1
135,68,Hellas Verona,Bologna,0,1
135,69,Hellas Verona,Bologna,0,1
135,70,Hellas Verona,Bologna,0,1
135,71,Hellas Verona,Bologna,0,1
135,72,Hellas Verona,Bologna,0,1
135,73,Hellas Verona,Bologna,0,1
135,74,Hellas Verona,Bologna,0,1
135,75,Hellas Verona,Bologna,0,1
135,76,Hellas Verona,Bologna,0,1
135,77,Hellas Verona,Bologna,0,1
135,78,Hellas Verona,Bologna,0,2
135,79,Hellas Verona,Bologna,0,2
135,80,Hellas Verona,Bologna,1,2
135,81,Hellas Verona,Bologna,1,2
135,82,Hellas Verona,Bologna,1,2
135,83,Hellas Verona,Bologna,1,2
135,84,Hellas Verona,Bologna,1,2
135,85,Hellas Verona,Bologna,1,2
135,86,Hellas Verona,Bologna,1,2
135,87,Hellas Verona,Bologna,1,2
135,88,Hellas Verona,Bologna,1,2
135,89,Hellas Verona,Bologna,1,2
135,90,Hellas Verona,Bologna,1,2
136,1,Hellas Verona,Cagliari,0,0
136,2,Hellas Verona,Cagliari,0,0
136,3,Hellas Verona,Cagliari,0,0
136,4,Hellas Verona,Cagliari,0,0
136,5,Hellas Verona,Cagliari,0,0
136,6,Hellas Verona,Cagliari,0,0
136,7,Hellas Verona,Cagliari,0,0
136,8,Hellas Verona,Cagliari,0,0
136,9,Hellas Verona,Cagliari,0,0
136,10,Hellas Verona,Cagliari,0,0
136,11,Hellas Verona,Cagliari,0,0
136,12,Hellas Verona,Cagliari,0,0
136,13,Hellas Verona,Cagliari,0,0
136,14,Hellas Verona,Cagliari,0,0
136,15,Hellas Verona,Cagliari,0,0
136,16,Hellas Verona,Cagliari,0,0
136,17,Hellas Verona,Cagliari,0,0
136,18,Hellas Verona,Cagliari,0,0
136,19,Hellas Verona,Cagliari,0,0
136,20,Hellas Verona,Cagliari,0,0
136,21,Hellas Verona,Cagliari,0,0
136,22,Hellas Verona,Cagliari,0,0
136,23,Hellas Verona,Cagliari,0,0
136,24,Hellas Verona,Cagliari,0,0
136,25,Hellas Verona,Cagliari,0,0
136,26,Hellas Verona,Cagliari,0,0
136,27,Hellas Verona,Cagliari,0,0
136,28,Hellas Verona,Cagliari,0,0
136,29,Hellas Verona,Cagliari,0,0
136,30,Hellas Verona,Cagliari,0,1
136,31,Hellas Verona,Cagliari,0,1
136,32,Hellas Verona,Cagliari,0,1
136,33,Hellas Verona,Cagliari,0,1
136,34,Hellas Verona,Cagliari,0,1
136,35,Hellas Verona,Cagliari,0,1
136,36,Hellas Verona,Cagliari,0,1
136,37,Hellas Verona,Cagliari,0,1
136,38,Hellas Verona,Cagliari,0,1
136,39,Hellas Verona,Cagliari,0,1
136,40,Hellas Verona,Cagliari,0,1
136,41,Hellas Verona,Cagliari,0,1
136,42,Hellas Verona,Cagliari,0,1
136,43,Hellas Verona,Cagliari,0,1
136,44,Hellas Verona,Cagliari,0,1
136,45,Hellas Verona,Cagliari,0,1
136,46,Hellas Verona,Cagliari,0,1
136,47,Hellas Verona,Cagliari,0,1
136,48,Hellas Verona,Cagliari,0,1
136,49,Hellas Verona,Cagliari,0,1
136,50,Hellas Verona,Cagliari,0,1
136,51,Hellas Verona,Cagliari,0,1
136,52,Hellas Verona,Cagliari,0,1
136,53,Hellas Verona,Cagliari,0,1
136,54,Hellas Verona,Cagliari,0,1
136,55,Hellas Verona,Cagliari,0,1
136,56,Hellas Verona,Cagliari,0,1
136,57,Hellas Verona,Cagliari,0,1
136,58,Hellas Verona,Cagliari,0,1
136,59,Hellas Verona,Cagliari,0,1
136,60,Hellas Verona,Cagliari,0,1
136,61,Hellas Verona,Cagliari,0,1
136,62,Hellas Verona,Cagliari,0,1
136,63,Hellas Verona,Cagliari,0,1
136,64,Hellas Verona,Cagliari,0,1
136,65,Hellas Verona,Cagliari,0,1
136,66,Hellas Verona,Cagliari,0,1
136,67,Hellas Verona,Cagliari,0,1
136,68,Hellas Verona,Cagliari,0,1
136,69,Hellas Verona,Cagliari,0,1
136,70,Hellas Verona,Cagliari,0,1
136,71,Hellas Verona,Cagliari,0,1
136,72,Hellas Verona,Cagliari,0,1
136,73,Hellas Verona,Cagliari,0,1
136,74,Hellas Verona,Cagliari,0,1
136,75,Hellas Verona,Cagliari,0,1
136,76,Hellas Verona,Cagliari,0,1
136,77,Hellas Verona,Cagliari,0,1
136,78,Hellas Verona,Cagliari,0,1
136,79,Hellas Verona,Cagliari,0,1
136,80,Hellas Verona,Cagliari,0,1
136,81,Hellas Verona,Cagliari,0,1
136,82,Hellas Verona,Cagliari,0,1
136,83,Hellas Verona,Cagliari,0,1
136,84,Hellas Verona,Cagliari,0,1
136,85,Hellas Verona,Cagliari,0,1
136,86,Hellas Verona,Cagliari,0,1
136,87,Hellas Verona,Cagliari,0,1
136,88,Hellas Verona,Cagliari,0,1
136,89,Hellas Verona,Cagliari,0,1
136,90,Hellas Verona,Cagliari,0,2
137,1,Hellas Verona,Como,0,0
137,2,Hellas Verona,Como,0,0
137,3,Hellas Verona,Como,0,0
137,4,Hellas Verona,Como,0,0
137,5,Hellas Verona,Como,0,0
137,6,Hellas Verona,Como,0,0
137,7,Hellas Verona,Como,0,0
137,8,Hellas Verona,Como,0,0
137,9,Hellas Verona,Como,0,0
137,10,Hellas Verona,Como,0,0
137,11,Hellas Verona,Como,0,0
137,12,Hellas Verona,Como,0,0
137,13,Hellas Verona,Como,0,0
137,14,Hellas Verona,Como,0,0
137,15,Hellas Verona,Como,0,0
137,16,Hellas Verona,Como,0,0
137,17,Hellas Verona,Como,0,0
137,18,Hellas Verona,Como,0,0
137,19,Hellas Verona,Como,0,0
137,20,Hellas Verona,Como,0,0
137,21,Hellas Verona,Como,0,0
137,22,Hellas Verona,Como,0,0
137,23,Hellas Verona,Como,0,0
137,24,Hellas Verona,Como,0,0
137,25,Hellas Verona,Como,0,0
137,26,Hellas Verona,Como,0,0
137,27,Hellas Verona,Como,0,0
137,28,Hellas Verona,Como,0,0
137,29,Hellas Verona,Como,0,1
137,30,Hellas Verona,Como,0,1
137,31,Hellas Verona,Como,0,1
137,32,Hellas Verona,Como,0,1
137,33,Hellas Verona,Como,0,1
137,34,Hellas Verona,Como,0,1
137,35,Hellas Verona,Como,0,1
137,36,Hellas Verona,Como,0,1
137,37,Hellas Verona,Como,0,1
137,38,Hellas Verona,Como,0,1
137,39,Hellas Verona,Como,0,1
137,40,Hellas Verona,Como,0,1
137,41,Hellas Verona,Como,0,1
137,42,Hellas Verona,Como,0,1
137,43,Hellas Verona,Como,0,1
137,44,Hellas Verona,Como,0,1
137,45,Hellas Verona,Como,0,1
137,46,Hellas Verona,Como,0,1
137,47,Hellas Verona,Como,0,1
137,48,Hellas Verona,Como,0,1
137,49,Hellas Verona,Como,0,1
137,50,Hellas Verona,Como,0,1
137,51,Hellas Verona,Como,0,1
137,52,Hellas Verona,Como,0,1
137,53,Hellas Verona,Como,0,1
137,54,Hellas Verona,Como,0,1
137,55,Hellas Verona,Como,0,1
137,56,Hellas Verona,Como,0,1
137,57,Hellas Verona,Como,0,1
137,58,Hellas Verona,Como,0,1
137,59,Hellas Verona,Como,0,1
137,60,Hellas Verona,Como,0,1
137,61,Hellas Verona,Como,0,1
137,62,Hellas Verona,Como,0,1
137,63,Hellas Verona,Como,0,1
137,64,Hellas Verona,Como,0,1
137,65,Hellas Verona,Como,0,1
137,66,Hellas Verona,Como,0,1
137,67,Hellas Verona,Como,0,1
137,68,Hellas Verona,Como,0,1
137,69,Hellas Verona,Como,1,1
137,70,Hellas Verona,Como,1,1
137,71,Hellas Verona,Como,1,1
137,72,Hellas Verona,Como,1,1
137,73,Hellas Verona,Como,1,1
137,74,Hellas Verona,Como,1,1
137,75,Hellas Verona,Como,1,1
137,76,Hellas Verona,Como,1,1
137,77,Hellas Verona,Como,1,1
137,78,Hellas Verona,Como,1,1
137,79,Hellas Verona,Como,1,1
137,80,Hellas Verona,Como,1,1
137,81,Hellas Verona,Como,1,1
137,82,Hellas Verona,Como,1,1
137,83,Hellas Verona,Como,1,1
137,84,Hellas Verona,Como,1,1
137,85,Hellas Verona,Como,1,1
137,86,Hellas Verona,Como,1,1
137,87,Hellas Verona,Como,1,1
137,88,Hellas Verona,Como,1,1
137,89,Hellas Verona,Como,1,1
137,90,Hellas Verona,Como,1,1
138,1,Hellas Verona,Empoli,0,0
138,2,Hellas Verona,Empoli,0,0
138,3,Hellas Verona,Empoli,0,0
138,4,Hellas Verona,Empoli,0,0
138,5,Hellas Verona,Empoli,0,0
138,6,Hellas Verona,Empoli,0,0
138,7,Hellas Verona,Empoli,0,0
138,8,Hellas Verona,Empoli,0,0
138,9,Hellas Verona,Empoli,0,0
138,10,Hellas Verona,Empoli,0,0
138,11,Hellas Verona,Empoli,0,0
138,12,Hellas Verona,Empoli,0,0
138,13,Hellas Verona,Empoli,0,0
138,14,Hellas Verona,Empoli,0,0
138,15,Hellas Verona,Empoli,0,0
138,16,Hellas Verona,Empoli,0,1
138,17,Hellas Verona,Empoli,0,1
138,18,Hellas Verona,Empoli,0,1
138,19,Hellas Verona,Empoli,0,2
138,20,Hellas Verona,Empoli,0,2
138,21,Hellas Verona,Empoli,0,2
138,22,Hellas Verona,Empoli,0,2
138,23,Hellas Verona,Empoli,0,2
138,24,Hellas Verona,Empoli,0,2
138,25,Hellas Verona,Empoli,0,2
138,26,Hellas Verona,Empoli,0,2
138,27,Hellas Verona,Empoli,0,2
138,28,Hellas Verona,Empoli,0,2
138,29,Hellas Verona,Empoli,0,2
138,30,Hellas Verona,Empoli,0,2
138,31,Hellas Verona,Empoli,0,2
138,32,Hellas Verona,Empoli,0,3
138,33,Hellas Verona,Empoli,0,3
138,34,Hellas Verona,Empoli,0,3
138,35,Hellas Verona,Empoli,1,3
138,36,Hellas Verona,Empoli,1,3
138,37,Hellas Verona,Empoli,1,3
138,38,Hellas Verona,Empoli,1,3
138,39,Hellas Verona,Empoli,1,3
138,40,Hellas Verona,Empoli,1,3
138,41,Hellas Verona,Empoli,1,3
138,42,Hellas Verona,Empoli,1,4
138,43,Hellas Verona,Empoli,1,4
138,44,Hellas Verona,Empoli,1,4
138,45,Hellas Verona,Empoli,1,4
138,46,Hellas Verona,Empoli,1,4
138,47,Hellas Verona,Empoli,1,4
138,48,Hellas Verona,Empoli,1,4
138,49,Hellas Verona,Empoli,1,4
138,50,Hellas Verona,Empoli,1,4
138,51,Hellas Verona,Empoli,1,4
138,52,Hellas Verona,Empoli,1,4
138,53,Hellas Verona,Empoli,1,4
138,54,Hellas Verona,Empoli,1,4
138,55,Hellas Verona,Empoli,1,4
138,56,Hellas Verona,Empoli,1,4
138,57,Hellas Verona,Empoli,1,4
138,58,Hellas Verona,Empoli,1,4
138,59,Hellas Verona,Empoli,1,4
138,60,Hellas Verona,Empoli,1,4
138,61,Hellas Verona,Empoli,1,4
138,62,Hellas Verona,Empoli,1,4
138,63,Hellas Verona,Empoli,1,4
138,64,Hellas Verona,Empoli,1,4
138,65,Hellas Verona,Empoli,1,4
138,66,Hellas Verona,Empoli,1,4
138,67,Hellas Verona,Empoli,1,4
138,68,Hellas Verona,Empoli,1,4
138,69,Hellas Verona,Empoli,1,4
138,70,Hellas Verona,Empoli,1,4
138,71,Hellas Verona,Empoli,1,4
138,72,Hellas Verona,Empoli,1,4
138,73,Hellas Verona,Empoli,1,4
138,74,Hellas Verona,Empoli,1,4
138,75,Hellas Verona,Empoli,1,4
138,76,Hellas Verona,Empoli,1,4
138,77,Hellas Verona,Empoli,1,4
138,78,Hellas Verona,Empoli,1,4
138,79,Hellas Verona,Empoli,1,4
138,80,Hellas Verona,Empoli,1,4
138,81,Hellas Verona,Empoli,1,4
138,82,Hellas Verona,Empoli,1,4
138,83,Hellas Verona,Empoli,1,4
138,84,Hellas Verona,Empoli,1,4
138,85,Hellas Verona,Empoli,1,4
138,86,Hellas Verona,Empoli,1,4
138,87,Hellas Verona,Empoli,1,4
138,88,Hellas Verona,Empoli,1,4
138,89,Hellas Verona,Empoli,1,4
138,90,Hellas Verona,Empoli,1,4
139,1,Hellas Verona,Fiorentina,0,0
139,2,Hellas Verona,Fiorentina,0,0
139,3,Hellas Verona,Fiorentina,0,0
139,4,Hellas Verona,Fiorentina,0,0
139,5,Hellas Verona,Fiorentina,0,0
139,6,Hellas Verona,Fiorentina,0,0
139,7,Hellas Verona,Fiorentina,0,0
139,8,Hellas Verona,Fiorentina,0,0
139,9,Hellas Verona,Fiorentina,0,0
139,10,Hellas Verona,Fiorentina,0,0
139,11,Hellas Verona,Fiorentina,0,0
139,12,Hellas Verona,Fiorentina,0,0
139,13,Hellas Verona,Fiorentina,0,0
139,14,Hellas Verona,Fiorentina,0,0
139,15,Hellas Verona,Fiorentina,0,0
139,16,Hellas Verona,Fiorentina,0,0
139,17,Hellas Verona,Fiorentina,0,0
139,18,Hellas Verona,Fiorentina,0,0
139,19,Hellas Verona,Fiorentina,0,0
139,20,Hellas Verona,Fiorentina,0,0
139,21,Hellas Verona,Fiorentina,0,0
139,22,Hellas Verona,Fiorentina,0,0
139,23,Hellas Verona,Fiorentina,0,0
139,24,Hellas Verona,Fiorentina,0,0
139,25,Hellas Verona,Fiorentina,0,0
139,26,Hellas Verona,Fiorentina,0,0
139,27,Hellas Verona,Fiorentina,0,0
139,28,Hellas Verona,Fiorentina,0,0
139,29,Hellas Verona,Fiorentina,0,0
139,30,Hellas Verona,Fiorentina,0,0
139,31,Hellas Verona,Fiorentina,0,0
139,32,Hellas Verona,Fiorentina,0,0
139,33,Hellas Verona,Fiorentina,0,0
139,34,Hellas Verona,Fiorentina,0,0
139,35,Hellas Verona,Fiorentina,0,0
139,36,Hellas Verona,Fiorentina,0,0
139,37,Hellas Verona,Fiorentina,0,0
139,38,Hellas Verona,Fiorentina,0,0
139,39,Hellas Verona,Fiorentina,0,0
139,40,Hellas Verona,Fiorentina,0,0
139,41,Hellas Verona,Fiorentina,0,0
139,42,Hellas Verona,Fiorentina,0,0
139,43,Hellas Verona,Fiorentina,0,0
139,44,Hellas Verona,Fiorentina,0,0
139,45,Hellas Verona,Fiorentina,0,0
139,46,Hellas Verona,Fiorentina,0,0
139,47,Hellas Verona,Fiorentina,0,0
139,48,Hellas Verona,Fiorentina,0,0
139,49,Hellas Verona,Fiorentina,0,0
139,50,Hellas Verona,Fiorentina,0,0
139,51,Hellas Verona,Fiorentina,0,0
139,52,Hellas Verona,Fiorentina,0,0
139,53,Hellas Verona,Fiorentina,0,0
139,54,Hellas Verona,Fiorentina,0,0
139,55,Hellas Verona,Fiorentina,0,0
139,56,Hellas Verona,Fiorentina,0,0
139,57,Hellas Verona,Fiorentina,0,0
139,58,Hellas Verona,Fiorentina,0,0
139,59,Hellas Verona,Fiorentina,0,0
139,60,Hellas Verona,Fiorentina,0,0
139,61,Hellas Verona,Fiorentina,0,0
139,62,Hellas Verona,Fiorentina,0,0
139,63,Hellas Verona,Fiorentina,0,0
139,64,Hellas Verona,Fiorentina,0,0
139,65,Hellas Verona,Fiorentina,0,0
139,66,Hellas Verona,Fiorentina,0,0
139,67,Hellas Verona,Fiorentina,0,0
139,68,Hellas Verona,Fiorentina,0,0
139,69,Hellas Verona,Fiorentina,0,0
139,70,Hellas Verona,Fiorentina,0,0
139,71,Hellas Verona,Fiorentina,0,0
139,72,Hellas Verona,Fiorentina,0,0
139,73,Hellas Verona,Fiorentina,0,0
139,74,Hellas Verona,Fiorentina,0,0
139,75,Hellas Verona,Fiorentina,0,0
139,76,Hellas Verona,Fiorentina,0,0
139,77,Hellas Verona,Fiorentina,0,0
139,78,Hellas Verona,Fiorentina,0,0
139,79,Hellas Verona,Fiorentina,0,0
139,80,Hellas Verona,Fiorentina,0,0
139,81,Hellas Verona,Fiorentina,0,0
139,82,Hellas Verona,Fiorentina,0,0
139,83,Hellas Verona,Fiorentina,0,0
139,84,Hellas Verona,Fiorentina,0,0
139,85,Hellas Verona,Fiorentina,0,0
139,86,Hellas Verona,Fiorentina,0,0
139,87,Hellas Verona,Fiorentina,0,0
139,88,Hellas Verona,Fiorentina,0,0
139,89,Hellas Verona,Fiorentina,0,0
139,90,Hellas Verona,Fiorentina,1,0
140,1,Hellas Verona,Genoa,0,0
140,2,Hellas Verona,Genoa,0,0
140,3,Hellas Verona,Genoa,0,0
140,4,Hellas Verona,Genoa,0,0
140,5,Hellas Verona,Genoa,0,0
140,6,Hellas Verona,Genoa,0,0
140,7,Hellas Verona,Genoa,0,0
140,8,Hellas Verona,Genoa,0,0
140,9,Hellas Verona,Genoa,0,0
140,10,Hellas Verona,Genoa,0,0
140,11,Hellas Verona,Genoa,0,0
140,12,Hellas Verona,Genoa,0,0
140,13,Hellas Verona,Genoa,0,0
140,14,Hellas Verona,Genoa,0,0
140,15,Hellas Verona,Genoa,0,0
140,16,Hellas Verona,Genoa,0,0
140,17,Hellas Verona,Genoa,0,0
140,18,Hellas Verona,Genoa,0,0
140,19,Hellas Verona,Genoa,0,0
140,20,Hellas Verona,Genoa,0,0
140,21,Hellas Verona,Genoa,0,0
140,22,Hellas Verona,Genoa,0,0
140,23,Hellas Verona,Genoa,0,0
140,24,Hellas Verona,Genoa,0,0
140,25,Hellas Verona,Genoa,0,0
140,26,Hellas Verona,Genoa,0,0
140,27,Hellas Verona,Genoa,0,0
140,28,Hellas Verona,Genoa,0,0
140,29,Hellas Verona,Genoa,0,0
140,30,Hellas Verona,Genoa,0,0
140,31,Hellas Verona,Genoa,0,0
140,32,Hellas Verona,Genoa,0,0
140,33,Hellas Verona,Genoa,0,0
140,34,Hellas Verona,Genoa,0,0
140,35,Hellas Verona,Genoa,0,0
140,36,Hellas Verona,Genoa,0,0
140,37,Hellas Verona,Genoa,0,0
140,38,Hellas Verona,Genoa,0,0
140,39,Hellas Verona,Genoa,0,0
140,40,Hellas Verona,Genoa,0,0
140,41,Hellas Verona,Genoa,0,0
140,42,Hellas Verona,Genoa,0,0
140,43,Hellas Verona,Genoa,0,0
140,44,Hellas Verona,Genoa,0,0
140,45,Hellas Verona,Genoa,0,0
140,46,Hellas Verona,Genoa,0,0
140,47,Hellas Verona,Genoa,0,0
140,48,Hellas Verona,Genoa,0,0
140,49,Hellas Verona,Genoa,0,0
140,50,Hellas Verona,Genoa,0,0
140,51,Hellas Verona,Genoa,0,0
140,52,Hellas Verona,Genoa,0,0
140,53,Hellas Verona,Genoa,0,0
140,54,Hellas Verona,Genoa,0,0
140,55,Hellas Verona,Genoa,0,0
140,56,Hellas Verona,Genoa,0,0
140,57,Hellas Verona,Genoa,0,0
140,58,Hellas Verona,Genoa,0,0
140,59,Hellas Verona,Genoa,0,0
140,60,Hellas Verona,Genoa,0,0
140,61,Hellas Verona,Genoa,0,0
140,62,Hellas Verona,Genoa,0,0
140,63,Hellas Verona,Genoa,0,0
140,64,Hellas Verona,Genoa,0,0
140,65,Hellas Verona,Genoa,0,0
140,66,Hellas Verona,Genoa,0,0
140,67,Hellas Verona,Genoa,0,0
140,68,Hellas Verona,Genoa,0,0
140,69,Hellas Verona,Genoa,0,0
140,70,Hellas Verona,Genoa,0,0
140,71,Hellas Verona,Genoa,0,0
140,72,Hellas Verona,Genoa,0,0
140,73,Hellas Verona,Genoa,0,0
140,74,Hellas Verona,Genoa,0,0
140,75,Hellas Verona,Genoa,0,0
140,76,Hellas Verona,Genoa,0,0
140,77,Hellas Verona,Genoa,0,0
140,78,Hellas Verona,Genoa,0,0
140,79,Hellas Verona,Genoa,0,0
140,80,Hellas Verona,Genoa,0,0
140,81,Hellas Verona,Genoa,0,0
140,82,Hellas Verona,Genoa,0,0
140,83,Hellas Verona,Genoa,0,0
140,84,Hellas Verona,Genoa,0,0
140,85,Hellas Verona,Genoa,0,0
140,86,Hellas Verona,Genoa,0,0
140,87,Hellas Verona,Genoa,0,0
140,88,Hellas Verona,Genoa,0,0
140,89,Hellas Verona,Genoa,0,0
140,90,Hellas Verona,Genoa,0,0
141,1,Hellas Verona,Inter Milan,0,0
141,2,Hellas Verona,Inter Milan,0,0
141,3,Hellas Verona,Inter Milan,0,0
141,4,Hellas Verona,Inter Milan,0,0
141,5,Hellas Verona,Inter Milan,0,0
141,6,Hellas Verona,Inter Milan,0,0
141,7,Hellas Verona,Inter Milan,0,0
141,8,Hellas Verona,Inter Milan,0,0
141,9,Hellas Verona,Inter Milan,0,0
141,10,Hellas Verona,Inter Milan,0,0
141,11,Hellas Verona,Inter Milan,0,0
141,12,Hellas Verona,Inter Milan,0,0
141,13,Hellas Verona,Inter Milan,0,0
141,14,Hellas Verona,Inter Milan,0,0
141,15,Hellas Verona,Inter Milan,0,0
141,16,Hellas Verona,Inter Milan,0,0
141,17,Hellas Verona,Inter Milan,0,1
141,18,Hellas Verona,Inter Milan,0,1
141,19,Hellas Verona,Inter Milan,0,1
141,20,Hellas Verona,Inter Milan,0,1
141,21,Hellas Verona,Inter Milan,0,1
141,22,Hellas Verona,Inter Milan,0,2
141,23,Hellas Verona,Inter Milan,0,2
141,24,Hellas Verona,Inter Milan,0,2
141,25,Hellas Verona,Inter Milan,0,3
141,26,Hellas Verona,Inter Milan,0,3
141,27,Hellas Verona,Inter Milan,0,3
141,28,Hellas Verona,Inter Milan,0,3
141,29,Hellas Verona,Inter Milan,0,3
141,30,Hellas Verona,Inter Milan,0,3
141,31,Hellas Verona,Inter Milan,0,4
141,32,Hellas Verona,Inter Milan,0,4
141,33,Hellas Verona,Inter Milan,0,4
141,34,Hellas Verona,Inter Milan,0,4
141,35,Hellas Verona,Inter Milan,0,4
141,36,Hellas Verona,Inter Milan,0,4
141,37,Hellas Verona,Inter Milan,0,4
141,38,Hellas Verona,Inter Milan,0,4
141,39,Hellas Verona,Inter Milan,0,4
141,40,Hellas Verona,Inter Milan,0,4
141,41,Hellas Verona,Inter Milan,0,5
141,42,Hellas Verona,Inter Milan,0,5
141,43,Hellas Verona,Inter Milan,0,5
141,44,Hellas Verona,Inter Milan,0,5
141,45,Hellas Verona,Inter Milan,0,5
141,46,Hellas Verona,Inter Milan,0,5
141,47,Hellas Verona,Inter Milan,0,5
141,48,Hellas Verona,Inter Milan,0,5
141,49,Hellas Verona,Inter Milan,0,5
141,50,Hellas Verona,Inter Milan,0,5
141,51,Hellas Verona,Inter Milan,0,5
141,52,Hellas Verona,Inter Milan,0,5
141,53,Hellas Verona,Inter Milan,0,5
141,54,Hellas Verona,Inter Milan,0,5
141,55,Hellas Verona,Inter Milan,0,5
141,56,Hellas Verona,Inter Milan,0,5
141,57,Hellas Verona,Inter Milan,0,5
141,58,Hellas Verona,Inter Milan,0,5
141,59,Hellas Verona,Inter Milan,0,5
141,60,Hellas Verona,Inter Milan,0,5
141,61,Hellas Verona,Inter Milan,0,5
141,62,Hellas Verona,Inter Milan,0,5
141,63,Hellas Verona,Inter Milan,0,5
141,64,Hellas Verona,Inter Milan,0,5
141,65,Hellas Verona,Inter Milan,0,5
141,66,Hellas Verona,Inter Milan,0,5
141,67,Hellas Verona,Inter Milan,0,5
141,68,Hellas Verona,Inter Milan,0,5
141,69,Hellas Verona,Inter Milan,0,5
141,70,Hellas Verona,Inter Milan,0,5
141,71,Hellas Verona,Inter Milan,0,5
141,72,Hellas Verona,Inter Milan,0,5
141,73,Hellas Verona,Inter Milan,0,5
141,74,Hellas Verona,Inter Milan,0,5
141,75,Hellas Verona,Inter Milan,0,5
141,76,Hellas Verona,Inter Milan,0,5
141,77,Hellas Verona,Inter Milan,0,5
141,78,Hellas Verona,Inter Milan,0,5
141,79,Hellas Verona,Inter Milan,0,5
141,80,Hellas Verona,Inter Milan,0,5
141,81,Hellas Verona,Inter Milan,0,5
141,82,Hellas Verona,Inter Milan,0,5
141,83,Hellas Verona,Inter Milan,0,5
141,84,Hellas Verona,Inter Milan,0,5
141,85,Hellas Verona,Inter Milan,0,5
141,86,Hellas Verona,Inter Milan,0,5
141,87,Hellas Verona,Inter Milan,0,5
141,88,Hellas Verona,Inter Milan,0,5
141,89,Hellas Verona,Inter Milan,0,5
141,90,Hellas Verona,Inter Milan,0,5
142,1,Hellas Verona,Juventus,0,0
142,2,Hellas Verona,Juventus,0,0
142,3,Hellas Verona,Juventus,0,0
142,4,Hellas Verona,Juventus,0,0
142,5,Hellas Verona,Juventus,0,0
142,6,Hellas Verona,Juventus,0,0
142,7,Hellas Verona,Juventus,0,0
142,8,Hellas Verona,Juventus,0,0
142,9,Hellas Verona,Juventus,0,0
142,10,Hellas Verona,Juventus,0,0
142,11,Hellas Verona,Juventus,0,0
142,12,Hellas Verona,Juventus,0,0
142,13,Hellas Verona,Juventus,0,0
142,14,Hellas Verona,Juventus,0,0
142,15,Hellas Verona,Juventus,0,0
142,16,Hellas Verona,Juventus,0,0
142,17,Hellas Verona,Juventus,0,0
142,18,Hellas Verona,Juventus,0,0
142,19,Hellas Verona,Juventus,0,0
142,20,Hellas Verona,Juventus,0,0
142,21,Hellas Verona,Juventus,0,0
142,22,Hellas Verona,Juventus,0,0
142,23,Hellas Verona,Juventus,0,0
142,24,Hellas Verona,Juventus,0,0
142,25,Hellas Verona,Juventus,0,0
142,26,Hellas Verona,Juventus,0,0
142,27,Hellas Verona,Juventus,0,0
142,28,Hellas Verona,Juventus,0,1
142,29,Hellas Verona,Juventus,0,1
142,30,Hellas Verona,Juventus,0,1
142,31,Hellas Verona,Juventus,0,1
142,32,Hellas Verona,Juventus,0,1
142,33,Hellas Verona,Juventus,0,1
142,34,Hellas Verona,Juventus,0,1
142,35,Hellas Verona,Juventus,0,1
142,36,Hellas Verona,Juventus,0,1
142,37,Hellas Verona,Juventus,0,1
142,38,Hellas Verona,Juventus,0,1
142,39,Hellas Verona,Juventus,0,2
142,40,Hellas Verona,Juventus,0,2
142,41,Hellas Verona,Juventus,0,2
142,42,Hellas Verona,Juventus,0,2
142,43,Hellas Verona,Juventus,0,2
142,44,Hellas Verona,Juventus,0,2
142,45,Hellas Verona,Juventus,0,2
142,46,Hellas Verona,Juventus,0,2
142,47,Hellas Verona,Juventus,0,2
142,48,Hellas Verona,Juventus,0,2
142,49,Hellas Verona,Juventus,0,2
142,50,Hellas Verona,Juventus,0,2
142,51,Hellas Verona,Juventus,0,2
142,52,Hellas Verona,Juventus,0,2
142,53,Hellas Verona,Juventus,0,3
142,54,Hellas Verona,Juventus,0,3
142,55,Hellas Verona,Juventus,0,3
142,56,Hellas Verona,Juventus,0,3
142,57,Hellas Verona,Juventus,0,3
142,58,Hellas Verona,Juventus,0,3
142,59,Hellas Verona,Juventus,0,3
142,60,Hellas Verona,Juventus,0,3
142,61,Hellas Verona,Juventus,0,3
142,62,Hellas Verona,Juventus,0,3
142,63,Hellas Verona,Juventus,0,3
142,64,Hellas Verona,Juventus,0,3
142,65,Hellas Verona,Juventus,0,3
142,66,Hellas Verona,Juventus,0,3
142,67,Hellas Verona,Juventus,0,3
142,68,Hellas Verona,Juventus,0,3
142,69,Hellas Verona,Juventus,0,3
142,70,Hellas Verona,Juventus,0,3
142,71,Hellas Verona,Juventus,0,3
142,72,Hellas Verona,Juventus,0,3
142,73,Hellas Verona,Juventus,0,3
142,74,Hellas Verona,Juventus,0,3
142,75,Hellas Verona,Juventus,0,3
142,76,Hellas Verona,Juventus,0,3
142,77,Hellas Verona,Juventus,0,3
142,78,Hellas Verona,Juventus,0,3
142,79,Hellas Verona,Juventus,0,3
142,80,Hellas Verona,Juventus,0,3
142,81,Hellas Verona,Juventus,0,3
142,82,Hellas Verona,Juventus,0,3
142,83,Hellas Verona,Juventus,0,3
142,84,Hellas Verona,Juventus,0,3
142,85,Hellas Verona,Juventus,0,3
142,86,Hellas Verona,Juventus,0,3
142,87,Hellas Verona,Juventus,0,3
142,88,Hellas Verona,Juventus,0,3
142,89,Hellas Verona,Juventus,0,3
142,90,Hellas Verona,Juventus,0,3
143,1,Hellas Verona,Lazio,0,0
143,2,Hellas Verona,Lazio,0,1
143,3,Hellas Verona,Lazio,0,1
143,4,Hellas Verona,Lazio,0,1
143,5,Hellas Verona,Lazio,0,1
143,6,Hellas Verona,Lazio,0,1
143,7,Hellas Verona,Lazio,0,1
143,8,Hellas Verona,Lazio,0,1
143,9,Hellas Verona,Lazio,0,1
143,10,Hellas Verona,Lazio,0,1
143,11,Hellas Verona,Lazio,0,1
143,12,Hellas Verona,Lazio,0,1
143,13,Hellas Verona,Lazio,0,1
143,14,Hellas Verona,Lazio,0,1
143,15,Hellas Verona,Lazio,0,1
143,16,Hellas Verona,Lazio,0,1
143,17,Hellas Verona,Lazio,0,1
143,18,Hellas Verona,Lazio,0,1
143,19,Hellas Verona,Lazio,0,1
143,20,Hellas Verona,Lazio,0,1
143,21,Hellas Verona,Lazio,0,2
143,22,Hellas Verona,Lazio,0,2
143,23,Hellas Verona,Lazio,0,2
143,24,Hellas Verona,Lazio,0,2
143,25,Hellas Verona,Lazio,0,2
143,26,Hellas Verona,Lazio,0,2
143,27,Hellas Verona,Lazio,0,2
143,28,Hellas Verona,Lazio,0,2
143,29,Hellas Verona,Lazio,0,2
143,30,Hellas Verona,Lazio,0,2
143,31,Hellas Verona,Lazio,0,2
143,32,Hellas Verona,Lazio,0,2
143,33,Hellas Verona,Lazio,0,2
143,34,Hellas Verona,Lazio,0,2
143,35,Hellas Verona,Lazio,0,2
143,36,Hellas Verona,Lazio,0,2
143,37,Hellas Verona,Lazio,0,2
143,38,Hellas Verona,Lazio,0,2
143,39,Hellas Verona,Lazio,0,2
143,40,Hellas Verona,Lazio,0,2
143,41,Hellas Verona,Lazio,0,2
143,42,Hellas Verona,Lazio,0,2
143,43,Hellas Verona,Lazio,0,2
143,44,Hellas Verona,Lazio,0,2
143,45,Hellas Verona,Lazio,0,2
143,46,Hellas Verona,Lazio,0,2
143,47,Hellas Verona,Lazio,0,2
143,48,Hellas Verona,Lazio,0,2
143,49,Hellas Verona,Lazio,0,2
143,50,Hellas Verona,Lazio,0,2
143,51,Hellas Verona,Lazio,0,2
143,52,Hellas Verona,Lazio,0,2
143,53,Hellas Verona,Lazio,0,2
143,54,Hellas Verona,Lazio,0,2
143,55,Hellas Verona,Lazio,0,2
143,56,Hellas Verona,Lazio,0,2
143,57,Hellas Verona,Lazio,0,2
143,58,Hellas Verona,Lazio,0,3
143,59,Hellas Verona,Lazio,0,3
143,60,Hellas Verona,Lazio,0,3
143,61,Hellas Verona,Lazio,0,3
143,62,Hellas Verona,Lazio,0,3
143,63,Hellas Verona,Lazio,0,3
143,64,Hellas Verona,Lazio,0,3
143,65,Hellas Verona,Lazio,0,3
143,66,Hellas Verona,Lazio,0,3
143,67,Hellas Verona,Lazio,0,3
143,68,Hellas Verona,Lazio,0,3
143,69,Hellas Verona,Lazio,0,3
143,70,Hellas Verona,Lazio,0,3
143,71,Hellas Verona,Lazio,0,3
143,72,Hellas Verona,Lazio,0,3
143,73,Hellas Verona,Lazio,0,3
143,74,Hellas Verona,Lazio,0,3
143,75,Hellas Verona,Lazio,0,3
143,76,Hellas Verona,Lazio,0,3
143,77,Hellas Verona,Lazio,0,3
143,78,Hellas Verona,Lazio,0,3
143,79,Hellas Verona,Lazio,0,3
143,80,Hellas Verona,Lazio,0,3
143,81,Hellas Verona,Lazio,0,3
143,82,Hellas Verona,Lazio,0,3
143,83,Hellas Verona,Lazio,0,3
143,84,Hellas Verona,Lazio,0,3
143,85,Hellas Verona,Lazio,0,3
143,86,Hellas Verona,Lazio,0,3
143,87,Hellas Verona,Lazio,0,3
143,88,Hellas Verona,Lazio,0,3
143,89,Hellas Verona,Lazio,0,3
143,90,Hellas Verona,Lazio,0,3
144,1,Hellas Verona,Lecce,0,0
144,2,Hellas Verona,Lecce,0,0
144,3,Hellas Verona,Lecce,0,0
144,4,Hellas Verona,Lecce,0,0
144,5,Hellas Verona,Lecce,0,0
144,6,Hellas Verona,Lecce,0,0
144,7,Hellas Verona,Lecce,0,0
144,8,Hellas Verona,Lecce,0,0
144,9,Hellas Verona,Lecce,0,0
144,10,Hellas Verona,Lecce,0,0
144,11,Hellas Verona,Lecce,0,0
144,12,Hellas Verona,Lecce,0,0
144,13,Hellas Verona,Lecce,0,0
144,14,Hellas Verona,Lecce,0,0
144,15,Hellas Verona,Lecce,0,0
144,16,Hellas Verona,Lecce,0,0
144,17,Hellas Verona,Lecce,0,0
144,18,Hellas Verona,Lecce,0,0
144,19,Hellas Verona,Lecce,0,0
144,20,Hellas Verona,Lecce,0,0
144,21,Hellas Verona,Lecce,0,0
144,22,Hellas Verona,Lecce,0,0
144,23,Hellas Verona,Lecce,0,1
144,24,Hellas Verona,Lecce,0,1
144,25,Hellas Verona,Lecce,0,1
144,26,Hellas Verona,Lecce,0,1
144,27,Hellas Verona,Lecce,0,1
144,28,Hellas Verona,Lecce,0,1
144,29,Hellas Verona,Lecce,0,1
144,30,Hellas Verona,Lecce,0,1
144,31,Hellas Verona,Lecce,0,1
144,32,Hellas Verona,Lecce,0,1
144,33,Hellas Verona,Lecce,0,1
144,34,Hellas Verona,Lecce,0,1
144,35,Hellas Verona,Lecce,0,1
144,36,Hellas Verona,Lecce,0,1
144,37,Hellas Verona,Lecce,0,1
144,38,Hellas Verona,Lecce,0,1
144,39,Hellas Verona,Lecce,0,1
144,40,Hellas Verona,Lecce,0,1
144,41,Hellas Verona,Lecce,1,1
144,42,Hellas Verona,Lecce,1,1
144,43,Hellas Verona,Lecce,1,1
144,44,Hellas Verona,Lecce,1,1
144,45,Hellas Verona,Lecce,1,1
144,46,Hellas Verona,Lecce,1,1
144,47,Hellas Verona,Lecce,1,1
144,48,Hellas Verona,Lecce,1,1
144,49,Hellas Verona,Lecce,1,1
144,50,Hellas Verona,Lecce,1,1
144,51,Hellas Verona,Lecce,1,1
144,52,Hellas Verona,Lecce,1,1
144,53,Hellas Verona,Lecce,1,1
144,54,Hellas Verona,Lecce,1,1
144,55,Hellas Verona,Lecce,1,1
144,56,Hellas Verona,Lecce,1,1
144,57,Hellas Verona,Lecce,1,1
144,58,Hellas Verona,Lecce,1,1
144,59,Hellas Verona,Lecce,1,1
144,60,Hellas Verona,Lecce,1,1
144,61,Hellas Verona,Lecce,1,1
144,62,Hellas Verona,Lecce,1,1
144,63,Hellas Verona,Lecce,1,1
144,64,Hellas Verona,Lecce,1,1
144,65,Hellas Verona,Lecce,1,1
144,66,Hellas Verona,Lecce,1,1
144,67,Hellas Verona,Lecce,1,1
144,68,Hellas Verona,Lecce,1,1
144,69,Hellas Verona,Lecce,1,1
144,70,Hellas Verona,Lecce,1,1
144,71,Hellas Verona,Lecce,1,1
144,72,Hellas Verona,Lecce,1,1
144,73,Hellas Verona,Lecce,1,1
144,74,Hellas Verona,Lecce,1,1
144,75,Hellas Verona,Lecce,1,1
144,76,Hellas Verona,Lecce,1,1
144,77,Hellas Verona,Lecce,1,1
144,78,Hellas Verona,Lecce,1,1
144,79,Hellas Verona,Lecce,1,1
144,80,Hellas Verona,Lecce,1,1
144,81,Hellas Verona,Lecce,1,1
144,82,Hellas Verona,Lecce,1,1
144,83,Hellas Verona,Lecce,1,1
144,84,Hellas Verona,Lecce,1,1
144,85,Hellas Verona,Lecce,1,1
144,86,Hellas Verona,Lecce,1,1
144,87,Hellas Verona,Lecce,1,1
144,88,Hellas Verona,Lecce,1,1
144,89,Hellas Verona,Lecce,1,1
144,90,Hellas Verona,Lecce,1,1
145,1,Hellas Verona,AC Milan,0,0
145,2,Hellas Verona,AC Milan,0,0
145,3,Hellas Verona,AC Milan,0,0
145,4,Hellas Verona,AC Milan,0,0
145,5,Hellas Verona,AC Milan,0,0
145,6,Hellas Verona,AC Milan,0,0
145,7,Hellas Verona,AC Milan,0,0
145,8,Hellas Verona,AC Milan,0,0
145,9,Hellas Verona,AC Milan,0,0
145,10,Hellas Verona,AC Milan,0,0
145,11,Hellas Verona,AC Milan,0,0
145,12,Hellas Verona,AC Milan,0,0
145,13,Hellas Verona,AC Milan,0,0
145,14,Hellas Verona,AC Milan,0,0
145,15,Hellas Verona,AC Milan,0,0
145,16,Hellas Verona,AC Milan,0,0
145,17,Hellas Verona,AC Milan,0,0
145,18,Hellas Verona,AC Milan,0,0
145,19,Hellas Verona,AC Milan,0,0
145,20,Hellas Verona,AC Milan,0,0
145,21,Hellas Verona,AC Milan,0,0
145,22,Hellas Verona,AC Milan,0,0
145,23,Hellas Verona,AC Milan,0,0
145,24,Hellas Verona,AC Milan,0,0
145,25,Hellas Verona,AC Milan,0,0
145,26,Hellas Verona,AC Milan,0,0
145,27,Hellas Verona,AC Milan,0,0
145,28,Hellas Verona,AC Milan,0,0
145,29,Hellas Verona,AC Milan,0,0
145,30,Hellas Verona,AC Milan,0,0
145,31,Hellas Verona,AC Milan,0,0
145,32,Hellas Verona,AC Milan,0,0
145,33,Hellas Verona,AC Milan,0,0
145,34,Hellas Verona,AC Milan,0,0
145,35,Hellas Verona,AC Milan,0,0
145,36,Hellas Verona,AC Milan,0,0
145,37,Hellas Verona,AC Milan,0,0
145,38,Hellas Verona,AC Milan,0,0
145,39,Hellas Verona,AC Milan,0,0
145,40,Hellas Verona,AC Milan,0,0
145,41,Hellas Verona,AC Milan,0,0
145,42,Hellas Verona,AC Milan,0,0
145,43,Hellas Verona,AC Milan,0,0
145,44,Hellas Verona,AC Milan,0,0
145,45,Hellas Verona,AC Milan,0,0
145,46,Hellas Verona,AC Milan,0,0
145,47,Hellas Verona,AC Milan,0,0
145,48,Hellas Verona,AC Milan,0,0
145,49,Hellas Verona,AC Milan,0,0
145,50,Hellas Verona,AC Milan,0,0
145,51,Hellas Verona,AC Milan,0,0
145,52,Hellas Verona,AC Milan,0,0
145,53,Hellas Verona,AC Milan,0,0
145,54,Hellas Verona,AC Milan,0,0
145,55,Hellas Verona,AC Milan,0,0
145,56,Hellas Verona,AC Milan,0,1
145,57,Hellas Verona,AC Milan,0,1
145,58,Hellas Verona,AC Milan,0,1
145,59,Hellas Verona,AC Milan,0,1
145,60,Hellas Verona,AC Milan,0,1
145,61,Hellas Verona,AC Milan,0,1
145,62,Hellas Verona,AC Milan,0,1
145,63,Hellas Verona,AC Milan,0,1
145,64,Hellas Verona,AC Milan,0,1
145,65,Hellas Verona,AC Milan,0,1
145,66,Hellas Verona,AC Milan,0,1
145,67,Hellas Verona,AC Milan,0,1
145,68,Hellas Verona,AC Milan,0,1
145,69,Hellas Verona,AC Milan,0,1
145,70,Hellas Verona,AC Milan,0,1
145,71,Hellas Verona,AC Milan,0,1
145,72,Hellas Verona,AC Milan,0,1
145,73,Hellas Verona,AC Milan,0,1
145,74,Hellas Verona,AC Milan,0,1
145,75,Hellas Verona,AC Milan,0,1
145,76,Hellas Verona,AC Milan,0,1
145,77,Hellas Verona,AC Milan,0,1
145,78,Hellas Verona,AC Milan,0,1
145,79,Hellas Verona,AC Milan,0,1
145,80,Hellas Verona,AC Milan,0,1
145,81,Hellas Verona,AC Milan,0,1
145,82,Hellas Verona,AC Milan,0,1
145,83,Hellas Verona,AC Milan,0,1
145,84,Hellas Verona,AC Milan,0,1
145,85,Hellas Verona,AC Milan,0,1
145,86,Hellas Verona,AC Milan,0,1
145,87,Hellas Verona,AC Milan,0,1
145,88,Hellas Verona,AC Milan,0,1
145,89,Hellas Verona,AC Milan,0,1
145,90,Hellas Verona,AC Milan,0,1
146,1,Hellas Verona,Monza,0,0
146,2,Hellas Verona,Monza,0,0
146,3,Hellas Verona,Monza,0,0
146,4,Hellas Verona,Monza,0,0
146,5,Hellas Verona,Monza,0,0
146,6,Hellas Verona,Monza,0,0
146,7,Hellas Verona,Monza,0,0
146,8,Hellas Verona,Monza,0,0
146,9,Hellas Verona,Monza,0,1
146,10,Hellas Verona,Monza,0,1
146,11,Hellas Verona,Monza,0,1
146,12,Hellas Verona,Monza,0,1
146,13,Hellas Verona,Monza,0,1
146,14,Hellas Verona,Monza,0,1
146,15,Hellas Verona,Monza,0,1
146,16,Hellas Verona,Monza,0,1
146,17,Hellas Verona,Monza,0,1
146,18,Hellas Verona,Monza,0,1
146,19,Hellas Verona,Monza,0,1
146,20,Hellas Verona,Monza,0,1
146,21,Hellas Verona,Monza,0,1
146,22,Hellas Verona,Monza,0,1
146,23,Hellas Verona,Monza,0,1
146,24,Hellas Verona,Monza,0,1
146,25,Hellas Verona,Monza,0,1
146,26,Hellas Verona,Monza,0,1
146,27,Hellas Verona,Monza,0,1
146,28,Hellas Verona,Monza,0,1
146,29,Hellas Verona,Monza,0,1
146,30,Hellas Verona,Monza,0,1
146,31,Hellas Verona,Monza,0,1
146,32,Hellas Verona,Monza,0,1
146,33,Hellas Verona,Monza,0,1
146,34,Hellas Verona,Monza,0,1
146,35,Hellas Verona,Monza,0,1
146,36,Hellas Verona,Monza,0,1
146,37,Hellas Verona,Monza,0,1
146,38,Hellas Verona,Monza,0,1
146,39,Hellas Verona,Monza,0,1
146,40,Hellas Verona,Monza,0,1
146,41,Hellas Verona,Monza,0,1
146,42,Hellas Verona,Monza,0,1
146,43,Hellas Verona,Monza,0,1
146,44,Hellas Verona,Monza,0,1
146,45,Hellas Verona,Monza,0,1
146,46,Hellas Verona,Monza,0,1
146,47,Hellas Verona,Monza,0,1
146,48,Hellas Verona,Monza,0,1
146,49,Hellas Verona,Monza,0,1
146,50,Hellas Verona,Monza,0,1
146,51,Hellas Verona,Monza,0,1
146,52,Hellas Verona,Monza,0,1
146,53,Hellas Verona,Monza,0,1
146,54,Hellas Verona,Monza,0,1
146,55,Hellas Verona,Monza,0,1
146,56,Hellas Verona,Monza,0,1
146,57,Hellas Verona,Monza,0,1
146,58,Hellas Verona,Monza,0,1
146,59,Hellas Verona,Monza,0,1
146,60,Hellas Verona,Monza,0,1
146,61,Hellas Verona,Monza,0,1
146,62,Hellas Verona,Monza,0,1
146,63,Hellas Verona,Monza,0,1
146,64,Hellas Verona,Monza,0,1
146,65,Hellas Verona,Monza,0,1
146,66,Hellas Verona,Monza,0,1
146,67,Hellas Verona,Monza,0,1
146,68,Hellas Verona,Monza,0,1
146,69,Hellas Verona,Monza,0,1
146,70,Hellas Verona,Monza,0,1
146,71,Hellas Verona,Monza,0,1
146,72,Hellas Verona,Monza,0,1
146,73,Hellas Verona,Monza,0,1
146,74,Hellas Verona,Monza,0,2
146,75,Hellas Verona,Monza,0,2
146,76,Hellas Verona,Monza,0,2
146,77,Hellas Verona,Monza,0,2
146,78,Hellas Verona,Monza,0,2
146,79,Hellas Verona,Monza,0,3
146,80,Hellas Verona,Monza,0,3
146,81,Hellas Verona,Monza,0,3
146,82,Hellas Verona,Monza,0,3
146,83,Hellas Verona,Monza,0,3
146,84,Hellas Verona,Monza,0,3
146,85,Hellas Verona,Monza,0,3
146,86,Hellas Verona,Monza,0,3
146,87,Hellas Verona,Monza,0,3
146,88,Hellas Verona,Monza,0,3
146,89,Hellas Verona,Monza,0,3
146,90,Hellas Verona,Monza,0,3
147,1,Hellas Verona,Napoli,0,0
147,2,Hellas Verona,Napoli,0,0
147,3,Hellas Verona,Napoli,0,0
147,4,Hellas Verona,Napoli,0,0
147,5,Hellas Verona,Napoli,0,0
147,6,Hellas Verona,Napoli,0,0
147,7,Hellas Verona,Napoli,0,0
147,8,Hellas Verona,Napoli,0,0
147,9,Hellas Verona,Napoli,0,0
147,10,Hellas Verona,Napoli,0,0
147,11,Hellas Verona,Napoli,0,0
147,12,Hellas Verona,Napoli,0,0
147,13,Hellas Verona,Napoli,0,0
147,14,Hellas Verona,Napoli,0,0
147,15,Hellas Verona,Napoli,0,0
147,16,Hellas Verona,Napoli,0,0
147,17,Hellas Verona,Napoli,0,0
147,18,Hellas Verona,Napoli,0,0
147,19,Hellas Verona,Napoli,0,0
147,20,Hellas Verona,Napoli,0,0
147,21,Hellas Verona,Napoli,0,0
147,22,Hellas Verona,Napoli,0,0
147,23,Hellas Verona,Napoli,0,0
147,24,Hellas Verona,Napoli,0,0
147,25,Hellas Verona,Napoli,0,0
147,26,Hellas Verona,Napoli,0,0
147,27,Hellas Verona,Napoli,0,0
147,28,Hellas Verona,Napoli,0,0
147,29,Hellas Verona,Napoli,0,0
147,30,Hellas Verona,Napoli,0,0
147,31,Hellas Verona,Napoli,0,0
147,32,Hellas Verona,Napoli,0,0
147,33,Hellas Verona,Napoli,0,0
147,34,Hellas Verona,Napoli,0,0
147,35,Hellas Verona,Napoli,0,0
147,36,Hellas Verona,Napoli,0,0
147,37,Hellas Verona,Napoli,0,0
147,38,Hellas Verona,Napoli,0,0
147,39,Hellas Verona,Napoli,0,0
147,40,Hellas Verona,Napoli,0,0
147,41,Hellas Verona,Napoli,0,0
147,42,Hellas Verona,Napoli,0,0
147,43,Hellas Verona,Napoli,0,0
147,44,Hellas Verona,Napoli,0,0
147,45,Hellas Verona,Napoli,0,0
147,46,Hellas Verona,Napoli,0,0
147,47,Hellas Verona,Napoli,0,0
147,48,Hellas Verona,Napoli,0,0
147,49,Hellas Verona,Napoli,0,0
147,50,Hellas Verona,Napoli,1,0
147,51,Hellas Verona,Napoli,1,0
147,52,Hellas Verona,Napoli,1,0
147,53,Hellas Verona,Napoli,1,0
147,54,Hellas Verona,Napoli,1,0
147,55,Hellas Verona,Napoli,1,0
147,56,Hellas Verona,Napoli,1,0
147,57,Hellas Verona,Napoli,1,0
147,58,Hellas Verona,Napoli,1,0
147,59,Hellas Verona,Napoli,1,0
147,60,Hellas Verona,Napoli,1,0
147,61,Hellas Verona,Napoli,1,0
147,62,Hellas Verona,Napoli,1,0
147,63,Hellas Verona,Napoli,1,0
147,64,Hellas Verona,Napoli,1,0
147,65,Hellas Verona,Napoli,1,0
147,66,Hellas Verona,Napoli,1,0
147,67,Hellas Verona,Napoli,1,0
147,68,Hellas Verona,Napoli,1,0
147,69,Hellas Verona,Napoli,1,0
147,70,Hellas Verona,Napoli,1,0
147,71,Hellas Verona,Napoli,1,0
147,72,Hellas Verona,Napoli,1,0
147,73,Hellas Verona,Napoli,1,0
147,74,Hellas Verona,Napoli,1,0
147,75,Hellas Verona,Napoli,2,0
147,76,Hellas Verona,Napoli,2,0
147,77,Hellas Verona,Napoli,2,0
147,78,Hellas Verona,Napoli,2,0
147,79,Hellas Verona,Napoli,2,0
147,80,Hellas Verona,Napoli,2,0
147,81,Hellas Verona,Napoli,2,0
147,82,Hellas Verona,Napoli,2,0
147,83,Hellas Verona,Napoli,2,0
147,84,Hellas Verona,Napoli,2,0
147,85,Hellas Verona,Napoli,2,0
147,86,Hellas Verona,Napoli,2,0
147,87,Hellas Verona,Napoli,2,0
147,88,Hellas Verona,Napoli,2,0
147,89,Hellas Verona,Napoli,2,0
147,90,Hellas Verona,Napoli,3,0
148,1,Hellas Verona,Parma,0,0
148,2,Hellas Verona,Parma,0,0
148,3,Hellas Verona,Parma,0,0
148,4,Hellas Verona,Parma,0,0
148,5,Hellas Verona,Parma,0,0
148,6,Hellas Verona,Parma,0,0
148,7,Hellas Verona,Parma,0,0
148,8,Hellas Verona,Parma,0,0
148,9,Hellas Verona,Parma,0,0
148,10,Hellas Verona,Parma,0,0
148,11,Hellas Verona,Parma,0,0
148,12,Hellas Verona,Parma,0,0
148,13,Hellas Verona,Parma,0,0
148,14,Hellas Verona,Parma,0,0
148,15,Hellas Verona,Parma,0,0
148,16,Hellas Verona,Parma,0,0
148,17,Hellas Verona,Parma,0,0
148,18,Hellas Verona,Parma,0,0
148,19,Hellas Verona,Parma,0,0
148,20,Hellas Verona,Parma,0,0
148,21,Hellas Verona,Parma,0,0
148,22,Hellas Verona,Parma,0,0
148,23,Hellas Verona,Parma,0,0
148,24,Hellas Verona,Parma,0,0
148,25,Hellas Verona,Parma,0,0
148,26,Hellas Verona,Parma,0,0
148,27,Hellas Verona,Parma,0,0
148,28,Hellas Verona,Parma,0,0
148,29,Hellas Verona,Parma,0,0
148,30,Hellas Verona,Parma,0,0
148,31,Hellas Verona,Parma,0,0
148,32,Hellas Verona,Parma,0,0
148,33,Hellas Verona,Parma,0,0
148,34,Hellas Verona,Parma,0,0
148,35,Hellas Verona,Parma,0,0
148,36,Hellas Verona,Parma,0,0
148,37,Hellas Verona,Parma,0,0
148,38,Hellas Verona,Parma,0,0
148,39,Hellas Verona,Parma,0,0
148,40,Hellas Verona,Parma,0,0
148,41,Hellas Verona,Parma,0,0
148,42,Hellas Verona,Parma,0,0
148,43,Hellas Verona,Parma,0,0
148,44,Hellas Verona,Parma,0,0
148,45,Hellas Verona,Parma,0,0
148,46,Hellas Verona,Parma,0,0
148,47,Hellas Verona,Parma,0,0
148,48,Hellas Verona,Parma,0,0
148,49,Hellas Verona,Parma,0,0
148,50,Hellas Verona,Parma,0,0
148,51,Hellas Verona,Parma,0,0
148,52,Hellas Verona,Parma,0,0
148,53,Hellas Verona,Parma,0,0
148,54,Hellas Verona,Parma,0,0
148,55,Hellas Verona,Parma,0,0
148,56,Hellas Verona,Parma,0,0
148,57,Hellas Verona,Parma,0,0
148,58,Hellas Verona,Parma,0,0
148,59,Hellas Verona,Parma,0,0
148,60,Hellas Verona,Parma,0,0
148,61,Hellas Verona,Parma,0,0
148,62,Hellas Verona,Parma,0,0
148,63,Hellas Verona,Parma,0,0
148,64,Hellas Verona,Parma,0,0
148,65,Hellas Verona,Parma,0,0
148,66,Hellas Verona,Parma,0,0
148,67,Hellas Verona,Parma,0,0
148,68,Hellas Verona,Parma,0,0
148,69,Hellas Verona,Parma,0,0
148,70,Hellas Verona,Parma,0,0
148,71,Hellas Verona,Parma,0,0
148,72,Hellas Verona,Parma,0,0
148,73,Hellas Verona,Parma,0,0
148,74,Hellas Verona,Parma,0,0
148,75,Hellas Verona,Parma,0,0
148,76,Hellas Verona,Parma,0,0
148,77,Hellas Verona,Parma,0,0
148,78,Hellas Verona,Parma,0,0
148,79,Hellas Verona,Parma,0,0
148,80,Hellas Verona,Parma,0,0
148,81,Hellas Verona,Parma,0,0
148,82,Hellas Verona,Parma,0,0
148,83,Hellas Verona,Parma,0,0
148,84,Hellas Verona,Parma,0,0
148,85,Hellas Verona,Parma,0,0
148,86,Hellas Verona,Parma,0,0
148,87,Hellas Verona,Parma,0,0
148,88,Hellas Verona,Parma,0,0
148,89,Hellas Verona,Parma,0,0
148,90,Hellas Verona,Parma,0,0
149,1,Hellas Verona,Roma,0,0
149,2,Hellas Verona,Roma,0,0
149,3,Hellas Verona,Roma,0,0
149,4,Hellas Verona,Roma,0,0
149,5,Hellas Verona,Roma,0,0
149,6,Hellas Verona,Roma,0,0
149,7,Hellas Verona,Roma,0,0
149,8,Hellas Verona,Roma,0,0
149,9,Hellas Verona,Roma,0,0
149,10,Hellas Verona,Roma,0,0
149,11,Hellas Verona,Roma,0,0
149,12,Hellas Verona,Roma,0,0
149,13,Hellas Verona,Roma,1,0
149,14,Hellas Verona,Roma,1,0
149,15,Hellas Verona,Roma,1,0
149,16,Hellas Verona,Roma,1,0
149,17,Hellas Verona,Roma,1,0
149,18,Hellas Verona,Roma,1,0
149,19,Hellas Verona,Roma,1,0
149,20,Hellas Verona,Roma,1,0
149,21,Hellas Verona,Roma,1,0
149,22,Hellas Verona,Roma,1,0
149,23,Hellas Verona,Roma,1,0
149,24,Hellas Verona,Roma,1,0
149,25,Hellas Verona,Roma,1,0
149,26,Hellas Verona,Roma,1,0
149,27,Hellas Verona,Roma,1,0
149,28,Hellas Verona,Roma,1,1
149,29,Hellas Verona,Roma,1,1
149,30,Hellas Verona,Roma,1,1
149,31,Hellas Verona,Roma,1,1
149,32,Hellas Verona,Roma,1,1
149,33,Hellas Verona,Roma,1,1
149,34,Hellas Verona,Roma,2,1
149,35,Hellas Verona,Roma,2,1
149,36,Hellas Verona,Roma,2,1
149,37,Hellas Verona,Roma,2,1
149,38,Hellas Verona,Roma,2,1
149,39,Hellas Verona,Roma,2,1
149,40,Hellas Verona,Roma,2,1
149,41,Hellas Verona,Roma,2,1
149,42,Hellas Verona,Roma,2,1
149,43,Hellas Verona,Roma,2,1
149,44,Hellas Verona,Roma,2,1
149,45,Hellas Verona,Roma,2,1
149,46,Hellas Verona,Roma,2,1
149,47,Hellas Verona,Roma,2,1
149,48,Hellas Verona,Roma,2,1
149,49,Hellas Verona,Roma,2,1
149,50,Hellas Verona,Roma,2,1
149,51,Hellas Verona,Roma,2,1
149,52,Hellas Verona,Roma,2,1
149,53,Hellas Verona,Roma,2,2
149,54,Hellas Verona,Roma,2,2
149,55,Hellas Verona,Roma,2,2
149,56,Hellas Verona,Roma,2,2
149,57,Hellas Verona,Roma,2,2
149,58,Hellas Verona,Roma,2,2
149,59,Hellas Verona,Roma,2,2
149,60,Hellas Verona,Roma,2,2
149,61,Hellas Verona,Roma,2,2
149,62,Hellas Verona,Roma,2,2
149,63,Hellas Verona,Roma,2,2
149,64,Hellas Verona,Roma,2,2
149,65,Hellas Verona,Roma,2,2
149,66,Hellas Verona,Roma,2,2
149,67,Hellas Verona,Roma,2,2
149,68,Hellas Verona,Roma,2,2
149,69,Hellas Verona,Roma,2,2
149,70,Hellas Verona,Roma,2,2
149,71,Hellas Verona,Roma,2,2
149,72,Hellas Verona,Roma,2,2
149,73,Hellas Verona,Roma,2,2
149,74,Hellas Verona,Roma,2,2
149,75,Hellas Verona,Roma,2,2
149,76,Hellas Verona,Roma,2,2
149,77,Hellas Verona,Roma,2,2
149,78,Hellas Verona,Roma,2,2
149,79,Hellas Verona,Roma,2,2
149,80,Hellas Verona,Roma,2,2
149,81,Hellas Verona,Roma,2,2
149,82,Hellas Verona,Roma,2,2
149,83,Hellas Verona,Roma,2,2
149,84,Hellas Verona,Roma,2,2
149,85,Hellas Verona,Roma,2,2
149,86,Hellas Verona,Roma,2,2
149,87,Hellas Verona,Roma,2,2
149,88,Hellas Verona,Roma,3,2
149,89,Hellas Verona,Roma,3,2
149,90,Hellas Verona,Roma,3,2
150,1,Hellas Verona,Torino,0,0
150,2,Hellas Verona,Torino,0,0
150,3,Hellas Verona,Torino,0,0
150,4,Hellas Verona,Torino,0,0
150,5,Hellas Verona,Torino,0,0
150,6,Hellas Verona,Torino,0,0
150,7,Hellas Verona,Torino,0,0
150,8,Hellas Verona,Torino,0,0
150,9,Hellas Verona,Torino,0,0
150,10,Hellas Verona,Torino,0,1
150,11,Hellas Verona,Torino,0,1
150,12,Hellas Verona,Torino,1,1
150,13,Hellas Verona,Torino,1,1
150,14,Hellas Verona,Torino,1,1
150,15,Hellas Verona,Torino,1,1
150,16,Hellas Verona,Torino,1,1
150,17,Hellas Verona,Torino,1,1
150,18,Hellas Verona,Torino,1,1
150,19,Hellas Verona,Torino,1,1
150,20,Hellas Verona,Torino,1,1
150,21,Hellas Verona,Torino,1,1
150,22,Hellas Verona,Torino,1,1
150,23,Hellas Verona,Torino,1,1
150,24,Hellas Verona,Torino,1,1
150,25,Hellas Verona,Torino,1,1
150,26,Hellas Verona,Torino,1,1
150,27,Hellas Verona,Torino,1,1
150,28,Hellas Verona,Torino,1,1
150,29,Hellas Verona,Torino,1,1
150,30,Hellas Verona,Torino,1,1
150,31,Hellas Verona,Torino,1,1
150,32,Hellas Verona,Torino,1,1
150,33,Hellas Verona,Torino,1,2
150,34,Hellas Verona,Torino,1,2
150,35,Hellas Verona,Torino,1,2
150,36,Hellas Verona,Torino,1,2
150,37,Hellas Verona,Torino,1,2
150,38,Hellas Verona,Torino,1,2
150,39,Hellas Verona,Torino,1,2
150,40,Hellas Verona,Torino,1,2
150,41,Hellas Verona,Torino,1,2
150,42,Hellas Verona,Torino,1,2
150,43,Hellas Verona,Torino,1,2
150,44,Hellas Verona,Torino,1,2
150,45,Hellas Verona,Torino,1,2
150,46,Hellas Verona,Torino,1,2
150,47,Hellas Verona,Torino,1,2
150,48,Hellas Verona,Torino,1,2
150,49,Hellas Verona,Torino,1,2
150,50,Hellas Verona,Torino,1,2
150,51,Hellas Verona,Torino,1,2
150,52,Hellas Verona,Torino,1,2
150,53,Hellas Verona,Torino,1,2
150,54,Hellas Verona,Torino,1,2
150,55,Hellas Verona,Torino,1,2
150,56,Hellas Verona,Torino,1,2
150,57,Hellas Verona,Torino,1,2
150,58,Hellas Verona,Torino,1,2
150,59,Hellas Verona,Torino,1,2
150,60,Hellas Verona,Torino,1,2
150,61,Hellas Verona,Torino,1,2
150,62,Hellas Verona,Torino,1,2
150,63,Hellas Verona,Torino,1,2
150,64,Hellas Verona,Torino,1,2
150,65,Hellas Verona,Torino,1,2
150,66,Hellas Verona,Torino,1,2
150,67,Hellas Verona,Torino,1,2
150,68,Hellas Verona,Torino,1,2
150,69,Hellas Verona,Torino,1,2
150,70,Hellas Verona,Torino,1,2
150,71,Hellas Verona,Torino,1,2
150,72,Hellas Verona,Torino,1,2
150,73,Hellas Verona,Torino,1,2
150,74,Hellas Verona,Torino,1,2
150,75,Hellas Verona,Torino,1,2
150,76,Hellas Verona,Torino,1,2
150,77,Hellas Verona,Torino,1,2
150,78,Hellas Verona,Torino,1,2
150,79,Hellas Verona,Torino,1,3
150,80,Hellas Verona,Torino,1,3
150,81,Hellas Verona,Torino,1,3
150,82,Hellas Verona,Torino,1,3
150,83,Hellas Verona,Torino,1,3
150,84,Hellas Verona,Torino,1,3
150,85,Hellas Verona,Torino,1,3
150,86,Hellas Verona,Torino,1,3
150,87,Hellas Verona,Torino,1,3
150,88,Hellas Verona,Torino,1,3
150,89,Hellas Verona,Torino,1,3
150,90,Hellas Verona,Torino,2,3
151,1,Hellas Verona,Udinese,0,0
151,2,Hellas Verona,Udinese,0,0
151,3,Hellas Verona,Udinese,0,0
151,4,Hellas Verona,Udinese,0,0
151,5,Hellas Verona,Udinese,0,0
151,6,Hellas Verona,Udinese,0,0
151,7,Hellas Verona,Udinese,0,0
151,8,Hellas Verona,Udinese,0,0
151,9,Hellas Verona,Udinese,0,0
151,10,Hellas Verona,Udinese,0,0
151,11,Hellas Verona,Udinese,0,0
151,12,Hellas Verona,Udinese,0,0
151,13,Hellas Verona,Udinese,0,0
151,14,Hellas Verona,Udinese,0,0
151,15,Hellas Verona,Udinese,0,0
151,16,Hellas Verona,Udinese,0,0
151,17,Hellas Verona,Udinese,0,0
151,18,Hellas Verona,Udinese,0,0
151,19,Hellas Verona,Udinese,0,0
151,20,Hellas Verona,Udinese,0,0
151,21,Hellas Verona,Udinese,0,0
151,22,Hellas Verona,Udinese,0,0
151,23,Hellas Verona,Udinese,0,0
151,24,Hellas Verona,Udinese,0,0
151,25,Hellas Verona,Udinese,0,0
151,26,Hellas Verona,Udinese,0,0
151,27,Hellas Verona,Udinese,0,0
151,28,Hellas Verona,Udinese,0,0
151,29,Hellas Verona,Udinese,0,0
151,30,Hellas Verona,Udinese,0,0
151,31,Hellas Verona,Udinese,0,0
151,32,Hellas Verona,Udinese,0,0
151,33,Hellas Verona,Udinese,0,0
151,34,Hellas Verona,Udinese,0,0
151,35,Hellas Verona,Udinese,0,0
151,36,Hellas Verona,Udinese,0,0
151,37,Hellas Verona,Udinese,0,0
151,38,Hellas Verona,Udinese,0,0
151,39,Hellas Verona,Udinese,0,0
151,40,Hellas Verona,Udinese,0,0
151,41,Hellas Verona,Udinese,0,0
151,42,Hellas Verona,Udinese,0,0
151,43,Hellas Verona,Udinese,0,0
151,44,Hellas Verona,Udinese,0,0
151,45,Hellas Verona,Udinese,0,0
151,46,Hellas Verona,Udinese,0,0
151,47,Hellas Verona,Udinese,0,0
151,48,Hellas Verona,Udinese,0,0
151,49,Hellas Verona,Udinese,0,0
151,50,Hellas Verona,Udinese,0,0
151,51,Hellas Verona,Udinese,0,0
151,52,Hellas Verona,Udinese,0,0
151,53,Hellas Verona,Udinese,0,0
151,54,Hellas Verona,Udinese,0,0
151,55,Hellas Verona,Udinese,0,0
151,56,Hellas Verona,Udinese,0,0
151,57,Hellas Verona,Udinese,0,0
151,58,Hellas Verona,Udinese,0,0
151,59,Hellas Verona,Udinese,0,0
151,60,Hellas Verona,Udinese,0,0
151,61,Hellas Verona,Udinese,0,0
151,62,Hellas Verona,Udinese,0,0
151,63,Hellas Verona,Udinese,0,0
151,64,Hellas Verona,Udinese,0,0
151,65,Hellas Verona,Udinese,0,0
151,66,Hellas Verona,Udinese,0,0
151,67,Hellas Verona,Udinese,0,0
151,68,Hellas Verona,Udinese,0,0
151,69,Hellas Verona,Udinese,0,0
151,70,Hellas Verona,Udinese,0,0
151,71,Hellas Verona,Udinese,0,0
151,72,Hellas Verona,Udinese,0,0
151,73,Hellas Verona,Udinese,0,0
151,74,Hellas Verona,Udinese,0,0
151,75,Hellas Verona,Udinese,0,0
151,76,Hellas Verona,Udinese,0,0
151,77,Hellas Verona,Udinese,0,0
151,78,Hellas Verona,Udinese,0,0
151,79,Hellas Verona,Udinese,0,0
151,80,Hellas Verona,Udinese,0,0
151,81,Hellas Verona,Udinese,0,0
151,82,Hellas Verona,Udinese,0,0
151,83,Hellas Verona,Udinese,0,0
151,84,Hellas Verona,Udinese,0,0
151,85,Hellas Verona,Udinese,0,0
151,86,Hellas Verona,Udinese,0,0
151,87,Hellas Verona,Udinese,0,0
151,88,Hellas Verona,Udinese,0,0
151,89,Hellas Verona,Udinese,0,0
151,90,Hellas Verona,Udinese,0,0
152,1,Hellas Verona,Venezia,0,0
152,2,Hellas Verona,Venezia,0,1
152,3,Hellas Verona,Venezia,0,1
152,4,Hellas Verona,Venezia,0,1
152,5,Hellas Verona,Venezia,0,1
152,6,Hellas Verona,Venezia,0,1
152,7,Hellas Verona,Venezia,0,1
152,8,Hellas Verona,Venezia,0,1
152,9,Hellas Verona,Venezia,1,1
152,10,Hellas Verona,Venezia,1,1
152,11,Hellas Verona,Venezia,1,1
152,12,Hellas Verona,Venezia,1,1
152,13,Hellas Verona,Venezia,1,1
152,14,Hellas Verona,Venezia,1,1
152,15,Hellas Verona,Venezia,1,1
152,16,Hellas Verona,Venezia,1,1
152,17,Hellas Verona,Venezia,1,1
152,18,Hellas Verona,Venezia,1,1
152,19,Hellas Verona,Venezia,1,1
152,20,Hellas Verona,Venezia,1,1
152,21,Hellas Verona,Venezia,1,1
152,22,Hellas Verona,Venezia,1,1
152,23,Hellas Verona,Venezia,1,1
152,24,Hellas Verona,Venezia,1,1
152,25,Hellas Verona,Venezia,1,1
152,26,Hellas Verona,Venezia,1,1
152,27,Hellas Verona,Venezia,1,1
152,28,Hellas Verona,Venezia,1,1
152,29,Hellas Verona,Venezia,1,1
152,30,Hellas Verona,Venezia,1,1
152,31,Hellas Verona,Venezia,1,1
152,32,Hellas Verona,Venezia,1,1
152,33,Hellas Verona,Venezia,1,1
152,34,Hellas Verona,Venezia,1,1
152,35,Hellas Verona,Venezia,1,1
152,36,Hellas Verona,Venezia,1,1
152,37,Hellas Verona,Venezia,1,1
152,38,Hellas Verona,Venezia,1,1
152,39,Hellas Verona,Venezia,1,1
152,40,Hellas Verona,Venezia,1,1
152,41,Hellas Verona,Venezia,1,1
152,42,Hellas Verona,Venezia,1,1
152,43,Hellas Verona,Venezia,1,1
152,44,Hellas Verona,Venezia,1,1
152,45,Hellas Verona,Venezia,1,1
152,46,Hellas Verona,Venezia,1,1
152,47,Hellas Verona,Venezia,1,1
152,48,Hellas Verona,Venezia,1,1
152,49,Hellas Verona,Venezia,1,1
152,50,Hellas Verona,Venezia,1,1
152,51,Hellas Verona,Venezia,1,1
152,52,Hellas Verona,Venezia,1,1
152,53,Hellas Verona,Venezia,1,1
152,54,Hellas Verona,Venezia,1,1
152,55,Hellas Verona,Venezia,1,1
152,56,Hellas Verona,Venezia,1,1
152,57,Hellas Verona,Venezia,1,1
152,58,Hellas Verona,Venezia,1,1
152,59,Hellas Verona,Venezia,1,1
152,60,Hellas Verona,Venezia,1,1
152,61,Hellas Verona,Venezia,1,1
152,62,Hellas Verona,Venezia,1,1
152,63,Hellas Verona,Venezia,1,1
152,64,Hellas Verona,Venezia,1,1
152,65,Hellas Verona,Venezia,1,1
152,66,Hellas Verona,Venezia,1,1
152,67,Hellas Verona,Venezia,1,1
152,68,Hellas Verona,Venezia,1,1
152,69,Hellas Verona,Venezia,1,1
152,70,Hellas Verona,Venezia,1,1
152,71,Hellas Verona,Venezia,1,1
152,72,Hellas Verona,Venezia,1,1
152,73,Hellas Verona,Venezia,1,1
152,74,Hellas Verona,Venezia,1,1
152,75,Hellas Verona,Venezia,1,1
152,76,Hellas Verona,Venezia,1,1
152,77,Hellas Verona,Venezia,1,1
152,78,Hellas Verona,Venezia,1,1
152,79,Hellas Verona,Venezia,1,1
152,80,Hellas Verona,Venezia,1,1
152,81,Hellas Verona,Venezia,2,1
152,82,Hellas Verona,Venezia,2,1
152,83,Hellas Verona,Venezia,2,1
152,84,Hellas Verona,Venezia,2,1
152,85,Hellas Verona,Venezia,2,1
152,86,Hellas Verona,Venezia,2,1
152,87,Hellas Verona,Venezia,2,1
152,88,Hellas Verona,Venezia,2,1
152,89,Hellas Verona,Venezia,2,1
152,90,Hellas Verona,Venezia,2,1
153,1,Inter Milan,Atalanta,0,0
153,2,Inter Milan,Atalanta,0,0
153,3,Inter Milan,Atalanta,1,0
153,4,Inter Milan,Atalanta,1,0
153,5,Inter Milan,Atalanta,1,0
153,6,Inter Milan,Atalanta,1,0
153,7,Inter Milan,Atalanta,1,0
153,8,Inter Milan,Atalanta,1,0
153,9,Inter Milan,Atalanta,1,0
153,10,Inter Milan,Atalanta,2,0
153,11,Inter Milan,Atalanta,2,0
153,12,Inter Milan,Atalanta,2,0
153,13,Inter Milan,Atalanta,2,0
153,14,Inter Milan,Atalanta,2,0
153,15,Inter Milan,Atalanta,2,0
153,16,Inter Milan,Atalanta,2,0
153,17,Inter Milan,Atalanta,2,0
153,18,Inter Milan,Atalanta,2,0
153,19,Inter Milan,Atalanta,2,0
153,20,Inter Milan,Atalanta,2,0
153,21,Inter Milan,Atalanta,2,0
153,22,Inter Milan,Atalanta,2,0
153,23,Inter Milan,Atalanta,2,0
153,24,Inter Milan,Atalanta,2,0
153,25,Inter Milan,Atalanta,2,0
153,26,Inter Milan,Atalanta,2,0
153,27,Inter Milan,Atalanta,2,0
153,28,Inter Milan,Atalanta,2,0
153,29,Inter Milan,Atalanta,2,0
153,30,Inter Milan,Atalanta,2,0
153,31,Inter Milan,Atalanta,2,0
153,32,Inter Milan,Atalanta,2,0
153,33,Inter Milan,Atalanta,2,0
153,34,Inter Milan,Atalanta,2,0
153,35,Inter Milan,Atalanta,2,0
153,36,Inter Milan,Atalanta,2,0
153,37,Inter Milan,Atalanta,2,0
153,38,Inter Milan,Atalanta,2,0
153,39,Inter Milan,Atalanta,2,0
153,40,Inter Milan,Atalanta,2,0
153,41,Inter Milan,Atalanta,2,0
153,42,Inter Milan,Atalanta,2,0
153,43,Inter Milan,Atalanta,2,0
153,44,Inter Milan,Atalanta,2,0
153,45,Inter Milan,Atalanta,2,0
153,46,Inter Milan,Atalanta,2,0
153,47,Inter Milan,Atalanta,3,0
153,48,Inter Milan,Atalanta,3,0
153,49,Inter Milan,Atalanta,3,0
153,50,Inter Milan,Atalanta,3,0
153,51,Inter Milan,Atalanta,3,0
153,52,Inter Milan,Atalanta,3,0
153,53,Inter Milan,Atalanta,3,0
153,54,Inter Milan,Atalanta,3,0
153,55,Inter Milan,Atalanta,3,0
153,56,Inter Milan,Atalanta,4,0
153,57,Inter Milan,Atalanta,4,0
153,58,Inter Milan,Atalanta,4,0
153,59,Inter Milan,Atalanta,4,0
153,60,Inter Milan,Atalanta,4,0
153,61,Inter Milan,Atalanta,4,0
153,62,Inter Milan,Atalanta,4,0
153,63,Inter Milan,Atalanta,4,0
153,64,Inter Milan,Atalanta,4,0
153,65,Inter Milan,Atalanta,4,0
153,66,Inter Milan,Atalanta,4,0
153,67,Inter Milan,Atalanta,4,0
153,68,Inter Milan,Atalanta,4,0
153,69,Inter Milan,Atalanta,4,0
153,70,Inter Milan,Atalanta,4,0
153,71,Inter Milan,Atalanta,4,0
153,72,Inter Milan,Atalanta,4,0
153,73,Inter Milan,Atalanta,4,0
153,74,Inter Milan,Atalanta,4,0
153,75,Inter Milan,Atalanta,4,0
153,76,Inter Milan,Atalanta,4,0
153,77,Inter Milan,Atalanta,4,0
153,78,Inter Milan,Atalanta,4,0
153,79,Inter Milan,Atalanta,4,0
153,80,Inter Milan,Atalanta,4,0
153,81,Inter Milan,Atalanta,4,0
153,82,Inter Milan,Atalanta,4,0
153,83,Inter Milan,Atalanta,4,0
153,84,Inter Milan,Atalanta,4,0
153,85,Inter Milan,Atalanta,4,0
153,86,Inter Milan,Atalanta,4,0
153,87,Inter Milan,Atalanta,4,0
153,88,Inter Milan,Atalanta,4,0
153,89,Inter Milan,Atalanta,4,0
153,90,Inter Milan,Atalanta,4,0
154,1,Inter Milan,Bologna,0,0
154,2,Inter Milan,Bologna,0,0
154,3,Inter Milan,Bologna,0,0
154,4,Inter Milan,Bologna,0,0
154,5,Inter Milan,Bologna,0,0
154,6,Inter Milan,Bologna,0,0
154,7,Inter Milan,Bologna,0,0
154,8,Inter Milan,Bologna,0,0
154,9,Inter Milan,Bologna,0,0
154,10,Inter Milan,Bologna,0,0
154,11,Inter Milan,Bologna,0,0
154,12,Inter Milan,Bologna,0,0
154,13,Inter Milan,Bologna,0,0
154,14,Inter Milan,Bologna,0,0
154,15,Inter Milan,Bologna,0,1
154,16,Inter Milan,Bologna,0,1
154,17,Inter Milan,Bologna,0,1
154,18,Inter Milan,Bologna,0,1
154,19,Inter Milan,Bologna,1,1
154,20,Inter Milan,Bologna,1,1
154,21,Inter Milan,Bologna,1,1
154,22,Inter Milan,Bologna,1,1
154,23,Inter Milan,Bologna,1,1
154,24,Inter Milan,Bologna,1,1
154,25,Inter Milan,Bologna,1,1
154,26,Inter Milan,Bologna,1,1
154,27,Inter Milan,Bologna,1,1
154,28,Inter Milan,Bologna,1,1
154,29,Inter Milan,Bologna,1,1
154,30,Inter Milan,Bologna,1,1
154,31,Inter Milan,Bologna,1,1
154,32,Inter Milan,Bologna,1,1
154,33,Inter Milan,Bologna,1,1
154,34,Inter Milan,Bologna,1,1
154,35,Inter Milan,Bologna,1,1
154,36,Inter Milan,Bologna,1,1
154,37,Inter Milan,Bologna,1,1
154,38,Inter Milan,Bologna,1,1
154,39,Inter Milan,Bologna,1,1
154,40,Inter Milan,Bologna,1,1
154,41,Inter Milan,Bologna,1,1
154,42,Inter Milan,Bologna,1,1
154,43,Inter Milan,Bologna,1,1
154,44,Inter Milan,Bologna,1,1
154,45,Inter Milan,Bologna,2,1
154,46,Inter Milan,Bologna,2,1
154,47,Inter Milan,Bologna,2,1
154,48,Inter Milan,Bologna,2,1
154,49,Inter Milan,Bologna,2,1
154,50,Inter Milan,Bologna,2,1
154,51,Inter Milan,Bologna,2,1
154,52,Inter Milan,Bologna,2,1
154,53,Inter Milan,Bologna,2,1
154,54,Inter Milan,Bologna,2,1
154,55,Inter Milan,Bologna,2,1
154,56,Inter Milan,Bologna,2,1
154,57,Inter Milan,Bologna,2,1
154,58,Inter Milan,Bologna,2,1
154,59,Inter Milan,Bologna,2,1
154,60,Inter Milan,Bologna,2,1
154,61,Inter Milan,Bologna,2,1
154,62,Inter Milan,Bologna,2,1
154,63,Inter Milan,Bologna,2,1
154,64,Inter Milan,Bologna,2,2
154,65,Inter Milan,Bologna,2,2
154,66,Inter Milan,Bologna,2,2
154,67,Inter Milan,Bologna,2,2
154,68,Inter Milan,Bologna,2,2
154,69,Inter Milan,Bologna,2,2
154,70,Inter Milan,Bologna,2,2
154,71,Inter Milan,Bologna,2,2
154,72,Inter Milan,Bologna,2,2
154,73,Inter Milan,Bologna,2,2
154,74,Inter Milan,Bologna,2,2
154,75,Inter Milan,Bologna,2,2
154,76,Inter Milan,Bologna,2,2
154,77,Inter Milan,Bologna,2,2
154,78,Inter Milan,Bologna,2,2
154,79,Inter Milan,Bologna,2,2
154,80,Inter Milan,Bologna,2,2
154,81,Inter Milan,Bologna,2,2
154,82,Inter Milan,Bologna,2,2
154,83,Inter Milan,Bologna,2,2
154,84,Inter Milan,Bologna,2,2
154,85,Inter Milan,Bologna,2,2
154,86,Inter Milan,Bologna,2,2
154,87,Inter Milan,Bologna,2,2
154,88,Inter Milan,Bologna,2,2
154,89,Inter Milan,Bologna,2,2
154,90,Inter Milan,Bologna,2,2
155,1,Inter Milan,Cagliari,0,0
155,2,Inter Milan,Cagliari,0,0
155,3,Inter Milan,Cagliari,0,0
155,4,Inter Milan,Cagliari,0,0
155,5,Inter Milan,Cagliari,0,0
155,6,Inter Milan,Cagliari,0,0
155,7,Inter Milan,Cagliari,0,0
155,8,Inter Milan,Cagliari,0,0
155,9,Inter Milan,Cagliari,0,0
155,10,Inter Milan,Cagliari,0,0
155,11,Inter Milan,Cagliari,0,0
155,12,Inter Milan,Cagliari,0,0
155,13,Inter Milan,Cagliari,1,0
155,14,Inter Milan,Cagliari,1,0
155,15,Inter Milan,Cagliari,1,0
155,16,Inter Milan,Cagliari,1,0
155,17,Inter Milan,Cagliari,1,0
155,18,Inter Milan,Cagliari,1,0
155,19,Inter Milan,Cagliari,1,0
155,20,Inter Milan,Cagliari,1,0
155,21,Inter Milan,Cagliari,1,0
155,22,Inter Milan,Cagliari,1,0
155,23,Inter Milan,Cagliari,1,0
155,24,Inter Milan,Cagliari,1,0
155,25,Inter Milan,Cagliari,1,0
155,26,Inter Milan,Cagliari,2,0
155,27,Inter Milan,Cagliari,2,0
155,28,Inter Milan,Cagliari,2,0
155,29,Inter Milan,Cagliari,2,0
155,30,Inter Milan,Cagliari,2,0
155,31,Inter Milan,Cagliari,2,0
155,32,Inter Milan,Cagliari,2,0
155,33,Inter Milan,Cagliari,2,0
155,34,Inter Milan,Cagliari,2,0
155,35,Inter Milan,Cagliari,2,0
155,36,Inter Milan,Cagliari,2,0
155,37,Inter Milan,Cagliari,2,0
155,38,Inter Milan,Cagliari,2,0
155,39,Inter Milan,Cagliari,2,0
155,40,Inter Milan,Cagliari,2,0
155,41,Inter Milan,Cagliari,2,0
155,42,Inter Milan,Cagliari,2,0
155,43,Inter Milan,Cagliari,2,0
155,44,Inter Milan,Cagliari,2,0
155,45,Inter Milan,Cagliari,2,0
155,46,Inter Milan,Cagliari,2,0
155,47,Inter Milan,Cagliari,2,0
155,48,Inter Milan,Cagliari,2,1
155,49,Inter Milan,Cagliari,2,1
155,50,Inter Milan,Cagliari,2,1
155,51,Inter Milan,Cagliari,2,1
155,52,Inter Milan,Cagliari,2,1
155,53,Inter Milan,Cagliari,2,1
155,54,Inter Milan,Cagliari,2,1
155,55,Inter Milan,Cagliari,3,1
155,56,Inter Milan,Cagliari,3,1
155,57,Inter Milan,Cagliari,3,1
155,58,Inter Milan,Cagliari,3,1
155,59,Inter Milan,Cagliari,3,1
155,60,Inter Milan,Cagliari,3,1
155,61,Inter Milan,Cagliari,3,1
155,62,Inter Milan,Cagliari,3,1
155,63,Inter Milan,Cagliari,3,1
155,64,Inter Milan,Cagliari,3,1
155,65,Inter Milan,Cagliari,3,1
155,66,Inter Milan,Cagliari,3,1
155,67,Inter Milan,Cagliari,3,1
155,68,Inter Milan,Cagliari,3,1
155,69,Inter Milan,Cagliari,3,1
155,70,Inter Milan,Cagliari,3,1
155,71,Inter Milan,Cagliari,3,1
155,72,Inter Milan,Cagliari,3,1
155,73,Inter Milan,Cagliari,3,1
155,74,Inter Milan,Cagliari,3,1
155,75,Inter Milan,Cagliari,3,1
155,76,Inter Milan,Cagliari,3,1
155,77,Inter Milan,Cagliari,3,1
155,78,Inter Milan,Cagliari,3,1
155,79,Inter Milan,Cagliari,3,1
155,80,Inter Milan,Cagliari,3,1
155,81,Inter Milan,Cagliari,3,1
155,82,Inter Milan,Cagliari,3,1
155,83,Inter Milan,Cagliari,3,1
155,84,Inter Milan,Cagliari,3,1
155,85,Inter Milan,Cagliari,3,1
155,86,Inter Milan,Cagliari,3,1
155,87,Inter Milan,Cagliari,3,1
155,88,Inter Milan,Cagliari,3,1
155,89,Inter Milan,Cagliari,3,1
155,90,Inter Milan,Cagliari,3,1
156,1,Inter Milan,Como,0,0
156,2,Inter Milan,Como,0,0
156,3,Inter Milan,Como,0,0
156,4,Inter Milan,Como,0,0
156,5,Inter Milan,Como,0,0
156,6,Inter Milan,Como,0,0
156,7,Inter Milan,Como,0,0
156,8,Inter Milan,Como,0,0
156,9,Inter Milan,Como,0,0
156,10,Inter Milan,Como,0,0
156,11,Inter Milan,Como,0,0
156,12,Inter Milan,Como,0,0
156,13,Inter Milan,Como,0,0
156,14,Inter Milan,Como,0,0
156,15,Inter Milan,Como,0,0
156,16,Inter Milan,Como,0,0
156,17,Inter Milan,Como,0,0
156,18,Inter Milan,Como,0,0
156,19,Inter Milan,Como,0,0
156,20,Inter Milan,Como,0,0
156,21,Inter Milan,Como,0,0
156,22,Inter Milan,Como,0,0
156,23,Inter Milan,Como,0,0
156,24,Inter Milan,Como,0,0
156,25,Inter Milan,Como,0,0
156,26,Inter Milan,Como,0,0
156,27,Inter Milan,Como,0,0
156,28,Inter Milan,Como,0,0
156,29,Inter Milan,Como,0,0
156,30,Inter Milan,Como,0,0
156,31,Inter Milan,Como,0,0
156,32,Inter Milan,Como,0,0
156,33,Inter Milan,Como,0,0
156,34,Inter Milan,Como,0,0
156,35,Inter Milan,Como,0,0
156,36,Inter Milan,Como,0,0
156,37,Inter Milan,Como,0,0
156,38,Inter Milan,Como,0,0
156,39,Inter Milan,Como,0,0
156,40,Inter Milan,Como,0,0
156,41,Inter Milan,Como,0,0
156,42,Inter Milan,Como,0,0
156,43,Inter Milan,Como,0,0
156,44,Inter Milan,Como,0,0
156,45,Inter Milan,Como,0,0
156,46,Inter Milan,Como,0,0
156,47,Inter Milan,Como,0,0
156,48,Inter Milan,Como,1,0
156,49,Inter Milan,Como,1,0
156,50,Inter Milan,Como,1,0
156,51,Inter Milan,Como,1,0
156,52,Inter Milan,Como,1,0
156,53,Inter Milan,Como,1,0
156,54,Inter Milan,Como,1,0
156,55,Inter Milan,Como,1,0
156,56,Inter Milan,Como,1,0
156,57,Inter Milan,Como,1,0
156,58,Inter Milan,Como,1,0
156,59,Inter Milan,Como,1,0
156,60,Inter Milan,Como,1,0
156,61,Inter Milan,Como,1,0
156,62,Inter Milan,Como,1,0
156,63,Inter Milan,Como,1,0
156,64,Inter Milan,Como,1,0
156,65,Inter Milan,Como,1,0
156,66,Inter Milan,Como,1,0
156,67,Inter Milan,Como,1,0
156,68,Inter Milan,Como,1,0
156,69,Inter Milan,Como,1,0
156,70,Inter Milan,Como,1,0
156,71,Inter Milan,Como,1,0
156,72,Inter Milan,Como,1,0
156,73,Inter Milan,Como,1,0
156,74,Inter Milan,Como,1,0
156,75,Inter Milan,Como,1,0
156,76,Inter Milan,Como,1,0
156,77,Inter Milan,Como,1,0
156,78,Inter Milan,Como,1,0
156,79,Inter Milan,Como,1,0
156,80,Inter Milan,Como,1,0
156,81,Inter Milan,Como,1,0
156,82,Inter Milan,Como,1,0
156,83,Inter Milan,Como,1,0
156,84,Inter Milan,Como,1,0
156,85,Inter Milan,Como,1,0
156,86,Inter Milan,Como,1,0
156,87,Inter Milan,Como,1,0
156,88,Inter Milan,Como,1,0
156,89,Inter Milan,Como,1,0
156,90,Inter Milan,Como,2,0
157,1,Inter Milan,Empoli,0,0
157,2,Inter Milan,Empoli,0,0
157,3,Inter Milan,Empoli,0,0
157,4,Inter Milan,Empoli,0,0
157,5,Inter Milan,Empoli,0,0
157,6,Inter Milan,Empoli,0,0
157,7,Inter Milan,Empoli,0,0
157,8,Inter Milan,Empoli,0,0
157,9,Inter Milan,Empoli,0,0
157,10,Inter Milan,Empoli,0,0
157,11,Inter Milan,Empoli,0,0
157,12,Inter Milan,Empoli,0,0
157,13,Inter Milan,Empoli,0,0
157,14,Inter Milan,Empoli,0,0
157,15,Inter Milan,Empoli,0,0
157,16,Inter Milan,Empoli,0,0
157,17,Inter Milan,Empoli,0,0
157,18,Inter Milan,Empoli,0,0
157,19,Inter Milan,Empoli,0,0
157,20,Inter Milan,Empoli,0,0
157,21,Inter Milan,Empoli,0,0
157,22,Inter Milan,Empoli,0,0
157,23,Inter Milan,Empoli,0,0
157,24,Inter Milan,Empoli,0,0
157,25,Inter Milan,Empoli,0,0
157,26,Inter Milan,Empoli,0,0
157,27,Inter Milan,Empoli,0,0
157,28,Inter Milan,Empoli,0,0
157,29,Inter Milan,Empoli,0,0
157,30,Inter Milan,Empoli,0,0
157,31,Inter Milan,Empoli,0,0
157,32,Inter Milan,Empoli,0,0
157,33,Inter Milan,Empoli,0,0
157,34,Inter Milan,Empoli,0,0
157,35,Inter Milan,Empoli,0,0
157,36,Inter Milan,Empoli,0,0
157,37,Inter Milan,Empoli,0,0
157,38,Inter Milan,Empoli,0,0
157,39,Inter Milan,Empoli,0,0
157,40,Inter Milan,Empoli,0,0
157,41,Inter Milan,Empoli,0,0
157,42,Inter Milan,Empoli,0,0
157,43,Inter Milan,Empoli,0,0
157,44,Inter Milan,Empoli,0,0
157,45,Inter Milan,Empoli,0,0
157,46,Inter Milan,Empoli,0,0
157,47,Inter Milan,Empoli,0,0
157,48,Inter Milan,Empoli,0,0
157,49,Inter Milan,Empoli,0,0
157,50,Inter Milan,Empoli,0,0
157,51,Inter Milan,Empoli,0,0
157,52,Inter Milan,Empoli,0,0
157,53,Inter Milan,Empoli,0,0
157,54,Inter Milan,Empoli,0,0
157,55,Inter Milan,Empoli,1,0
157,56,Inter Milan,Empoli,1,0
157,57,Inter Milan,Empoli,1,0
157,58,Inter Milan,Empoli,1,0
157,59,Inter Milan,Empoli,1,0
157,60,Inter Milan,Empoli,1,0
157,61,Inter Milan,Empoli,1,0
157,62,Inter Milan,Empoli,1,0
157,63,Inter Milan,Empoli,1,0
157,64,Inter Milan,Empoli,1,0
157,65,Inter Milan,Empoli,1,0
157,66,Inter Milan,Empoli,1,0
157,67,Inter Milan,Empoli,1,0
157,68,Inter Milan,Empoli,1,0
157,69,Inter Milan,Empoli,1,0
157,70,Inter Milan,Empoli,1,0
157,71,Inter Milan,Empoli,1,0
157,72,Inter Milan,Empoli,1,0
157,73,Inter Milan,Empoli,1,0
157,74,Inter Milan,Empoli,1,0
157,75,Inter Milan,Empoli,1,0
157,76,Inter Milan,Empoli,1,0
157,77,Inter Milan,Empoli,1,0
157,78,Inter Milan,Empoli,1,0
157,79,Inter Milan,Empoli,2,0
157,80,Inter Milan,Empoli,2,0
157,81,Inter Milan,Empoli,2,0
157,82,Inter Milan,Empoli,2,0
157,83,Inter Milan,Empoli,2,0
157,84,Inter Milan,Empoli,2,1
157,85,Inter Milan,Empoli,2,1
157,86,Inter Milan,Empoli,2,1
157,87,Inter Milan,Empoli,2,1
157,88,Inter Milan,Empoli,2,1
157,89,Inter Milan,Empoli,3,1
157,90,Inter Milan,Empoli,3,1
158,1,Inter Milan,Fiorentina,0,0
158,2,Inter Milan,Fiorentina,0,0
158,3,Inter Milan,Fiorentina,0,0
158,4,Inter Milan,Fiorentina,0,0
158,5,Inter Milan,Fiorentina,0,0
158,6,Inter Milan,Fiorentina,0,0
158,7,Inter Milan,Fiorentina,0,0
158,8,Inter Milan,Fiorentina,0,0
158,9,Inter Milan,Fiorentina,0,0
158,10,Inter Milan,Fiorentina,0,0
158,11,Inter Milan,Fiorentina,0,0
158,12,Inter Milan,Fiorentina,0,0
158,13,Inter Milan,Fiorentina,0,0
158,14,Inter Milan,Fiorentina,0,0
158,15,Inter Milan,Fiorentina,0,0
158,16,Inter Milan,Fiorentina,0,0
158,17,Inter Milan,Fiorentina,0,0
158,18,Inter Milan,Fiorentina,0,0
158,19,Inter Milan,Fiorentina,0,0
158,20,Inter Milan,Fiorentina,0,0
158,21,Inter Milan,Fiorentina,0,0
158,22,Inter Milan,Fiorentina,0,0
158,23,Inter Milan,Fiorentina,0,0
158,24,Inter Milan,Fiorentina,0,0
158,25,Inter Milan,Fiorentina,0,0
158,26,Inter Milan,Fiorentina,0,0
158,27,Inter Milan,Fiorentina,0,0
158,28,Inter Milan,Fiorentina,1,0
158,29,Inter Milan,Fiorentina,1,0
158,30,Inter Milan,Fiorentina,1,0
158,31,Inter Milan,Fiorentina,1,0
158,32,Inter Milan,Fiorentina,1,0
158,33,Inter Milan,Fiorentina,1,0
158,34,Inter Milan,Fiorentina,1,0
158,35,Inter Milan,Fiorentina,1,0
158,36,Inter Milan,Fiorentina,1,0
158,37,Inter Milan,Fiorentina,1,0
158,38,Inter Milan,Fiorentina,1,0
158,39,Inter Milan,Fiorentina,1,0
158,40,Inter Milan,Fiorentina,1,0
158,41,Inter Milan,Fiorentina,1,0
158,42,Inter Milan,Fiorentina,1,0
158,43,Inter Milan,Fiorentina,1,0
158,44,Inter Milan,Fiorentina,1,1
158,45,Inter Milan,Fiorentina,1,1
158,46,Inter Milan,Fiorentina,1,1
158,47,Inter Milan,Fiorentina,1,1
158,48,Inter Milan,Fiorentina,1,1
158,49,Inter Milan,Fiorentina,1,1
158,50,Inter Milan,Fiorentina,1,1
158,51,Inter Milan,Fiorentina,1,1
158,52,Inter Milan,Fiorentina,2,1
158,53,Inter Milan,Fiorentina,2,1
158,54,Inter Milan,Fiorentina,2,1
158,55,Inter Milan,Fiorentina,2,1
158,56,Inter Milan,Fiorentina,2,1
158,57,Inter Milan,Fiorentina,2,1
158,58,Inter Milan,Fiorentina,2,1
158,59,Inter Milan,Fiorentina,2,1
158,60,Inter Milan,Fiorentina,2,1
158,61,Inter Milan,Fiorentina,2,1
158,62,Inter Milan,Fiorentina,2,1
158,63,Inter Milan,Fiorentina,2,1
158,64,Inter Milan,Fiorentina,2,1
158,65,Inter Milan,Fiorentina,2,1
158,66,Inter Milan,Fiorentina,2,1
158,67,Inter Milan,Fiorentina,2,1
158,68,Inter Milan,Fiorentina,2,1
158,69,Inter Milan,Fiorentina,2,1
158,70,Inter Milan,Fiorentina,2,1
158,71,Inter Milan,Fiorentina,2,1
158,72,Inter Milan,Fiorentina,2,1
158,73,Inter Milan,Fiorentina,2,1
158,74,Inter Milan,Fiorentina,2,1
158,75,Inter Milan,Fiorentina,2,1
158,76,Inter Milan,Fiorentina,2,1
158,77,Inter Milan,Fiorentina,2,1
158,78,Inter Milan,Fiorentina,2,1
158,79,Inter Milan,Fiorentina,2,1
158,80,Inter Milan,Fiorentina,2,1
158,81,Inter Milan,Fiorentina,2,1
158,82,Inter Milan,Fiorentina,2,1
158,83,Inter Milan,Fiorentina,2,1
158,84,Inter Milan,Fiorentina,2,1
158,85,Inter Milan,Fiorentina,2,1
158,86,Inter Milan,Fiorentina,2,1
158,87,Inter Milan,Fiorentina,2,1
158,88,Inter Milan,Fiorentina,2,1
158,89,Inter Milan,Fiorentina,2,1
158,90,Inter Milan,Fiorentina,2,1
159,1,Inter Milan,Genoa,0,0
159,2,Inter Milan,Genoa,0,0
159,3,Inter Milan,Genoa,0,0
159,4,Inter Milan,Genoa,0,0
159,5,Inter Milan,Genoa,0,0
159,6,Inter Milan,Genoa,0,0
159,7,Inter Milan,Genoa,0,0
159,8,Inter Milan,Genoa,0,0
159,9,Inter Milan,Genoa,0,0
159,10,Inter Milan,Genoa,0,0
159,11,Inter Milan,Genoa,0,0
159,12,Inter Milan,Genoa,0,0
159,13,Inter Milan,Genoa,0,0
159,14,Inter Milan,Genoa,0,0
159,15,Inter Milan,Genoa,0,0
159,16,Inter Milan,Genoa,0,0
159,17,Inter Milan,Genoa,0,0
159,18,Inter Milan,Genoa,0,0
159,19,Inter Milan,Genoa,0,0
159,20,Inter Milan,Genoa,0,0
159,21,Inter Milan,Genoa,0,0
159,22,Inter Milan,Genoa,0,0
159,23,Inter Milan,Genoa,0,0
159,24,Inter Milan,Genoa,0,0
159,25,Inter Milan,Genoa,0,0
159,26,Inter Milan,Genoa,0,0
159,27,Inter Milan,Genoa,0,0
159,28,Inter Milan,Genoa,0,0
159,29,Inter Milan,Genoa,0,0
159,30,Inter Milan,Genoa,0,0
159,31,Inter Milan,Genoa,0,0
159,32,Inter Milan,Genoa,0,0
159,33,Inter Milan,Genoa,0,0
159,34,Inter Milan,Genoa,0,0
159,35,Inter Milan,Genoa,0,0
159,36,Inter Milan,Genoa,0,0
159,37,Inter Milan,Genoa,0,0
159,38,Inter Milan,Genoa,0,0
159,39,Inter Milan,Genoa,0,0
159,40,Inter Milan,Genoa,0,0
159,41,Inter Milan,Genoa,0,0
159,42,Inter Milan,Genoa,0,0
159,43,Inter Milan,Genoa,0,0
159,44,Inter Milan,Genoa,0,0
159,45,Inter Milan,Genoa,0,0
159,46,Inter Milan,Genoa,0,0
159,47,Inter Milan,Genoa,0,0
159,48,Inter Milan,Genoa,0,0
159,49,Inter Milan,Genoa,0,0
159,50,Inter Milan,Genoa,0,0
159,51,Inter Milan,Genoa,0,0
159,52,Inter Milan,Genoa,0,0
159,53,Inter Milan,Genoa,0,0
159,54,Inter Milan,Genoa,0,0
159,55,Inter Milan,Genoa,0,0
159,56,Inter Milan,Genoa,0,0
159,57,Inter Milan,Genoa,0,0
159,58,Inter Milan,Genoa,0,0
159,59,Inter Milan,Genoa,0,0
159,60,Inter Milan,Genoa,0,0
159,61,Inter Milan,Genoa,0,0
159,62,Inter Milan,Genoa,0,0
159,63,Inter Milan,Genoa,0,0
159,64,Inter Milan,Genoa,0,0
159,65,Inter Milan,Genoa,0,0
159,66,Inter Milan,Genoa,0,0
159,67,Inter Milan,Genoa,0,0
159,68,Inter Milan,Genoa,0,0
159,69,Inter Milan,Genoa,0,0
159,70,Inter Milan,Genoa,0,0
159,71,Inter Milan,Genoa,0,0
159,72,Inter Milan,Genoa,0,0
159,73,Inter Milan,Genoa,0,0
159,74,Inter Milan,Genoa,0,0
159,75,Inter Milan,Genoa,0,0
159,76,Inter Milan,Genoa,0,0
159,77,Inter Milan,Genoa,0,0
159,78,Inter Milan,Genoa,1,0
159,79,Inter Milan,Genoa,1,0
159,80,Inter Milan,Genoa,1,0
159,81,Inter Milan,Genoa,1,0
159,82,Inter Milan,Genoa,1,0
159,83,Inter Milan,Genoa,1,0
159,84,Inter Milan,Genoa,1,0
159,85,Inter Milan,Genoa,1,0
159,86,Inter Milan,Genoa,1,0
159,87,Inter Milan,Genoa,1,0
159,88,Inter Milan,Genoa,1,0
159,89,Inter Milan,Genoa,1,0
159,90,Inter Milan,Genoa,1,0
160,1,Inter Milan,Hellas Verona,0,0
160,2,Inter Milan,Hellas Verona,0,0
160,3,Inter Milan,Hellas Verona,0,0
160,4,Inter Milan,Hellas Verona,0,0
160,5,Inter Milan,Hellas Verona,0,0
160,6,Inter Milan,Hellas Verona,0,0
160,7,Inter Milan,Hellas Verona,0,0
160,8,Inter Milan,Hellas Verona,0,0
160,9,Inter Milan,Hellas Verona,1,0
160,10,Inter Milan,Hellas Verona,1,0
160,11,Inter Milan,Hellas Verona,1,0
160,12,Inter Milan,Hellas Verona,1,0
160,13,Inter Milan,Hellas Verona,1,0
160,14,Inter Milan,Hellas Verona,1,0
160,15,Inter Milan,Hellas Verona,1,0
160,16,Inter Milan,Hellas Verona,1,0
160,17,Inter Milan,Hellas Verona,1,0
160,18,Inter Milan,Hellas Verona,1,0
160,19,Inter Milan,Hellas Verona,1,0
160,20,Inter Milan,Hellas Verona,1,0
160,21,Inter Milan,Hellas Verona,1,0
160,22,Inter Milan,Hellas Verona,1,0
160,23,Inter Milan,Hellas Verona,1,0
160,24,Inter Milan,Hellas Verona,1,0
160,25,Inter Milan,Hellas Verona,1,0
160,26,Inter Milan,Hellas Verona,1,0
160,27,Inter Milan,Hellas Verona,1,0
160,28,Inter Milan,Hellas Verona,1,0
160,29,Inter Milan,Hellas Verona,1,0
160,30,Inter Milan,Hellas Verona,1,0
160,31,Inter Milan,Hellas Verona,1,0
160,32,Inter Milan,Hellas Verona,1,0
160,33,Inter Milan,Hellas Verona,1,0
160,34,Inter Milan,Hellas Verona,1,0
160,35,Inter Milan,Hellas Verona,1,0
160,36,Inter Milan,Hellas Verona,1,0
160,37,Inter Milan,Hellas Verona,1,0
160,38,Inter Milan,Hellas Verona,1,0
160,39,Inter Milan,Hellas Verona,1,0
160,40,Inter Milan,Hellas Verona,1,0
160,41,Inter Milan,Hellas Verona,1,0
160,42,Inter Milan,Hellas Verona,1,0
160,43,Inter Milan,Hellas Verona,1,0
160,44,Inter Milan,Hellas Verona,1,0
160,45,Inter Milan,Hellas Verona,1,0
160,46,Inter Milan,Hellas Verona,1,0
160,47,Inter Milan,Hellas Verona,1,0
160,48,Inter Milan,Hellas Verona,1,0
160,49,Inter Milan,Hellas Verona,1,0
160,50,Inter Milan,Hellas Verona,1,0
160,51,Inter Milan,Hellas Verona,1,0
160,52,Inter Milan,Hellas Verona,1,0
160,53,Inter Milan,Hellas Verona,1,0
160,54,Inter Milan,Hellas Verona,1,0
160,55,Inter Milan,Hellas Verona,1,0
160,56,Inter Milan,Hellas Verona,1,0
160,57,Inter Milan,Hellas Verona,1,0
160,58,Inter Milan,Hellas Verona,1,0
160,59,Inter Milan,Hellas Verona,1,0
160,60,Inter Milan,Hellas Verona,1,0
160,61,Inter Milan,Hellas Verona,1,0
160,62,Inter Milan,Hellas Verona,1,0
160,63,Inter Milan,Hellas Verona,1,0
160,64,Inter Milan,Hellas Verona,1,0
160,65,Inter Milan,Hellas Verona,1,0
160,66,Inter Milan,Hellas Verona,1,0
160,67,Inter Milan,Hellas Verona,1,0
160,68,Inter Milan,Hellas Verona,1,0
160,69,Inter Milan,Hellas Verona,1,0
160,70,Inter Milan,Hellas Verona,1,0
160,71,Inter Milan,Hellas Verona,1,0
160,72,Inter Milan,Hellas Verona,1,0
160,73,Inter Milan,Hellas Verona,1,0
160,74,Inter Milan,Hellas Verona,1,0
160,75,Inter Milan,Hellas Verona,1,0
160,76,Inter Milan,Hellas Verona,1,0
160,77,Inter Milan,Hellas Verona,1,0
160,78,Inter Milan,Hellas Verona,1,0
160,79,Inter Milan,Hellas Verona,1,0
160,80,Inter Milan,Hellas Verona,1,0
160,81,Inter Milan,Hellas Verona,1,0
160,82,Inter Milan,Hellas Verona,1,0
160,83,Inter Milan,Hellas Verona,1,0
160,84,Inter Milan,Hellas Verona,1,0
160,85,Inter Milan,Hellas Verona,1,0
160,86,Inter Milan,Hellas Verona,1,0
160,87,Inter Milan,Hellas Verona,1,0
160,88,Inter Milan,Hellas Verona,1,0
160,89,Inter Milan,Hellas Verona,1,0
160,90,Inter Milan,Hellas Verona,1,0
161,1,Inter Milan,Juventus,0,0
161,2,Inter Milan,Juventus,0,0
161,3,Inter Milan,Juventus,0,0
161,4,Inter Milan,Juventus,0,0
161,5,Inter Milan,Juventus,0,0
161,6,Inter Milan,Juventus,0,0
161,7,Inter Milan,Juventus,0,0
161,8,Inter Milan,Juventus,0,0
161,9,Inter Milan,Juventus,0,0
161,10,Inter Milan,Juventus,0,0
161,11,Inter Milan,Juventus,0,0
161,12,Inter Milan,Juventus,0,0
161,13,Inter Milan,Juventus,0,0
161,14,Inter Milan,Juventus,0,0
161,15,Inter Milan,Juventus,1,0
161,16,Inter Milan,Juventus,1,0
161,17,Inter Milan,Juventus,1,0
161,18,Inter Milan,Juventus,1,0
161,19,Inter Milan,Juventus,1,0
161,20,Inter Milan,Juventus,1,1
161,21,Inter Milan,Juventus,1,1
161,22,Inter Milan,Juventus,1,1
161,23,Inter Milan,Juventus,1,1
161,24,Inter Milan,Juventus,1,1
161,25,Inter Milan,Juventus,1,1
161,26,Inter Milan,Juventus,1,2
161,27,Inter Milan,Juventus,1,2
161,28,Inter Milan,Juventus,1,2
161,29,Inter Milan,Juventus,1,2
161,30,Inter Milan,Juventus,1,2
161,31,Inter Milan,Juventus,1,2
161,32,Inter Milan,Juventus,1,2
161,33,Inter Milan,Juventus,1,2
161,34,Inter Milan,Juventus,1,2
161,35,Inter Milan,Juventus,2,2
161,36,Inter Milan,Juventus,2,2
161,37,Inter Milan,Juventus,3,2
161,38,Inter Milan,Juventus,3,2
161,39,Inter Milan,Juventus,3,2
161,40,Inter Milan,Juventus,3,2
161,41,Inter Milan,Juventus,3,2
161,42,Inter Milan,Juventus,3,2
161,43,Inter Milan,Juventus,3,2
161,44,Inter Milan,Juventus,3,2
161,45,Inter Milan,Juventus,3,2
161,46,Inter Milan,Juventus,3,2
161,47,Inter Milan,Juventus,3,2
161,48,Inter Milan,Juventus,3,2
161,49,Inter Milan,Juventus,3,2
161,50,Inter Milan,Juventus,3,2
161,51,Inter Milan,Juventus,3,2
161,52,Inter Milan,Juventus,3,2
161,53,Inter Milan,Juventus,4,2
161,54,Inter Milan,Juventus,4,2
161,55,Inter Milan,Juventus,4,2
161,56,Inter Milan,Juventus,4,2
161,57,Inter Milan,Juventus,4,2
161,58,Inter Milan,Juventus,4,2
161,59,Inter Milan,Juventus,4,2
161,60,Inter Milan,Juventus,4,2
161,61,Inter Milan,Juventus,4,2
161,62,Inter Milan,Juventus,4,2
161,63,Inter Milan,Juventus,4,2
161,64,Inter Milan,Juventus,4,2
161,65,Inter Milan,Juventus,4,2
161,66,Inter Milan,Juventus,4,2
161,67,Inter Milan,Juventus,4,2
161,68,Inter Milan,Juventus,4,2
161,69,Inter Milan,Juventus,4,2
161,70,Inter Milan,Juventus,4,2
161,71,Inter Milan,Juventus,4,3
161,72,Inter Milan,Juventus,4,3
161,73,Inter Milan,Juventus,4,3
161,74,Inter Milan,Juventus,4,3
161,75,Inter Milan,Juventus,4,3
161,76,Inter Milan,Juventus,4,3
161,77,Inter Milan,Juventus,4,3
161,78,Inter Milan,Juventus,4,3
161,79,Inter Milan,Juventus,4,3
161,80,Inter Milan,Juventus,4,3
161,81,Inter Milan,Juventus,4,3
161,82,Inter Milan,Juventus,4,4
161,83,Inter Milan,Juventus,4,4
161,84,Inter Milan,Juventus,4,4
161,85,Inter Milan,Juventus,4,4
161,86,Inter Milan,Juventus,4,4
161,87,Inter Milan,Juventus,4,4
161,88,Inter Milan,Juventus,4,4
161,89,Inter Milan,Juventus,4,4
161,90,Inter Milan,Juventus,4,4
162,1,Inter Milan,Lazio,0,0
162,2,Inter Milan,Lazio,0,0
162,3,Inter Milan,Lazio,0,0
162,4,Inter Milan,Lazio,0,0
162,5,Inter Milan,Lazio,0,0
162,6,Inter Milan,Lazio,0,0
162,7,Inter Milan,Lazio,0,0
162,8,Inter Milan,Lazio,0,0
162,9,Inter Milan,Lazio,0,0
162,10,Inter Milan,Lazio,0,0
162,11,Inter Milan,Lazio,0,0
162,12,Inter Milan,Lazio,0,0
162,13,Inter Milan,Lazio,0,0
162,14,Inter Milan,Lazio,0,0
162,15,Inter Milan,Lazio,0,0
162,16,Inter Milan,Lazio,0,0
162,17,Inter Milan,Lazio,0,0
162,18,Inter Milan,Lazio,0,0
162,19,Inter Milan,Lazio,0,0
162,20,Inter Milan,Lazio,0,0
162,21,Inter Milan,Lazio,0,0
162,22,Inter Milan,Lazio,0,0
162,23,Inter Milan,Lazio,0,0
162,24,Inter Milan,Lazio,0,0
162,25,Inter Milan,Lazio,0,0
162,26,Inter Milan,Lazio,0,0
162,27,Inter Milan,Lazio,0,0
162,28,Inter Milan,Lazio,0,0
162,29,Inter Milan,Lazio,0,0
162,30,Inter Milan,Lazio,0,0
162,31,Inter Milan,Lazio,0,0
162,32,Inter Milan,Lazio,0,0
162,33,Inter Milan,Lazio,0,0
162,34,Inter Milan,Lazio,0,0
162,35,Inter Milan,Lazio,0,0
162,36,Inter Milan,Lazio,0,0
162,37,Inter Milan,Lazio,0,0
162,38,Inter Milan,Lazio,0,0
162,39,Inter Milan,Lazio,0,0
162,40,Inter Milan,Lazio,0,0
162,41,Inter Milan,Lazio,0,0
162,42,Inter Milan,Lazio,0,0
162,43,Inter Milan,Lazio,0,0
162,44,Inter Milan,Lazio,0,0
162,45,Inter Milan,Lazio,1,0
162,46,Inter Milan,Lazio,1,0
162,47,Inter Milan,Lazio,1,0
162,48,Inter Milan,Lazio,1,0
162,49,Inter Milan,Lazio,1,0
162,50,Inter Milan,Lazio,1,0
162,51,Inter Milan,Lazio,1,0
162,52,Inter Milan,Lazio,1,0
162,53,Inter Milan,Lazio,1,0
162,54,Inter Milan,Lazio,1,0
162,55,Inter Milan,Lazio,1,0
162,56,Inter Milan,Lazio,1,0
162,57,Inter Milan,Lazio,1,0
162,58,Inter Milan,Lazio,1,0
162,59,Inter Milan,Lazio,1,0
162,60,Inter Milan,Lazio,1,0
162,61,Inter Milan,Lazio,1,0
162,62,Inter Milan,Lazio,1,0
162,63,Inter Milan,Lazio,1,0
162,64,Inter Milan,Lazio,1,0
162,65,Inter Milan,Lazio,1,0
162,66,Inter Milan,Lazio,1,0
162,67,Inter Milan,Lazio,1,0
162,68,Inter Milan,Lazio,1,0
162,69,Inter Milan,Lazio,1,0
162,70,Inter Milan,Lazio,1,0
162,71,Inter Milan,Lazio,1,0
162,72,Inter Milan,Lazio,1,1
162,73,Inter Milan,Lazio,1,1
162,74,Inter Milan,Lazio,1,1
162,75,Inter Milan,Lazio,1,1
162,76,Inter Milan,Lazio,1,1
162,77,Inter Milan,Lazio,1,1
162,78,Inter Milan,Lazio,1,1
162,79,Inter Milan,Lazio,2,1
162,80,Inter Milan,Lazio,2,1
162,81,Inter Milan,Lazio,2,1
162,82,Inter Milan,Lazio,2,1
162,83,Inter Milan,Lazio,2,1
162,84,Inter Milan,Lazio,2,1
162,85,Inter Milan,Lazio,2,1
162,86,Inter Milan,Lazio,2,1
162,87,Inter Milan,Lazio,2,1
162,88,Inter Milan,Lazio,2,1
162,89,Inter Milan,Lazio,2,1
162,90,Inter Milan,Lazio,2,2
163,1,Inter Milan,Lecce,0,0
163,2,Inter Milan,Lecce,0,0
163,3,Inter Milan,Lecce,0,0
163,4,Inter Milan,Lecce,0,0
163,5,Inter Milan,Lecce,1,0
163,6,Inter Milan,Lecce,1,0
163,7,Inter Milan,Lecce,1,0
163,8,Inter Milan,Lecce,1,0
163,9,Inter Milan,Lecce,1,0
163,10,Inter Milan,Lecce,1,0
163,11,Inter Milan,Lecce,1,0
163,12,Inter Milan,Lecce,1,0
163,13,Inter Milan,Lecce,1,0
163,14,Inter Milan,Lecce,1,0
163,15,Inter Milan,Lecce,1,0
163,16,Inter Milan,Lecce,1,0
163,17,Inter Milan,Lecce,1,0
163,18,Inter Milan,Lecce,1,0
163,19,Inter Milan,Lecce,1,0
163,20,Inter Milan,Lecce,1,0
163,21,Inter Milan,Lecce,1,0
163,22,Inter Milan,Lecce,1,0
163,23,Inter Milan,Lecce,1,0
163,24,Inter Milan,Lecce,1,0
163,25,Inter Milan,Lecce,1,0
163,26,Inter Milan,Lecce,1,0
163,27,Inter Milan,Lecce,1,0
163,28,Inter Milan,Lecce,1,0
163,29,Inter Milan,Lecce,1,0
163,30,Inter Milan,Lecce,1,0
163,31,Inter Milan,Lecce,1,0
163,32,Inter Milan,Lecce,1,0
163,33,Inter Milan,Lecce,1,0
163,34,Inter Milan,Lecce,1,0
163,35,Inter Milan,Lecce,1,0
163,36,Inter Milan,Lecce,1,0
163,37,Inter Milan,Lecce,1,0
163,38,Inter Milan,Lecce,1,0
163,39,Inter Milan,Lecce,1,0
163,40,Inter Milan,Lecce,1,0
163,41,Inter Milan,Lecce,1,0
163,42,Inter Milan,Lecce,1,0
163,43,Inter Milan,Lecce,1,0
163,44,Inter Milan,Lecce,1,0
163,45,Inter Milan,Lecce,1,0
163,46,Inter Milan,Lecce,1,0
163,47,Inter Milan,Lecce,1,0
163,48,Inter Milan,Lecce,1,0
163,49,Inter Milan,Lecce,1,0
163,50,Inter Milan,Lecce,1,0
163,51,Inter Milan,Lecce,1,0
163,52,Inter Milan,Lecce,1,0
163,53,Inter Milan,Lecce,1,0
163,54,Inter Milan,Lecce,1,0
163,55,Inter Milan,Lecce,1,0
163,56,Inter Milan,Lecce,1,0
163,57,Inter Milan,Lecce,1,0
163,58,Inter Milan,Lecce,1,0
163,59,Inter Milan,Lecce,1,0
163,60,Inter Milan,Lecce,1,0
163,61,Inter Milan,Lecce,1,0
163,62,Inter Milan,Lecce,1,0
163,63,Inter Milan,Lecce,1,0
163,64,Inter Milan,Lecce,1,0
163,65,Inter Milan,Lecce,1,0
163,66,Inter Milan,Lecce,1,0
163,67,Inter Milan,Lecce,1,0
163,68,Inter Milan,Lecce,1,0
163,69,Inter Milan,Lecce,1,0
163,70,Inter Milan,Lecce,2,0
163,71,Inter Milan,Lecce,2,0
163,72,Inter Milan,Lecce,2,0
163,73,Inter Milan,Lecce,2,0
163,74,Inter Milan,Lecce,2,0
163,75,Inter Milan,Lecce,2,0
163,76,Inter Milan,Lecce,2,0
163,77,Inter Milan,Lecce,2,0
163,78,Inter Milan,Lecce,2,0
163,79,Inter Milan,Lecce,2,0
163,80,Inter Milan,Lecce,2,0
163,81,Inter Milan,Lecce,2,0
163,82,Inter Milan,Lecce,2,0
163,83,Inter Milan,Lecce,2,0
163,84,Inter Milan,Lecce,2,0
163,85,Inter Milan,Lecce,2,0
163,86,Inter Milan,Lecce,2,0
163,87,Inter Milan,Lecce,2,0
163,88,Inter Milan,Lecce,2,0
163,89,Inter Milan,Lecce,2,0
163,90,Inter Milan,Lecce,2,0
164,1,Inter Milan,AC Milan,0,0
164,2,Inter Milan,AC Milan,0,0
164,3,Inter Milan,AC Milan,0,0
164,4,Inter Milan,AC Milan,0,0
164,5,Inter Milan,AC Milan,0,0
164,6,Inter Milan,AC Milan,0,0
164,7,Inter Milan,AC Milan,0,0
164,8,Inter Milan,AC Milan,0,0
164,9,Inter Milan,AC Milan,0,0
164,10,Inter Milan,AC Milan,0,1
164,11,Inter Milan,AC Milan,0,1
164,12,Inter Milan,AC Milan,0,1
164,13,Inter Milan,AC Milan,0,1
164,14,Inter Milan,AC Milan,0,1
164,15,Inter Milan,AC Milan,0,1
164,16,Inter Milan,AC Milan,0,1
164,17,Inter Milan,AC Milan,0,1
164,18,Inter Milan,AC Milan,0,1
164,19,Inter Milan,AC Milan,0,1
164,20,Inter Milan,AC Milan,0,1
164,21,Inter Milan,AC Milan,0,1
164,22,Inter Milan,AC Milan,0,1
164,23,Inter Milan,AC Milan,0,1
164,24,Inter Milan,AC Milan,0,1
164,25,Inter Milan,AC Milan,0,1
164,26,Inter Milan,AC Milan,0,1
164,27,Inter Milan,AC Milan,1,1
164,28,Inter Milan,AC Milan,1,1
164,29,Inter Milan,AC Milan,1,1
164,30,Inter Milan,AC Milan,1,1
164,31,Inter Milan,AC Milan,1,1
164,32,Inter Milan,AC Milan,1,1
164,33,Inter Milan,AC Milan,1,1
164,34,Inter Milan,AC Milan,1,1
164,35,Inter Milan,AC Milan,1,1
164,36,Inter Milan,AC Milan,1,1
164,37,Inter Milan,AC Milan,1,1
164,38,Inter Milan,AC Milan,1,1
164,39,Inter Milan,AC Milan,1,1
164,40,Inter Milan,AC Milan,1,1
164,41,Inter Milan,AC Milan,1,1
164,42,Inter Milan,AC Milan,1,1
164,43,Inter Milan,AC Milan,1,1
164,44,Inter Milan,AC Milan,1,1
164,45,Inter Milan,AC Milan,1,1
164,46,Inter Milan,AC Milan,1,1
164,47,Inter Milan,AC Milan,1,1
164,48,Inter Milan,AC Milan,1,1
164,49,Inter Milan,AC Milan,1,1
164,50,Inter Milan,AC Milan,1,1
164,51,Inter Milan,AC Milan,1,1
164,52,Inter Milan,AC Milan,1,1
164,53,Inter Milan,AC Milan,1,1
164,54,Inter Milan,AC Milan,1,1
164,55,Inter Milan,AC Milan,1,1
164,56,Inter Milan,AC Milan,1,1
164,57,Inter Milan,AC Milan,1,1
164,58,Inter Milan,AC Milan,1,1
164,59,Inter Milan,AC Milan,1,1
164,60,Inter Milan,AC Milan,1,1
164,61,Inter Milan,AC Milan,1,1
164,62,Inter Milan,AC Milan,1,1
164,63,Inter Milan,AC Milan,1,1
164,64,Inter Milan,AC Milan,1,1
164,65,Inter Milan,AC Milan,1,1
164,66,Inter Milan,AC Milan,1,1
164,67,Inter Milan,AC Milan,1,1
164,68,Inter Milan,AC Milan,1,1
164,69,Inter Milan,AC Milan,1,1
164,70,Inter Milan,AC Milan,1,1
164,71,Inter Milan,AC Milan,1,1
164,72,Inter Milan,AC Milan,1,1
164,73,Inter Milan,AC Milan,1,1
164,74,Inter Milan,AC Milan,1,1
164,75,Inter Milan,AC Milan,1,1
164,76,Inter Milan,AC Milan,1,1
164,77,Inter Milan,AC Milan,1,1
164,78,Inter Milan,AC Milan,1,1
164,79,Inter Milan,AC Milan,1,1
164,80,Inter Milan,AC Milan,1,1
164,81,Inter Milan,AC Milan,1,1
164,82,Inter Milan,AC Milan,1,1
164,83,Inter Milan,AC Milan,1,1
164,84,Inter Milan,AC Milan,1,1
164,85,Inter Milan,AC Milan,1,1
164,86,Inter Milan,AC Milan,1,1
164,87,Inter Milan,AC Milan,1,1
164,88,Inter Milan,AC Milan,1,1
164,89,Inter Milan,AC Milan,1,2
164,90,Inter Milan,AC Milan,1,2
165,1,Inter Milan,Monza,0,0
165,2,Inter Milan,Monza,0,0
165,3,Inter Milan,Monza,0,0
165,4,Inter Milan,Monza,0,0
165,5,Inter Milan,Monza,0,0
165,6,Inter Milan,Monza,0,0
165,7,Inter Milan,Monza,0,0
165,8,Inter Milan,Monza,0,0
165,9,Inter Milan,Monza,0,0
165,10,Inter Milan,Monza,0,0
165,11,Inter Milan,Monza,0,0
165,12,Inter Milan,Monza,0,0
165,13,Inter Milan,Monza,0,0
165,14,Inter Milan,Monza,0,0
165,15,Inter Milan,Monza,0,0
165,16,Inter Milan,Monza,0,0
165,17,Inter Milan,Monza,0,0
165,18,Inter Milan,Monza,0,0
165,19,Inter Milan,Monza,0,0
165,20,Inter Milan,Monza,0,0
165,21,Inter Milan,Monza,0,0
165,22,Inter Milan,Monza,0,0
165,23,Inter Milan,Monza,0,0
165,24,Inter Milan,Monza,0,0
165,25,Inter Milan,Monza,0,0
165,26,Inter Milan,Monza,0,0
165,27,Inter Milan,Monza,0,0
165,28,Inter Milan,Monza,0,0
165,29,Inter Milan,Monza,0,0
165,30,Inter Milan,Monza,0,0
165,31,Inter Milan,Monza,0,0
165,32,Inter Milan,Monza,0,1
165,33,Inter Milan,Monza,0,1
165,34,Inter Milan,Monza,0,1
165,35,Inter Milan,Monza,0,1
165,36,Inter Milan,Monza,0,1
165,37,Inter Milan,Monza,0,1
165,38,Inter Milan,Monza,0,1
165,39,Inter Milan,Monza,0,1
165,40,Inter Milan,Monza,0,1
165,41,Inter Milan,Monza,0,1
165,42,Inter Milan,Monza,0,1
165,43,Inter Milan,Monza,0,1
165,44,Inter Milan,Monza,0,2
165,45,Inter Milan,Monza,1,2
165,46,Inter Milan,Monza,1,2
165,47,Inter Milan,Monza,1,2
165,48,Inter Milan,Monza,1,2
165,49,Inter Milan,Monza,1,2
165,50,Inter Milan,Monza,1,2
165,51,Inter Milan,Monza,1,2
165,52,Inter Milan,Monza,1,2
165,53,Inter Milan,Monza,1,2
165,54,Inter Milan,Monza,1,2
165,55,Inter Milan,Monza,1,2
165,56,Inter Milan,Monza,1,2
165,57,Inter Milan,Monza,1,2
165,58,Inter Milan,Monza,1,2
165,59,Inter Milan,Monza,1,2
165,60,Inter Milan,Monza,1,2
165,61,Inter Milan,Monza,1,2
165,62,Inter Milan,Monza,1,2
165,63,Inter Milan,Monza,1,2
165,64,Inter Milan,Monza,2,2
165,65,Inter Milan,Monza,2,2
165,66,Inter Milan,Monza,2,2
165,67,Inter Milan,Monza,2,2
165,68,Inter Milan,Monza,2,2
165,69,Inter Milan,Monza,2,2
165,70,Inter Milan,Monza,2,2
165,71,Inter Milan,Monza,2,2
165,72,Inter Milan,Monza,2,2
165,73,Inter Milan,Monza,2,2
165,74,Inter Milan,Monza,2,2
165,75,Inter Milan,Monza,2,2
165,76,Inter Milan,Monza,2,2
165,77,Inter Milan,Monza,3,2
165,78,Inter Milan,Monza,3,2
165,79,Inter Milan,Monza,3,2
165,80,Inter Milan,Monza,3,2
165,81,Inter Milan,Monza,3,2
165,82,Inter Milan,Monza,3,2
165,83,Inter Milan,Monza,3,2
165,84,Inter Milan,Monza,3,2
165,85,Inter Milan,Monza,3,2
165,86,Inter Milan,Monza,3,2
165,87,Inter Milan,Monza,3,2
165,88,Inter Milan,Monza,3,2
165,89,Inter Milan,Monza,3,2
165,90,Inter Milan,Monza,3,2
166,1,Inter Milan,Napoli,0,0
166,2,Inter Milan,Napoli,0,0
166,3,Inter Milan,Napoli,0,0
166,4,Inter Milan,Napoli,0,0
166,5,Inter Milan,Napoli,0,0
166,6,Inter Milan,Napoli,0,0
166,7,Inter Milan,Napoli,0,0
166,8,Inter Milan,Napoli,0,0
166,9,Inter Milan,Napoli,0,0
166,10,Inter Milan,Napoli,0,0
166,11,Inter Milan,Napoli,0,0
166,12,Inter Milan,Napoli,0,0
166,13,Inter Milan,Napoli,0,0
166,14,Inter Milan,Napoli,0,0
166,15,Inter Milan,Napoli,0,0
166,16,Inter Milan,Napoli,0,0
166,17,Inter Milan,Napoli,0,0
166,18,Inter Milan,Napoli,0,0
166,19,Inter Milan,Napoli,0,0
166,20,Inter Milan,Napoli,0,0
166,21,Inter Milan,Napoli,0,0
166,22,Inter Milan,Napoli,0,0
166,23,Inter Milan,Napoli,0,1
166,24,Inter Milan,Napoli,0,1
166,25,Inter Milan,Napoli,0,1
166,26,Inter Milan,Napoli,0,1
166,27,Inter Milan,Napoli,0,1
166,28,Inter Milan,Napoli,0,1
166,29,Inter Milan,Napoli,0,1
166,30,Inter Milan,Napoli,0,1
166,31,Inter Milan,Napoli,0,1
166,32,Inter Milan,Napoli,0,1
166,33,Inter Milan,Napoli,0,1
166,34,Inter Milan,Napoli,0,1
166,35,Inter Milan,Napoli,0,1
166,36,Inter Milan,Napoli,0,1
166,37,Inter Milan,Napoli,0,1
166,38,Inter Milan,Napoli,0,1
166,39,Inter Milan,Napoli,0,1
166,40,Inter Milan,Napoli,0,1
166,41,Inter Milan,Napoli,0,1
166,42,Inter Milan,Napoli,0,1
166,43,Inter Milan,Napoli,1,1
166,44,Inter Milan,Napoli,1,1
166,45,Inter Milan,Napoli,1,1
166,46,Inter Milan,Napoli,1,1
166,47,Inter Milan,Napoli,1,1
166,48,Inter Milan,Napoli,1,1
166,49,Inter Milan,Napoli,1,1
166,50,Inter Milan,Napoli,1,1
166,51,Inter Milan,Napoli,1,1
166,52,Inter Milan,Napoli,1,1
166,53,Inter Milan,Napoli,1,1
166,54,Inter Milan,Napoli,1,1
166,55,Inter Milan,Napoli,1,1
166,56,Inter Milan,Napoli,1,1
166,57,Inter Milan,Napoli,1,1
166,58,Inter Milan,Napoli,1,1
166,59,Inter Milan,Napoli,1,1
166,60,Inter Milan,Napoli,1,1
166,61,Inter Milan,Napoli,1,1
166,62,Inter Milan,Napoli,1,1
166,63,Inter Milan,Napoli,1,1
166,64,Inter Milan,Napoli,1,1
166,65,Inter Milan,Napoli,1,1
166,66,Inter Milan,Napoli,1,1
166,67,Inter Milan,Napoli,1,1
166,68,Inter Milan,Napoli,1,1
166,69,Inter Milan,Napoli,1,1
166,70,Inter Milan,Napoli,1,1
166,71,Inter Milan,Napoli,1,1
166,72,Inter Milan,Napoli,1,1
166,73,Inter Milan,Napoli,1,1
166,74,Inter Milan,Napoli,1,1
166,75,Inter Milan,Napoli,1,1
166,76,Inter Milan,Napoli,1,1
166,77,Inter Milan,Napoli,1,1
166,78,Inter Milan,Napoli,1,1
166,79,Inter Milan,Napoli,1,1
166,80,Inter Milan,Napoli,1,1
166,81,Inter Milan,Napoli,1,1
166,82,Inter Milan,Napoli,1,1
166,83,Inter Milan,Napoli,1,1
166,84,Inter Milan,Napoli,1,1
166,85,Inter Milan,Napoli,1,1
166,86,Inter Milan,Napoli,1,1
166,87,Inter Milan,Napoli,1,1
166,88,Inter Milan,Napoli,1,1
166,89,Inter Milan,Napoli,1,1
166,90,Inter Milan,Napoli,1,1
167,1,Inter Milan,Parma,0,0
167,2,Inter Milan,Parma,0,0
167,3,Inter Milan,Parma,0,0
167,4,Inter Milan,Parma,0,0
167,5,Inter Milan,Parma,0,0
167,6,Inter Milan,Parma,0,0
167,7,Inter Milan,Parma,0,0
167,8,Inter Milan,Parma,0,0
167,9,Inter Milan,Parma,0,0
167,10,Inter Milan,Parma,0,0
167,11,Inter Milan,Parma,0,0
167,12,Inter Milan,Parma,0,0
167,13,Inter Milan,Parma,0,0
167,14,Inter Milan,Parma,0,0
167,15,Inter Milan,Parma,0,0
167,16,Inter Milan,Parma,0,0
167,17,Inter Milan,Parma,0,0
167,18,Inter Milan,Parma,0,0
167,19,Inter Milan,Parma,0,0
167,20,Inter Milan,Parma,0,0
167,21,Inter Milan,Parma,0,0
167,22,Inter Milan,Parma,0,0
167,23,Inter Milan,Parma,0,0
167,24,Inter Milan,Parma,0,0
167,25,Inter Milan,Parma,0,0
167,26,Inter Milan,Parma,0,0
167,27,Inter Milan,Parma,0,0
167,28,Inter Milan,Parma,0,0
167,29,Inter Milan,Parma,0,0
167,30,Inter Milan,Parma,0,0
167,31,Inter Milan,Parma,0,0
167,32,Inter Milan,Parma,0,0
167,33,Inter Milan,Parma,0,0
167,34,Inter Milan,Parma,0,0
167,35,Inter Milan,Parma,0,0
167,36,Inter Milan,Parma,0,0
167,37,Inter Milan,Parma,0,0
167,38,Inter Milan,Parma,0,0
167,39,Inter Milan,Parma,0,0
167,40,Inter Milan,Parma,1,0
167,41,Inter Milan,Parma,1,0
167,42,Inter Milan,Parma,1,0
167,43,Inter Milan,Parma,1,0
167,44,Inter Milan,Parma,1,0
167,45,Inter Milan,Parma,1,0
167,46,Inter Milan,Parma,1,0
167,47,Inter Milan,Parma,1,0
167,48,Inter Milan,Parma,1,0
167,49,Inter Milan,Parma,1,0
167,50,Inter Milan,Parma,1,0
167,51,Inter Milan,Parma,1,0
167,52,Inter Milan,Parma,1,0
167,53,Inter Milan,Parma,2,0
167,54,Inter Milan,Parma,2,0
167,55,Inter Milan,Parma,2,0
167,56,Inter Milan,Parma,2,0
167,57,Inter Milan,Parma,2,0
167,58,Inter Milan,Parma,2,0
167,59,Inter Milan,Parma,2,0
167,60,Inter Milan,Parma,2,0
167,61,Inter Milan,Parma,2,0
167,62,Inter Milan,Parma,2,0
167,63,Inter Milan,Parma,2,0
167,64,Inter Milan,Parma,2,0
167,65,Inter Milan,Parma,2,0
167,66,Inter Milan,Parma,3,0
167,67,Inter Milan,Parma,3,0
167,68,Inter Milan,Parma,3,0
167,69,Inter Milan,Parma,3,0
167,70,Inter Milan,Parma,3,0
167,71,Inter Milan,Parma,3,0
167,72,Inter Milan,Parma,3,0
167,73,Inter Milan,Parma,3,0
167,74,Inter Milan,Parma,3,0
167,75,Inter Milan,Parma,3,0
167,76,Inter Milan,Parma,3,0
167,77,Inter Milan,Parma,3,0
167,78,Inter Milan,Parma,3,0
167,79,Inter Milan,Parma,3,0
167,80,Inter Milan,Parma,3,0
167,81,Inter Milan,Parma,3,1
167,82,Inter Milan,Parma,3,1
167,83,Inter Milan,Parma,3,1
167,84,Inter Milan,Parma,3,1
167,85,Inter Milan,Parma,3,1
167,86,Inter Milan,Parma,3,1
167,87,Inter Milan,Parma,3,1
167,88,Inter Milan,Parma,3,1
167,89,Inter Milan,Parma,3,1
167,90,Inter Milan,Parma,3,1
168,1,Inter Milan,Roma,0,0
168,2,Inter Milan,Roma,0,0
168,3,Inter Milan,Roma,0,0
168,4,Inter Milan,Roma,0,0
168,5,Inter Milan,Roma,0,0
168,6,Inter Milan,Roma,0,0
168,7,Inter Milan,Roma,0,0
168,8,Inter Milan,Roma,0,0
168,9,Inter Milan,Roma,0,0
168,10,Inter Milan,Roma,0,0
168,11,Inter Milan,Roma,0,0
168,12,Inter Milan,Roma,0,0
168,13,Inter Milan,Roma,0,0
168,14,Inter Milan,Roma,0,0
168,15,Inter Milan,Roma,0,0
168,16,Inter Milan,Roma,0,0
168,17,Inter Milan,Roma,0,0
168,18,Inter Milan,Roma,0,0
168,19,Inter Milan,Roma,0,0
168,20,Inter Milan,Roma,0,0
168,21,Inter Milan,Roma,0,0
168,22,Inter Milan,Roma,0,1
168,23,Inter Milan,Roma,0,1
168,24,Inter Milan,Roma,0,1
168,25,Inter Milan,Roma,0,1
168,26,Inter Milan,Roma,0,1
168,27,Inter Milan,Roma,0,1
168,28,Inter Milan,Roma,0,1
168,29,Inter Milan,Roma,0,1
168,30,Inter Milan,Roma,0,1
168,31,Inter Milan,Roma,0,1
168,32,Inter Milan,Roma,0,1
168,33,Inter Milan,Roma,0,1
168,34,Inter Milan,Roma,0,1
168,35,Inter Milan,Roma,0,1
168,36,Inter Milan,Roma,0,1
168,37,Inter Milan,Roma,0,1
168,38,Inter Milan,Roma,0,1
168,39,Inter Milan,Roma,0,1
168,40,Inter Milan,Roma,0,1
168,41,Inter Milan,Roma,0,1
168,42,Inter Milan,Roma,0,1
168,43,Inter Milan,Roma,0,1
168,44,Inter Milan,Roma,0,1
168,45,Inter Milan,Roma,0,1
168,46,Inter Milan,Roma,0,1
168,47,Inter Milan,Roma,0,1
168,48,Inter Milan,Roma,0,1
168,49,Inter Milan,Roma,0,1
168,50,Inter Milan,Roma,0,1
168,51,Inter Milan,Roma,0,1
168,52,Inter Milan,Roma,0,1
168,53,Inter Milan,Roma,0,1
168,54,Inter Milan,Roma,0,1
168,55,Inter Milan,Roma,0,1
168,56,Inter Milan,Roma,0,1
168,57,Inter Milan,Roma,0,1
168,58,Inter Milan,Roma,0,1
168,59,Inter Milan,Roma,0,1
168,60,Inter Milan,Roma,0,1
168,61,Inter Milan,Roma,0,1
168,62,Inter Milan,Roma,0,1
168,63,Inter Milan,Roma,0,1
168,64,Inter Milan,Roma,0,1
168,65,Inter Milan,Roma,0,1
168,66,Inter Milan,Roma,0,1
168,67,Inter Milan,Roma,0,1
168,68,Inter Milan,Roma,0,1
168,69,Inter Milan,Roma,0,1
168,70,Inter Milan,Roma,0,1
168,71,Inter Milan,Roma,0,1
168,72,Inter Milan,Roma,0,1
168,73,Inter Milan,Roma,0,1
168,74,Inter Milan,Roma,0,1
168,75,Inter Milan,Roma,0,1
168,76,Inter Milan,Roma,0,1
168,77,Inter Milan,Roma,0,1
168,78,Inter Milan,Roma,0,1
168,79,Inter Milan,Roma,0,1
168,80,Inter Milan,Roma,0,1
168,81,Inter Milan,Roma,0,1
168,82,Inter Milan,Roma,0,1
168,83,Inter Milan,Roma,0,1
168,84,Inter Milan,Roma,0,1
168,85,Inter Milan,Roma,0,1
168,86,Inter Milan,Roma,0,1
168,87,Inter Milan,Roma,0,1
168,88,Inter Milan,Roma,0,1
168,89,Inter Milan,Roma,0,1
168,90,Inter Milan,Roma,0,1
169,1,Inter Milan,Torino,0,0
169,2,Inter Milan,Torino,0,0
169,3,Inter Milan,Torino,0,0
169,4,Inter Milan,Torino,0,0
169,5,Inter Milan,Torino,0,0
169,6,Inter Milan,Torino,0,0
169,7,Inter Milan,Torino,0,0
169,8,Inter Milan,Torino,0,0
169,9,Inter Milan,Torino,0,0
169,10,Inter Milan,Torino,0,0
169,11,Inter Milan,Torino,0,0
169,12,Inter Milan,Torino,0,0
169,13,Inter Milan,Torino,0,0
169,14,Inter Milan,Torino,0,0
169,15,Inter Milan,Torino,0,0
169,16,Inter Milan,Torino,0,0
169,17,Inter Milan,Torino,0,0
169,18,Inter Milan,Torino,0,0
169,19,Inter Milan,Torino,0,0
169,20,Inter Milan,Torino,0,0
169,21,Inter Milan,Torino,0,0
169,22,Inter Milan,Torino,0,0
169,23,Inter Milan,Torino,0,0
169,24,Inter Milan,Torino,0,0
169,25,Inter Milan,Torino,1,0
169,26,Inter Milan,Torino,1,0
169,27,Inter Milan,Torino,1,0
169,28,Inter Milan,Torino,1,0
169,29,Inter Milan,Torino,1,0
169,30,Inter Milan,Torino,1,0
169,31,Inter Milan,Torino,1,0
169,32,Inter Milan,Torino,1,0
169,33,Inter Milan,Torino,1,0
169,34,Inter Milan,Torino,1,0
169,35,Inter Milan,Torino,2,0
169,36,Inter Milan,Torino,2,1
169,37,Inter Milan,Torino,2,1
169,38,Inter Milan,Torino,2,1
169,39,Inter Milan,Torino,2,1
169,40,Inter Milan,Torino,2,1
169,41,Inter Milan,Torino,2,1
169,42,Inter Milan,Torino,2,1
169,43,Inter Milan,Torino,2,1
169,44,Inter Milan,Torino,2,1
169,45,Inter Milan,Torino,2,1
169,46,Inter Milan,Torino,2,1
169,47,Inter Milan,Torino,2,1
169,48,Inter Milan,Torino,2,1
169,49,Inter Milan,Torino,2,1
169,50,Inter Milan,Torino,2,1
169,51,Inter Milan,Torino,2,1
169,52,Inter Milan,Torino,2,1
169,53,Inter Milan,Torino,2,1
169,54,Inter Milan,Torino,2,1
169,55,Inter Milan,Torino,2,1
169,56,Inter Milan,Torino,2,1
169,57,Inter Milan,Torino,2,1
169,58,Inter Milan,Torino,2,1
169,59,Inter Milan,Torino,2,1
169,60,Inter Milan,Torino,3,1
169,61,Inter Milan,Torino,3,1
169,62,Inter Milan,Torino,3,1
169,63,Inter Milan,Torino,3,1
169,64,Inter Milan,Torino,3,1
169,65,Inter Milan,Torino,3,1
169,66,Inter Milan,Torino,3,1
169,67,Inter Milan,Torino,3,1
169,68,Inter Milan,Torino,3,1
169,69,Inter Milan,Torino,3,1
169,70,Inter Milan,Torino,3,1
169,71,Inter Milan,Torino,3,1
169,72,Inter Milan,Torino,3,1
169,73,Inter Milan,Torino,3,1
169,74,Inter Milan,Torino,3,1
169,75,Inter Milan,Torino,3,1
169,76,Inter Milan,Torino,3,1
169,77,Inter Milan,Torino,3,1
169,78,Inter Milan,Torino,3,1
169,79,Inter Milan,Torino,3,1
169,80,Inter Milan,Torino,3,1
169,81,Inter Milan,Torino,3,1
169,82,Inter Milan,Torino,3,1
169,83,Inter Milan,Torino,3,1
169,84,Inter Milan,Torino,3,1
169,85,Inter Milan,Torino,3,1
169,86,Inter Milan,Torino,3,1
169,87,Inter Milan,Torino,3,2
169,88,Inter Milan,Torino,3,2
169,89,Inter Milan,Torino,3,2
169,90,Inter Milan,Torino,3,2
170,1,Inter Milan,Udinese,0,0
170,2,Inter Milan,Udinese,0,0
170,3,Inter Milan,Udinese,0,0
170,4,Inter Milan,Udinese,0,0
170,5,Inter Milan,Udinese,0,0
170,6,Inter Milan,Udinese,0,0
170,7,Inter Milan,Udinese,0,0
170,8,Inter Milan,Udinese,0,0
170,9,Inter Milan,Udinese,0,0
170,10,Inter Milan,Udinese,0,0
170,11,Inter Milan,Udinese,0,0
170,12,Inter Milan,Udinese,1,0
170,13,Inter Milan,Udinese,1,0
170,14,Inter Milan,Udinese,1,0
170,15,Inter Milan,Udinese,1,0
170,16,Inter Milan,Udinese,1,0
170,17,Inter Milan,Udinese,1,0
170,18,Inter Milan,Udinese,1,0
170,19,Inter Milan,Udinese,1,0
170,20,Inter Milan,Udinese,1,0
170,21,Inter Milan,Udinese,1,0
170,22,Inter Milan,Udinese,1,0
170,23,Inter Milan,Udinese,1,0
170,24,Inter Milan,Udinese,1,0
170,25,Inter Milan,Udinese,1,0
170,26,Inter Milan,Udinese,1,0
170,27,Inter Milan,Udinese,1,0
170,28,Inter Milan,Udinese,1,0
170,29,Inter Milan,Udinese,2,0
170,30,Inter Milan,Udinese,2,0
170,31,Inter Milan,Udinese,2,0
170,32,Inter Milan,Udinese,2,0
170,33,Inter Milan,Udinese,2,0
170,34,Inter Milan,Udinese,2,0
170,35,Inter Milan,Udinese,2,0
170,36,Inter Milan,Udinese,2,0
170,37,Inter Milan,Udinese,2,0
170,38,Inter Milan,Udinese,2,0
170,39,Inter Milan,Udinese,2,0
170,40,Inter Milan,Udinese,2,0
170,41,Inter Milan,Udinese,2,0
170,42,Inter Milan,Udinese,2,0
170,43,Inter Milan,Udinese,2,0
170,44,Inter Milan,Udinese,2,0
170,45,Inter Milan,Udinese,2,0
170,46,Inter Milan,Udinese,2,0
170,47,Inter Milan,Udinese,2,0
170,48,Inter Milan,Udinese,2,0
170,49,Inter Milan,Udinese,2,0
170,50,Inter Milan,Udinese,2,0
170,51,Inter Milan,Udinese,2,0
170,52,Inter Milan,Udinese,2,0
170,53,Inter Milan,Udinese,2,0
170,54,Inter Milan,Udinese,2,0
170,55,Inter Milan,Udinese,2,0
170,56,Inter Milan,Udinese,2,0
170,57,Inter Milan,Udinese,2,0
170,58,Inter Milan,Udinese,2,0
170,59,Inter Milan,Udinese,2,0
170,60,Inter Milan,Udinese,2,0
170,61,Inter Milan,Udinese,2,0
170,62,Inter Milan,Udinese,2,0
170,63,Inter Milan,Udinese,2,0
170,64,Inter Milan,Udinese,2,0
170,65,Inter Milan,Udinese,2,0
170,66,Inter Milan,Udinese,2,0
170,67,Inter Milan,Udinese,2,0
170,68,Inter Milan,Udinese,2,0
170,69,Inter Milan,Udinese,2,0
170,70,Inter Milan,Udinese,2,0
170,71,Inter Milan,Udinese,2,1
170,72,Inter Milan,Udinese,2,1
170,73,Inter Milan,Udinese,2,1
170,74,Inter Milan,Udinese,2,1
170,75,Inter Milan,Udinese,2,1
170,76,Inter Milan,Udinese,2,1
170,77,Inter Milan,Udinese,2,1
170,78,Inter Milan,Udinese,2,1
170,79,Inter Milan,Udinese,2,1
170,80,Inter Milan,Udinese,2,1
170,81,Inter Milan,Udinese,2,1
170,82,Inter Milan,Udinese,2,1
170,83,Inter Milan,Udinese,2,1
170,84,Inter Milan,Udinese,2,1
170,85,Inter Milan,Udinese,2,1
170,86,Inter Milan,Udinese,2,1
170,87,Inter Milan,Udinese,2,1
170,88,Inter Milan,Udinese,2,1
170,89,Inter Milan,Udinese,2,1
170,90,Inter Milan,Udinese,2,1
171,1,Inter Milan,Venezia,0,0
171,2,Inter Milan,Venezia,0,0
171,3,Inter Milan,Venezia,0,0
171,4,Inter Milan,Venezia,0,0
171,5,Inter Milan,Venezia,0,0
171,6,Inter Milan,Venezia,0,0
171,7,Inter Milan,Venezia,0,0
171,8,Inter Milan,Venezia,0,0
171,9,Inter Milan,Venezia,0,0
171,10,Inter Milan,Venezia,0,0
171,11,Inter Milan,Venezia,0,0
171,12,Inter Milan,Venezia,0,0
171,13,Inter Milan,Venezia,0,0
171,14,Inter Milan,Venezia,0,0
171,15,Inter Milan,Venezia,0,0
171,16,Inter Milan,Venezia,0,0
171,17,Inter Milan,Venezia,0,0
171,18,Inter Milan,Venezia,0,0
171,19,Inter Milan,Venezia,0,0
171,20,Inter Milan,Venezia,0,0
171,21,Inter Milan,Venezia,0,0
171,22,Inter Milan,Venezia,0,0
171,23,Inter Milan,Venezia,0,0
171,24,Inter Milan,Venezia,0,0
171,25,Inter Milan,Venezia,0,0
171,26,Inter Milan,Venezia,0,0
171,27,Inter Milan,Venezia,0,0
171,28,Inter Milan,Venezia,0,0
171,29,Inter Milan,Venezia,0,0
171,30,Inter Milan,Venezia,0,0
171,31,Inter Milan,Venezia,0,0
171,32,Inter Milan,Venezia,0,0
171,33,Inter Milan,Venezia,0,0
171,34,Inter Milan,Venezia,0,0
171,35,Inter Milan,Venezia,0,0
171,36,Inter Milan,Venezia,0,0
171,37,Inter Milan,Venezia,0,0
171,38,Inter Milan,Venezia,0,0
171,39,Inter Milan,Venezia,0,0
171,40,Inter Milan,Venezia,0,0
171,41,Inter Milan,Venezia,0,0
171,42,Inter Milan,Venezia,0,0
171,43,Inter Milan,Venezia,0,0
171,44,Inter Milan,Venezia,0,0
171,45,Inter Milan,Venezia,0,0
171,46,Inter Milan,Venezia,0,0
171,47,Inter Milan,Venezia,0,0
171,48,Inter Milan,Venezia,0,0
171,49,Inter Milan,Venezia,0,0
171,50,Inter Milan,Venezia,0,0
171,51,Inter Milan,Venezia,0,0
171,52,Inter Milan,Venezia,0,0
171,53,Inter Milan,Venezia,0,0
171,54,Inter Milan,Venezia,0,0
171,55,Inter Milan,Venezia,0,0
171,56,Inter Milan,Venezia,0,0
171,57,Inter Milan,Venezia,0,0
171,58,Inter Milan,Venezia,0,0
171,59,Inter Milan,Venezia,0,0
171,60,Inter Milan,Venezia,0,0
171,61,Inter Milan,Venezia,0,0
171,62,Inter Milan,Venezia,0,0
171,63,Inter Milan,Venezia,0,0
171,64,Inter Milan,Venezia,0,0
171,65,Inter Milan,Venezia,1,0
171,66,Inter Milan,Venezia,1,0
171,67,Inter Milan,Venezia,1,0
171,68,Inter Milan,Venezia,1,0
171,69,Inter Milan,Venezia,1,0
171,70,Inter Milan,Venezia,1,0
171,71,Inter Milan,Venezia,1,0
171,72,Inter Milan,Venezia,1,0
171,73,Inter Milan,Venezia,1,0
171,74,Inter Milan,Venezia,1,0
171,75,Inter Milan,Venezia,1,0
171,76,Inter Milan,Venezia,1,0
171,77,Inter Milan,Venezia,1,0
171,78,Inter Milan,Venezia,1,0
171,79,Inter Milan,Venezia,1,0
171,80,Inter Milan,Venezia,1,0
171,81,Inter Milan,Venezia,1,0
171,82,Inter Milan,Venezia,1,0
171,83,Inter Milan,Venezia,1,0
171,84,Inter Milan,Venezia,1,0
171,85,Inter Milan,Venezia,1,0
171,86,Inter Milan,Venezia,1,0
171,87,Inter Milan,Venezia,1,0
171,88,Inter Milan,Venezia,1,0
171,89,Inter Milan,Venezia,1,0
171,90,Inter Milan,Venezia,1,0
172,1,Juventus,Atalanta,0,0
172,2,Juventus,Atalanta,0,0
172,3,Juventus,Atalanta,0,0
172,4,Juventus,Atalanta,0,0
172,5,Juventus,Atalanta,0,0
172,6,Juventus,Atalanta,0,0
172,7,Juventus,Atalanta,0,0
172,8,Juventus,Atalanta,0,0
172,9,Juventus,Atalanta,0,0
172,10,Juventus,Atalanta,0,0
172,11,Juventus,Atalanta,0,0
172,12,Juventus,Atalanta,0,0
172,13,Juventus,Atalanta,0,0
172,14,Juventus,Atalanta,0,0
172,15,Juventus,Atalanta,0,0
172,16,Juventus,Atalanta,0,0
172,17,Juventus,Atalanta,0,0
172,18,Juventus,Atalanta,0,0
172,19,Juventus,Atalanta,0,0
172,20,Juventus,Atalanta,0,0
172,21,Juventus,Atalanta,0,0
172,22,Juventus,Atalanta,0,0
172,23,Juventus,Atalanta,0,0
172,24,Juventus,Atalanta,0,0
172,25,Juventus,Atalanta,0,0
172,26,Juventus,Atalanta,0,0
172,27,Juventus,Atalanta,0,0
172,28,Juventus,Atalanta,0,0
172,29,Juventus,Atalanta,0,1
172,30,Juventus,Atalanta,0,1
172,31,Juventus,Atalanta,0,1
172,32,Juventus,Atalanta,0,1
172,33,Juventus,Atalanta,0,1
172,34,Juventus,Atalanta,0,1
172,35,Juventus,Atalanta,0,1
172,36,Juventus,Atalanta,0,1
172,37,Juventus,Atalanta,0,1
172,38,Juventus,Atalanta,0,1
172,39,Juventus,Atalanta,0,1
172,40,Juventus,Atalanta,0,1
172,41,Juventus,Atalanta,0,1
172,42,Juventus,Atalanta,0,1
172,43,Juventus,Atalanta,0,1
172,44,Juventus,Atalanta,0,1
172,45,Juventus,Atalanta,0,1
172,46,Juventus,Atalanta,0,2
172,47,Juventus,Atalanta,0,2
172,48,Juventus,Atalanta,0,2
172,49,Juventus,Atalanta,0,2
172,50,Juventus,Atalanta,0,2
172,51,Juventus,Atalanta,0,2
172,52,Juventus,Atalanta,0,2
172,53,Juventus,Atalanta,0,2
172,54,Juventus,Atalanta,0,2
172,55,Juventus,Atalanta,0,2
172,56,Juventus,Atalanta,0,2
172,57,Juventus,Atalanta,0,2
172,58,Juventus,Atalanta,0,2
172,59,Juventus,Atalanta,0,2
172,60,Juventus,Atalanta,0,2
172,61,Juventus,Atalanta,0,2
172,62,Juventus,Atalanta,0,2
172,63,Juventus,Atalanta,0,2
172,64,Juventus,Atalanta,0,2
172,65,Juventus,Atalanta,0,2
172,66,Juventus,Atalanta,0,3
172,67,Juventus,Atalanta,0,3
172,68,Juventus,Atalanta,0,3
172,69,Juventus,Atalanta,0,3
172,70,Juventus,Atalanta,0,3
172,71,Juventus,Atalanta,0,3
172,72,Juventus,Atalanta,0,3
172,73,Juventus,Atalanta,0,3
172,74,Juventus,Atalanta,0,3
172,75,Juventus,Atalanta,0,3
172,76,Juventus,Atalanta,0,3
172,77,Juventus,Atalanta,0,4
172,78,Juventus,Atalanta,0,4
172,79,Juventus,Atalanta,0,4
172,80,Juventus,Atalanta,0,4
172,81,Juventus,Atalanta,0,4
172,82,Juventus,Atalanta,0,4
172,83,Juventus,Atalanta,0,4
172,84,Juventus,Atalanta,0,4
172,85,Juventus,Atalanta,0,4
172,86,Juventus,Atalanta,0,4
172,87,Juventus,Atalanta,0,4
172,88,Juventus,Atalanta,0,4
172,89,Juventus,Atalanta,0,4
172,90,Juventus,Atalanta,0,4
173,1,Juventus,Bologna,0,0
173,2,Juventus,Bologna,0,0
173,3,Juventus,Bologna,0,0
173,4,Juventus,Bologna,0,0
173,5,Juventus,Bologna,0,0
173,6,Juventus,Bologna,0,0
173,7,Juventus,Bologna,0,0
173,8,Juventus,Bologna,0,0
173,9,Juventus,Bologna,0,0
173,10,Juventus,Bologna,0,0
173,11,Juventus,Bologna,0,0
173,12,Juventus,Bologna,0,0
173,13,Juventus,Bologna,0,0
173,14,Juventus,Bologna,0,0
173,15,Juventus,Bologna,0,0
173,16,Juventus,Bologna,0,0
173,17,Juventus,Bologna,0,0
173,18,Juventus,Bologna,0,0
173,19,Juventus,Bologna,0,0
173,20,Juventus,Bologna,0,0
173,21,Juventus,Bologna,0,0
173,22,Juventus,Bologna,0,0
173,23,Juventus,Bologna,0,0
173,24,Juventus,Bologna,0,0
173,25,Juventus,Bologna,0,0
173,26,Juventus,Bologna,0,0
173,27,Juventus,Bologna,0,0
173,28,Juventus,Bologna,0,0
173,29,Juventus,Bologna,0,0
173,30,Juventus,Bologna,0,1
173,31,Juventus,Bologna,0,1
173,32,Juventus,Bologna,0,1
173,33,Juventus,Bologna,0,1
173,34,Juventus,Bologna,0,1
173,35,Juventus,Bologna,0,1
173,36,Juventus,Bologna,0,1
173,37,Juventus,Bologna,0,1
173,38,Juventus,Bologna,0,1
173,39,Juventus,Bologna,0,1
173,40,Juventus,Bologna,0,1
173,41,Juventus,Bologna,0,1
173,42,Juventus,Bologna,0,1
173,43,Juventus,Bologna,0,1
173,44,Juventus,Bologna,0,1
173,45,Juventus,Bologna,0,1
173,46,Juventus,Bologna,0,1
173,47,Juventus,Bologna,0,1
173,48,Juventus,Bologna,0,1
173,49,Juventus,Bologna,0,1
173,50,Juventus,Bologna,0,1
173,51,Juventus,Bologna,0,1
173,52,Juventus,Bologna,0,2
173,53,Juventus,Bologna,0,2
173,54,Juventus,Bologna,0,2
173,55,Juventus,Bologna,0,2
173,56,Juventus,Bologna,0,2
173,57,Juventus,Bologna,0,2
173,58,Juventus,Bologna,0,2
173,59,Juventus,Bologna,0,2
173,60,Juventus,Bologna,0,2
173,61,Juventus,Bologna,0,2
173,62,Juventus,Bologna,1,2
173,63,Juventus,Bologna,1,2
173,64,Juventus,Bologna,1,2
173,65,Juventus,Bologna,1,2
173,66,Juventus,Bologna,1,2
173,67,Juventus,Bologna,1,2
173,68,Juventus,Bologna,1,2
173,69,Juventus,Bologna,1,2
173,70,Juventus,Bologna,1,2
173,71,Juventus,Bologna,1,2
173,72,Juventus,Bologna,1,2
173,73,Juventus,Bologna,1,2
173,74,Juventus,Bologna,1,2
173,75,Juventus,Bologna,1,2
173,76,Juventus,Bologna,1,2
173,77,Juventus,Bologna,1,2
173,78,Juventus,Bologna,1,2
173,79,Juventus,Bologna,1,2
173,80,Juventus,Bologna,1,2
173,81,Juventus,Bologna,1,2
173,82,Juventus,Bologna,1,2
173,83,Juventus,Bologna,1,2
173,84,Juventus,Bologna,1,2
173,85,Juventus,Bologna,1,2
173,86,Juventus,Bologna,1,2
173,87,Juventus,Bologna,1,2
173,88,Juventus,Bologna,1,2
173,89,Juventus,Bologna,1,2
173,90,Juventus,Bologna,2,2
174,1,Juventus,Cagliari,0,0
174,2,Juventus,Cagliari,0,0
174,3,Juventus,Cagliari,0,0
174,4,Juventus,Cagliari,0,0
174,5,Juventus,Cagliari,0,0
174,6,Juventus,Cagliari,0,0
174,7,Juventus,Cagliari,0,0
174,8,Juventus,Cagliari,0,0
174,9,Juventus,Cagliari,0,0
174,10,Juventus,Cagliari,0,0
174,11,Juventus,Cagliari,0,0
174,12,Juventus,Cagliari,0,0
174,13,Juventus,Cagliari,0,0
174,14,Juventus,Cagliari,0,0
174,15,Juventus,Cagliari,1,0
174,16,Juventus,Cagliari,1,0
174,17,Juventus,Cagliari,1,0
174,18,Juventus,Cagliari,1,0
174,19,Juventus,Cagliari,1,0
174,20,Juventus,Cagliari,1,0
174,21,Juventus,Cagliari,1,0
174,22,Juventus,Cagliari,1,0
174,23,Juventus,Cagliari,1,0
174,24,Juventus,Cagliari,1,0
174,25,Juventus,Cagliari,1,0
174,26,Juventus,Cagliari,1,0
174,27,Juventus,Cagliari,1,0
174,28,Juventus,Cagliari,1,0
174,29,Juventus,Cagliari,1,0
174,30,Juventus,Cagliari,1,0
174,31,Juventus,Cagliari,1,0
174,32,Juventus,Cagliari,1,0
174,33,Juventus,Cagliari,1,0
174,34,Juventus,Cagliari,1,0
174,35,Juventus,Cagliari,1,0
174,36,Juventus,Cagliari,1,0
174,37,Juventus,Cagliari,1,0
174,38,Juventus,Cagliari,1,0
174,39,Juventus,Cagliari,1,0
174,40,Juventus,Cagliari,1,0
174,41,Juventus,Cagliari,1,0
174,42,Juventus,Cagliari,1,0
174,43,Juventus,Cagliari,1,0
174,44,Juventus,Cagliari,1,0
174,45,Juventus,Cagliari,1,0
174,46,Juventus,Cagliari,1,0
174,47,Juventus,Cagliari,1,0
174,48,Juventus,Cagliari,1,0
174,49,Juventus,Cagliari,1,0
174,50,Juventus,Cagliari,1,0
174,51,Juventus,Cagliari,1,0
174,52,Juventus,Cagliari,1,0
174,53,Juventus,Cagliari,1,0
174,54,Juventus,Cagliari,1,0
174,55,Juventus,Cagliari,1,0
174,56,Juventus,Cagliari,1,0
174,57,Juventus,Cagliari,1,0
174,58,Juventus,Cagliari,1,0
174,59,Juventus,Cagliari,1,0
174,60,Juventus,Cagliari,1,0
174,61,Juventus,Cagliari,1,0
174,62,Juventus,Cagliari,1,0
174,63,Juventus,Cagliari,1,0
174,64,Juventus,Cagliari,1,0
174,65,Juventus,Cagliari,1,0
174,66,Juventus,Cagliari,1,0
174,67,Juventus,Cagliari,1,0
174,68,Juventus,Cagliari,1,0
174,69,Juventus,Cagliari,1,0
174,70,Juventus,Cagliari,1,0
174,71,Juventus,Cagliari,1,0
174,72,Juventus,Cagliari,1,0
174,73,Juventus,Cagliari,1,0
174,74,Juventus,Cagliari,1,0
174,75,Juventus,Cagliari,1,0
174,76,Juventus,Cagliari,1,0
174,77,Juventus,Cagliari,1,0
174,78,Juventus,Cagliari,1,0
174,79,Juventus,Cagliari,1,0
174,80,Juventus,Cagliari,1,0
174,81,Juventus,Cagliari,1,0
174,82,Juventus,Cagliari,1,0
174,83,Juventus,Cagliari,1,0
174,84,Juventus,Cagliari,1,0
174,85,Juventus,Cagliari,1,0
174,86,Juventus,Cagliari,1,0
174,87,Juventus,Cagliari,1,0
174,88,Juventus,Cagliari,1,1
174,89,Juventus,Cagliari,1,1
174,90,Juventus,Cagliari,1,1
175,1,Juventus,Como,0,0
175,2,Juventus,Como,0,0
175,3,Juventus,Como,0,0
175,4,Juventus,Como,0,0
175,5,Juventus,Como,0,0
175,6,Juventus,Como,0,0
175,7,Juventus,Como,0,0
175,8,Juventus,Como,0,0
175,9,Juventus,Como,0,0
175,10,Juventus,Como,0,0
175,11,Juventus,Como,0,0
175,12,Juventus,Como,0,0
175,13,Juventus,Como,0,0
175,14,Juventus,Como,0,0
175,15,Juventus,Como,0,0
175,16,Juventus,Como,0,0
175,17,Juventus,Como,0,0
175,18,Juventus,Como,0,0
175,19,Juventus,Como,0,0
175,20,Juventus,Como,0,0
175,21,Juventus,Como,0,0
175,22,Juventus,Como,0,0
175,23,Juventus,Como,1,0
175,24,Juventus,Como,1,0
175,25,Juventus,Como,1,0
175,26,Juventus,Como,1,0
175,27,Juventus,Como,1,0
175,28,Juventus,Como,1,0
175,29,Juventus,Como,1,0
175,30,Juventus,Como,1,0
175,31,Juventus,Como,1,0
175,32,Juventus,Como,1,0
175,33,Juventus,Como,1,0
175,34,Juventus,Como,1,0
175,35,Juventus,Como,1,0
175,36,Juventus,Como,1,0
175,37,Juventus,Como,1,0
175,38,Juventus,Como,1,0
175,39,Juventus,Como,1,0
175,40,Juventus,Como,1,0
175,41,Juventus,Como,1,0
175,42,Juventus,Como,1,0
175,43,Juventus,Como,1,0
175,44,Juventus,Como,1,0
175,45,Juventus,Como,2,0
175,46,Juventus,Como,2,0
175,47,Juventus,Como,2,0
175,48,Juventus,Como,2,0
175,49,Juventus,Como,2,0
175,50,Juventus,Como,2,0
175,51,Juventus,Como,2,0
175,52,Juventus,Como,2,0
175,53,Juventus,Como,2,0
175,54,Juventus,Como,2,0
175,55,Juventus,Como,2,0
175,56,Juventus,Como,2,0
175,57,Juventus,Como,2,0
175,58,Juventus,Como,2,0
175,59,Juventus,Como,2,0
175,60,Juventus,Como,2,0
175,61,Juventus,Como,2,0
175,62,Juventus,Como,2,0
175,63,Juventus,Como,2,0
175,64,Juventus,Como,2,0
175,65,Juventus,Como,2,0
175,66,Juventus,Como,2,0
175,67,Juventus,Como,2,0
175,68,Juventus,Como,2,0
175,69,Juventus,Como,2,0
175,70,Juventus,Como,2,0
175,71,Juventus,Como,2,0
175,72,Juventus,Como,2,0
175,73,Juventus,Como,2,0
175,74,Juventus,Como,2,0
175,75,Juventus,Como,2,0
175,76,Juventus,Como,2,0
175,77,Juventus,Como,2,0
175,78,Juventus,Como,2,0
175,79,Juventus,Como,2,0
175,80,Juventus,Como,2,0
175,81,Juventus,Como,2,0
175,82,Juventus,Como,2,0
175,83,Juventus,Como,2,0
175,84,Juventus,Como,2,0
175,85,Juventus,Como,2,0
175,86,Juventus,Como,2,0
175,87,Juventus,Como,2,0
175,88,Juventus,Como,2,0
175,89,Juventus,Como,2,0
175,90,Juventus,Como,3,0
176,1,Juventus,Empoli,0,0
176,2,Juventus,Empoli,0,0
176,3,Juventus,Empoli,0,0
176,4,Juventus,Empoli,0,1
176,5,Juventus,Empoli,0,1
176,6,Juventus,Empoli,0,1
176,7,Juventus,Empoli,0,1
176,8,Juventus,Empoli,0,1
176,9,Juventus,Empoli,0,1
176,10,Juventus,Empoli,0,1
176,11,Juventus,Empoli,0,1
176,12,Juventus,Empoli,0,1
176,13,Juventus,Empoli,0,1
176,14,Juventus,Empoli,0,1
176,15,Juventus,Empoli,0,1
176,16,Juventus,Empoli,0,1
176,17,Juventus,Empoli,0,1
176,18,Juventus,Empoli,0,1
176,19,Juventus,Empoli,0,1
176,20,Juventus,Empoli,0,1
176,21,Juventus,Empoli,0,1
176,22,Juventus,Empoli,0,1
176,23,Juventus,Empoli,0,1
176,24,Juventus,Empoli,0,1
176,25,Juventus,Empoli,0,1
176,26,Juventus,Empoli,0,1
176,27,Juventus,Empoli,0,1
176,28,Juventus,Empoli,0,1
176,29,Juventus,Empoli,0,1
176,30,Juventus,Empoli,0,1
176,31,Juventus,Empoli,0,1
176,32,Juventus,Empoli,0,1
176,33,Juventus,Empoli,0,1
176,34,Juventus,Empoli,0,1
176,35,Juventus,Empoli,0,1
176,36,Juventus,Empoli,0,1
176,37,Juventus,Empoli,0,1
176,38,Juventus,Empoli,0,1
176,39,Juventus,Empoli,0,1
176,40,Juventus,Empoli,0,1
176,41,Juventus,Empoli,0,1
176,42,Juventus,Empoli,0,1
176,43,Juventus,Empoli,0,1
176,44,Juventus,Empoli,0,1
176,45,Juventus,Empoli,0,1
176,46,Juventus,Empoli,0,1
176,47,Juventus,Empoli,0,1
176,48,Juventus,Empoli,0,1
176,49,Juventus,Empoli,0,1
176,50,Juventus,Empoli,0,1
176,51,Juventus,Empoli,0,1
176,52,Juventus,Empoli,0,1
176,53,Juventus,Empoli,0,1
176,54,Juventus,Empoli,0,1
176,55,Juventus,Empoli,0,1
176,56,Juventus,Empoli,0,1
176,57,Juventus,Empoli,0,1
176,58,Juventus,Empoli,0,1
176,59,Juventus,Empoli,0,1
176,60,Juventus,Empoli,0,1
176,61,Juventus,Empoli,1,1
176,62,Juventus,Empoli,1,1
176,63,Juventus,Empoli,1,1
176,64,Juventus,Empoli,2,1
176,65,Juventus,Empoli,2,1
176,66,Juventus,Empoli,2,1
176,67,Juventus,Empoli,2,1
176,68,Juventus,Empoli,2,1
176,69,Juventus,Empoli,2,1
176,70,Juventus,Empoli,2,1
176,71,Juventus,Empoli,2,1
176,72,Juventus,Empoli,2,1
176,73,Juventus,Empoli,2,1
176,74,Juventus,Empoli,2,1
176,75,Juventus,Empoli,2,1
176,76,Juventus,Empoli,2,1
176,77,Juventus,Empoli,2,1
176,78,Juventus,Empoli,2,1
176,79,Juventus,Empoli,2,1
176,80,Juventus,Empoli,2,1
176,81,Juventus,Empoli,2,1
176,82,Juventus,Empoli,2,1
176,83,Juventus,Empoli,2,1
176,84,Juventus,Empoli,2,1
176,85,Juventus,Empoli,2,1
176,86,Juventus,Empoli,2,1
176,87,Juventus,Empoli,2,1
176,88,Juventus,Empoli,3,1
176,89,Juventus,Empoli,3,1
176,90,Juventus,Empoli,4,1
177,1,Juventus,Fiorentina,0,0
177,2,Juventus,Fiorentina,0,0
177,3,Juventus,Fiorentina,0,0
177,4,Juventus,Fiorentina,0,0
177,5,Juventus,Fiorentina,0,0
177,6,Juventus,Fiorentina,0,0
177,7,Juventus,Fiorentina,0,0
177,8,Juventus,Fiorentina,0,0
177,9,Juventus,Fiorentina,0,0
177,10,Juventus,Fiorentina,0,0
177,11,Juventus,Fiorentina,0,0
177,12,Juventus,Fiorentina,0,0
177,13,Juventus,Fiorentina,0,0
177,14,Juventus,Fiorentina,0,0
177,15,Juventus,Fiorentina,0,0
177,16,Juventus,Fiorentina,0,0
177,17,Juventus,Fiorentina,0,0
177,18,Juventus,Fiorentina,0,0
177,19,Juventus,Fiorentina,0,0
177,20,Juventus,Fiorentina,1,0
177,21,Juventus,Fiorentina,1,0
177,22,Juventus,Fiorentina,1,0
177,23,Juventus,Fiorentina,1,0
177,24,Juventus,Fiorentina,1,0
177,25,Juventus,Fiorentina,1,0
177,26,Juventus,Fiorentina,1,0
177,27,Juventus,Fiorentina,1,0
177,28,Juventus,Fiorentina,1,0
177,29,Juventus,Fiorentina,1,0
177,30,Juventus,Fiorentina,1,0
177,31,Juventus,Fiorentina,1,0
177,32,Juventus,Fiorentina,1,0
177,33,Juventus,Fiorentina,1,0
177,34,Juventus,Fiorentina,1,0
177,35,Juventus,Fiorentina,1,0
177,36,Juventus,Fiorentina,1,0
177,37,Juventus,Fiorentina,1,0
177,38,Juventus,Fiorentina,1,1
177,39,Juventus,Fiorentina,1,1
177,40,Juventus,Fiorentina,1,1
177,41,Juventus,Fiorentina,1,1
177,42,Juventus,Fiorentina,1,1
177,43,Juventus,Fiorentina,1,1
177,44,Juventus,Fiorentina,1,1
177,45,Juventus,Fiorentina,1,1
177,46,Juventus,Fiorentina,1,1
177,47,Juventus,Fiorentina,1,1
177,48,Juventus,Fiorentina,2,1
177,49,Juventus,Fiorentina,2,1
177,50,Juventus,Fiorentina,2,1
177,51,Juventus,Fiorentina,2,1
177,52,Juventus,Fiorentina,2,1
177,53,Juventus,Fiorentina,2,1
177,54,Juventus,Fiorentina,2,1
177,55,Juventus,Fiorentina,2,1
177,56,Juventus,Fiorentina,2,1
177,57,Juventus,Fiorentina,2,1
177,58,Juventus,Fiorentina,2,1
177,59,Juventus,Fiorentina,2,1
177,60,Juventus,Fiorentina,2,1
177,61,Juventus,Fiorentina,2,1
177,62,Juventus,Fiorentina,2,1
177,63,Juventus,Fiorentina,2,1
177,64,Juventus,Fiorentina,2,1
177,65,Juventus,Fiorentina,2,1
177,66,Juventus,Fiorentina,2,1
177,67,Juventus,Fiorentina,2,1
177,68,Juventus,Fiorentina,2,1
177,69,Juventus,Fiorentina,2,1
177,70,Juventus,Fiorentina,2,1
177,71,Juventus,Fiorentina,2,1
177,72,Juventus,Fiorentina,2,1
177,73,Juventus,Fiorentina,2,1
177,74,Juventus,Fiorentina,2,1
177,75,Juventus,Fiorentina,2,1
177,76,Juventus,Fiorentina,2,1
177,77,Juventus,Fiorentina,2,1
177,78,Juventus,Fiorentina,2,1
177,79,Juventus,Fiorentina,2,1
177,80,Juventus,Fiorentina,2,1
177,81,Juventus,Fiorentina,2,1
177,82,Juventus,Fiorentina,2,1
177,83,Juventus,Fiorentina,2,1
177,84,Juventus,Fiorentina,2,1
177,85,Juventus,Fiorentina,2,1
177,86,Juventus,Fiorentina,2,1
177,87,Juventus,Fiorentina,2,2
177,88,Juventus,Fiorentina,2,2
177,89,Juventus,Fiorentina,2,2
177,90,Juventus,Fiorentina,2,2
178,1,Juventus,Genoa,0,0
178,2,Juventus,Genoa,0,0
178,3,Juventus,Genoa,0,0
178,4,Juventus,Genoa,0,0
178,5,Juventus,Genoa,0,0
178,6,Juventus,Genoa,0,0
178,7,Juventus,Genoa,0,0
178,8,Juventus,Genoa,0,0
178,9,Juventus,Genoa,0,0
178,10,Juventus,Genoa,0,0
178,11,Juventus,Genoa,0,0
178,12,Juventus,Genoa,0,0
178,13,Juventus,Genoa,0,0
178,14,Juventus,Genoa,0,0
178,15,Juventus,Genoa,0,0
178,16,Juventus,Genoa,0,0
178,17,Juventus,Genoa,0,0
178,18,Juventus,Genoa,0,0
178,19,Juventus,Genoa,0,0
178,20,Juventus,Genoa,0,0
178,21,Juventus,Genoa,0,0
178,22,Juventus,Genoa,0,0
178,23,Juventus,Genoa,0,0
178,24,Juventus,Genoa,0,0
178,25,Juventus,Genoa,1,0
178,26,Juventus,Genoa,1,0
178,27,Juventus,Genoa,1,0
178,28,Juventus,Genoa,1,0
178,29,Juventus,Genoa,1,0
178,30,Juventus,Genoa,1,0
178,31,Juventus,Genoa,1,0
178,32,Juventus,Genoa,1,0
178,33,Juventus,Genoa,1,0
178,34,Juventus,Genoa,1,0
178,35,Juventus,Genoa,1,0
178,36,Juventus,Genoa,1,0
178,37,Juventus,Genoa,1,0
178,38,Juventus,Genoa,1,0
178,39,Juventus,Genoa,1,0
178,40,Juventus,Genoa,1,0
178,41,Juventus,Genoa,1,0
178,42,Juventus,Genoa,1,0
178,43,Juventus,Genoa,1,0
178,44,Juventus,Genoa,1,0
178,45,Juventus,Genoa,1,0
178,46,Juventus,Genoa,1,0
178,47,Juventus,Genoa,1,0
178,48,Juventus,Genoa,1,0
178,49,Juventus,Genoa,1,0
178,50,Juventus,Genoa,1,0
178,51,Juventus,Genoa,1,0
178,52,Juventus,Genoa,1,0
178,53,Juventus,Genoa,1,0
178,54,Juventus,Genoa,1,0
178,55,Juventus,Genoa,1,0
178,56,Juventus,Genoa,1,0
178,57,Juventus,Genoa,1,0
178,58,Juventus,Genoa,1,0
178,59,Juventus,Genoa,1,0
178,60,Juventus,Genoa,1,0
178,61,Juventus,Genoa,1,0
178,62,Juventus,Genoa,1,0
178,63,Juventus,Genoa,1,0
178,64,Juventus,Genoa,1,0
178,65,Juventus,Genoa,1,0
178,66,Juventus,Genoa,1,0
178,67,Juventus,Genoa,1,0
178,68,Juventus,Genoa,1,0
178,69,Juventus,Genoa,1,0
178,70,Juventus,Genoa,1,0
178,71,Juventus,Genoa,1,0
178,72,Juventus,Genoa,1,0
178,73,Juventus,Genoa,1,0
178,74,Juventus,Genoa,1,0
178,75,Juventus,Genoa,1,0
178,76,Juventus,Genoa,1,0
178,77,Juventus,Genoa,1,0
178,78,Juventus,Genoa,1,0
178,79,Juventus,Genoa,1,0
178,80,Juventus,Genoa,1,0
178,81,Juventus,Genoa,1,0
178,82,Juventus,Genoa,1,0
178,83,Juventus,Genoa,1,0
178,84,Juventus,Genoa,1,0
178,85,Juventus,Genoa,1,0
178,86,Juventus,Genoa,1,0
178,87,Juventus,Genoa,1,0
178,88,Juventus,Genoa,1,0
178,89,Juventus,Genoa,1,0
178,90,Juventus,Genoa,1,0
179,1,Juventus,Hellas Verona,0,0
179,2,Juventus,Hellas Verona,0,0
179,3,Juventus,Hellas Verona,0,0
179,4,Juventus,Hellas Verona,0,0
179,5,Juventus,Hellas Verona,0,0
179,6,Juventus,Hellas Verona,0,0
179,7,Juventus,Hellas Verona,0,0
179,8,Juventus,Hellas Verona,0,0
179,9,Juventus,Hellas Verona,0,0
179,10,Juventus,Hellas Verona,0,0
179,11,Juventus,Hellas Verona,0,0
179,12,Juventus,Hellas Verona,0,0
179,13,Juventus,Hellas Verona,0,0
179,14,Juventus,Hellas Verona,0,0
179,15,Juventus,Hellas Verona,0,0
179,16,Juventus,Hellas Verona,0,0
179,17,Juventus,Hellas Verona,0,0
179,18,Juventus,Hellas Verona,0,0
179,19,Juventus,Hellas Verona,0,0
179,20,Juventus,Hellas Verona,0,0
179,21,Juventus,Hellas Verona,0,0
179,22,Juventus,Hellas Verona,0,0
179,23,Juventus,Hellas Verona,0,0
179,24,Juventus,Hellas Verona,0,0
179,25,Juventus,Hellas Verona,0,0
179,26,Juventus,Hellas Verona,0,0
179,27,Juventus,Hellas Verona,0,0
179,28,Juventus,Hellas Verona,0,0
179,29,Juventus,Hellas Verona,0,0
179,30,Juventus,Hellas Verona,0,0
179,31,Juventus,Hellas Verona,0,0
179,32,Juventus,Hellas Verona,0,0
179,33,Juventus,Hellas Verona,0,0
179,34,Juventus,Hellas Verona,0,0
179,35,Juventus,Hellas Verona,0,0
179,36,Juventus,Hellas Verona,0,0
179,37,Juventus,Hellas Verona,0,0
179,38,Juventus,Hellas Verona,0,0
179,39,Juventus,Hellas Verona,0,0
179,40,Juventus,Hellas Verona,0,0
179,41,Juventus,Hellas Verona,0,0
179,42,Juventus,Hellas Verona,0,0
179,43,Juventus,Hellas Verona,0,0
179,44,Juventus,Hellas Verona,0,0
179,45,Juventus,Hellas Verona,0,0
179,46,Juventus,Hellas Verona,0,0
179,47,Juventus,Hellas Verona,0,0
179,48,Juventus,Hellas Verona,0,0
179,49,Juventus,Hellas Verona,0,0
179,50,Juventus,Hellas Verona,0,0
179,51,Juventus,Hellas Verona,0,0
179,52,Juventus,Hellas Verona,0,0
179,53,Juventus,Hellas Verona,0,0
179,54,Juventus,Hellas Verona,0,0
179,55,Juventus,Hellas Verona,0,0
179,56,Juventus,Hellas Verona,0,0
179,57,Juventus,Hellas Verona,0,0
179,58,Juventus,Hellas Verona,0,0
179,59,Juventus,Hellas Verona,0,0
179,60,Juventus,Hellas Verona,0,0
179,61,Juventus,Hellas Verona,0,0
179,62,Juventus,Hellas Verona,0,0
179,63,Juventus,Hellas Verona,0,0
179,64,Juventus,Hellas Verona,0,0
179,65,Juventus,Hellas Verona,0,0
179,66,Juventus,Hellas Verona,0,0
179,67,Juventus,Hellas Verona,0,0
179,68,Juventus,Hellas Verona,0,0
179,69,Juventus,Hellas Verona,0,0
179,70,Juventus,Hellas Verona,0,0
179,71,Juventus,Hellas Verona,0,0
179,72,Juventus,Hellas Verona,1,0
179,73,Juventus,Hellas Verona,1,0
179,74,Juventus,Hellas Verona,1,0
179,75,Juventus,Hellas Verona,1,0
179,76,Juventus,Hellas Verona,1,0
179,77,Juventus,Hellas Verona,1,0
179,78,Juventus,Hellas Verona,1,0
179,79,Juventus,Hellas Verona,1,0
179,80,Juventus,Hellas Verona,1,0
179,81,Juventus,Hellas Verona,1,0
179,82,Juventus,Hellas Verona,1,0
179,83,Juventus,Hellas Verona,1,0
179,84,Juventus,Hellas Verona,1,0
179,85,Juventus,Hellas Verona,1,0
179,86,Juventus,Hellas Verona,1,0
179,87,Juventus,Hellas Verona,1,0
179,88,Juventus,Hellas Verona,1,0
179,89,Juventus,Hellas Verona,1,0
179,90,Juventus,Hellas Verona,2,0
180,1,Juventus,Inter Milan,0,0
180,2,Juventus,Inter Milan,0,0
180,3,Juventus,Inter Milan,0,0
180,4,Juventus,Inter Milan,0,0
180,5,Juventus,Inter Milan,0,0
180,6,Juventus,Inter Milan,0,0
180,7,Juventus,Inter Milan,0,0
180,8,Juventus,Inter Milan,0,0
180,9,Juventus,Inter Milan,0,0
180,10,Juventus,Inter Milan,0,0
180,11,Juventus,Inter Milan,0,0
180,12,Juventus,Inter Milan,0,0
180,13,Juventus,Inter Milan,0,0
180,14,Juventus,Inter Milan,0,0
180,15,Juventus,Inter Milan,0,0
180,16,Juventus,Inter Milan,0,0
180,17,Juventus,Inter Milan,0,0
180,18,Juventus,Inter Milan,0,0
180,19,Juventus,Inter Milan,0,0
180,20,Juventus,Inter Milan,0,0
180,21,Juventus,Inter Milan,0,0
180,22,Juventus,Inter Milan,0,0
180,23,Juventus,Inter Milan,0,0
180,24,Juventus,Inter Milan,0,0
180,25,Juventus,Inter Milan,0,0
180,26,Juventus,Inter Milan,0,0
180,27,Juventus,Inter Milan,0,0
180,28,Juventus,Inter Milan,0,0
180,29,Juventus,Inter Milan,0,0
180,30,Juventus,Inter Milan,0,0
180,31,Juventus,Inter Milan,0,0
180,32,Juventus,Inter Milan,0,0
180,33,Juventus,Inter Milan,0,0
180,34,Juventus,Inter Milan,0,0
180,35,Juventus,Inter Milan,0,0
180,36,Juventus,Inter Milan,0,0
180,37,Juventus,Inter Milan,0,0
180,38,Juventus,Inter Milan,0,0
180,39,Juventus,Inter Milan,0,0
180,40,Juventus,Inter Milan,0,0
180,41,Juventus,Inter Milan,0,0
180,42,Juventus,Inter Milan,0,0
180,43,Juventus,Inter Milan,0,0
180,44,Juventus,Inter Milan,0,0
180,45,Juventus,Inter Milan,0,0
180,46,Juventus,Inter Milan,0,0
180,47,Juventus,Inter Milan,0,0
180,48,Juventus,Inter Milan,0,0
180,49,Juventus,Inter Milan,0,0
180,50,Juventus,Inter Milan,0,0
180,51,Juventus,Inter Milan,0,0
180,52,Juventus,Inter Milan,0,0
180,53,Juventus,Inter Milan,0,0
180,54,Juventus,Inter Milan,0,0
180,55,Juventus,Inter Milan,0,0
180,56,Juventus,Inter Milan,0,0
180,57,Juventus,Inter Milan,0,0
180,58,Juventus,Inter Milan,0,0
180,59,Juventus,Inter Milan,0,0
180,60,Juventus,Inter Milan,0,0
180,61,Juventus,Inter Milan,0,0
180,62,Juventus,Inter Milan,0,0
180,63,Juventus,Inter Milan,0,0
180,64,Juventus,Inter Milan,0,0
180,65,Juventus,Inter Milan,0,0
180,66,Juventus,Inter Milan,0,0
180,67,Juventus,Inter Milan,0,0
180,68,Juventus,Inter Milan,0,0
180,69,Juventus,Inter Milan,0,0
180,70,Juventus,Inter Milan,0,0
180,71,Juventus,Inter Milan,0,0
180,72,Juventus,Inter Milan,0,0
180,73,Juventus,Inter Milan,0,0
180,74,Juventus,Inter Milan,1,0
180,75,Juventus,Inter Milan,1,0
180,76,Juventus,Inter Milan,1,0
180,77,Juventus,Inter Milan,1,0
180,78,Juventus,Inter Milan,1,0
180,79,Juventus,Inter Milan,1,0
180,80,Juventus,Inter Milan,1,0
180,81,Juventus,Inter Milan,1,0
180,82,Juventus,Inter Milan,1,0
180,83,Juventus,Inter Milan,1,0
180,84,Juventus,Inter Milan,1,0
180,85,Juventus,Inter Milan,1,0
180,86,Juventus,Inter Milan,1,0
180,87,Juventus,Inter Milan,1,0
180,88,Juventus,Inter Milan,1,0
180,89,Juventus,Inter Milan,1,0
180,90,Juventus,Inter Milan,1,0
181,1,Juventus,Lazio,0,0
181,2,Juventus,Lazio,0,0
181,3,Juventus,Lazio,0,0
181,4,Juventus,Lazio,0,0
181,5,Juventus,Lazio,0,0
181,6,Juventus,Lazio,0,0
181,7,Juventus,Lazio,0,0
181,8,Juventus,Lazio,0,0
181,9,Juventus,Lazio,0,0
181,10,Juventus,Lazio,0,0
181,11,Juventus,Lazio,0,0
181,12,Juventus,Lazio,0,0
181,13,Juventus,Lazio,0,0
181,14,Juventus,Lazio,0,0
181,15,Juventus,Lazio,0,0
181,16,Juventus,Lazio,0,0
181,17,Juventus,Lazio,0,0
181,18,Juventus,Lazio,0,0
181,19,Juventus,Lazio,0,0
181,20,Juventus,Lazio,0,0
181,21,Juventus,Lazio,0,0
181,22,Juventus,Lazio,0,0
181,23,Juventus,Lazio,0,0
181,24,Juventus,Lazio,0,0
181,25,Juventus,Lazio,0,0
181,26,Juventus,Lazio,0,0
181,27,Juventus,Lazio,0,0
181,28,Juventus,Lazio,0,0
181,29,Juventus,Lazio,0,0
181,30,Juventus,Lazio,0,0
181,31,Juventus,Lazio,0,0
181,32,Juventus,Lazio,0,0
181,33,Juventus,Lazio,0,0
181,34,Juventus,Lazio,0,0
181,35,Juventus,Lazio,0,0
181,36,Juventus,Lazio,0,0
181,37,Juventus,Lazio,0,0
181,38,Juventus,Lazio,0,0
181,39,Juventus,Lazio,0,0
181,40,Juventus,Lazio,0,0
181,41,Juventus,Lazio,0,0
181,42,Juventus,Lazio,0,0
181,43,Juventus,Lazio,0,0
181,44,Juventus,Lazio,0,0
181,45,Juventus,Lazio,0,0
181,46,Juventus,Lazio,0,0
181,47,Juventus,Lazio,0,0
181,48,Juventus,Lazio,0,0
181,49,Juventus,Lazio,0,0
181,50,Juventus,Lazio,0,0
181,51,Juventus,Lazio,0,0
181,52,Juventus,Lazio,0,0
181,53,Juventus,Lazio,0,0
181,54,Juventus,Lazio,0,0
181,55,Juventus,Lazio,0,0
181,56,Juventus,Lazio,0,0
181,57,Juventus,Lazio,0,0
181,58,Juventus,Lazio,0,0
181,59,Juventus,Lazio,0,0
181,60,Juventus,Lazio,0,0
181,61,Juventus,Lazio,0,0
181,62,Juventus,Lazio,0,0
181,63,Juventus,Lazio,0,0
181,64,Juventus,Lazio,0,0
181,65,Juventus,Lazio,0,0
181,66,Juventus,Lazio,0,0
181,67,Juventus,Lazio,0,0
181,68,Juventus,Lazio,0,0
181,69,Juventus,Lazio,0,0
181,70,Juventus,Lazio,0,0
181,71,Juventus,Lazio,0,0
181,72,Juventus,Lazio,0,0
181,73,Juventus,Lazio,0,0
181,74,Juventus,Lazio,0,0
181,75,Juventus,Lazio,0,0
181,76,Juventus,Lazio,0,0
181,77,Juventus,Lazio,0,0
181,78,Juventus,Lazio,0,0
181,79,Juventus,Lazio,0,0
181,80,Juventus,Lazio,0,0
181,81,Juventus,Lazio,0,0
181,82,Juventus,Lazio,0,0
181,83,Juventus,Lazio,0,0
181,84,Juventus,Lazio,0,0
181,85,Juventus,Lazio,1,0
181,86,Juventus,Lazio,1,0
181,87,Juventus,Lazio,1,0
181,88,Juventus,Lazio,1,0
181,89,Juventus,Lazio,1,0
181,90,Juventus,Lazio,1,0
182,1,Juventus,Lecce,0,0
182,2,Juventus,Lecce,1,0
182,3,Juventus,Lecce,1,0
182,4,Juventus,Lecce,1,0
182,5,Juventus,Lecce,1,0
182,6,Juventus,Lecce,1,0
182,7,Juventus,Lecce,1,0
182,8,Juventus,Lecce,1,0
182,9,Juventus,Lecce,1,0
182,10,Juventus,Lecce,1,0
182,11,Juventus,Lecce,1,0
182,12,Juventus,Lecce,1,0
182,13,Juventus,Lecce,1,0
182,14,Juventus,Lecce,1,0
182,15,Juventus,Lecce,1,0
182,16,Juventus,Lecce,1,0
182,17,Juventus,Lecce,1,0
182,18,Juventus,Lecce,1,0
182,19,Juventus,Lecce,1,0
182,20,Juventus,Lecce,1,0
182,21,Juventus,Lecce,1,0
182,22,Juventus,Lecce,1,0
182,23,Juventus,Lecce,1,0
182,24,Juventus,Lecce,1,0
182,25,Juventus,Lecce,1,0
182,26,Juventus,Lecce,1,0
182,27,Juventus,Lecce,1,0
182,28,Juventus,Lecce,1,0
182,29,Juventus,Lecce,1,0
182,30,Juventus,Lecce,1,0
182,31,Juventus,Lecce,1,0
182,32,Juventus,Lecce,1,0
182,33,Juventus,Lecce,2,0
182,34,Juventus,Lecce,2,0
182,35,Juventus,Lecce,2,0
182,36,Juventus,Lecce,2,0
182,37,Juventus,Lecce,2,0
182,38,Juventus,Lecce,2,0
182,39,Juventus,Lecce,2,0
182,40,Juventus,Lecce,2,0
182,41,Juventus,Lecce,2,0
182,42,Juventus,Lecce,2,0
182,43,Juventus,Lecce,2,0
182,44,Juventus,Lecce,2,0
182,45,Juventus,Lecce,2,0
182,46,Juventus,Lecce,2,0
182,47,Juventus,Lecce,2,0
182,48,Juventus,Lecce,2,0
182,49,Juventus,Lecce,2,0
182,50,Juventus,Lecce,2,0
182,51,Juventus,Lecce,2,0
182,52,Juventus,Lecce,2,0
182,53,Juventus,Lecce,2,0
182,54,Juventus,Lecce,2,0
182,55,Juventus,Lecce,2,0
182,56,Juventus,Lecce,2,0
182,57,Juventus,Lecce,2,0
182,58,Juventus,Lecce,2,0
182,59,Juventus,Lecce,2,0
182,60,Juventus,Lecce,2,0
182,61,Juventus,Lecce,2,0
182,62,Juventus,Lecce,2,0
182,63,Juventus,Lecce,2,0
182,64,Juventus,Lecce,2,0
182,65,Juventus,Lecce,2,0
182,66,Juventus,Lecce,2,0
182,67,Juventus,Lecce,2,0
182,68,Juventus,Lecce,2,0
182,69,Juventus,Lecce,2,0
182,70,Juventus,Lecce,2,0
182,71,Juventus,Lecce,2,0
182,72,Juventus,Lecce,2,0
182,73,Juventus,Lecce,2,0
182,74,Juventus,Lecce,2,0
182,75,Juventus,Lecce,2,0
182,76,Juventus,Lecce,2,0
182,77,Juventus,Lecce,2,0
182,78,Juventus,Lecce,2,0
182,79,Juventus,Lecce,2,0
182,80,Juventus,Lecce,2,0
182,81,Juventus,Lecce,2,0
182,82,Juventus,Lecce,2,0
182,83,Juventus,Lecce,2,0
182,84,Juventus,Lecce,2,0
182,85,Juventus,Lecce,2,0
182,86,Juventus,Lecce,2,0
182,87,Juventus,Lecce,2,1
182,88,Juventus,Lecce,2,1
182,89,Juventus,Lecce,2,1
182,90,Juventus,Lecce,2,1
183,1,Juventus,AC Milan,0,0
183,2,Juventus,AC Milan,0,0
183,3,Juventus,AC Milan,0,0
183,4,Juventus,AC Milan,0,0
183,5,Juventus,AC Milan,0,0
183,6,Juventus,AC Milan,0,0
183,7,Juventus,AC Milan,0,0
183,8,Juventus,AC Milan,0,0
183,9,Juventus,AC Milan,0,0
183,10,Juventus,AC Milan,0,0
183,11,Juventus,AC Milan,0,0
183,12,Juventus,AC Milan,0,0
183,13,Juventus,AC Milan,0,0
183,14,Juventus,AC Milan,0,0
183,15,Juventus,AC Milan,0,0
183,16,Juventus,AC Milan,0,0
183,17,Juventus,AC Milan,0,0
183,18,Juventus,AC Milan,0,0
183,19,Juventus,AC Milan,0,0
183,20,Juventus,AC Milan,0,0
183,21,Juventus,AC Milan,0,0
183,22,Juventus,AC Milan,0,0
183,23,Juventus,AC Milan,0,0
183,24,Juventus,AC Milan,0,0
183,25,Juventus,AC Milan,0,0
183,26,Juventus,AC Milan,0,0
183,27,Juventus,AC Milan,0,0
183,28,Juventus,AC Milan,0,0
183,29,Juventus,AC Milan,0,0
183,30,Juventus,AC Milan,0,0
183,31,Juventus,AC Milan,0,0
183,32,Juventus,AC Milan,0,0
183,33,Juventus,AC Milan,0,0
183,34,Juventus,AC Milan,0,0
183,35,Juventus,AC Milan,0,0
183,36,Juventus,AC Milan,0,0
183,37,Juventus,AC Milan,0,0
183,38,Juventus,AC Milan,0,0
183,39,Juventus,AC Milan,0,0
183,40,Juventus,AC Milan,0,0
183,41,Juventus,AC Milan,0,0
183,42,Juventus,AC Milan,0,0
183,43,Juventus,AC Milan,0,0
183,44,Juventus,AC Milan,0,0
183,45,Juventus,AC Milan,0,0
183,46,Juventus,AC Milan,0,0
183,47,Juventus,AC Milan,0,0
183,48,Juventus,AC Milan,0,0
183,49,Juventus,AC Milan,0,0
183,50,Juventus,AC Milan,0,0
183,51,Juventus,AC Milan,0,0
183,52,Juventus,AC Milan,0,0
183,53,Juventus,AC Milan,0,0
183,54,Juventus,AC Milan,0,0
183,55,Juventus,AC Milan,0,0
183,56,Juventus,AC Milan,0,0
183,57,Juventus,AC Milan,0,0
183,58,Juventus,AC Milan,0,0
183,59,Juventus,AC Milan,1,0
183,60,Juventus,AC Milan,1,0
183,61,Juventus,AC Milan,1,0
183,62,Juventus,AC Milan,1,0
183,63,Juventus,AC Milan,1,0
183,64,Juventus,AC Milan,2,0
183,65,Juventus,AC Milan,2,0
183,66,Juventus,AC Milan,2,0
183,67,Juventus,AC Milan,2,0
183,68,Juventus,AC Milan,2,0
183,69,Juventus,AC Milan,2,0
183,70,Juventus,AC Milan,2,0
183,71,Juventus,AC Milan,2,0
183,72,Juventus,AC Milan,2,0
183,73,Juventus,AC Milan,2,0
183,74,Juventus,AC Milan,2,0
183,75,Juventus,AC Milan,2,0
183,76,Juventus,AC Milan,2,0
183,77,Juventus,AC Milan,2,0
183,78,Juventus,AC Milan,2,0
183,79,Juventus,AC Milan,2,0
183,80,Juventus,AC Milan,2,0
183,81,Juventus,AC Milan,2,0
183,82,Juventus,AC Milan,2,0
183,83,Juventus,AC Milan,2,0
183,84,Juventus,AC Milan,2,0
183,85,Juventus,AC Milan,2,0
183,86,Juventus,AC Milan,2,0
183,87,Juventus,AC Milan,2,0
183,88,Juventus,AC Milan,2,0
183,89,Juventus,AC Milan,2,0
183,90,Juventus,AC Milan,2,0
184,1,Juventus,Monza,0,0
184,2,Juventus,Monza,0,0
184,3,Juventus,Monza,0,0
184,4,Juventus,Monza,0,0
184,5,Juventus,Monza,0,0
184,6,Juventus,Monza,0,0
184,7,Juventus,Monza,0,0
184,8,Juventus,Monza,0,0
184,9,Juventus,Monza,0,0
184,10,Juventus,Monza,0,0
184,11,Juventus,Monza,1,0
184,12,Juventus,Monza,1,0
184,13,Juventus,Monza,1,0
184,14,Juventus,Monza,1,0
184,15,Juventus,Monza,1,0
184,16,Juventus,Monza,1,0
184,17,Juventus,Monza,1,0
184,18,Juventus,Monza,1,0
184,19,Juventus,Monza,1,0
184,20,Juventus,Monza,1,0
184,21,Juventus,Monza,1,0
184,22,Juventus,Monza,1,0
184,23,Juventus,Monza,1,0
184,24,Juventus,Monza,1,0
184,25,Juventus,Monza,1,0
184,26,Juventus,Monza,1,0
184,27,Juventus,Monza,1,0
184,28,Juventus,Monza,1,0
184,29,Juventus,Monza,1,0
184,30,Juventus,Monza,1,0
184,31,Juventus,Monza,1,0
184,32,Juventus,Monza,1,0
184,33,Juventus,Monza,2,0
184,34,Juventus,Monza,2,0
184,35,Juventus,Monza,2,0
184,36,Juventus,Monza,2,0
184,37,Juventus,Monza,2,0
184,38,Juventus,Monza,2,0
184,39,Juventus,Monza,2,0
184,40,Juventus,Monza,2,0
184,41,Juventus,Monza,2,0
184,42,Juventus,Monza,2,0
184,43,Juventus,Monza,2,0
184,44,Juventus,Monza,2,0
184,45,Juventus,Monza,2,0
184,46,Juventus,Monza,2,0
184,47,Juventus,Monza,2,0
184,48,Juventus,Monza,2,0
184,49,Juventus,Monza,2,0
184,50,Juventus,Monza,2,0
184,51,Juventus,Monza,2,0
184,52,Juventus,Monza,2,0
184,53,Juventus,Monza,2,0
184,54,Juventus,Monza,2,0
184,55,Juventus,Monza,2,0
184,56,Juventus,Monza,2,0
184,57,Juventus,Monza,2,0
184,58,Juventus,Monza,2,0
184,59,Juventus,Monza,2,0
184,60,Juventus,Monza,2,0
184,61,Juventus,Monza,2,0
184,62,Juventus,Monza,2,0
184,63,Juventus,Monza,2,0
184,64,Juventus,Monza,2,0
184,65,Juventus,Monza,2,0
184,66,Juventus,Monza,2,0
184,67,Juventus,Monza,2,0
184,68,Juventus,Monza,2,0
184,69,Juventus,Monza,2,0
184,70,Juventus,Monza,2,0
184,71,Juventus,Monza,2,0
184,72,Juventus,Monza,2,0
184,73,Juventus,Monza,2,0
184,74,Juventus,Monza,2,0
184,75,Juventus,Monza,2,0
184,76,Juventus,Monza,2,0
184,77,Juventus,Monza,2,0
184,78,Juventus,Monza,2,0
184,79,Juventus,Monza,2,0
184,80,Juventus,Monza,2,0
184,81,Juventus,Monza,2,0
184,82,Juventus,Monza,2,0
184,83,Juventus,Monza,2,0
184,84,Juventus,Monza,2,0
184,85,Juventus,Monza,2,0
184,86,Juventus,Monza,2,0
184,87,Juventus,Monza,2,0
184,88,Juventus,Monza,2,0
184,89,Juventus,Monza,2,0
184,90,Juventus,Monza,2,0
185,1,Juventus,Napoli,0,0
185,2,Juventus,Napoli,0,0
185,3,Juventus,Napoli,0,0
185,4,Juventus,Napoli,0,0
185,5,Juventus,Napoli,0,0
185,6,Juventus,Napoli,0,0
185,7,Juventus,Napoli,0,0
185,8,Juventus,Napoli,0,0
185,9,Juventus,Napoli,0,0
185,10,Juventus,Napoli,0,0
185,11,Juventus,Napoli,0,0
185,12,Juventus,Napoli,0,0
185,13,Juventus,Napoli,0,0
185,14,Juventus,Napoli,0,0
185,15,Juventus,Napoli,0,0
185,16,Juventus,Napoli,0,0
185,17,Juventus,Napoli,0,0
185,18,Juventus,Napoli,0,0
185,19,Juventus,Napoli,0,0
185,20,Juventus,Napoli,0,0
185,21,Juventus,Napoli,0,0
185,22,Juventus,Napoli,0,0
185,23,Juventus,Napoli,0,0
185,24,Juventus,Napoli,0,0
185,25,Juventus,Napoli,0,0
185,26,Juventus,Napoli,0,0
185,27,Juventus,Napoli,0,0
185,28,Juventus,Napoli,0,0
185,29,Juventus,Napoli,0,0
185,30,Juventus,Napoli,0,0
185,31,Juventus,Napoli,0,0
185,32,Juventus,Napoli,0,0
185,33,Juventus,Napoli,0,0
185,34,Juventus,Napoli,0,0
185,35,Juventus,Napoli,0,0
185,36,Juventus,Napoli,0,0
185,37,Juventus,Napoli,0,0
185,38,Juventus,Napoli,0,0
185,39,Juventus,Napoli,0,0
185,40,Juventus,Napoli,0,0
185,41,Juventus,Napoli,0,0
185,42,Juventus,Napoli,0,0
185,43,Juventus,Napoli,0,0
185,44,Juventus,Napoli,0,0
185,45,Juventus,Napoli,0,0
185,46,Juventus,Napoli,0,0
185,47,Juventus,Napoli,0,0
185,48,Juventus,Napoli,0,0
185,49,Juventus,Napoli,0,0
185,50,Juventus,Napoli,0,0
185,51,Juventus,Napoli,0,0
185,52,Juventus,Napoli,0,0
185,53,Juventus,Napoli,0,0
185,54,Juventus,Napoli,0,0
185,55,Juventus,Napoli,0,0
185,56,Juventus,Napoli,0,0
185,57,Juventus,Napoli,0,0
185,58,Juventus,Napoli,0,0
185,59,Juventus,Napoli,0,0
185,60,Juventus,Napoli,0,0
185,61,Juventus,Napoli,0,0
185,62,Juventus,Napoli,0,0
185,63,Juventus,Napoli,0,0
185,64,Juventus,Napoli,0,0
185,65,Juventus,Napoli,0,0
185,66,Juventus,Napoli,0,0
185,67,Juventus,Napoli,0,0
185,68,Juventus,Napoli,0,0
185,69,Juventus,Napoli,0,0
185,70,Juventus,Napoli,0,0
185,71,Juventus,Napoli,0,0
185,72,Juventus,Napoli,0,0
185,73,Juventus,Napoli,0,0
185,74,Juventus,Napoli,0,0
185,75,Juventus,Napoli,0,0
185,76,Juventus,Napoli,0,0
185,77,Juventus,Napoli,0,0
185,78,Juventus,Napoli,0,0
185,79,Juventus,Napoli,0,0
185,80,Juventus,Napoli,0,0
185,81,Juventus,Napoli,0,0
185,82,Juventus,Napoli,0,0
185,83,Juventus,Napoli,0,0
185,84,Juventus,Napoli,0,0
185,85,Juventus,Napoli,0,0
185,86,Juventus,Napoli,0,0
185,87,Juventus,Napoli,0,0
185,88,Juventus,Napoli,0,0
185,89,Juventus,Napoli,0,0
185,90,Juventus,Napoli,0,0
186,1,Juventus,Parma,0,0
186,2,Juventus,Parma,0,0
186,3,Juventus,Parma,0,1
186,4,Juventus,Parma,0,1
186,5,Juventus,Parma,0,1
186,6,Juventus,Parma,0,1
186,7,Juventus,Parma,0,1
186,8,Juventus,Parma,0,1
186,9,Juventus,Parma,0,1
186,10,Juventus,Parma,0,1
186,11,Juventus,Parma,0,1
186,12,Juventus,Parma,0,1
186,13,Juventus,Parma,0,1
186,14,Juventus,Parma,0,1
186,15,Juventus,Parma,0,1
186,16,Juventus,Parma,0,1
186,17,Juventus,Parma,0,1
186,18,Juventus,Parma,0,1
186,19,Juventus,Parma,0,1
186,20,Juventus,Parma,0,1
186,21,Juventus,Parma,0,1
186,22,Juventus,Parma,0,1
186,23,Juventus,Parma,0,1
186,24,Juventus,Parma,0,1
186,25,Juventus,Parma,0,1
186,26,Juventus,Parma,0,1
186,27,Juventus,Parma,0,1
186,28,Juventus,Parma,0,1
186,29,Juventus,Parma,0,1
186,30,Juventus,Parma,0,1
186,31,Juventus,Parma,1,1
186,32,Juventus,Parma,1,1
186,33,Juventus,Parma,1,1
186,34,Juventus,Parma,1,1
186,35,Juventus,Parma,1,1
186,36,Juventus,Parma,1,1
186,37,Juventus,Parma,1,1
186,38,Juventus,Parma,1,2
186,39,Juventus,Parma,1,2
186,40,Juventus,Parma,1,2
186,41,Juventus,Parma,1,2
186,42,Juventus,Parma,1,2
186,43,Juventus,Parma,1,2
186,44,Juventus,Parma,1,2
186,45,Juventus,Parma,1,2
186,46,Juventus,Parma,1,2
186,47,Juventus,Parma,1,2
186,48,Juventus,Parma,1,2
186,49,Juventus,Parma,2,2
186,50,Juventus,Parma,2,2
186,51,Juventus,Parma,2,2
186,52,Juventus,Parma,2,2
186,53,Juventus,Parma,2,2
186,54,Juventus,Parma,2,2
186,55,Juventus,Parma,2,2
186,56,Juventus,Parma,2,2
186,57,Juventus,Parma,2,2
186,58,Juventus,Parma,2,2
186,59,Juventus,Parma,2,2
186,60,Juventus,Parma,2,2
186,61,Juventus,Parma,2,2
186,62,Juventus,Parma,2,2
186,63,Juventus,Parma,2,2
186,64,Juventus,Parma,2,2
186,65,Juventus,Parma,2,2
186,66,Juventus,Parma,2,2
186,67,Juventus,Parma,2,2
186,68,Juventus,Parma,2,2
186,69,Juventus,Parma,2,2
186,70,Juventus,Parma,2,2
186,71,Juventus,Parma,2,2
186,72,Juventus,Parma,2,2
186,73,Juventus,Parma,2,2
186,74,Juventus,Parma,2,2
186,75,Juventus,Parma,2,2
186,76,Juventus,Parma,2,2
186,77,Juventus,Parma,2,2
186,78,Juventus,Parma,2,2
186,79,Juventus,Parma,2,2
186,80,Juventus,Parma,2,2
186,81,Juventus,Parma,2,2
186,82,Juventus,Parma,2,2
186,83,Juventus,Parma,2,2
186,84,Juventus,Parma,2,2
186,85,Juventus,Parma,2,2
186,86,Juventus,Parma,2,2
186,87,Juventus,Parma,2,2
186,88,Juventus,Parma,2,2
186,89,Juventus,Parma,2,2
186,90,Juventus,Parma,2,2
187,1,Juventus,Roma,0,0
187,2,Juventus,Roma,0,0
187,3,Juventus,Roma,0,0
187,4,Juventus,Roma,0,0
187,5,Juventus,Roma,0,0
187,6,Juventus,Roma,0,0
187,7,Juventus,Roma,0,0
187,8,Juventus,Roma,0,0
187,9,Juventus,Roma,0,0
187,10,Juventus,Roma,0,0
187,11,Juventus,Roma,0,0
187,12,Juventus,Roma,0,0
187,13,Juventus,Roma,0,0
187,14,Juventus,Roma,0,0
187,15,Juventus,Roma,0,0
187,16,Juventus,Roma,0,0
187,17,Juventus,Roma,0,0
187,18,Juventus,Roma,0,0
187,19,Juventus,Roma,0,0
187,20,Juventus,Roma,0,0
187,21,Juventus,Roma,0,0
187,22,Juventus,Roma,0,0
187,23,Juventus,Roma,0,0
187,24,Juventus,Roma,0,0
187,25,Juventus,Roma,0,0
187,26,Juventus,Roma,0,0
187,27,Juventus,Roma,0,0
187,28,Juventus,Roma,0,0
187,29,Juventus,Roma,0,0
187,30,Juventus,Roma,0,0
187,31,Juventus,Roma,0,0
187,32,Juventus,Roma,0,0
187,33,Juventus,Roma,0,0
187,34,Juventus,Roma,0,0
187,35,Juventus,Roma,0,0
187,36,Juventus,Roma,0,0
187,37,Juventus,Roma,0,0
187,38,Juventus,Roma,0,0
187,39,Juventus,Roma,0,0
187,40,Juventus,Roma,0,0
187,41,Juventus,Roma,0,0
187,42,Juventus,Roma,0,0
187,43,Juventus,Roma,0,0
187,44,Juventus,Roma,0,0
187,45,Juventus,Roma,0,0
187,46,Juventus,Roma,0,0
187,47,Juventus,Roma,0,0
187,48,Juventus,Roma,0,0
187,49,Juventus,Roma,0,0
187,50,Juventus,Roma,0,0
187,51,Juventus,Roma,0,0
187,52,Juventus,Roma,0,0
187,53,Juventus,Roma,0,0
187,54,Juventus,Roma,0,0
187,55,Juventus,Roma,0,0
187,56,Juventus,Roma,0,0
187,57,Juventus,Roma,0,0
187,58,Juventus,Roma,0,0
187,59,Juventus,Roma,0,0
187,60,Juventus,Roma,0,0
187,61,Juventus,Roma,0,0
187,62,Juventus,Roma,0,0
187,63,Juventus,Roma,0,0
187,64,Juventus,Roma,0,0
187,65,Juventus,Roma,0,0
187,66,Juventus,Roma,0,0
187,67,Juventus,Roma,0,0
187,68,Juventus,Roma,0,0
187,69,Juventus,Roma,0,0
187,70,Juventus,Roma,0,0
187,71,Juventus,Roma,0,0
187,72,Juventus,Roma,0,0
187,73,Juventus,Roma,0,0
187,74,Juventus,Roma,0,0
187,75,Juventus,Roma,0,0
187,76,Juventus,Roma,0,0
187,77,Juventus,Roma,0,0
187,78,Juventus,Roma,0,0
187,79,Juventus,Roma,0,0
187,80,Juventus,Roma,0,0
187,81,Juventus,Roma,0,0
187,82,Juventus,Roma,0,0
187,83,Juventus,Roma,0,0
187,84,Juventus,Roma,0,0
187,85,Juventus,Roma,0,0
187,86,Juventus,Roma,0,0
187,87,Juventus,Roma,0,0
187,88,Juventus,Roma,0,0
187,89,Juventus,Roma,0,0
187,90,Juventus,Roma,0,0
188,1,Juventus,Torino,0,0
188,2,Juventus,Torino,0,0
188,3,Juventus,Torino,0,0
188,4,Juventus,Torino,0,0
188,5,Juventus,Torino,0,0
188,6,Juventus,Torino,0,0
188,7,Juventus,Torino,0,0
188,8,Juventus,Torino,0,0
188,9,Juventus,Torino,0,0
188,10,Juventus,Torino,0,0
188,11,Juventus,Torino,0,0
188,12,Juventus,Torino,0,0
188,13,Juventus,Torino,0,0
188,14,Juventus,Torino,0,0
188,15,Juventus,Torino,0,0
188,16,Juventus,Torino,0,0
188,17,Juventus,Torino,0,0
188,18,Juventus,Torino,1,0
188,19,Juventus,Torino,1,0
188,20,Juventus,Torino,1,0
188,21,Juventus,Torino,1,0
188,22,Juventus,Torino,1,0
188,23,Juventus,Torino,1,0
188,24,Juventus,Torino,1,0
188,25,Juventus,Torino,1,0
188,26,Juventus,Torino,1,0
188,27,Juventus,Torino,1,0
188,28,Juventus,Torino,1,0
188,29,Juventus,Torino,1,0
188,30,Juventus,Torino,1,0
188,31,Juventus,Torino,1,0
188,32,Juventus,Torino,1,0
188,33,Juventus,Torino,1,0
188,34,Juventus,Torino,1,0
188,35,Juventus,Torino,1,0
188,36,Juventus,Torino,1,0
188,37,Juventus,Torino,1,0
188,38,Juventus,Torino,1,0
188,39,Juventus,Torino,1,0
188,40,Juventus,Torino,1,0
188,41,Juventus,Torino,1,0
188,42,Juventus,Torino,1,0
188,43,Juventus,Torino,1,0
188,44,Juventus,Torino,1,0
188,45,Juventus,Torino,1,0
188,46,Juventus,Torino,1,0
188,47,Juventus,Torino,1,0
188,48,Juventus,Torino,1,0
188,49,Juventus,Torino,1,0
188,50,Juventus,Torino,1,0
188,51,Juventus,Torino,1,0
188,52,Juventus,Torino,1,0
188,53,Juventus,Torino,1,0
188,54,Juventus,Torino,1,0
188,55,Juventus,Torino,1,0
188,56,Juventus,Torino,1,0
188,57,Juventus,Torino,1,0
188,58,Juventus,Torino,1,0
188,59,Juventus,Torino,1,0
188,60,Juventus,Torino,1,0
188,61,Juventus,Torino,1,0
188,62,Juventus,Torino,1,0
188,63,Juventus,Torino,1,0
188,64,Juventus,Torino,1,0
188,65,Juventus,Torino,1,0
188,66,Juventus,Torino,1,0
188,67,Juventus,Torino,1,0
188,68,Juventus,Torino,1,0
188,69,Juventus,Torino,1,0
188,70,Juventus,Torino,1,0
188,71,Juventus,Torino,1,0
188,72,Juventus,Torino,1,0
188,73,Juventus,Torino,1,0
188,74,Juventus,Torino,1,0
188,75,Juventus,Torino,1,0
188,76,Juventus,Torino,1,0
188,77,Juventus,Torino,1,0
188,78,Juventus,Torino,1,0
188,79,Juventus,Torino,1,0
188,80,Juventus,Torino,1,0
188,81,Juventus,Torino,1,0
188,82,Juventus,Torino,1,0
188,83,Juventus,Torino,1,0
188,84,Juventus,Torino,2,0
188,85,Juventus,Torino,2,0
188,86,Juventus,Torino,2,0
188,87,Juventus,Torino,2,0
188,88,Juventus,Torino,2,0
188,89,Juventus,Torino,2,0
188,90,Juventus,Torino,2,0
189,1,Juventus,Udinese,0,0
189,2,Juventus,Udinese,0,0
189,3,Juventus,Udinese,0,0
189,4,Juventus,Udinese,0,0
189,5,Juventus,Udinese,0,0
189,6,Juventus,Udinese,0,0
189,7,Juventus,Udinese,0,0
189,8,Juventus,Udinese,0,0
189,9,Juventus,Udinese,0,0
189,10,Juventus,Udinese,0,0
189,11,Juventus,Udinese,0,0
189,12,Juventus,Udinese,0,0
189,13,Juventus,Udinese,0,0
189,14,Juventus,Udinese,0,0
189,15,Juventus,Udinese,0,0
189,16,Juventus,Udinese,0,0
189,17,Juventus,Udinese,0,0
189,18,Juventus,Udinese,0,0
189,19,Juventus,Udinese,0,0
189,20,Juventus,Udinese,0,0
189,21,Juventus,Udinese,0,0
189,22,Juventus,Udinese,0,0
189,23,Juventus,Udinese,0,0
189,24,Juventus,Udinese,0,0
189,25,Juventus,Udinese,0,0
189,26,Juventus,Udinese,0,0
189,27,Juventus,Udinese,0,0
189,28,Juventus,Udinese,0,0
189,29,Juventus,Udinese,0,0
189,30,Juventus,Udinese,0,0
189,31,Juventus,Udinese,0,0
189,32,Juventus,Udinese,0,0
189,33,Juventus,Udinese,0,0
189,34,Juventus,Udinese,0,0
189,35,Juventus,Udinese,0,0
189,36,Juventus,Udinese,0,0
189,37,Juventus,Udinese,0,0
189,38,Juventus,Udinese,0,0
189,39,Juventus,Udinese,0,0
189,40,Juventus,Udinese,0,0
189,41,Juventus,Udinese,0,0
189,42,Juventus,Udinese,0,0
189,43,Juventus,Udinese,0,0
189,44,Juventus,Udinese,0,0
189,45,Juventus,Udinese,0,0
189,46,Juventus,Udinese,0,0
189,47,Juventus,Udinese,0,0
189,48,Juventus,Udinese,0,0
189,49,Juventus,Udinese,0,0
189,50,Juventus,Udinese,0,0
189,51,Juventus,Udinese,0,0
189,52,Juventus,Udinese,0,0
189,53,Juventus,Udinese,0,0
189,54,Juventus,Udinese,0,0
189,55,Juventus,Udinese,0,0
189,56,Juventus,Udinese,0,0
189,57,Juventus,Udinese,0,0
189,58,Juventus,Udinese,0,0
189,59,Juventus,Udinese,0,0
189,60,Juventus,Udinese,0,0
189,61,Juventus,Udinese,1,0
189,62,Juventus,Udinese,1,0
189,63,Juventus,Udinese,1,0
189,64,Juventus,Udinese,1,0
189,65,Juventus,Udinese,1,0
189,66,Juventus,Udinese,1,0
189,67,Juventus,Udinese,1,0
189,68,Juventus,Udinese,1,0
189,69,Juventus,Udinese,1,0
189,70,Juventus,Udinese,1,0
189,71,Juventus,Udinese,1,0
189,72,Juventus,Udinese,1,0
189,73,Juventus,Udinese,1,0
189,74,Juventus,Udinese,1,0
189,75,Juventus,Udinese,1,0
189,76,Juventus,Udinese,1,0
189,77,Juventus,Udinese,1,0
189,78,Juventus,Udinese,1,0
189,79,Juventus,Udinese,1,0
189,80,Juventus,Udinese,1,0
189,81,Juventus,Udinese,1,0
189,82,Juventus,Udinese,1,0
189,83,Juventus,Udinese,1,0
189,84,Juventus,Udinese,1,0
189,85,Juventus,Udinese,1,0
189,86,Juventus,Udinese,1,0
189,87,Juventus,Udinese,1,0
189,88,Juventus,Udinese,2,0
189,89,Juventus,Udinese,2,0
189,90,Juventus,Udinese,2,0
190,1,Juventus,Venezia,0,0
190,2,Juventus,Venezia,0,0
190,3,Juventus,Venezia,0,0
190,4,Juventus,Venezia,0,0
190,5,Juventus,Venezia,0,0
190,6,Juventus,Venezia,0,0
190,7,Juventus,Venezia,0,0
190,8,Juventus,Venezia,0,0
190,9,Juventus,Venezia,0,0
190,10,Juventus,Venezia,0,0
190,11,Juventus,Venezia,0,0
190,12,Juventus,Venezia,0,0
190,13,Juventus,Venezia,0,0
190,14,Juventus,Venezia,0,0
190,15,Juventus,Venezia,0,0
190,16,Juventus,Venezia,0,0
190,17,Juventus,Venezia,0,0
190,18,Juventus,Venezia,0,0
190,19,Juventus,Venezia,1,0
190,20,Juventus,Venezia,1,0
190,21,Juventus,Venezia,1,0
190,22,Juventus,Venezia,1,0
190,23,Juventus,Venezia,1,0
190,24,Juventus,Venezia,1,0
190,25,Juventus,Venezia,1,0
190,26,Juventus,Venezia,1,0
190,27,Juventus,Venezia,1,0
190,28,Juventus,Venezia,1,0
190,29,Juventus,Venezia,1,0
190,30,Juventus,Venezia,1,0
190,31,Juventus,Venezia,1,0
190,32,Juventus,Venezia,1,0
190,33,Juventus,Venezia,1,0
190,34,Juventus,Venezia,1,0
190,35,Juventus,Venezia,1,0
190,36,Juventus,Venezia,1,0
190,37,Juventus,Venezia,1,0
190,38,Juventus,Venezia,1,0
190,39,Juventus,Venezia,1,0
190,40,Juventus,Venezia,1,0
190,41,Juventus,Venezia,1,0
190,42,Juventus,Venezia,1,0
190,43,Juventus,Venezia,1,0
190,44,Juventus,Venezia,1,0
190,45,Juventus,Venezia,1,0
190,46,Juventus,Venezia,1,0
190,47,Juventus,Venezia,1,0
190,48,Juventus,Venezia,1,0
190,49,Juventus,Venezia,1,0
190,50,Juventus,Venezia,1,0
190,51,Juventus,Venezia,1,0
190,52,Juventus,Venezia,1,0
190,53,Juventus,Venezia,1,0
190,54,Juventus,Venezia,1,0
190,55,Juventus,Venezia,1,0
190,56,Juventus,Venezia,1,0
190,57,Juventus,Venezia,1,0
190,58,Juventus,Venezia,1,0
190,59,Juventus,Venezia,1,0
190,60,Juventus,Venezia,1,0
190,61,Juventus,Venezia,1,1
190,62,Juventus,Venezia,1,1
190,63,Juventus,Venezia,1,1
190,64,Juventus,Venezia,1,1
190,65,Juventus,Venezia,1,1
190,66,Juventus,Venezia,1,1
190,67,Juventus,Venezia,1,1
190,68,Juventus,Venezia,1,1
190,69,Juventus,Venezia,1,1
190,70,Juventus,Venezia,1,1
190,71,Juventus,Venezia,1,1
190,72,Juventus,Venezia,1,1
190,73,Juventus,Venezia,1,1
190,74,Juventus,Venezia,1,1
190,75,Juventus,Venezia,1,1
190,76,Juventus,Venezia,1,1
190,77,Juventus,Venezia,1,1
190,78,Juventus,Venezia,1,1
190,79,Juventus,Venezia,1,1
190,80,Juventus,Venezia,1,1
190,81,Juventus,Venezia,1,1
190,82,Juventus,Venezia,1,1
190,83,Juventus,Venezia,1,2
190,84,Juventus,Venezia,1,2
190,85,Juventus,Venezia,1,2
190,86,Juventus,Venezia,1,2
190,87,Juventus,Venezia,1,2
190,88,Juventus,Venezia,1,2
190,89,Juventus,Venezia,1,2
190,90,Juventus,Venezia,2,2
191,1,Lazio,Atalanta,0,0
191,2,Lazio,Atalanta,0,0
191,3,Lazio,Atalanta,0,0
191,4,Lazio,Atalanta,0,0
191,5,Lazio,Atalanta,0,0
191,6,Lazio,Atalanta,0,0
191,7,Lazio,Atalanta,0,0
191,8,Lazio,Atalanta,0,0
191,9,Lazio,Atalanta,0,0
191,10,Lazio,Atalanta,0,0
191,11,Lazio,Atalanta,0,0
191,12,Lazio,Atalanta,0,0
191,13,Lazio,Atalanta,0,0
191,14,Lazio,Atalanta,0,0
191,15,Lazio,Atalanta,0,0
191,16,Lazio,Atalanta,0,0
191,17,Lazio,Atalanta,0,0
191,18,Lazio,Atalanta,0,0
191,19,Lazio,Atalanta,0,0
191,20,Lazio,Atalanta,0,0
191,21,Lazio,Atalanta,0,0
191,22,Lazio,Atalanta,0,0
191,23,Lazio,Atalanta,0,0
191,24,Lazio,Atalanta,0,0
191,25,Lazio,Atalanta,0,0
191,26,Lazio,Atalanta,0,0
191,27,Lazio,Atalanta,1,0
191,28,Lazio,Atalanta,1,0
191,29,Lazio,Atalanta,1,0
191,30,Lazio,Atalanta,1,0
191,31,Lazio,Atalanta,1,0
191,32,Lazio,Atalanta,1,0
191,33,Lazio,Atalanta,1,0
191,34,Lazio,Atalanta,1,0
191,35,Lazio,Atalanta,1,0
191,36,Lazio,Atalanta,1,0
191,37,Lazio,Atalanta,1,0
191,38,Lazio,Atalanta,1,0
191,39,Lazio,Atalanta,1,0
191,40,Lazio,Atalanta,1,0
191,41,Lazio,Atalanta,1,0
191,42,Lazio,Atalanta,1,0
191,43,Lazio,Atalanta,1,0
191,44,Lazio,Atalanta,1,0
191,45,Lazio,Atalanta,1,0
191,46,Lazio,Atalanta,1,0
191,47,Lazio,Atalanta,1,0
191,48,Lazio,Atalanta,1,0
191,49,Lazio,Atalanta,1,0
191,50,Lazio,Atalanta,1,0
191,51,Lazio,Atalanta,1,0
191,52,Lazio,Atalanta,1,0
191,53,Lazio,Atalanta,1,0
191,54,Lazio,Atalanta,1,0
191,55,Lazio,Atalanta,1,0
191,56,Lazio,Atalanta,1,0
191,57,Lazio,Atalanta,1,0
191,58,Lazio,Atalanta,1,0
191,59,Lazio,Atalanta,1,0
191,60,Lazio,Atalanta,1,0
191,61,Lazio,Atalanta,1,0
191,62,Lazio,Atalanta,1,0
191,63,Lazio,Atalanta,1,0
191,64,Lazio,Atalanta,1,0
191,65,Lazio,Atalanta,1,0
191,66,Lazio,Atalanta,1,0
191,67,Lazio,Atalanta,1,0
191,68,Lazio,Atalanta,1,0
191,69,Lazio,Atalanta,1,0
191,70,Lazio,Atalanta,1,0
191,71,Lazio,Atalanta,1,0
191,72,Lazio,Atalanta,1,0
191,73,Lazio,Atalanta,1,0
191,74,Lazio,Atalanta,1,0
191,75,Lazio,Atalanta,1,0
191,76,Lazio,Atalanta,1,0
191,77,Lazio,Atalanta,1,0
191,78,Lazio,Atalanta,1,0
191,79,Lazio,Atalanta,1,0
191,80,Lazio,Atalanta,1,0
191,81,Lazio,Atalanta,1,0
191,82,Lazio,Atalanta,1,0
191,83,Lazio,Atalanta,1,0
191,84,Lazio,Atalanta,1,0
191,85,Lazio,Atalanta,1,0
191,86,Lazio,Atalanta,1,0
191,87,Lazio,Atalanta,1,0
191,88,Lazio,Atalanta,1,1
191,89,Lazio,Atalanta,1,1
191,90,Lazio,Atalanta,1,1
192,1,Lazio,Bologna,0,0
192,2,Lazio,Bologna,0,0
192,3,Lazio,Bologna,0,0
192,4,Lazio,Bologna,0,0
192,5,Lazio,Bologna,0,0
192,6,Lazio,Bologna,0,0
192,7,Lazio,Bologna,0,0
192,8,Lazio,Bologna,0,0
192,9,Lazio,Bologna,0,0
192,10,Lazio,Bologna,0,0
192,11,Lazio,Bologna,0,0
192,12,Lazio,Bologna,0,0
192,13,Lazio,Bologna,0,0
192,14,Lazio,Bologna,0,0
192,15,Lazio,Bologna,0,0
192,16,Lazio,Bologna,0,0
192,17,Lazio,Bologna,0,0
192,18,Lazio,Bologna,0,0
192,19,Lazio,Bologna,0,0
192,20,Lazio,Bologna,0,0
192,21,Lazio,Bologna,0,0
192,22,Lazio,Bologna,0,0
192,23,Lazio,Bologna,0,0
192,24,Lazio,Bologna,0,0
192,25,Lazio,Bologna,0,0
192,26,Lazio,Bologna,0,0
192,27,Lazio,Bologna,0,0
192,28,Lazio,Bologna,0,0
192,29,Lazio,Bologna,0,0
192,30,Lazio,Bologna,0,0
192,31,Lazio,Bologna,0,0
192,32,Lazio,Bologna,0,0
192,33,Lazio,Bologna,0,0
192,34,Lazio,Bologna,0,0
192,35,Lazio,Bologna,0,0
192,36,Lazio,Bologna,0,0
192,37,Lazio,Bologna,0,0
192,38,Lazio,Bologna,0,0
192,39,Lazio,Bologna,0,0
192,40,Lazio,Bologna,0,0
192,41,Lazio,Bologna,0,0
192,42,Lazio,Bologna,0,0
192,43,Lazio,Bologna,0,0
192,44,Lazio,Bologna,0,0
192,45,Lazio,Bologna,0,0
192,46,Lazio,Bologna,0,0
192,47,Lazio,Bologna,0,0
192,48,Lazio,Bologna,0,0
192,49,Lazio,Bologna,0,0
192,50,Lazio,Bologna,0,0
192,51,Lazio,Bologna,0,0
192,52,Lazio,Bologna,0,0
192,53,Lazio,Bologna,0,0
192,54,Lazio,Bologna,0,0
192,55,Lazio,Bologna,0,0
192,56,Lazio,Bologna,0,0
192,57,Lazio,Bologna,0,0
192,58,Lazio,Bologna,0,0
192,59,Lazio,Bologna,0,0
192,60,Lazio,Bologna,0,0
192,61,Lazio,Bologna,0,0
192,62,Lazio,Bologna,0,0
192,63,Lazio,Bologna,0,0
192,64,Lazio,Bologna,0,0
192,65,Lazio,Bologna,0,0
192,66,Lazio,Bologna,0,0
192,67,Lazio,Bologna,0,0
192,68,Lazio,Bologna,1,0
192,69,Lazio,Bologna,1,0
192,70,Lazio,Bologna,1,0
192,71,Lazio,Bologna,1,0
192,72,Lazio,Bologna,2,0
192,73,Lazio,Bologna,2,0
192,74,Lazio,Bologna,2,0
192,75,Lazio,Bologna,2,0
192,76,Lazio,Bologna,2,0
192,77,Lazio,Bologna,2,0
192,78,Lazio,Bologna,2,0
192,79,Lazio,Bologna,2,0
192,80,Lazio,Bologna,2,0
192,81,Lazio,Bologna,2,0
192,82,Lazio,Bologna,2,0
192,83,Lazio,Bologna,2,0
192,84,Lazio,Bologna,2,0
192,85,Lazio,Bologna,2,0
192,86,Lazio,Bologna,2,0
192,87,Lazio,Bologna,2,0
192,88,Lazio,Bologna,2,0
192,89,Lazio,Bologna,2,0
192,90,Lazio,Bologna,3,0
193,1,Lazio,Cagliari,0,0
193,2,Lazio,Cagliari,1,0
193,3,Lazio,Cagliari,1,0
193,4,Lazio,Cagliari,1,0
193,5,Lazio,Cagliari,1,0
193,6,Lazio,Cagliari,1,0
193,7,Lazio,Cagliari,1,0
193,8,Lazio,Cagliari,1,0
193,9,Lazio,Cagliari,1,0
193,10,Lazio,Cagliari,1,0
193,11,Lazio,Cagliari,1,0
193,12,Lazio,Cagliari,1,0
193,13,Lazio,Cagliari,1,0
193,14,Lazio,Cagliari,1,0
193,15,Lazio,Cagliari,1,0
193,16,Lazio,Cagliari,1,0
193,17,Lazio,Cagliari,1,0
193,18,Lazio,Cagliari,1,0
193,19,Lazio,Cagliari,1,0
193,20,Lazio,Cagliari,1,0
193,21,Lazio,Cagliari,1,0
193,22,Lazio,Cagliari,1,0
193,23,Lazio,Cagliari,1,0
193,24,Lazio,Cagliari,1,0
193,25,Lazio,Cagliari,1,0
193,26,Lazio,Cagliari,1,0
193,27,Lazio,Cagliari,1,0
193,28,Lazio,Cagliari,1,0
193,29,Lazio,Cagliari,1,0
193,30,Lazio,Cagliari,1,0
193,31,Lazio,Cagliari,1,0
193,32,Lazio,Cagliari,1,0
193,33,Lazio,Cagliari,1,0
193,34,Lazio,Cagliari,1,0
193,35,Lazio,Cagliari,1,0
193,36,Lazio,Cagliari,1,0
193,37,Lazio,Cagliari,1,0
193,38,Lazio,Cagliari,1,0
193,39,Lazio,Cagliari,1,0
193,40,Lazio,Cagliari,1,0
193,41,Lazio,Cagliari,1,1
193,42,Lazio,Cagliari,1,1
193,43,Lazio,Cagliari,1,1
193,44,Lazio,Cagliari,1,1
193,45,Lazio,Cagliari,1,1
193,46,Lazio,Cagliari,1,1
193,47,Lazio,Cagliari,1,1
193,48,Lazio,Cagliari,1,1
193,49,Lazio,Cagliari,1,1
193,50,Lazio,Cagliari,1,1
193,51,Lazio,Cagliari,1,1
193,52,Lazio,Cagliari,1,1
193,53,Lazio,Cagliari,1,1
193,54,Lazio,Cagliari,1,1
193,55,Lazio,Cagliari,1,1
193,56,Lazio,Cagliari,1,1
193,57,Lazio,Cagliari,1,1
193,58,Lazio,Cagliari,1,1
193,59,Lazio,Cagliari,1,1
193,60,Lazio,Cagliari,1,1
193,61,Lazio,Cagliari,1,1
193,62,Lazio,Cagliari,1,1
193,63,Lazio,Cagliari,1,1
193,64,Lazio,Cagliari,1,1
193,65,Lazio,Cagliari,1,1
193,66,Lazio,Cagliari,1,1
193,67,Lazio,Cagliari,1,1
193,68,Lazio,Cagliari,1,1
193,69,Lazio,Cagliari,1,1
193,70,Lazio,Cagliari,1,1
193,71,Lazio,Cagliari,1,1
193,72,Lazio,Cagliari,1,1
193,73,Lazio,Cagliari,1,1
193,74,Lazio,Cagliari,1,1
193,75,Lazio,Cagliari,1,1
193,76,Lazio,Cagliari,2,1
193,77,Lazio,Cagliari,2,1
193,78,Lazio,Cagliari,2,1
193,79,Lazio,Cagliari,2,1
193,80,Lazio,Cagliari,2,1
193,81,Lazio,Cagliari,2,1
193,82,Lazio,Cagliari,2,1
193,83,Lazio,Cagliari,2,1
193,84,Lazio,Cagliari,2,1
193,85,Lazio,Cagliari,2,1
193,86,Lazio,Cagliari,2,1
193,87,Lazio,Cagliari,2,1
193,88,Lazio,Cagliari,2,1
193,89,Lazio,Cagliari,2,1
193,90,Lazio,Cagliari,2,1
194,1,Lazio,Como,0,0
194,2,Lazio,Como,0,0
194,3,Lazio,Como,0,0
194,4,Lazio,Como,0,0
194,5,Lazio,Como,0,0
194,6,Lazio,Como,0,0
194,7,Lazio,Como,0,0
194,8,Lazio,Como,0,0
194,9,Lazio,Como,0,0
194,10,Lazio,Como,0,0
194,11,Lazio,Como,0,0
194,12,Lazio,Como,0,0
194,13,Lazio,Como,0,0
194,14,Lazio,Como,0,0
194,15,Lazio,Como,0,0
194,16,Lazio,Como,0,0
194,17,Lazio,Como,0,0
194,18,Lazio,Como,0,0
194,19,Lazio,Como,0,0
194,20,Lazio,Como,0,0
194,21,Lazio,Como,0,0
194,22,Lazio,Como,0,0
194,23,Lazio,Como,0,0
194,24,Lazio,Como,0,0
194,25,Lazio,Como,0,0
194,26,Lazio,Como,0,0
194,27,Lazio,Como,0,0
194,28,Lazio,Como,0,0
194,29,Lazio,Como,0,0
194,30,Lazio,Como,0,0
194,31,Lazio,Como,0,0
194,32,Lazio,Como,0,0
194,33,Lazio,Como,0,0
194,34,Lazio,Como,1,0
194,35,Lazio,Como,1,0
194,36,Lazio,Como,1,0
194,37,Lazio,Como,1,0
194,38,Lazio,Como,1,0
194,39,Lazio,Como,1,0
194,40,Lazio,Como,1,0
194,41,Lazio,Como,1,0
194,42,Lazio,Como,1,0
194,43,Lazio,Como,1,0
194,44,Lazio,Como,1,0
194,45,Lazio,Como,1,0
194,46,Lazio,Como,1,0
194,47,Lazio,Como,1,0
194,48,Lazio,Como,1,0
194,49,Lazio,Como,1,0
194,50,Lazio,Como,1,0
194,51,Lazio,Como,1,0
194,52,Lazio,Como,1,0
194,53,Lazio,Como,1,0
194,54,Lazio,Como,1,0
194,55,Lazio,Como,1,0
194,56,Lazio,Como,1,0
194,57,Lazio,Como,1,0
194,58,Lazio,Como,1,0
194,59,Lazio,Como,1,0
194,60,Lazio,Como,1,0
194,61,Lazio,Como,1,0
194,62,Lazio,Como,1,0
194,63,Lazio,Como,1,0
194,64,Lazio,Como,1,0
194,65,Lazio,Como,1,0
194,66,Lazio,Como,1,0
194,67,Lazio,Como,1,0
194,68,Lazio,Como,1,0
194,69,Lazio,Como,1,0
194,70,Lazio,Como,1,0
194,71,Lazio,Como,1,0
194,72,Lazio,Como,1,1
194,73,Lazio,Como,1,1
194,74,Lazio,Como,1,1
194,75,Lazio,Como,1,1
194,76,Lazio,Como,1,1
194,77,Lazio,Como,1,1
194,78,Lazio,Como,1,1
194,79,Lazio,Como,1,1
194,80,Lazio,Como,1,1
194,81,Lazio,Como,1,1
194,82,Lazio,Como,1,1
194,83,Lazio,Como,1,1
194,84,Lazio,Como,1,1
194,85,Lazio,Como,1,1
194,86,Lazio,Como,1,1
194,87,Lazio,Como,1,1
194,88,Lazio,Como,1,1
194,89,Lazio,Como,1,1
194,90,Lazio,Como,1,1
195,1,Lazio,Empoli,0,0
195,2,Lazio,Empoli,0,0
195,3,Lazio,Empoli,0,0
195,4,Lazio,Empoli,0,0
195,5,Lazio,Empoli,0,0
195,6,Lazio,Empoli,0,0
195,7,Lazio,Empoli,0,0
195,8,Lazio,Empoli,0,0
195,9,Lazio,Empoli,0,1
195,10,Lazio,Empoli,0,1
195,11,Lazio,Empoli,0,1
195,12,Lazio,Empoli,0,1
195,13,Lazio,Empoli,0,1
195,14,Lazio,Empoli,0,1
195,15,Lazio,Empoli,0,1
195,16,Lazio,Empoli,0,1
195,17,Lazio,Empoli,0,1
195,18,Lazio,Empoli,0,1
195,19,Lazio,Empoli,0,1
195,20,Lazio,Empoli,0,1
195,21,Lazio,Empoli,0,1
195,22,Lazio,Empoli,0,1
195,23,Lazio,Empoli,0,1
195,24,Lazio,Empoli,0,1
195,25,Lazio,Empoli,0,1
195,26,Lazio,Empoli,0,1
195,27,Lazio,Empoli,0,1
195,28,Lazio,Empoli,0,1
195,29,Lazio,Empoli,0,1
195,30,Lazio,Empoli,0,1
195,31,Lazio,Empoli,0,1
195,32,Lazio,Empoli,0,1
195,33,Lazio,Empoli,0,1
195,34,Lazio,Empoli,0,1
195,35,Lazio,Empoli,0,1
195,36,Lazio,Empoli,0,1
195,37,Lazio,Empoli,0,1
195,38,Lazio,Empoli,0,1
195,39,Lazio,Empoli,0,1
195,40,Lazio,Empoli,0,1
195,41,Lazio,Empoli,0,1
195,42,Lazio,Empoli,0,1
195,43,Lazio,Empoli,0,1
195,44,Lazio,Empoli,0,1
195,45,Lazio,Empoli,1,1
195,46,Lazio,Empoli,1,1
195,47,Lazio,Empoli,1,1
195,48,Lazio,Empoli,1,1
195,49,Lazio,Empoli,1,1
195,50,Lazio,Empoli,1,1
195,51,Lazio,Empoli,1,1
195,52,Lazio,Empoli,1,1
195,53,Lazio,Empoli,1,1
195,54,Lazio,Empoli,1,1
195,55,Lazio,Empoli,1,1
195,56,Lazio,Empoli,1,1
195,57,Lazio,Empoli,1,1
195,58,Lazio,Empoli,1,1
195,59,Lazio,Empoli,1,1
195,60,Lazio,Empoli,1,1
195,61,Lazio,Empoli,1,1
195,62,Lazio,Empoli,1,1
195,63,Lazio,Empoli,1,1
195,64,Lazio,Empoli,1,1
195,65,Lazio,Empoli,1,1
195,66,Lazio,Empoli,1,1
195,67,Lazio,Empoli,1,1
195,68,Lazio,Empoli,1,1
195,69,Lazio,Empoli,1,1
195,70,Lazio,Empoli,1,1
195,71,Lazio,Empoli,1,1
195,72,Lazio,Empoli,1,1
195,73,Lazio,Empoli,1,1
195,74,Lazio,Empoli,1,1
195,75,Lazio,Empoli,1,1
195,76,Lazio,Empoli,1,1
195,77,Lazio,Empoli,1,1
195,78,Lazio,Empoli,1,1
195,79,Lazio,Empoli,1,1
195,80,Lazio,Empoli,1,1
195,81,Lazio,Empoli,1,1
195,82,Lazio,Empoli,1,1
195,83,Lazio,Empoli,1,1
195,84,Lazio,Empoli,2,1
195,85,Lazio,Empoli,2,1
195,86,Lazio,Empoli,2,1
195,87,Lazio,Empoli,2,1
195,88,Lazio,Empoli,2,1
195,89,Lazio,Empoli,2,1
195,90,Lazio,Empoli,2,1
196,1,Lazio,Fiorentina,0,0
196,2,Lazio,Fiorentina,0,0
196,3,Lazio,Fiorentina,0,0
196,4,Lazio,Fiorentina,0,0
196,5,Lazio,Fiorentina,0,0
196,6,Lazio,Fiorentina,0,0
196,7,Lazio,Fiorentina,0,0
196,8,Lazio,Fiorentina,0,0
196,9,Lazio,Fiorentina,0,0
196,10,Lazio,Fiorentina,0,0
196,11,Lazio,Fiorentina,0,1
196,12,Lazio,Fiorentina,0,1
196,13,Lazio,Fiorentina,0,1
196,14,Lazio,Fiorentina,0,1
196,15,Lazio,Fiorentina,0,1
196,16,Lazio,Fiorentina,0,1
196,17,Lazio,Fiorentina,0,2
196,18,Lazio,Fiorentina,0,2
196,19,Lazio,Fiorentina,0,2
196,20,Lazio,Fiorentina,0,2
196,21,Lazio,Fiorentina,0,2
196,22,Lazio,Fiorentina,0,2
196,23,Lazio,Fiorentina,0,2
196,24,Lazio,Fiorentina,0,2
196,25,Lazio,Fiorentina,0,2
196,26,Lazio,Fiorentina,0,2
196,27,Lazio,Fiorentina,0,2
196,28,Lazio,Fiorentina,0,2
196,29,Lazio,Fiorentina,0,2
196,30,Lazio,Fiorentina,0,2
196,31,Lazio,Fiorentina,0,2
196,32,Lazio,Fiorentina,0,2
196,33,Lazio,Fiorentina,0,2
196,34,Lazio,Fiorentina,0,2
196,35,Lazio,Fiorentina,0,2
196,36,Lazio,Fiorentina,0,2
196,37,Lazio,Fiorentina,0,2
196,38,Lazio,Fiorentina,0,2
196,39,Lazio,Fiorentina,0,2
196,40,Lazio,Fiorentina,0,2
196,41,Lazio,Fiorentina,0,2
196,42,Lazio,Fiorentina,0,2
196,43,Lazio,Fiorentina,0,2
196,44,Lazio,Fiorentina,0,2
196,45,Lazio,Fiorentina,0,2
196,46,Lazio,Fiorentina,0,2
196,47,Lazio,Fiorentina,0,2
196,48,Lazio,Fiorentina,0,2
196,49,Lazio,Fiorentina,0,2
196,50,Lazio,Fiorentina,0,2
196,51,Lazio,Fiorentina,0,2
196,52,Lazio,Fiorentina,0,2
196,53,Lazio,Fiorentina,0,2
196,54,Lazio,Fiorentina,0,2
196,55,Lazio,Fiorentina,0,2
196,56,Lazio,Fiorentina,0,2
196,57,Lazio,Fiorentina,0,2
196,58,Lazio,Fiorentina,0,2
196,59,Lazio,Fiorentina,0,2
196,60,Lazio,Fiorentina,0,2
196,61,Lazio,Fiorentina,0,2
196,62,Lazio,Fiorentina,0,2
196,63,Lazio,Fiorentina,0,2
196,64,Lazio,Fiorentina,0,2
196,65,Lazio,Fiorentina,0,2
196,66,Lazio,Fiorentina,0,2
196,67,Lazio,Fiorentina,0,2
196,68,Lazio,Fiorentina,0,2
196,69,Lazio,Fiorentina,0,2
196,70,Lazio,Fiorentina,0,2
196,71,Lazio,Fiorentina,0,2
196,72,Lazio,Fiorentina,0,2
196,73,Lazio,Fiorentina,0,2
196,74,Lazio,Fiorentina,0,2
196,75,Lazio,Fiorentina,0,2
196,76,Lazio,Fiorentina,0,2
196,77,Lazio,Fiorentina,0,2
196,78,Lazio,Fiorentina,0,2
196,79,Lazio,Fiorentina,0,2
196,80,Lazio,Fiorentina,0,2
196,81,Lazio,Fiorentina,0,2
196,82,Lazio,Fiorentina,0,2
196,83,Lazio,Fiorentina,0,2
196,84,Lazio,Fiorentina,0,2
196,85,Lazio,Fiorentina,0,2
196,86,Lazio,Fiorentina,0,2
196,87,Lazio,Fiorentina,0,2
196,88,Lazio,Fiorentina,0,2
196,89,Lazio,Fiorentina,0,2
196,90,Lazio,Fiorentina,1,2
197,1,Lazio,Genoa,0,0
197,2,Lazio,Genoa,0,0
197,3,Lazio,Genoa,0,0
197,4,Lazio,Genoa,0,0
197,5,Lazio,Genoa,0,0
197,6,Lazio,Genoa,0,0
197,7,Lazio,Genoa,0,0
197,8,Lazio,Genoa,0,0
197,9,Lazio,Genoa,0,0
197,10,Lazio,Genoa,0,0
197,11,Lazio,Genoa,0,0
197,12,Lazio,Genoa,0,0
197,13,Lazio,Genoa,0,0
197,14,Lazio,Genoa,0,0
197,15,Lazio,Genoa,0,0
197,16,Lazio,Genoa,0,0
197,17,Lazio,Genoa,0,0
197,18,Lazio,Genoa,0,0
197,19,Lazio,Genoa,0,0
197,20,Lazio,Genoa,0,0
197,21,Lazio,Genoa,1,0
197,22,Lazio,Genoa,1,0
197,23,Lazio,Genoa,1,0
197,24,Lazio,Genoa,1,0
197,25,Lazio,Genoa,1,0
197,26,Lazio,Genoa,1,0
197,27,Lazio,Genoa,1,0
197,28,Lazio,Genoa,1,0
197,29,Lazio,Genoa,1,0
197,30,Lazio,Genoa,1,0
197,31,Lazio,Genoa,1,0
197,32,Lazio,Genoa,1,0
197,33,Lazio,Genoa,1,0
197,34,Lazio,Genoa,1,0
197,35,Lazio,Genoa,1,0
197,36,Lazio,Genoa,1,0
197,37,Lazio,Genoa,1,0
197,38,Lazio,Genoa,1,0
197,39,Lazio,Genoa,1,0
197,40,Lazio,Genoa,1,0
197,41,Lazio,Genoa,1,0
197,42,Lazio,Genoa,1,0
197,43,Lazio,Genoa,1,0
197,44,Lazio,Genoa,1,0
197,45,Lazio,Genoa,1,0
197,46,Lazio,Genoa,1,0
197,47,Lazio,Genoa,1,0
197,48,Lazio,Genoa,1,0
197,49,Lazio,Genoa,1,0
197,50,Lazio,Genoa,1,0
197,51,Lazio,Genoa,1,0
197,52,Lazio,Genoa,1,0
197,53,Lazio,Genoa,1,0
197,54,Lazio,Genoa,1,0
197,55,Lazio,Genoa,1,0
197,56,Lazio,Genoa,1,0
197,57,Lazio,Genoa,1,0
197,58,Lazio,Genoa,1,0
197,59,Lazio,Genoa,1,0
197,60,Lazio,Genoa,1,0
197,61,Lazio,Genoa,1,0
197,62,Lazio,Genoa,1,0
197,63,Lazio,Genoa,1,0
197,64,Lazio,Genoa,1,0
197,65,Lazio,Genoa,1,0
197,66,Lazio,Genoa,1,0
197,67,Lazio,Genoa,1,0
197,68,Lazio,Genoa,1,0
197,69,Lazio,Genoa,1,0
197,70,Lazio,Genoa,1,0
197,71,Lazio,Genoa,1,0
197,72,Lazio,Genoa,1,0
197,73,Lazio,Genoa,1,0
197,74,Lazio,Genoa,1,0
197,75,Lazio,Genoa,1,0
197,76,Lazio,Genoa,1,0
197,77,Lazio,Genoa,1,0
197,78,Lazio,Genoa,1,0
197,79,Lazio,Genoa,1,0
197,80,Lazio,Genoa,1,0
197,81,Lazio,Genoa,1,0
197,82,Lazio,Genoa,1,0
197,83,Lazio,Genoa,1,0
197,84,Lazio,Genoa,1,0
197,85,Lazio,Genoa,1,0
197,86,Lazio,Genoa,2,0
197,87,Lazio,Genoa,2,0
197,88,Lazio,Genoa,2,0
197,89,Lazio,Genoa,2,0
197,90,Lazio,Genoa,3,0
198,1,Lazio,Hellas Verona,0,0
198,2,Lazio,Hellas Verona,0,0
198,3,Lazio,Hellas Verona,0,0
198,4,Lazio,Hellas Verona,0,0
198,5,Lazio,Hellas Verona,1,0
198,6,Lazio,Hellas Verona,1,0
198,7,Lazio,Hellas Verona,1,1
198,8,Lazio,Hellas Verona,1,1
198,9,Lazio,Hellas Verona,1,1
198,10,Lazio,Hellas Verona,1,1
198,11,Lazio,Hellas Verona,1,1
198,12,Lazio,Hellas Verona,1,1
198,13,Lazio,Hellas Verona,1,1
198,14,Lazio,Hellas Verona,1,1
198,15,Lazio,Hellas Verona,1,1
198,16,Lazio,Hellas Verona,1,1
198,17,Lazio,Hellas Verona,1,1
198,18,Lazio,Hellas Verona,1,1
198,19,Lazio,Hellas Verona,1,1
198,20,Lazio,Hellas Verona,2,1
198,21,Lazio,Hellas Verona,2,1
198,22,Lazio,Hellas Verona,2,1
198,23,Lazio,Hellas Verona,2,1
198,24,Lazio,Hellas Verona,2,1
198,25,Lazio,Hellas Verona,2,1
198,26,Lazio,Hellas Verona,2,1
198,27,Lazio,Hellas Verona,2,1
198,28,Lazio,Hellas Verona,2,1
198,29,Lazio,Hellas Verona,2,1
198,30,Lazio,Hellas Verona,2,1
198,31,Lazio,Hellas Verona,2,1
198,32,Lazio,Hellas Verona,2,1
198,33,Lazio,Hellas Verona,2,1
198,34,Lazio,Hellas Verona,2,1
198,35,Lazio,Hellas Verona,2,1
198,36,Lazio,Hellas Verona,2,1
198,37,Lazio,Hellas Verona,2,1
198,38,Lazio,Hellas Verona,2,1
198,39,Lazio,Hellas Verona,2,1
198,40,Lazio,Hellas Verona,2,1
198,41,Lazio,Hellas Verona,2,1
198,42,Lazio,Hellas Verona,2,1
198,43,Lazio,Hellas Verona,2,1
198,44,Lazio,Hellas Verona,2,1
198,45,Lazio,Hellas Verona,2,1
198,46,Lazio,Hellas Verona,2,1
198,47,Lazio,Hellas Verona,2,1
198,48,Lazio,Hellas Verona,2,1
198,49,Lazio,Hellas Verona,2,1
198,50,Lazio,Hellas Verona,2,1
198,51,Lazio,Hellas Verona,2,1
198,52,Lazio,Hellas Verona,2,1
198,53,Lazio,Hellas Verona,2,1
198,54,Lazio,Hellas Verona,2,1
198,55,Lazio,Hellas Verona,2,1
198,56,Lazio,Hellas Verona,2,1
198,57,Lazio,Hellas Verona,2,1
198,58,Lazio,Hellas Verona,2,1
198,59,Lazio,Hellas Verona,2,1
198,60,Lazio,Hellas Verona,2,1
198,61,Lazio,Hellas Verona,2,1
198,62,Lazio,Hellas Verona,2,1
198,63,Lazio,Hellas Verona,2,1
198,64,Lazio,Hellas Verona,2,1
198,65,Lazio,Hellas Verona,2,1
198,66,Lazio,Hellas Verona,2,1
198,67,Lazio,Hellas Verona,2,1
198,68,Lazio,Hellas Verona,2,1
198,69,Lazio,Hellas Verona,2,1
198,70,Lazio,Hellas Verona,2,1
198,71,Lazio,Hellas Verona,2,1
198,72,Lazio,Hellas Verona,2,1
198,73,Lazio,Hellas Verona,2,1
198,74,Lazio,Hellas Verona,2,1
198,75,Lazio,Hellas Verona,2,1
198,76,Lazio,Hellas Verona,2,1
198,77,Lazio,Hellas Verona,2,1
198,78,Lazio,Hellas Verona,2,1
198,79,Lazio,Hellas Verona,2,1
198,80,Lazio,Hellas Verona,2,1
198,81,Lazio,Hellas Verona,2,1
198,82,Lazio,Hellas Verona,2,1
198,83,Lazio,Hellas Verona,2,1
198,84,Lazio,Hellas Verona,2,1
198,85,Lazio,Hellas Verona,2,1
198,86,Lazio,Hellas Verona,2,1
198,87,Lazio,Hellas Verona,2,1
198,88,Lazio,Hellas Verona,2,1
198,89,Lazio,Hellas Verona,2,1
198,90,Lazio,Hellas Verona,2,1
199,1,Lazio,Inter Milan,0,0
199,2,Lazio,Inter Milan,0,0
199,3,Lazio,Inter Milan,0,0
199,4,Lazio,Inter Milan,0,0
199,5,Lazio,Inter Milan,0,0
199,6,Lazio,Inter Milan,0,0
199,7,Lazio,Inter Milan,0,0
199,8,Lazio,Inter Milan,0,0
199,9,Lazio,Inter Milan,0,0
199,10,Lazio,Inter Milan,0,0
199,11,Lazio,Inter Milan,0,0
199,12,Lazio,Inter Milan,0,0
199,13,Lazio,Inter Milan,0,0
199,14,Lazio,Inter Milan,0,0
199,15,Lazio,Inter Milan,0,0
199,16,Lazio,Inter Milan,0,0
199,17,Lazio,Inter Milan,0,0
199,18,Lazio,Inter Milan,0,0
199,19,Lazio,Inter Milan,0,0
199,20,Lazio,Inter Milan,0,0
199,21,Lazio,Inter Milan,0,0
199,22,Lazio,Inter Milan,0,0
199,23,Lazio,Inter Milan,0,0
199,24,Lazio,Inter Milan,0,0
199,25,Lazio,Inter Milan,0,0
199,26,Lazio,Inter Milan,0,0
199,27,Lazio,Inter Milan,0,0
199,28,Lazio,Inter Milan,0,0
199,29,Lazio,Inter Milan,0,0
199,30,Lazio,Inter Milan,0,0
199,31,Lazio,Inter Milan,0,0
199,32,Lazio,Inter Milan,0,0
199,33,Lazio,Inter Milan,0,0
199,34,Lazio,Inter Milan,0,0
199,35,Lazio,Inter Milan,0,0
199,36,Lazio,Inter Milan,0,0
199,37,Lazio,Inter Milan,0,0
199,38,Lazio,Inter Milan,0,0
199,39,Lazio,Inter Milan,0,0
199,40,Lazio,Inter Milan,0,0
199,41,Lazio,Inter Milan,0,1
199,42,Lazio,Inter Milan,0,1
199,43,Lazio,Inter Milan,0,1
199,44,Lazio,Inter Milan,0,1
199,45,Lazio,Inter Milan,0,2
199,46,Lazio,Inter Milan,0,2
199,47,Lazio,Inter Milan,0,2
199,48,Lazio,Inter Milan,0,2
199,49,Lazio,Inter Milan,0,2
199,50,Lazio,Inter Milan,0,2
199,51,Lazio,Inter Milan,0,3
199,52,Lazio,Inter Milan,0,3
199,53,Lazio,Inter Milan,0,4
199,54,Lazio,Inter Milan,0,4
199,55,Lazio,Inter Milan,0,4
199,56,Lazio,Inter Milan,0,4
199,57,Lazio,Inter Milan,0,4
199,58,Lazio,Inter Milan,0,4
199,59,Lazio,Inter Milan,0,4
199,60,Lazio,Inter Milan,0,4
199,61,Lazio,Inter Milan,0,4
199,62,Lazio,Inter Milan,0,4
199,63,Lazio,Inter Milan,0,4
199,64,Lazio,Inter Milan,0,4
199,65,Lazio,Inter Milan,0,4
199,66,Lazio,Inter Milan,0,4
199,67,Lazio,Inter Milan,0,4
199,68,Lazio,Inter Milan,0,4
199,69,Lazio,Inter Milan,0,4
199,70,Lazio,Inter Milan,0,4
199,71,Lazio,Inter Milan,0,4
199,72,Lazio,Inter Milan,0,4
199,73,Lazio,Inter Milan,0,4
199,74,Lazio,Inter Milan,0,4
199,75,Lazio,Inter Milan,0,4
199,76,Lazio,Inter Milan,0,4
199,77,Lazio,Inter Milan,0,5
199,78,Lazio,Inter Milan,0,5
199,79,Lazio,Inter Milan,0,5
199,80,Lazio,Inter Milan,0,5
199,81,Lazio,Inter Milan,0,5
199,82,Lazio,Inter Milan,0,5
199,83,Lazio,Inter Milan,0,5
199,84,Lazio,Inter Milan,0,5
199,85,Lazio,Inter Milan,0,5
199,86,Lazio,Inter Milan,0,5
199,87,Lazio,Inter Milan,0,5
199,88,Lazio,Inter Milan,0,5
199,89,Lazio,Inter Milan,0,5
199,90,Lazio,Inter Milan,0,6
200,1,Lazio,Juventus,0,0
200,2,Lazio,Juventus,0,0
200,3,Lazio,Juventus,0,0
200,4,Lazio,Juventus,0,0
200,5,Lazio,Juventus,0,0
200,6,Lazio,Juventus,0,0
200,7,Lazio,Juventus,0,0
200,8,Lazio,Juventus,0,0
200,9,Lazio,Juventus,0,0
200,10,Lazio,Juventus,0,0
200,11,Lazio,Juventus,0,0
200,12,Lazio,Juventus,0,0
200,13,Lazio,Juventus,0,0
200,14,Lazio,Juventus,0,0
200,15,Lazio,Juventus,0,0
200,16,Lazio,Juventus,0,0
200,17,Lazio,Juventus,0,0
200,18,Lazio,Juventus,0,0
200,19,Lazio,Juventus,0,0
200,20,Lazio,Juventus,0,0
200,21,Lazio,Juventus,0,0
200,22,Lazio,Juventus,0,0
200,23,Lazio,Juventus,0,0
200,24,Lazio,Juventus,0,0
200,25,Lazio,Juventus,0,0
200,26,Lazio,Juventus,0,0
200,27,Lazio,Juventus,0,0
200,28,Lazio,Juventus,0,0
200,29,Lazio,Juventus,0,0
200,30,Lazio,Juventus,0,0
200,31,Lazio,Juventus,0,0
200,32,Lazio,Juventus,0,0
200,33,Lazio,Juventus,0,0
200,34,Lazio,Juventus,0,0
200,35,Lazio,Juventus,0,0
200,36,Lazio,Juventus,0,0
200,37,Lazio,Juventus,0,0
200,38,Lazio,Juventus,0,0
200,39,Lazio,Juventus,0,0
200,40,Lazio,Juventus,0,0
200,41,Lazio,Juventus,0,0
200,42,Lazio,Juventus,0,0
200,43,Lazio,Juventus,0,0
200,44,Lazio,Juventus,0,0
200,45,Lazio,Juventus,0,0
200,46,Lazio,Juventus,0,0
200,47,Lazio,Juventus,0,0
200,48,Lazio,Juventus,0,0
200,49,Lazio,Juventus,0,0
200,50,Lazio,Juventus,0,0
200,51,Lazio,Juventus,0,1
200,52,Lazio,Juventus,0,1
200,53,Lazio,Juventus,0,1
200,54,Lazio,Juventus,0,1
200,55,Lazio,Juventus,0,1
200,56,Lazio,Juventus,0,1
200,57,Lazio,Juventus,0,1
200,58,Lazio,Juventus,0,1
200,59,Lazio,Juventus,0,1
200,60,Lazio,Juventus,0,1
200,61,Lazio,Juventus,0,1
200,62,Lazio,Juventus,0,1
200,63,Lazio,Juventus,0,1
200,64,Lazio,Juventus,0,1
200,65,Lazio,Juventus,0,1
200,66,Lazio,Juventus,0,1
200,67,Lazio,Juventus,0,1
200,68,Lazio,Juventus,0,1
200,69,Lazio,Juventus,0,1
200,70,Lazio,Juventus,0,1
200,71,Lazio,Juventus,0,1
200,72,Lazio,Juventus,0,1
200,73,Lazio,Juventus,0,1
200,74,Lazio,Juventus,0,1
200,75,Lazio,Juventus,0,1
200,76,Lazio,Juventus,0,1
200,77,Lazio,Juventus,0,1
200,78,Lazio,Juventus,0,1
200,79,Lazio,Juventus,0,1
200,80,Lazio,Juventus,0,1
200,81,Lazio,Juventus,0,1
200,82,Lazio,Juventus,0,1
200,83,Lazio,Juventus,0,1
200,84,Lazio,Juventus,0,1
200,85,Lazio,Juventus,0,1
200,86,Lazio,Juventus,0,1
200,87,Lazio,Juventus,0,1
200,88,Lazio,Juventus,0,1
200,89,Lazio,Juventus,0,1
200,90,Lazio,Juventus,1,1
201,1,Lazio,Lecce,0,0
201,2,Lazio,Lecce,0,0
201,3,Lazio,Lecce,0,0
201,4,Lazio,Lecce,0,0
201,5,Lazio,Lecce,0,0
201,6,Lazio,Lecce,0,0
201,7,Lazio,Lecce,0,0
201,8,Lazio,Lecce,0,0
201,9,Lazio,Lecce,0,0
201,10,Lazio,Lecce,0,0
201,11,Lazio,Lecce,0,0
201,12,Lazio,Lecce,0,0
201,13,Lazio,Lecce,0,0
201,14,Lazio,Lecce,0,0
201,15,Lazio,Lecce,0,0
201,16,Lazio,Lecce,0,0
201,17,Lazio,Lecce,0,0
201,18,Lazio,Lecce,0,0
201,19,Lazio,Lecce,0,0
201,20,Lazio,Lecce,0,0
201,21,Lazio,Lecce,0,0
201,22,Lazio,Lecce,0,0
201,23,Lazio,Lecce,0,0
201,24,Lazio,Lecce,0,0
201,25,Lazio,Lecce,0,0
201,26,Lazio,Lecce,0,0
201,27,Lazio,Lecce,0,0
201,28,Lazio,Lecce,0,0
201,29,Lazio,Lecce,0,0
201,30,Lazio,Lecce,0,0
201,31,Lazio,Lecce,0,0
201,32,Lazio,Lecce,0,0
201,33,Lazio,Lecce,0,0
201,34,Lazio,Lecce,0,0
201,35,Lazio,Lecce,0,0
201,36,Lazio,Lecce,0,0
201,37,Lazio,Lecce,0,0
201,38,Lazio,Lecce,0,0
201,39,Lazio,Lecce,0,0
201,40,Lazio,Lecce,0,0
201,41,Lazio,Lecce,0,0
201,42,Lazio,Lecce,0,0
201,43,Lazio,Lecce,0,1
201,44,Lazio,Lecce,0,1
201,45,Lazio,Lecce,0,1
201,46,Lazio,Lecce,0,1
201,47,Lazio,Lecce,0,1
201,48,Lazio,Lecce,0,1
201,49,Lazio,Lecce,0,1
201,50,Lazio,Lecce,0,1
201,51,Lazio,Lecce,0,1
201,52,Lazio,Lecce,0,1
201,53,Lazio,Lecce,0,1
201,54,Lazio,Lecce,0,1
201,55,Lazio,Lecce,0,1
201,56,Lazio,Lecce,0,1
201,57,Lazio,Lecce,0,1
201,58,Lazio,Lecce,0,1
201,59,Lazio,Lecce,0,1
201,60,Lazio,Lecce,0,1
201,61,Lazio,Lecce,0,1
201,62,Lazio,Lecce,0,1
201,63,Lazio,Lecce,0,1
201,64,Lazio,Lecce,0,1
201,65,Lazio,Lecce,0,1
201,66,Lazio,Lecce,0,1
201,67,Lazio,Lecce,0,1
201,68,Lazio,Lecce,0,1
201,69,Lazio,Lecce,0,1
201,70,Lazio,Lecce,0,1
201,71,Lazio,Lecce,0,1
201,72,Lazio,Lecce,0,1
201,73,Lazio,Lecce,0,1
201,74,Lazio,Lecce,0,1
201,75,Lazio,Lecce,0,1
201,76,Lazio,Lecce,0,1
201,77,Lazio,Lecce,0,1
201,78,Lazio,Lecce,0,1
201,79,Lazio,Lecce,0,1
201,80,Lazio,Lecce,0,1
201,81,Lazio,Lecce,0,1
201,82,Lazio,Lecce,0,1
201,83,Lazio,Lecce,0,1
201,84,Lazio,Lecce,0,1
201,85,Lazio,Lecce,0,1
201,86,Lazio,Lecce,0,1
201,87,Lazio,Lecce,0,1
201,88,Lazio,Lecce,0,1
201,89,Lazio,Lecce,0,1
201,90,Lazio,Lecce,0,1
202,1,Lazio,AC Milan,0,0
202,2,Lazio,AC Milan,0,0
202,3,Lazio,AC Milan,0,0
202,4,Lazio,AC Milan,0,0
202,5,Lazio,AC Milan,0,0
202,6,Lazio,AC Milan,0,0
202,7,Lazio,AC Milan,0,0
202,8,Lazio,AC Milan,0,1
202,9,Lazio,AC Milan,0,1
202,10,Lazio,AC Milan,0,1
202,11,Lazio,AC Milan,0,1
202,12,Lazio,AC Milan,0,1
202,13,Lazio,AC Milan,0,1
202,14,Lazio,AC Milan,0,1
202,15,Lazio,AC Milan,0,1
202,16,Lazio,AC Milan,0,1
202,17,Lazio,AC Milan,0,1
202,18,Lazio,AC Milan,0,1
202,19,Lazio,AC Milan,0,1
202,20,Lazio,AC Milan,0,1
202,21,Lazio,AC Milan,0,1
202,22,Lazio,AC Milan,0,1
202,23,Lazio,AC Milan,0,1
202,24,Lazio,AC Milan,0,1
202,25,Lazio,AC Milan,0,1
202,26,Lazio,AC Milan,0,1
202,27,Lazio,AC Milan,0,1
202,28,Lazio,AC Milan,0,1
202,29,Lazio,AC Milan,0,1
202,30,Lazio,AC Milan,0,1
202,31,Lazio,AC Milan,0,1
202,32,Lazio,AC Milan,0,1
202,33,Lazio,AC Milan,0,1
202,34,Lazio,AC Milan,0,1
202,35,Lazio,AC Milan,0,1
202,36,Lazio,AC Milan,0,1
202,37,Lazio,AC Milan,0,1
202,38,Lazio,AC Milan,0,1
202,39,Lazio,AC Milan,0,1
202,40,Lazio,AC Milan,0,1
202,41,Lazio,AC Milan,0,1
202,42,Lazio,AC Milan,0,1
202,43,Lazio,AC Milan,0,1
202,44,Lazio,AC Milan,0,1
202,45,Lazio,AC Milan,0,1
202,46,Lazio,AC Milan,0,1
202,47,Lazio,AC Milan,0,1
202,48,Lazio,AC Milan,0,1
202,49,Lazio,AC Milan,0,1
202,50,Lazio,AC Milan,0,1
202,51,Lazio,AC Milan,0,1
202,52,Lazio,AC Milan,0,1
202,53,Lazio,AC Milan,0,1
202,54,Lazio,AC Milan,0,1
202,55,Lazio,AC Milan,0,1
202,56,Lazio,AC Milan,0,1
202,57,Lazio,AC Milan,0,1
202,58,Lazio,AC Milan,0,1
202,59,Lazio,AC Milan,0,1
202,60,Lazio,AC Milan,0,1
202,61,Lazio,AC Milan,0,1
202,62,Lazio,AC Milan,1,1
202,63,Lazio,AC Milan,1,1
202,64,Lazio,AC Milan,1,1
202,65,Lazio,AC Milan,1,1
202,66,Lazio,AC Milan,2,1
202,67,Lazio,AC Milan,2,1
202,68,Lazio,AC Milan,2,1
202,69,Lazio,AC Milan,2,1
202,70,Lazio,AC Milan,2,1
202,71,Lazio,AC Milan,2,1
202,72,Lazio,AC Milan,2,2
202,73,Lazio,AC Milan,2,2
202,74,Lazio,AC Milan,2,2
202,75,Lazio,AC Milan,2,2
202,76,Lazio,AC Milan,2,2
202,77,Lazio,AC Milan,2,2
202,78,Lazio,AC Milan,2,2
202,79,Lazio,AC Milan,2,2
202,80,Lazio,AC Milan,2,2
202,81,Lazio,AC Milan,2,2
202,82,Lazio,AC Milan,2,2
202,83,Lazio,AC Milan,2,2
202,84,Lazio,AC Milan,2,2
202,85,Lazio,AC Milan,2,2
202,86,Lazio,AC Milan,2,2
202,87,Lazio,AC Milan,2,2
202,88,Lazio,AC Milan,2,2
202,89,Lazio,AC Milan,2,2
202,90,Lazio,AC Milan,2,2
203,1,Lazio,Monza,0,0
203,2,Lazio,Monza,0,0
203,3,Lazio,Monza,0,0
203,4,Lazio,Monza,0,0
203,5,Lazio,Monza,0,0
203,6,Lazio,Monza,0,0
203,7,Lazio,Monza,0,0
203,8,Lazio,Monza,0,0
203,9,Lazio,Monza,0,0
203,10,Lazio,Monza,0,0
203,11,Lazio,Monza,0,0
203,12,Lazio,Monza,0,0
203,13,Lazio,Monza,0,0
203,14,Lazio,Monza,0,0
203,15,Lazio,Monza,0,0
203,16,Lazio,Monza,0,0
203,17,Lazio,Monza,0,0
203,18,Lazio,Monza,0,0
203,19,Lazio,Monza,0,0
203,20,Lazio,Monza,0,0
203,21,Lazio,Monza,0,0
203,22,Lazio,Monza,0,0
203,23,Lazio,Monza,0,0
203,24,Lazio,Monza,0,0
203,25,Lazio,Monza,0,0
203,26,Lazio,Monza,0,0
203,27,Lazio,Monza,0,0
203,28,Lazio,Monza,0,0
203,29,Lazio,Monza,0,0
203,30,Lazio,Monza,0,0
203,31,Lazio,Monza,1,0
203,32,Lazio,Monza,1,0
203,33,Lazio,Monza,1,0
203,34,Lazio,Monza,1,0
203,35,Lazio,Monza,1,0
203,36,Lazio,Monza,1,0
203,37,Lazio,Monza,1,0
203,38,Lazio,Monza,1,0
203,39,Lazio,Monza,1,0
203,40,Lazio,Monza,1,0
203,41,Lazio,Monza,1,0
203,42,Lazio,Monza,1,0
203,43,Lazio,Monza,1,0
203,44,Lazio,Monza,1,0
203,45,Lazio,Monza,1,0
203,46,Lazio,Monza,1,0
203,47,Lazio,Monza,1,0
203,48,Lazio,Monza,1,0
203,49,Lazio,Monza,1,0
203,50,Lazio,Monza,1,0
203,51,Lazio,Monza,1,0
203,52,Lazio,Monza,1,0
203,53,Lazio,Monza,1,0
203,54,Lazio,Monza,1,0
203,55,Lazio,Monza,1,0
203,56,Lazio,Monza,1,0
203,57,Lazio,Monza,2,0
203,58,Lazio,Monza,2,0
203,59,Lazio,Monza,2,0
203,60,Lazio,Monza,2,0
203,61,Lazio,Monza,2,0
203,62,Lazio,Monza,2,0
203,63,Lazio,Monza,3,0
203,64,Lazio,Monza,3,0
203,65,Lazio,Monza,3,0
203,66,Lazio,Monza,3,0
203,67,Lazio,Monza,3,0
203,68,Lazio,Monza,3,0
203,69,Lazio,Monza,3,0
203,70,Lazio,Monza,3,0
203,71,Lazio,Monza,3,0
203,72,Lazio,Monza,3,0
203,73,Lazio,Monza,3,0
203,74,Lazio,Monza,3,0
203,75,Lazio,Monza,3,0
203,76,Lazio,Monza,3,0
203,77,Lazio,Monza,4,0
203,78,Lazio,Monza,4,0
203,79,Lazio,Monza,4,0
203,80,Lazio,Monza,4,0
203,81,Lazio,Monza,4,0
203,82,Lazio,Monza,4,0
203,83,Lazio,Monza,4,0
203,84,Lazio,Monza,4,0
203,85,Lazio,Monza,4,0
203,86,Lazio,Monza,4,1
203,87,Lazio,Monza,4,1
203,88,Lazio,Monza,5,1
203,89,Lazio,Monza,5,1
203,90,Lazio,Monza,5,1
204,1,Lazio,Napoli,0,0
204,2,Lazio,Napoli,0,0
204,3,Lazio,Napoli,0,0
204,4,Lazio,Napoli,0,0
204,5,Lazio,Napoli,0,0
204,6,Lazio,Napoli,1,0
204,7,Lazio,Napoli,1,0
204,8,Lazio,Napoli,1,0
204,9,Lazio,Napoli,1,0
204,10,Lazio,Napoli,1,0
204,11,Lazio,Napoli,1,0
204,12,Lazio,Napoli,1,0
204,13,Lazio,Napoli,1,1
204,14,Lazio,Napoli,1,1
204,15,Lazio,Napoli,1,1
204,16,Lazio,Napoli,1,1
204,17,Lazio,Napoli,1,1
204,18,Lazio,Napoli,1,1
204,19,Lazio,Napoli,1,1
204,20,Lazio,Napoli,1,1
204,21,Lazio,Napoli,1,1
204,22,Lazio,Napoli,1,1
204,23,Lazio,Napoli,1,1
204,24,Lazio,Napoli,1,1
204,25,Lazio,Napoli,1,1
204,26,Lazio,Napoli,1,1
204,27,Lazio,Napoli,1,1
204,28,Lazio,Napoli,1,1
204,29,Lazio,Napoli,1,1
204,30,Lazio,Napoli,1,1
204,31,Lazio,Napoli,1,1
204,32,Lazio,Napoli,1,1
204,33,Lazio,Napoli,1,1
204,34,Lazio,Napoli,1,1
204,35,Lazio,Napoli,1,1
204,36,Lazio,Napoli,1,1
204,37,Lazio,Napoli,1,1
204,38,Lazio,Napoli,1,1
204,39,Lazio,Napoli,1,1
204,40,Lazio,Napoli,1,1
204,41,Lazio,Napoli,1,1
204,42,Lazio,Napoli,1,1
204,43,Lazio,Napoli,1,1
204,44,Lazio,Napoli,1,1
204,45,Lazio,Napoli,1,1
204,46,Lazio,Napoli,1,1
204,47,Lazio,Napoli,1,1
204,48,Lazio,Napoli,1,1
204,49,Lazio,Napoli,1,1
204,50,Lazio,Napoli,1,1
204,51,Lazio,Napoli,1,1
204,52,Lazio,Napoli,1,1
204,53,Lazio,Napoli,1,1
204,54,Lazio,Napoli,1,1
204,55,Lazio,Napoli,1,1
204,56,Lazio,Napoli,1,1
204,57,Lazio,Napoli,1,1
204,58,Lazio,Napoli,1,1
204,59,Lazio,Napoli,1,1
204,60,Lazio,Napoli,1,1
204,61,Lazio,Napoli,1,1
204,62,Lazio,Napoli,1,1
204,63,Lazio,Napoli,1,1
204,64,Lazio,Napoli,1,2
204,65,Lazio,Napoli,1,2
204,66,Lazio,Napoli,1,2
204,67,Lazio,Napoli,1,2
204,68,Lazio,Napoli,1,2
204,69,Lazio,Napoli,1,2
204,70,Lazio,Napoli,1,2
204,71,Lazio,Napoli,1,2
204,72,Lazio,Napoli,1,2
204,73,Lazio,Napoli,1,2
204,74,Lazio,Napoli,1,2
204,75,Lazio,Napoli,1,2
204,76,Lazio,Napoli,1,2
204,77,Lazio,Napoli,1,2
204,78,Lazio,Napoli,1,2
204,79,Lazio,Napoli,1,2
204,80,Lazio,Napoli,1,2
204,81,Lazio,Napoli,1,2
204,82,Lazio,Napoli,1,2
204,83,Lazio,Napoli,1,2
204,84,Lazio,Napoli,1,2
204,85,Lazio,Napoli,1,2
204,86,Lazio,Napoli,1,2
204,87,Lazio,Napoli,2,2
204,88,Lazio,Napoli,2,2
204,89,Lazio,Napoli,2,2
204,90,Lazio,Napoli,2,2
205,1,Lazio,Parma,0,0
205,2,Lazio,Parma,0,0
205,3,Lazio,Parma,0,1
205,4,Lazio,Parma,0,1
205,5,Lazio,Parma,0,1
205,6,Lazio,Parma,0,1
205,7,Lazio,Parma,0,1
205,8,Lazio,Parma,0,1
205,9,Lazio,Parma,0,1
205,10,Lazio,Parma,0,1
205,11,Lazio,Parma,0,1
205,12,Lazio,Parma,0,1
205,13,Lazio,Parma,0,1
205,14,Lazio,Parma,0,1
205,15,Lazio,Parma,0,1
205,16,Lazio,Parma,0,1
205,17,Lazio,Parma,0,1
205,18,Lazio,Parma,0,1
205,19,Lazio,Parma,0,1
205,20,Lazio,Parma,0,1
205,21,Lazio,Parma,0,1
205,22,Lazio,Parma,0,1
205,23,Lazio,Parma,0,1
205,24,Lazio,Parma,0,1
205,25,Lazio,Parma,0,1
205,26,Lazio,Parma,0,1
205,27,Lazio,Parma,0,1
205,28,Lazio,Parma,0,1
205,29,Lazio,Parma,0,1
205,30,Lazio,Parma,0,1
205,31,Lazio,Parma,0,1
205,32,Lazio,Parma,0,1
205,33,Lazio,Parma,0,1
205,34,Lazio,Parma,0,1
205,35,Lazio,Parma,0,1
205,36,Lazio,Parma,0,1
205,37,Lazio,Parma,0,1
205,38,Lazio,Parma,0,1
205,39,Lazio,Parma,0,1
205,40,Lazio,Parma,0,1
205,41,Lazio,Parma,0,1
205,42,Lazio,Parma,0,1
205,43,Lazio,Parma,0,1
205,44,Lazio,Parma,0,1
205,45,Lazio,Parma,0,1
205,46,Lazio,Parma,0,2
205,47,Lazio,Parma,0,2
205,48,Lazio,Parma,0,2
205,49,Lazio,Parma,0,2
205,50,Lazio,Parma,0,2
205,51,Lazio,Parma,0,2
205,52,Lazio,Parma,0,2
205,53,Lazio,Parma,0,2
205,54,Lazio,Parma,0,2
205,55,Lazio,Parma,0,2
205,56,Lazio,Parma,0,2
205,57,Lazio,Parma,0,2
205,58,Lazio,Parma,0,2
205,59,Lazio,Parma,0,2
205,60,Lazio,Parma,0,2
205,61,Lazio,Parma,0,2
205,62,Lazio,Parma,0,2
205,63,Lazio,Parma,0,2
205,64,Lazio,Parma,0,2
205,65,Lazio,Parma,0,2
205,66,Lazio,Parma,0,2
205,67,Lazio,Parma,0,2
205,68,Lazio,Parma,0,2
205,69,Lazio,Parma,0,2
205,70,Lazio,Parma,0,2
205,71,Lazio,Parma,0,2
205,72,Lazio,Parma,0,2
205,73,Lazio,Parma,0,2
205,74,Lazio,Parma,0,2
205,75,Lazio,Parma,0,2
205,76,Lazio,Parma,0,2
205,77,Lazio,Parma,0,2
205,78,Lazio,Parma,0,2
205,79,Lazio,Parma,1,2
205,80,Lazio,Parma,1,2
205,81,Lazio,Parma,1,2
205,82,Lazio,Parma,1,2
205,83,Lazio,Parma,1,2
205,84,Lazio,Parma,2,2
205,85,Lazio,Parma,2,2
205,86,Lazio,Parma,2,2
205,87,Lazio,Parma,2,2
205,88,Lazio,Parma,2,2
205,89,Lazio,Parma,2,2
205,90,Lazio,Parma,2,2
206,1,Lazio,Roma,0,0
206,2,Lazio,Roma,0,0
206,3,Lazio,Roma,0,0
206,4,Lazio,Roma,0,0
206,5,Lazio,Roma,0,0
206,6,Lazio,Roma,0,0
206,7,Lazio,Roma,0,0
206,8,Lazio,Roma,0,0
206,9,Lazio,Roma,0,0
206,10,Lazio,Roma,0,0
206,11,Lazio,Roma,0,0
206,12,Lazio,Roma,0,0
206,13,Lazio,Roma,0,0
206,14,Lazio,Roma,0,0
206,15,Lazio,Roma,0,0
206,16,Lazio,Roma,0,0
206,17,Lazio,Roma,0,0
206,18,Lazio,Roma,0,0
206,19,Lazio,Roma,0,0
206,20,Lazio,Roma,0,0
206,21,Lazio,Roma,0,0
206,22,Lazio,Roma,0,0
206,23,Lazio,Roma,0,0
206,24,Lazio,Roma,0,0
206,25,Lazio,Roma,0,0
206,26,Lazio,Roma,0,0
206,27,Lazio,Roma,0,0
206,28,Lazio,Roma,0,0
206,29,Lazio,Roma,0,0
206,30,Lazio,Roma,0,0
206,31,Lazio,Roma,0,0
206,32,Lazio,Roma,0,0
206,33,Lazio,Roma,0,0
206,34,Lazio,Roma,0,0
206,35,Lazio,Roma,0,0
206,36,Lazio,Roma,0,0
206,37,Lazio,Roma,0,0
206,38,Lazio,Roma,0,0
206,39,Lazio,Roma,0,0
206,40,Lazio,Roma,0,0
206,41,Lazio,Roma,0,0
206,42,Lazio,Roma,0,0
206,43,Lazio,Roma,0,0
206,44,Lazio,Roma,0,0
206,45,Lazio,Roma,0,0
206,46,Lazio,Roma,0,0
206,47,Lazio,Roma,1,0
206,48,Lazio,Roma,1,0
206,49,Lazio,Roma,1,0
206,50,Lazio,Roma,1,0
206,51,Lazio,Roma,1,0
206,52,Lazio,Roma,1,0
206,53,Lazio,Roma,1,0
206,54,Lazio,Roma,1,0
206,55,Lazio,Roma,1,0
206,56,Lazio,Roma,1,0
206,57,Lazio,Roma,1,0
206,58,Lazio,Roma,1,0
206,59,Lazio,Roma,1,0
206,60,Lazio,Roma,1,0
206,61,Lazio,Roma,1,0
206,62,Lazio,Roma,1,0
206,63,Lazio,Roma,1,0
206,64,Lazio,Roma,1,0
206,65,Lazio,Roma,1,0
206,66,Lazio,Roma,1,0
206,67,Lazio,Roma,1,0
206,68,Lazio,Roma,1,0
206,69,Lazio,Roma,1,1
206,70,Lazio,Roma,1,1
206,71,Lazio,Roma,1,1
206,72,Lazio,Roma,1,1
206,73,Lazio,Roma,1,1
206,74,Lazio,Roma,1,1
206,75,Lazio,Roma,1,1
206,76,Lazio,Roma,1,1
206,77,Lazio,Roma,1,1
206,78,Lazio,Roma,1,1
206,79,Lazio,Roma,1,1
206,80,Lazio,Roma,1,1
206,81,Lazio,Roma,1,1
206,82,Lazio,Roma,1,1
206,83,Lazio,Roma,1,1
206,84,Lazio,Roma,1,1
206,85,Lazio,Roma,1,1
206,86,Lazio,Roma,1,1
206,87,Lazio,Roma,1,1
206,88,Lazio,Roma,1,1
206,89,Lazio,Roma,1,1
206,90,Lazio,Roma,1,1
207,1,Lazio,Torino,0,0
207,2,Lazio,Torino,0,0
207,3,Lazio,Torino,0,0
207,4,Lazio,Torino,0,0
207,5,Lazio,Torino,0,0
207,6,Lazio,Torino,0,0
207,7,Lazio,Torino,0,0
207,8,Lazio,Torino,0,0
207,9,Lazio,Torino,0,0
207,10,Lazio,Torino,0,0
207,11,Lazio,Torino,0,0
207,12,Lazio,Torino,0,0
207,13,Lazio,Torino,0,0
207,14,Lazio,Torino,0,0
207,15,Lazio,Torino,0,0
207,16,Lazio,Torino,0,0
207,17,Lazio,Torino,0,0
207,18,Lazio,Torino,0,0
207,19,Lazio,Torino,0,0
207,20,Lazio,Torino,0,0
207,21,Lazio,Torino,0,0
207,22,Lazio,Torino,0,0
207,23,Lazio,Torino,0,0
207,24,Lazio,Torino,0,0
207,25,Lazio,Torino,0,0
207,26,Lazio,Torino,0,0
207,27,Lazio,Torino,0,0
207,28,Lazio,Torino,0,0
207,29,Lazio,Torino,0,0
207,30,Lazio,Torino,0,0
207,31,Lazio,Torino,0,0
207,32,Lazio,Torino,0,0
207,33,Lazio,Torino,0,0
207,34,Lazio,Torino,0,0
207,35,Lazio,Torino,0,0
207,36,Lazio,Torino,0,0
207,37,Lazio,Torino,0,0
207,38,Lazio,Torino,0,0
207,39,Lazio,Torino,0,0
207,40,Lazio,Torino,0,0
207,41,Lazio,Torino,0,0
207,42,Lazio,Torino,0,0
207,43,Lazio,Torino,0,0
207,44,Lazio,Torino,0,0
207,45,Lazio,Torino,0,0
207,46,Lazio,Torino,0,0
207,47,Lazio,Torino,0,0
207,48,Lazio,Torino,0,0
207,49,Lazio,Torino,0,0
207,50,Lazio,Torino,0,0
207,51,Lazio,Torino,0,0
207,52,Lazio,Torino,0,0
207,53,Lazio,Torino,0,0
207,54,Lazio,Torino,0,0
207,55,Lazio,Torino,0,0
207,56,Lazio,Torino,0,0
207,57,Lazio,Torino,1,0
207,58,Lazio,Torino,1,0
207,59,Lazio,Torino,1,0
207,60,Lazio,Torino,1,0
207,61,Lazio,Torino,1,0
207,62,Lazio,Torino,1,0
207,63,Lazio,Torino,1,0
207,64,Lazio,Torino,1,0
207,65,Lazio,Torino,1,0
207,66,Lazio,Torino,1,0
207,67,Lazio,Torino,1,0
207,68,Lazio,Torino,1,0
207,69,Lazio,Torino,1,0
207,70,Lazio,Torino,1,0
207,71,Lazio,Torino,1,0
207,72,Lazio,Torino,1,0
207,73,Lazio,Torino,1,0
207,74,Lazio,Torino,1,0
207,75,Lazio,Torino,1,0
207,76,Lazio,Torino,1,0
207,77,Lazio,Torino,1,0
207,78,Lazio,Torino,1,0
207,79,Lazio,Torino,1,0
207,80,Lazio,Torino,1,0
207,81,Lazio,Torino,1,0
207,82,Lazio,Torino,1,1
207,83,Lazio,Torino,1,1
207,84,Lazio,Torino,1,1
207,85,Lazio,Torino,1,1
207,86,Lazio,Torino,1,1
207,87,Lazio,Torino,1,1
207,88,Lazio,Torino,1,1
207,89,Lazio,Torino,1,1
207,90,Lazio,Torino,1,1
208,1,Lazio,Udinese,0,0
208,2,Lazio,Udinese,0,0
208,3,Lazio,Udinese,0,0
208,4,Lazio,Udinese,0,0
208,5,Lazio,Udinese,0,0
208,6,Lazio,Udinese,0,0
208,7,Lazio,Udinese,0,0
208,8,Lazio,Udinese,0,0
208,9,Lazio,Udinese,0,0
208,10,Lazio,Udinese,0,0
208,11,Lazio,Udinese,0,0
208,12,Lazio,Udinese,0,0
208,13,Lazio,Udinese,0,0
208,14,Lazio,Udinese,0,0
208,15,Lazio,Udinese,0,0
208,16,Lazio,Udinese,0,0
208,17,Lazio,Udinese,0,0
208,18,Lazio,Udinese,0,0
208,19,Lazio,Udinese,0,0
208,20,Lazio,Udinese,0,0
208,21,Lazio,Udinese,0,0
208,22,Lazio,Udinese,0,1
208,23,Lazio,Udinese,0,1
208,24,Lazio,Udinese,0,1
208,25,Lazio,Udinese,0,1
208,26,Lazio,Udinese,0,1
208,27,Lazio,Udinese,0,1
208,28,Lazio,Udinese,0,1
208,29,Lazio,Udinese,0,1
208,30,Lazio,Udinese,0,1
208,31,Lazio,Udinese,0,1
208,32,Lazio,Udinese,1,1
208,33,Lazio,Udinese,1,1
208,34,Lazio,Udinese,1,1
208,35,Lazio,Udinese,1,1
208,36,Lazio,Udinese,1,1
208,37,Lazio,Udinese,1,1
208,38,Lazio,Udinese,1,1
208,39,Lazio,Udinese,1,1
208,40,Lazio,Udinese,1,1
208,41,Lazio,Udinese,1,1
208,42,Lazio,Udinese,1,1
208,43,Lazio,Udinese,1,1
208,44,Lazio,Udinese,1,1
208,45,Lazio,Udinese,1,1
208,46,Lazio,Udinese,1,1
208,47,Lazio,Udinese,1,1
208,48,Lazio,Udinese,1,1
208,49,Lazio,Udinese,1,1
208,50,Lazio,Udinese,1,1
208,51,Lazio,Udinese,1,1
208,52,Lazio,Udinese,1,1
208,53,Lazio,Udinese,1,1
208,54,Lazio,Udinese,1,1
208,55,Lazio,Udinese,1,1
208,56,Lazio,Udinese,1,1
208,57,Lazio,Udinese,1,1
208,58,Lazio,Udinese,1,1
208,59,Lazio,Udinese,1,1
208,60,Lazio,Udinese,1,1
208,61,Lazio,Udinese,1,1
208,62,Lazio,Udinese,1,1
208,63,Lazio,Udinese,1,1
208,64,Lazio,Udinese,1,1
208,65,Lazio,Udinese,1,1
208,66,Lazio,Udinese,1,1
208,67,Lazio,Udinese,1,1
208,68,Lazio,Udinese,1,1
208,69,Lazio,Udinese,1,1
208,70,Lazio,Udinese,1,1
208,71,Lazio,Udinese,1,1
208,72,Lazio,Udinese,1,1
208,73,Lazio,Udinese,1,1
208,74,Lazio,Udinese,1,1
208,75,Lazio,Udinese,1,1
208,76,Lazio,Udinese,1,1
208,77,Lazio,Udinese,1,1
208,78,Lazio,Udinese,1,1
208,79,Lazio,Udinese,1,1
208,80,Lazio,Udinese,1,1
208,81,Lazio,Udinese,1,1
208,82,Lazio,Udinese,1,1
208,83,Lazio,Udinese,1,1
208,84,Lazio,Udinese,1,1
208,85,Lazio,Udinese,1,1
208,86,Lazio,Udinese,1,1
208,87,Lazio,Udinese,1,1
208,88,Lazio,Udinese,1,1
208,89,Lazio,Udinese,1,1
208,90,Lazio,Udinese,1,1
209,1,Lazio,Venezia,0,0
209,2,Lazio,Venezia,0,0
209,3,Lazio,Venezia,0,1
209,4,Lazio,Venezia,0,1
209,5,Lazio,Venezia,0,1
209,6,Lazio,Venezia,0,1
209,7,Lazio,Venezia,0,1
209,8,Lazio,Venezia,0,1
209,9,Lazio,Venezia,0,1
209,10,Lazio,Venezia,0,1
209,11,Lazio,Venezia,1,1
209,12,Lazio,Venezia,1,1
209,13,Lazio,Venezia,1,1
209,14,Lazio,Venezia,1,1
209,15,Lazio,Venezia,1,1
209,16,Lazio,Venezia,1,1
209,17,Lazio,Venezia,1,1
209,18,Lazio,Venezia,1,1
209,19,Lazio,Venezia,1,1
209,20,Lazio,Venezia,1,1
209,21,Lazio,Venezia,1,1
209,22,Lazio,Venezia,1,1
209,23,Lazio,Venezia,1,1
209,24,Lazio,Venezia,1,1
209,25,Lazio,Venezia,1,1
209,26,Lazio,Venezia,1,1
209,27,Lazio,Venezia,1,1
209,28,Lazio,Venezia,1,1
209,29,Lazio,Venezia,1,1
209,30,Lazio,Venezia,1,1
209,31,Lazio,Venezia,1,1
209,32,Lazio,Venezia,1,1
209,33,Lazio,Venezia,1,1
209,34,Lazio,Venezia,1,1
209,35,Lazio,Venezia,1,1
209,36,Lazio,Venezia,1,1
209,37,Lazio,Venezia,1,1
209,38,Lazio,Venezia,1,1
209,39,Lazio,Venezia,1,1
209,40,Lazio,Venezia,1,1
209,41,Lazio,Venezia,1,1
209,42,Lazio,Venezia,1,1
209,43,Lazio,Venezia,1,1
209,44,Lazio,Venezia,2,1
209,45,Lazio,Venezia,2,1
209,46,Lazio,Venezia,2,1
209,47,Lazio,Venezia,2,1
209,48,Lazio,Venezia,2,1
209,49,Lazio,Venezia,2,1
209,50,Lazio,Venezia,2,1
209,51,Lazio,Venezia,2,1
209,52,Lazio,Venezia,2,1
209,53,Lazio,Venezia,2,1
209,54,Lazio,Venezia,2,1
209,55,Lazio,Venezia,2,1
209,56,Lazio,Venezia,2,1
209,57,Lazio,Venezia,2,1
209,58,Lazio,Venezia,2,1
209,59,Lazio,Venezia,2,1
209,60,Lazio,Venezia,2,1
209,61,Lazio,Venezia,2,1
209,62,Lazio,Venezia,2,1
209,63,Lazio,Venezia,2,1
209,64,Lazio,Venezia,2,1
209,65,Lazio,Venezia,2,1
209,66,Lazio,Venezia,2,1
209,67,Lazio,Venezia,2,1
209,68,Lazio,Venezia,2,1
209,69,Lazio,Venezia,2,1
209,70,Lazio,Venezia,2,1
209,71,Lazio,Venezia,2,1
209,72,Lazio,Venezia,2,1
209,73,Lazio,Venezia,2,1
209,74,Lazio,Venezia,2,1
209,75,Lazio,Venezia,2,1
209,76,Lazio,Venezia,2,1
209,77,Lazio,Venezia,2,1
209,78,Lazio,Venezia,2,1
209,79,Lazio,Venezia,2,1
209,80,Lazio,Venezia,2,1
209,81,Lazio,Venezia,3,1
209,82,Lazio,Venezia,3,1
209,83,Lazio,Venezia,3,1
209,84,Lazio,Venezia,3,1
209,85,Lazio,Venezia,3,1
209,86,Lazio,Venezia,3,1
209,87,Lazio,Venezia,3,1
209,88,Lazio,Venezia,3,1
209,89,Lazio,Venezia,3,1
209,90,Lazio,Venezia,3,1
210,1,Lecce,Atalanta,0,0
210,2,Lecce,Atalanta,0,0
210,3,Lecce,Atalanta,0,0
210,4,Lecce,Atalanta,0,0
210,5,Lecce,Atalanta,0,0
210,6,Lecce,Atalanta,0,0
210,7,Lecce,Atalanta,0,0
210,8,Lecce,Atalanta,0,0
210,9,Lecce,Atalanta,0,0
210,10,Lecce,Atalanta,0,0
210,11,Lecce,Atalanta,0,0
210,12,Lecce,Atalanta,0,0
210,13,Lecce,Atalanta,0,0
210,14,Lecce,Atalanta,0,0
210,15,Lecce,Atalanta,0,0
210,16,Lecce,Atalanta,0,0
210,17,Lecce,Atalanta,0,0
210,18,Lecce,Atalanta,0,0
210,19,Lecce,Atalanta,0,0
210,20,Lecce,Atalanta,0,0
210,21,Lecce,Atalanta,0,0
210,22,Lecce,Atalanta,0,0
210,23,Lecce,Atalanta,0,0
210,24,Lecce,Atalanta,0,0
210,25,Lecce,Atalanta,0,0
210,26,Lecce,Atalanta,0,0
210,27,Lecce,Atalanta,0,0
210,28,Lecce,Atalanta,0,0
210,29,Lecce,Atalanta,0,0
210,30,Lecce,Atalanta,0,0
210,31,Lecce,Atalanta,0,0
210,32,Lecce,Atalanta,0,0
210,33,Lecce,Atalanta,0,0
210,34,Lecce,Atalanta,0,0
210,35,Lecce,Atalanta,0,1
210,36,Lecce,Atalanta,0,1
210,37,Lecce,Atalanta,0,1
210,38,Lecce,Atalanta,0,1
210,39,Lecce,Atalanta,0,1
210,40,Lecce,Atalanta,0,1
210,41,Lecce,Atalanta,0,1
210,42,Lecce,Atalanta,0,1
210,43,Lecce,Atalanta,0,1
210,44,Lecce,Atalanta,0,1
210,45,Lecce,Atalanta,0,2
210,46,Lecce,Atalanta,0,2
210,47,Lecce,Atalanta,0,2
210,48,Lecce,Atalanta,0,2
210,49,Lecce,Atalanta,0,2
210,50,Lecce,Atalanta,0,2
210,51,Lecce,Atalanta,0,2
210,52,Lecce,Atalanta,0,2
210,53,Lecce,Atalanta,0,2
210,54,Lecce,Atalanta,0,2
210,55,Lecce,Atalanta,0,2
210,56,Lecce,Atalanta,0,2
210,57,Lecce,Atalanta,0,3
210,58,Lecce,Atalanta,0,3
210,59,Lecce,Atalanta,0,3
210,60,Lecce,Atalanta,0,3
210,61,Lecce,Atalanta,0,3
210,62,Lecce,Atalanta,0,3
210,63,Lecce,Atalanta,0,3
210,64,Lecce,Atalanta,0,3
210,65,Lecce,Atalanta,0,3
210,66,Lecce,Atalanta,0,4
210,67,Lecce,Atalanta,0,4
210,68,Lecce,Atalanta,0,4
210,69,Lecce,Atalanta,0,4
210,70,Lecce,Atalanta,0,4
210,71,Lecce,Atalanta,0,4
210,72,Lecce,Atalanta,0,4
210,73,Lecce,Atalanta,0,4
210,74,Lecce,Atalanta,0,4
210,75,Lecce,Atalanta,0,4
210,76,Lecce,Atalanta,0,4
210,77,Lecce,Atalanta,0,4
210,78,Lecce,Atalanta,0,4
210,79,Lecce,Atalanta,0,4
210,80,Lecce,Atalanta,0,4
210,81,Lecce,Atalanta,0,4
210,82,Lecce,Atalanta,0,4
210,83,Lecce,Atalanta,0,4
210,84,Lecce,Atalanta,0,4
210,85,Lecce,Atalanta,0,4
210,86,Lecce,Atalanta,0,4
210,87,Lecce,Atalanta,0,4
210,88,Lecce,Atalanta,0,4
210,89,Lecce,Atalanta,0,4
210,90,Lecce,Atalanta,0,4
211,1,Lecce,Bologna,0,0
211,2,Lecce,Bologna,0,0
211,3,Lecce,Bologna,0,0
211,4,Lecce,Bologna,0,0
211,5,Lecce,Bologna,0,0
211,6,Lecce,Bologna,0,0
211,7,Lecce,Bologna,0,0
211,8,Lecce,Bologna,0,0
211,9,Lecce,Bologna,0,0
211,10,Lecce,Bologna,0,0
211,11,Lecce,Bologna,0,0
211,12,Lecce,Bologna,0,0
211,13,Lecce,Bologna,0,0
211,14,Lecce,Bologna,0,0
211,15,Lecce,Bologna,0,0
211,16,Lecce,Bologna,0,0
211,17,Lecce,Bologna,0,0
211,18,Lecce,Bologna,0,0
211,19,Lecce,Bologna,0,0
211,20,Lecce,Bologna,0,0
211,21,Lecce,Bologna,0,0
211,22,Lecce,Bologna,0,0
211,23,Lecce,Bologna,0,0
211,24,Lecce,Bologna,0,0
211,25,Lecce,Bologna,0,0
211,26,Lecce,Bologna,0,0
211,27,Lecce,Bologna,0,0
211,28,Lecce,Bologna,0,0
211,29,Lecce,Bologna,0,0
211,30,Lecce,Bologna,0,0
211,31,Lecce,Bologna,0,0
211,32,Lecce,Bologna,0,0
211,33,Lecce,Bologna,0,0
211,34,Lecce,Bologna,0,0
211,35,Lecce,Bologna,0,0
211,36,Lecce,Bologna,0,0
211,37,Lecce,Bologna,0,0
211,38,Lecce,Bologna,0,0
211,39,Lecce,Bologna,0,0
211,40,Lecce,Bologna,0,0
211,41,Lecce,Bologna,0,0
211,42,Lecce,Bologna,0,0
211,43,Lecce,Bologna,0,0
211,44,Lecce,Bologna,0,0
211,45,Lecce,Bologna,0,0
211,46,Lecce,Bologna,0,0
211,47,Lecce,Bologna,0,0
211,48,Lecce,Bologna,0,0
211,49,Lecce,Bologna,0,0
211,50,Lecce,Bologna,0,0
211,51,Lecce,Bologna,0,0
211,52,Lecce,Bologna,0,0
211,53,Lecce,Bologna,0,0
211,54,Lecce,Bologna,0,0
211,55,Lecce,Bologna,0,0
211,56,Lecce,Bologna,0,0
211,57,Lecce,Bologna,0,0
211,58,Lecce,Bologna,0,0
211,59,Lecce,Bologna,0,0
211,60,Lecce,Bologna,0,0
211,61,Lecce,Bologna,0,0
211,62,Lecce,Bologna,0,0
211,63,Lecce,Bologna,0,0
211,64,Lecce,Bologna,0,0
211,65,Lecce,Bologna,0,0
211,66,Lecce,Bologna,0,0
211,67,Lecce,Bologna,0,0
211,68,Lecce,Bologna,0,0
211,69,Lecce,Bologna,0,0
211,70,Lecce,Bologna,0,0
211,71,Lecce,Bologna,0,0
211,72,Lecce,Bologna,0,0
211,73,Lecce,Bologna,0,0
211,74,Lecce,Bologna,0,0
211,75,Lecce,Bologna,0,0
211,76,Lecce,Bologna,0,0
211,77,Lecce,Bologna,0,0
211,78,Lecce,Bologna,0,0
211,79,Lecce,Bologna,0,0
211,80,Lecce,Bologna,0,0
211,81,Lecce,Bologna,0,0
211,82,Lecce,Bologna,0,0
211,83,Lecce,Bologna,0,0
211,84,Lecce,Bologna,0,0
211,85,Lecce,Bologna,0,0
211,86,Lecce,Bologna,0,0
211,87,Lecce,Bologna,0,0
211,88,Lecce,Bologna,0,0
211,89,Lecce,Bologna,0,0
211,90,Lecce,Bologna,0,0
212,1,Lecce,Cagliari,0,0
212,2,Lecce,Cagliari,0,0
212,3,Lecce,Cagliari,0,0
212,4,Lecce,Cagliari,0,0
212,5,Lecce,Cagliari,0,0
212,6,Lecce,Cagliari,0,0
212,7,Lecce,Cagliari,0,0
212,8,Lecce,Cagliari,0,0
212,9,Lecce,Cagliari,0,0
212,10,Lecce,Cagliari,0,0
212,11,Lecce,Cagliari,0,0
212,12,Lecce,Cagliari,0,0
212,13,Lecce,Cagliari,0,0
212,14,Lecce,Cagliari,0,0
212,15,Lecce,Cagliari,0,0
212,16,Lecce,Cagliari,0,0
212,17,Lecce,Cagliari,0,0
212,18,Lecce,Cagliari,0,0
212,19,Lecce,Cagliari,0,0
212,20,Lecce,Cagliari,0,0
212,21,Lecce,Cagliari,0,0
212,22,Lecce,Cagliari,0,0
212,23,Lecce,Cagliari,0,0
212,24,Lecce,Cagliari,0,0
212,25,Lecce,Cagliari,0,0
212,26,Lecce,Cagliari,1,0
212,27,Lecce,Cagliari,1,0
212,28,Lecce,Cagliari,1,0
212,29,Lecce,Cagliari,1,0
212,30,Lecce,Cagliari,1,0
212,31,Lecce,Cagliari,1,0
212,32,Lecce,Cagliari,1,0
212,33,Lecce,Cagliari,1,0
212,34,Lecce,Cagliari,1,0
212,35,Lecce,Cagliari,1,0
212,36,Lecce,Cagliari,1,0
212,37,Lecce,Cagliari,1,0
212,38,Lecce,Cagliari,1,0
212,39,Lecce,Cagliari,1,0
212,40,Lecce,Cagliari,1,0
212,41,Lecce,Cagliari,1,0
212,42,Lecce,Cagliari,1,0
212,43,Lecce,Cagliari,1,0
212,44,Lecce,Cagliari,1,0
212,45,Lecce,Cagliari,1,0
212,46,Lecce,Cagliari,1,0
212,47,Lecce,Cagliari,1,0
212,48,Lecce,Cagliari,1,0
212,49,Lecce,Cagliari,1,0
212,50,Lecce,Cagliari,1,0
212,51,Lecce,Cagliari,1,0
212,52,Lecce,Cagliari,1,0
212,53,Lecce,Cagliari,1,0
212,54,Lecce,Cagliari,1,0
212,55,Lecce,Cagliari,1,0
212,56,Lecce,Cagliari,1,0
212,57,Lecce,Cagliari,1,0
212,58,Lecce,Cagliari,1,0
212,59,Lecce,Cagliari,1,0
212,60,Lecce,Cagliari,1,0
212,61,Lecce,Cagliari,1,0
212,62,Lecce,Cagliari,1,0
212,63,Lecce,Cagliari,1,0
212,64,Lecce,Cagliari,1,0
212,65,Lecce,Cagliari,1,0
212,66,Lecce,Cagliari,1,0
212,67,Lecce,Cagliari,1,0
212,68,Lecce,Cagliari,1,0
212,69,Lecce,Cagliari,1,0
212,70,Lecce,Cagliari,1,0
212,71,Lecce,Cagliari,1,0
212,72,Lecce,Cagliari,1,0
212,73,Lecce,Cagliari,1,0
212,74,Lecce,Cagliari,1,0
212,75,Lecce,Cagliari,1,0
212,76,Lecce,Cagliari,1,0
212,77,Lecce,Cagliari,1,0
212,78,Lecce,Cagliari,1,0
212,79,Lecce,Cagliari,1,0
212,80,Lecce,Cagliari,1,0
212,81,Lecce,Cagliari,1,0
212,82,Lecce,Cagliari,1,0
212,83,Lecce,Cagliari,1,0
212,84,Lecce,Cagliari,1,0
212,85,Lecce,Cagliari,1,0
212,86,Lecce,Cagliari,1,0
212,87,Lecce,Cagliari,1,0
212,88,Lecce,Cagliari,1,0
212,89,Lecce,Cagliari,1,0
212,90,Lecce,Cagliari,1,0
213,1,Lecce,Como,0,0
213,2,Lecce,Como,0,0
213,3,Lecce,Como,0,0
213,4,Lecce,Como,0,0
213,5,Lecce,Como,0,0
213,6,Lecce,Como,0,0
213,7,Lecce,Como,0,0
213,8,Lecce,Como,0,0
213,9,Lecce,Como,0,0
213,10,Lecce,Como,0,0
213,11,Lecce,Como,0,0
213,12,Lecce,Como,0,0
213,13,Lecce,Como,0,0
213,14,Lecce,Como,0,0
213,15,Lecce,Como,0,0
213,16,Lecce,Como,0,0
213,17,Lecce,Como,0,0
213,18,Lecce,Como,0,0
213,19,Lecce,Como,0,0
213,20,Lecce,Como,0,0
213,21,Lecce,Como,0,0
213,22,Lecce,Como,0,0
213,23,Lecce,Como,0,0
213,24,Lecce,Como,0,0
213,25,Lecce,Como,0,0
213,26,Lecce,Como,0,0
213,27,Lecce,Como,0,0
213,28,Lecce,Como,0,0
213,29,Lecce,Como,0,0
213,30,Lecce,Como,0,0
213,31,Lecce,Como,0,0
213,32,Lecce,Como,0,0
213,33,Lecce,Como,0,1
213,34,Lecce,Como,0,1
213,35,Lecce,Como,0,1
213,36,Lecce,Como,0,1
213,37,Lecce,Como,0,1
213,38,Lecce,Como,0,1
213,39,Lecce,Como,0,1
213,40,Lecce,Como,0,1
213,41,Lecce,Como,0,1
213,42,Lecce,Como,0,1
213,43,Lecce,Como,0,1
213,44,Lecce,Como,0,1
213,45,Lecce,Como,0,1
213,46,Lecce,Como,0,1
213,47,Lecce,Como,0,1
213,48,Lecce,Como,0,1
213,49,Lecce,Como,0,1
213,50,Lecce,Como,0,1
213,51,Lecce,Como,0,1
213,52,Lecce,Como,0,1
213,53,Lecce,Como,0,1
213,54,Lecce,Como,0,1
213,55,Lecce,Como,0,1
213,56,Lecce,Como,0,1
213,57,Lecce,Como,0,1
213,58,Lecce,Como,0,1
213,59,Lecce,Como,0,1
213,60,Lecce,Como,0,1
213,61,Lecce,Como,0,1
213,62,Lecce,Como,0,1
213,63,Lecce,Como,0,1
213,64,Lecce,Como,0,1
213,65,Lecce,Como,0,1
213,66,Lecce,Como,0,1
213,67,Lecce,Como,0,1
213,68,Lecce,Como,0,1
213,69,Lecce,Como,0,1
213,70,Lecce,Como,0,1
213,71,Lecce,Como,0,1
213,72,Lecce,Como,0,1
213,73,Lecce,Como,0,1
213,74,Lecce,Como,0,1
213,75,Lecce,Como,0,1
213,76,Lecce,Como,0,1
213,77,Lecce,Como,0,1
213,78,Lecce,Como,0,1
213,79,Lecce,Como,0,1
213,80,Lecce,Como,0,1
213,81,Lecce,Como,0,1
213,82,Lecce,Como,0,1
213,83,Lecce,Como,0,1
213,84,Lecce,Como,0,2
213,85,Lecce,Como,0,2
213,86,Lecce,Como,0,2
213,87,Lecce,Como,0,2
213,88,Lecce,Como,0,2
213,89,Lecce,Como,0,2
213,90,Lecce,Como,0,3
214,1,Lecce,Empoli,0,0
214,2,Lecce,Empoli,0,0
214,3,Lecce,Empoli,0,0
214,4,Lecce,Empoli,0,0
214,5,Lecce,Empoli,0,0
214,6,Lecce,Empoli,0,0
214,7,Lecce,Empoli,0,0
214,8,Lecce,Empoli,0,0
214,9,Lecce,Empoli,0,0
214,10,Lecce,Empoli,0,0
214,11,Lecce,Empoli,0,0
214,12,Lecce,Empoli,0,0
214,13,Lecce,Empoli,0,0
214,14,Lecce,Empoli,0,0
214,15,Lecce,Empoli,0,0
214,16,Lecce,Empoli,0,0
214,17,Lecce,Empoli,0,0
214,18,Lecce,Empoli,0,0
214,19,Lecce,Empoli,0,0
214,20,Lecce,Empoli,0,0
214,21,Lecce,Empoli,0,0
214,22,Lecce,Empoli,0,0
214,23,Lecce,Empoli,0,0
214,24,Lecce,Empoli,0,0
214,25,Lecce,Empoli,0,0
214,26,Lecce,Empoli,0,0
214,27,Lecce,Empoli,0,0
214,28,Lecce,Empoli,0,0
214,29,Lecce,Empoli,0,0
214,30,Lecce,Empoli,0,0
214,31,Lecce,Empoli,0,0
214,32,Lecce,Empoli,0,0
214,33,Lecce,Empoli,0,1
214,34,Lecce,Empoli,0,1
214,35,Lecce,Empoli,0,1
214,36,Lecce,Empoli,0,1
214,37,Lecce,Empoli,0,1
214,38,Lecce,Empoli,0,1
214,39,Lecce,Empoli,0,1
214,40,Lecce,Empoli,0,1
214,41,Lecce,Empoli,0,1
214,42,Lecce,Empoli,0,1
214,43,Lecce,Empoli,0,1
214,44,Lecce,Empoli,0,1
214,45,Lecce,Empoli,0,1
214,46,Lecce,Empoli,0,1
214,47,Lecce,Empoli,0,1
214,48,Lecce,Empoli,0,1
214,49,Lecce,Empoli,0,1
214,50,Lecce,Empoli,0,1
214,51,Lecce,Empoli,0,1
214,52,Lecce,Empoli,0,1
214,53,Lecce,Empoli,0,1
214,54,Lecce,Empoli,0,1
214,55,Lecce,Empoli,0,1
214,56,Lecce,Empoli,0,1
214,57,Lecce,Empoli,0,1
214,58,Lecce,Empoli,0,1
214,59,Lecce,Empoli,0,1
214,60,Lecce,Empoli,0,1
214,61,Lecce,Empoli,0,1
214,62,Lecce,Empoli,0,1
214,63,Lecce,Empoli,0,1
214,64,Lecce,Empoli,0,1
214,65,Lecce,Empoli,0,1
214,66,Lecce,Empoli,0,1
214,67,Lecce,Empoli,0,1
214,68,Lecce,Empoli,0,1
214,69,Lecce,Empoli,0,1
214,70,Lecce,Empoli,0,1
214,71,Lecce,Empoli,0,1
214,72,Lecce,Empoli,0,1
214,73,Lecce,Empoli,0,1
214,74,Lecce,Empoli,0,1
214,75,Lecce,Empoli,0,1
214,76,Lecce,Empoli,0,1
214,77,Lecce,Empoli,1,1
214,78,Lecce,Empoli,1,1
214,79,Lecce,Empoli,1,1
214,80,Lecce,Empoli,1,1
214,81,Lecce,Empoli,1,1
214,82,Lecce,Empoli,1,1
214,83,Lecce,Empoli,1,1
214,84,Lecce,Empoli,1,1
214,85,Lecce,Empoli,1,1
214,86,Lecce,Empoli,1,1
214,87,Lecce,Empoli,1,1
214,88,Lecce,Empoli,1,1
214,89,Lecce,Empoli,1,1
214,90,Lecce,Empoli,1,1
215,1,Lecce,Fiorentina,0,0
215,2,Lecce,Fiorentina,0,0
215,3,Lecce,Fiorentina,0,0
215,4,Lecce,Fiorentina,0,0
215,5,Lecce,Fiorentina,0,0
215,6,Lecce,Fiorentina,0,0
215,7,Lecce,Fiorentina,0,0
215,8,Lecce,Fiorentina,0,0
215,9,Lecce,Fiorentina,0,0
215,10,Lecce,Fiorentina,0,0
215,11,Lecce,Fiorentina,0,0
215,12,Lecce,Fiorentina,0,0
215,13,Lecce,Fiorentina,0,0
215,14,Lecce,Fiorentina,0,0
215,15,Lecce,Fiorentina,0,0
215,16,Lecce,Fiorentina,0,0
215,17,Lecce,Fiorentina,0,0
215,18,Lecce,Fiorentina,0,0
215,19,Lecce,Fiorentina,0,0
215,20,Lecce,Fiorentina,0,1
215,21,Lecce,Fiorentina,0,1
215,22,Lecce,Fiorentina,0,1
215,23,Lecce,Fiorentina,0,1
215,24,Lecce,Fiorentina,0,1
215,25,Lecce,Fiorentina,0,1
215,26,Lecce,Fiorentina,0,1
215,27,Lecce,Fiorentina,0,1
215,28,Lecce,Fiorentina,0,1
215,29,Lecce,Fiorentina,0,1
215,30,Lecce,Fiorentina,0,1
215,31,Lecce,Fiorentina,0,1
215,32,Lecce,Fiorentina,0,1
215,33,Lecce,Fiorentina,0,1
215,34,Lecce,Fiorentina,0,2
215,35,Lecce,Fiorentina,0,2
215,36,Lecce,Fiorentina,0,2
215,37,Lecce,Fiorentina,0,2
215,38,Lecce,Fiorentina,0,2
215,39,Lecce,Fiorentina,0,2
215,40,Lecce,Fiorentina,0,2
215,41,Lecce,Fiorentina,0,2
215,42,Lecce,Fiorentina,0,2
215,43,Lecce,Fiorentina,0,2
215,44,Lecce,Fiorentina,0,2
215,45,Lecce,Fiorentina,0,3
215,46,Lecce,Fiorentina,0,3
215,47,Lecce,Fiorentina,0,3
215,48,Lecce,Fiorentina,0,3
215,49,Lecce,Fiorentina,0,3
215,50,Lecce,Fiorentina,0,3
215,51,Lecce,Fiorentina,0,3
215,52,Lecce,Fiorentina,0,3
215,53,Lecce,Fiorentina,0,3
215,54,Lecce,Fiorentina,0,4
215,55,Lecce,Fiorentina,0,4
215,56,Lecce,Fiorentina,0,4
215,57,Lecce,Fiorentina,0,4
215,58,Lecce,Fiorentina,0,4
215,59,Lecce,Fiorentina,0,4
215,60,Lecce,Fiorentina,0,4
215,61,Lecce,Fiorentina,0,5
215,62,Lecce,Fiorentina,0,5
215,63,Lecce,Fiorentina,0,5
215,64,Lecce,Fiorentina,0,5
215,65,Lecce,Fiorentina,0,5
215,66,Lecce,Fiorentina,0,5
215,67,Lecce,Fiorentina,0,5
215,68,Lecce,Fiorentina,0,5
215,69,Lecce,Fiorentina,0,5
215,70,Lecce,Fiorentina,0,5
215,71,Lecce,Fiorentina,0,5
215,72,Lecce,Fiorentina,0,6
215,73,Lecce,Fiorentina,0,6
215,74,Lecce,Fiorentina,0,6
215,75,Lecce,Fiorentina,0,6
215,76,Lecce,Fiorentina,0,6
215,77,Lecce,Fiorentina,0,6
215,78,Lecce,Fiorentina,0,6
215,79,Lecce,Fiorentina,0,6
215,80,Lecce,Fiorentina,0,6
215,81,Lecce,Fiorentina,0,6
215,82,Lecce,Fiorentina,0,6
215,83,Lecce,Fiorentina,0,6
215,84,Lecce,Fiorentina,0,6
215,85,Lecce,Fiorentina,0,6
215,86,Lecce,Fiorentina,0,6
215,87,Lecce,Fiorentina,0,6
215,88,Lecce,Fiorentina,0,6
215,89,Lecce,Fiorentina,0,6
215,90,Lecce,Fiorentina,0,6
216,1,Lecce,Genoa,0,0
216,2,Lecce,Genoa,0,0
216,3,Lecce,Genoa,0,0
216,4,Lecce,Genoa,0,0
216,5,Lecce,Genoa,0,0
216,6,Lecce,Genoa,0,0
216,7,Lecce,Genoa,0,0
216,8,Lecce,Genoa,0,0
216,9,Lecce,Genoa,0,0
216,10,Lecce,Genoa,0,0
216,11,Lecce,Genoa,0,0
216,12,Lecce,Genoa,0,0
216,13,Lecce,Genoa,0,0
216,14,Lecce,Genoa,0,0
216,15,Lecce,Genoa,0,0
216,16,Lecce,Genoa,0,0
216,17,Lecce,Genoa,0,0
216,18,Lecce,Genoa,0,0
216,19,Lecce,Genoa,0,0
216,20,Lecce,Genoa,0,0
216,21,Lecce,Genoa,0,0
216,22,Lecce,Genoa,0,0
216,23,Lecce,Genoa,0,0
216,24,Lecce,Genoa,0,0
216,25,Lecce,Genoa,0,0
216,26,Lecce,Genoa,0,0
216,27,Lecce,Genoa,0,0
216,28,Lecce,Genoa,0,0
216,29,Lecce,Genoa,0,0
216,30,Lecce,Genoa,0,0
216,31,Lecce,Genoa,0,0
216,32,Lecce,Genoa,0,0
216,33,Lecce,Genoa,0,0
216,34,Lecce,Genoa,0,0
216,35,Lecce,Genoa,0,0
216,36,Lecce,Genoa,0,0
216,37,Lecce,Genoa,0,0
216,38,Lecce,Genoa,0,0
216,39,Lecce,Genoa,0,0
216,40,Lecce,Genoa,0,0
216,41,Lecce,Genoa,0,0
216,42,Lecce,Genoa,0,0
216,43,Lecce,Genoa,0,0
216,44,Lecce,Genoa,0,0
216,45,Lecce,Genoa,0,0
216,46,Lecce,Genoa,0,0
216,47,Lecce,Genoa,0,0
216,48,Lecce,Genoa,0,0
216,49,Lecce,Genoa,0,0
216,50,Lecce,Genoa,0,0
216,51,Lecce,Genoa,0,0
216,52,Lecce,Genoa,0,0
216,53,Lecce,Genoa,0,0
216,54,Lecce,Genoa,0,0
216,55,Lecce,Genoa,0,0
216,56,Lecce,Genoa,0,0
216,57,Lecce,Genoa,0,0
216,58,Lecce,Genoa,0,0
216,59,Lecce,Genoa,0,0
216,60,Lecce,Genoa,0,0
216,61,Lecce,Genoa,0,0
216,62,Lecce,Genoa,0,0
216,63,Lecce,Genoa,0,0
216,64,Lecce,Genoa,0,0
216,65,Lecce,Genoa,0,0
216,66,Lecce,Genoa,0,0
216,67,Lecce,Genoa,0,0
216,68,Lecce,Genoa,0,0
216,69,Lecce,Genoa,0,0
216,70,Lecce,Genoa,0,0
216,71,Lecce,Genoa,0,0
216,72,Lecce,Genoa,0,0
216,73,Lecce,Genoa,0,0
216,74,Lecce,Genoa,0,0
216,75,Lecce,Genoa,0,0
216,76,Lecce,Genoa,0,0
216,77,Lecce,Genoa,0,0
216,78,Lecce,Genoa,0,0
216,79,Lecce,Genoa,0,0
216,80,Lecce,Genoa,0,0
216,81,Lecce,Genoa,0,0
216,82,Lecce,Genoa,0,0
216,83,Lecce,Genoa,0,0
216,84,Lecce,Genoa,0,0
216,85,Lecce,Genoa,0,0
216,86,Lecce,Genoa,0,0
216,87,Lecce,Genoa,0,0
216,88,Lecce,Genoa,0,0
216,89,Lecce,Genoa,0,0
216,90,Lecce,Genoa,0,0
217,1,Lecce,Hellas Verona,0,0
217,2,Lecce,Hellas Verona,0,0
217,3,Lecce,Hellas Verona,0,0
217,4,Lecce,Hellas Verona,0,0
217,5,Lecce,Hellas Verona,0,0
217,6,Lecce,Hellas Verona,0,0
217,7,Lecce,Hellas Verona,0,0
217,8,Lecce,Hellas Verona,0,0
217,9,Lecce,Hellas Verona,0,0
217,10,Lecce,Hellas Verona,0,0
217,11,Lecce,Hellas Verona,0,0
217,12,Lecce,Hellas Verona,0,0
217,13,Lecce,Hellas Verona,0,0
217,14,Lecce,Hellas Verona,0,0
217,15,Lecce,Hellas Verona,0,0
217,16,Lecce,Hellas Verona,0,0
217,17,Lecce,Hellas Verona,0,0
217,18,Lecce,Hellas Verona,0,0
217,19,Lecce,Hellas Verona,0,0
217,20,Lecce,Hellas Verona,0,0
217,21,Lecce,Hellas Verona,0,0
217,22,Lecce,Hellas Verona,0,0
217,23,Lecce,Hellas Verona,0,0
217,24,Lecce,Hellas Verona,0,0
217,25,Lecce,Hellas Verona,0,0
217,26,Lecce,Hellas Verona,0,0
217,27,Lecce,Hellas Verona,0,0
217,28,Lecce,Hellas Verona,0,0
217,29,Lecce,Hellas Verona,0,0
217,30,Lecce,Hellas Verona,0,0
217,31,Lecce,Hellas Verona,0,0
217,32,Lecce,Hellas Verona,0,0
217,33,Lecce,Hellas Verona,0,0
217,34,Lecce,Hellas Verona,0,0
217,35,Lecce,Hellas Verona,0,0
217,36,Lecce,Hellas Verona,0,0
217,37,Lecce,Hellas Verona,0,0
217,38,Lecce,Hellas Verona,0,0
217,39,Lecce,Hellas Verona,0,0
217,40,Lecce,Hellas Verona,0,0
217,41,Lecce,Hellas Verona,0,0
217,42,Lecce,Hellas Verona,0,0
217,43,Lecce,Hellas Verona,0,0
217,44,Lecce,Hellas Verona,0,0
217,45,Lecce,Hellas Verona,0,0
217,46,Lecce,Hellas Verona,0,0
217,47,Lecce,Hellas Verona,0,0
217,48,Lecce,Hellas Verona,0,0
217,49,Lecce,Hellas Verona,0,0
217,50,Lecce,Hellas Verona,0,0
217,51,Lecce,Hellas Verona,1,0
217,52,Lecce,Hellas Verona,1,0
217,53,Lecce,Hellas Verona,1,0
217,54,Lecce,Hellas Verona,1,0
217,55,Lecce,Hellas Verona,1,0
217,56,Lecce,Hellas Verona,1,0
217,57,Lecce,Hellas Verona,1,0
217,58,Lecce,Hellas Verona,1,0
217,59,Lecce,Hellas Verona,1,0
217,60,Lecce,Hellas Verona,1,0
217,61,Lecce,Hellas Verona,1,0
217,62,Lecce,Hellas Verona,1,0
217,63,Lecce,Hellas Verona,1,0
217,64,Lecce,Hellas Verona,1,0
217,65,Lecce,Hellas Verona,1,0
217,66,Lecce,Hellas Verona,1,0
217,67,Lecce,Hellas Verona,1,0
217,68,Lecce,Hellas Verona,1,0
217,69,Lecce,Hellas Verona,1,0
217,70,Lecce,Hellas Verona,1,0
217,71,Lecce,Hellas Verona,1,0
217,72,Lecce,Hellas Verona,1,0
217,73,Lecce,Hellas Verona,1,0
217,74,Lecce,Hellas Verona,1,0
217,75,Lecce,Hellas Verona,1,0
217,76,Lecce,Hellas Verona,1,0
217,77,Lecce,Hellas Verona,1,0
217,78,Lecce,Hellas Verona,1,0
217,79,Lecce,Hellas Verona,1,0
217,80,Lecce,Hellas Verona,1,0
217,81,Lecce,Hellas Verona,1,0
217,82,Lecce,Hellas Verona,1,0
217,83,Lecce,Hellas Verona,1,0
217,84,Lecce,Hellas Verona,1,0
217,85,Lecce,Hellas Verona,1,0
217,86,Lecce,Hellas Verona,1,0
217,87,Lecce,Hellas Verona,1,0
217,88,Lecce,Hellas Verona,1,0
217,89,Lecce,Hellas Verona,1,0
217,90,Lecce,Hellas Verona,1,0
218,1,Lecce,Inter Milan,0,0
218,2,Lecce,Inter Milan,0,0
218,3,Lecce,Inter Milan,0,0
218,4,Lecce,Inter Milan,0,0
218,5,Lecce,Inter Milan,0,0
218,6,Lecce,Inter Milan,0,1
218,7,Lecce,Inter Milan,0,1
218,8,Lecce,Inter Milan,0,1
218,9,Lecce,Inter Milan,0,1
218,10,Lecce,Inter Milan,0,1
218,11,Lecce,Inter Milan,0,1
218,12,Lecce,Inter Milan,0,1
218,13,Lecce,Inter Milan,0,1
218,14,Lecce,Inter Milan,0,1
218,15,Lecce,Inter Milan,0,1
218,16,Lecce,Inter Milan,0,1
218,17,Lecce,Inter Milan,0,1
218,18,Lecce,Inter Milan,0,1
218,19,Lecce,Inter Milan,0,1
218,20,Lecce,Inter Milan,0,1
218,21,Lecce,Inter Milan,0,1
218,22,Lecce,Inter Milan,0,1
218,23,Lecce,Inter Milan,0,1
218,24,Lecce,Inter Milan,0,1
218,25,Lecce,Inter Milan,0,1
218,26,Lecce,Inter Milan,0,1
218,27,Lecce,Inter Milan,0,1
218,28,Lecce,Inter Milan,0,1
218,29,Lecce,Inter Milan,0,1
218,30,Lecce,Inter Milan,0,1
218,31,Lecce,Inter Milan,0,1
218,32,Lecce,Inter Milan,0,1
218,33,Lecce,Inter Milan,0,1
218,34,Lecce,Inter Milan,0,1
218,35,Lecce,Inter Milan,0,1
218,36,Lecce,Inter Milan,0,1
218,37,Lecce,Inter Milan,0,1
218,38,Lecce,Inter Milan,0,1
218,39,Lecce,Inter Milan,0,2
218,40,Lecce,Inter Milan,0,2
218,41,Lecce,Inter Milan,0,2
218,42,Lecce,Inter Milan,0,2
218,43,Lecce,Inter Milan,0,2
218,44,Lecce,Inter Milan,0,2
218,45,Lecce,Inter Milan,0,2
218,46,Lecce,Inter Milan,0,2
218,47,Lecce,Inter Milan,0,2
218,48,Lecce,Inter Milan,0,2
218,49,Lecce,Inter Milan,0,2
218,50,Lecce,Inter Milan,0,2
218,51,Lecce,Inter Milan,0,2
218,52,Lecce,Inter Milan,0,2
218,53,Lecce,Inter Milan,0,2
218,54,Lecce,Inter Milan,0,2
218,55,Lecce,Inter Milan,0,2
218,56,Lecce,Inter Milan,0,2
218,57,Lecce,Inter Milan,0,3
218,58,Lecce,Inter Milan,0,3
218,59,Lecce,Inter Milan,0,3
218,60,Lecce,Inter Milan,0,3
218,61,Lecce,Inter Milan,0,4
218,62,Lecce,Inter Milan,0,4
218,63,Lecce,Inter Milan,0,4
218,64,Lecce,Inter Milan,0,4
218,65,Lecce,Inter Milan,0,4
218,66,Lecce,Inter Milan,0,4
218,67,Lecce,Inter Milan,0,4
218,68,Lecce,Inter Milan,0,4
218,69,Lecce,Inter Milan,0,4
218,70,Lecce,Inter Milan,0,4
218,71,Lecce,Inter Milan,0,4
218,72,Lecce,Inter Milan,0,4
218,73,Lecce,Inter Milan,0,4
218,74,Lecce,Inter Milan,0,4
218,75,Lecce,Inter Milan,0,4
218,76,Lecce,Inter Milan,0,4
218,77,Lecce,Inter Milan,0,4
218,78,Lecce,Inter Milan,0,4
218,79,Lecce,Inter Milan,0,4
218,80,Lecce,Inter Milan,0,4
218,81,Lecce,Inter Milan,0,4
218,82,Lecce,Inter Milan,0,4
218,83,Lecce,Inter Milan,0,4
218,84,Lecce,Inter Milan,0,4
218,85,Lecce,Inter Milan,0,4
218,86,Lecce,Inter Milan,0,4
218,87,Lecce,Inter Milan,0,4
218,88,Lecce,Inter Milan,0,4
218,89,Lecce,Inter Milan,0,4
218,90,Lecce,Inter Milan,0,4
219,1,Lecce,Juventus,0,0
219,2,Lecce,Juventus,0,0
219,3,Lecce,Juventus,0,0
219,4,Lecce,Juventus,0,0
219,5,Lecce,Juventus,0,0
219,6,Lecce,Juventus,0,0
219,7,Lecce,Juventus,0,0
219,8,Lecce,Juventus,0,0
219,9,Lecce,Juventus,0,0
219,10,Lecce,Juventus,0,0
219,11,Lecce,Juventus,0,0
219,12,Lecce,Juventus,0,0
219,13,Lecce,Juventus,0,0
219,14,Lecce,Juventus,0,0
219,15,Lecce,Juventus,0,0
219,16,Lecce,Juventus,0,0
219,17,Lecce,Juventus,0,0
219,18,Lecce,Juventus,0,0
219,19,Lecce,Juventus,0,0
219,20,Lecce,Juventus,0,0
219,21,Lecce,Juventus,0,0
219,22,Lecce,Juventus,0,0
219,23,Lecce,Juventus,0,0
219,24,Lecce,Juventus,0,0
219,25,Lecce,Juventus,0,0
219,26,Lecce,Juventus,0,0
219,27,Lecce,Juventus,0,0
219,28,Lecce,Juventus,0,0
219,29,Lecce,Juventus,0,0
219,30,Lecce,Juventus,0,0
219,31,Lecce,Juventus,0,0
219,32,Lecce,Juventus,0,0
219,33,Lecce,Juventus,0,0
219,34,Lecce,Juventus,0,0
219,35,Lecce,Juventus,0,0
219,36,Lecce,Juventus,0,0
219,37,Lecce,Juventus,0,0
219,38,Lecce,Juventus,0,0
219,39,Lecce,Juventus,0,0
219,40,Lecce,Juventus,0,0
219,41,Lecce,Juventus,0,0
219,42,Lecce,Juventus,0,0
219,43,Lecce,Juventus,0,0
219,44,Lecce,Juventus,0,0
219,45,Lecce,Juventus,0,0
219,46,Lecce,Juventus,0,0
219,47,Lecce,Juventus,0,0
219,48,Lecce,Juventus,0,0
219,49,Lecce,Juventus,0,0
219,50,Lecce,Juventus,0,0
219,51,Lecce,Juventus,0,0
219,52,Lecce,Juventus,0,0
219,53,Lecce,Juventus,0,0
219,54,Lecce,Juventus,0,0
219,55,Lecce,Juventus,0,0
219,56,Lecce,Juventus,0,0
219,57,Lecce,Juventus,0,0
219,58,Lecce,Juventus,0,0
219,59,Lecce,Juventus,0,0
219,60,Lecce,Juventus,0,0
219,61,Lecce,Juventus,0,0
219,62,Lecce,Juventus,0,0
219,63,Lecce,Juventus,0,0
219,64,Lecce,Juventus,0,0
219,65,Lecce,Juventus,0,0
219,66,Lecce,Juventus,0,0
219,67,Lecce,Juventus,0,0
219,68,Lecce,Juventus,0,1
219,69,Lecce,Juventus,0,1
219,70,Lecce,Juventus,0,1
219,71,Lecce,Juventus,0,1
219,72,Lecce,Juventus,0,1
219,73,Lecce,Juventus,0,1
219,74,Lecce,Juventus,0,1
219,75,Lecce,Juventus,0,1
219,76,Lecce,Juventus,0,1
219,77,Lecce,Juventus,0,1
219,78,Lecce,Juventus,0,1
219,79,Lecce,Juventus,0,1
219,80,Lecce,Juventus,0,1
219,81,Lecce,Juventus,0,1
219,82,Lecce,Juventus,0,1
219,83,Lecce,Juventus,0,1
219,84,Lecce,Juventus,0,1
219,85,Lecce,Juventus,0,1
219,86,Lecce,Juventus,0,1
219,87,Lecce,Juventus,0,1
219,88,Lecce,Juventus,0,1
219,89,Lecce,Juventus,0,1
219,90,Lecce,Juventus,1,1
220,1,Lecce,Lazio,0,0
220,2,Lecce,Lazio,0,0
220,3,Lecce,Lazio,0,0
220,4,Lecce,Lazio,0,0
220,5,Lecce,Lazio,0,0
220,6,Lecce,Lazio,0,0
220,7,Lecce,Lazio,0,0
220,8,Lecce,Lazio,0,0
220,9,Lecce,Lazio,0,0
220,10,Lecce,Lazio,0,0
220,11,Lecce,Lazio,0,0
220,12,Lecce,Lazio,0,0
220,13,Lecce,Lazio,0,0
220,14,Lecce,Lazio,0,0
220,15,Lecce,Lazio,0,0
220,16,Lecce,Lazio,0,0
220,17,Lecce,Lazio,0,0
220,18,Lecce,Lazio,0,0
220,19,Lecce,Lazio,0,0
220,20,Lecce,Lazio,0,0
220,21,Lecce,Lazio,0,0
220,22,Lecce,Lazio,0,0
220,23,Lecce,Lazio,0,0
220,24,Lecce,Lazio,0,0
220,25,Lecce,Lazio,0,0
220,26,Lecce,Lazio,0,0
220,27,Lecce,Lazio,0,0
220,28,Lecce,Lazio,0,0
220,29,Lecce,Lazio,0,0
220,30,Lecce,Lazio,0,0
220,31,Lecce,Lazio,0,0
220,32,Lecce,Lazio,0,0
220,33,Lecce,Lazio,0,0
220,34,Lecce,Lazio,0,0
220,35,Lecce,Lazio,0,0
220,36,Lecce,Lazio,0,0
220,37,Lecce,Lazio,0,0
220,38,Lecce,Lazio,0,0
220,39,Lecce,Lazio,0,0
220,40,Lecce,Lazio,0,0
220,41,Lecce,Lazio,0,0
220,42,Lecce,Lazio,0,0
220,43,Lecce,Lazio,0,0
220,44,Lecce,Lazio,0,0
220,45,Lecce,Lazio,0,1
220,46,Lecce,Lazio,0,1
220,47,Lecce,Lazio,0,1
220,48,Lecce,Lazio,0,1
220,49,Lecce,Lazio,0,1
220,50,Lecce,Lazio,1,1
220,51,Lecce,Lazio,1,1
220,52,Lecce,Lazio,1,1
220,53,Lecce,Lazio,1,1
220,54,Lecce,Lazio,1,1
220,55,Lecce,Lazio,1,1
220,56,Lecce,Lazio,1,1
220,57,Lecce,Lazio,1,1
220,58,Lecce,Lazio,1,1
220,59,Lecce,Lazio,1,1
220,60,Lecce,Lazio,1,1
220,61,Lecce,Lazio,1,1
220,62,Lecce,Lazio,1,1
220,63,Lecce,Lazio,1,1
220,64,Lecce,Lazio,1,1
220,65,Lecce,Lazio,1,1
220,66,Lecce,Lazio,1,1
220,67,Lecce,Lazio,1,1
220,68,Lecce,Lazio,1,1
220,69,Lecce,Lazio,1,1
220,70,Lecce,Lazio,1,1
220,71,Lecce,Lazio,1,1
220,72,Lecce,Lazio,1,1
220,73,Lecce,Lazio,1,1
220,74,Lecce,Lazio,1,1
220,75,Lecce,Lazio,1,1
220,76,Lecce,Lazio,1,1
220,77,Lecce,Lazio,1,1
220,78,Lecce,Lazio,1,1
220,79,Lecce,Lazio,1,1
220,80,Lecce,Lazio,1,1
220,81,Lecce,Lazio,1,1
220,82,Lecce,Lazio,1,1
220,83,Lecce,Lazio,1,1
220,84,Lecce,Lazio,1,1
220,85,Lecce,Lazio,1,1
220,86,Lecce,Lazio,1,1
220,87,Lecce,Lazio,1,2
220,88,Lecce,Lazio,1,2
220,89,Lecce,Lazio,1,2
220,90,Lecce,Lazio,1,2
221,1,Lecce,AC Milan,0,0
221,2,Lecce,AC Milan,0,0
221,3,Lecce,AC Milan,0,0
221,4,Lecce,AC Milan,0,0
221,5,Lecce,AC Milan,0,0
221,6,Lecce,AC Milan,0,0
221,7,Lecce,AC Milan,1,0
221,8,Lecce,AC Milan,1,0
221,9,Lecce,AC Milan,1,0
221,10,Lecce,AC Milan,1,0
221,11,Lecce,AC Milan,1,0
221,12,Lecce,AC Milan,1,0
221,13,Lecce,AC Milan,1,0
221,14,Lecce,AC Milan,1,0
221,15,Lecce,AC Milan,1,0
221,16,Lecce,AC Milan,1,0
221,17,Lecce,AC Milan,1,0
221,18,Lecce,AC Milan,1,0
221,19,Lecce,AC Milan,1,0
221,20,Lecce,AC Milan,1,0
221,21,Lecce,AC Milan,1,0
221,22,Lecce,AC Milan,1,0
221,23,Lecce,AC Milan,1,0
221,24,Lecce,AC Milan,1,0
221,25,Lecce,AC Milan,1,0
221,26,Lecce,AC Milan,1,0
221,27,Lecce,AC Milan,1,0
221,28,Lecce,AC Milan,1,0
221,29,Lecce,AC Milan,1,0
221,30,Lecce,AC Milan,1,0
221,31,Lecce,AC Milan,1,0
221,32,Lecce,AC Milan,1,0
221,33,Lecce,AC Milan,1,0
221,34,Lecce,AC Milan,1,0
221,35,Lecce,AC Milan,1,0
221,36,Lecce,AC Milan,1,0
221,37,Lecce,AC Milan,1,0
221,38,Lecce,AC Milan,1,0
221,39,Lecce,AC Milan,1,0
221,40,Lecce,AC Milan,1,0
221,41,Lecce,AC Milan,1,0
221,42,Lecce,AC Milan,1,0
221,43,Lecce,AC Milan,1,0
221,44,Lecce,AC Milan,1,0
221,45,Lecce,AC Milan,1,0
221,46,Lecce,AC Milan,1,0
221,47,Lecce,AC Milan,1,0
221,48,Lecce,AC Milan,1,0
221,49,Lecce,AC Milan,1,0
221,50,Lecce,AC Milan,1,0
221,51,Lecce,AC Milan,1,0
221,52,Lecce,AC Milan,1,0
221,53,Lecce,AC Milan,1,0
221,54,Lecce,AC Milan,1,0
221,55,Lecce,AC Milan,1,0
221,56,Lecce,AC Milan,1,0
221,57,Lecce,AC Milan,1,0
221,58,Lecce,AC Milan,1,0
221,59,Lecce,AC Milan,2,0
221,60,Lecce,AC Milan,2,0
221,61,Lecce,AC Milan,2,0
221,62,Lecce,AC Milan,2,0
221,63,Lecce,AC Milan,2,0
221,64,Lecce,AC Milan,2,0
221,65,Lecce,AC Milan,2,0
221,66,Lecce,AC Milan,2,0
221,67,Lecce,AC Milan,2,0
221,68,Lecce,AC Milan,2,1
221,69,Lecce,AC Milan,2,1
221,70,Lecce,AC Milan,2,1
221,71,Lecce,AC Milan,2,1
221,72,Lecce,AC Milan,2,1
221,73,Lecce,AC Milan,2,2
221,74,Lecce,AC Milan,2,2
221,75,Lecce,AC Milan,2,2
221,76,Lecce,AC Milan,2,2
221,77,Lecce,AC Milan,2,2
221,78,Lecce,AC Milan,2,2
221,79,Lecce,AC Milan,2,2
221,80,Lecce,AC Milan,2,2
221,81,Lecce,AC Milan,2,3
221,82,Lecce,AC Milan,2,3
221,83,Lecce,AC Milan,2,3
221,84,Lecce,AC Milan,2,3
221,85,Lecce,AC Milan,2,3
221,86,Lecce,AC Milan,2,3
221,87,Lecce,AC Milan,2,3
221,88,Lecce,AC Milan,2,3
221,89,Lecce,AC Milan,2,3
221,90,Lecce,AC Milan,2,3
222,1,Lecce,Monza,0,0
222,2,Lecce,Monza,0,0
222,3,Lecce,Monza,1,0
222,4,Lecce,Monza,1,0
222,5,Lecce,Monza,1,0
222,6,Lecce,Monza,1,0
222,7,Lecce,Monza,1,0
222,8,Lecce,Monza,1,0
222,9,Lecce,Monza,1,0
222,10,Lecce,Monza,1,0
222,11,Lecce,Monza,1,0
222,12,Lecce,Monza,1,0
222,13,Lecce,Monza,1,0
222,14,Lecce,Monza,1,0
222,15,Lecce,Monza,1,0
222,16,Lecce,Monza,1,0
222,17,Lecce,Monza,1,0
222,18,Lecce,Monza,1,0
222,19,Lecce,Monza,1,0
222,20,Lecce,Monza,1,0
222,21,Lecce,Monza,1,0
222,22,Lecce,Monza,1,0
222,23,Lecce,Monza,1,0
222,24,Lecce,Monza,1,0
222,25,Lecce,Monza,1,0
222,26,Lecce,Monza,1,0
222,27,Lecce,Monza,1,0
222,28,Lecce,Monza,1,0
222,29,Lecce,Monza,1,0
222,30,Lecce,Monza,1,0
222,31,Lecce,Monza,1,0
222,32,Lecce,Monza,1,0
222,33,Lecce,Monza,1,0
222,34,Lecce,Monza,1,0
222,35,Lecce,Monza,1,0
222,36,Lecce,Monza,1,0
222,37,Lecce,Monza,1,1
222,38,Lecce,Monza,1,1
222,39,Lecce,Monza,1,1
222,40,Lecce,Monza,1,1
222,41,Lecce,Monza,1,1
222,42,Lecce,Monza,1,1
222,43,Lecce,Monza,1,1
222,44,Lecce,Monza,2,1
222,45,Lecce,Monza,2,1
222,46,Lecce,Monza,2,1
222,47,Lecce,Monza,2,1
222,48,Lecce,Monza,2,1
222,49,Lecce,Monza,2,1
222,50,Lecce,Monza,2,1
222,51,Lecce,Monza,2,1
222,52,Lecce,Monza,2,1
222,53,Lecce,Monza,2,1
222,54,Lecce,Monza,2,1
222,55,Lecce,Monza,2,1
222,56,Lecce,Monza,2,1
222,57,Lecce,Monza,2,1
222,58,Lecce,Monza,2,1
222,59,Lecce,Monza,2,1
222,60,Lecce,Monza,2,1
222,61,Lecce,Monza,2,1
222,62,Lecce,Monza,2,1
222,63,Lecce,Monza,2,1
222,64,Lecce,Monza,2,1
222,65,Lecce,Monza,2,1
222,66,Lecce,Monza,2,1
222,67,Lecce,Monza,2,1
222,68,Lecce,Monza,2,1
222,69,Lecce,Monza,2,1
222,70,Lecce,Monza,2,1
222,71,Lecce,Monza,2,1
222,72,Lecce,Monza,2,1
222,73,Lecce,Monza,2,1
222,74,Lecce,Monza,2,1
222,75,Lecce,Monza,2,1
222,76,Lecce,Monza,2,1
222,77,Lecce,Monza,2,1
222,78,Lecce,Monza,2,1
222,79,Lecce,Monza,2,1
222,80,Lecce,Monza,2,1
222,81,Lecce,Monza,2,1
222,82,Lecce,Monza,2,1
222,83,Lecce,Monza,2,1
222,84,Lecce,Monza,2,1
222,85,Lecce,Monza,2,1
222,86,Lecce,Monza,2,1
222,87,Lecce,Monza,2,1
222,88,Lecce,Monza,2,1
222,89,Lecce,Monza,2,1
222,90,Lecce,Monza,2,1
223,1,Lecce,Napoli,0,0
223,2,Lecce,Napoli,0,0
223,3,Lecce,Napoli,0,0
223,4,Lecce,Napoli,0,0
223,5,Lecce,Napoli,0,0
223,6,Lecce,Napoli,0,0
223,7,Lecce,Napoli,0,0
223,8,Lecce,Napoli,0,0
223,9,Lecce,Napoli,0,0
223,10,Lecce,Napoli,0,0
223,11,Lecce,Napoli,0,0
223,12,Lecce,Napoli,0,0
223,13,Lecce,Napoli,0,0
223,14,Lecce,Napoli,0,0
223,15,Lecce,Napoli,0,0
223,16,Lecce,Napoli,0,0
223,17,Lecce,Napoli,0,0
223,18,Lecce,Napoli,0,0
223,19,Lecce,Napoli,0,0
223,20,Lecce,Napoli,0,0
223,21,Lecce,Napoli,0,0
223,22,Lecce,Napoli,0,0
223,23,Lecce,Napoli,0,0
223,24,Lecce,Napoli,0,1
223,25,Lecce,Napoli,0,1
223,26,Lecce,Napoli,0,1
223,27,Lecce,Napoli,0,1
223,28,Lecce,Napoli,0,1
223,29,Lecce,Napoli,0,1
223,30,Lecce,Napoli,0,1
223,31,Lecce,Napoli,0,1
223,32,Lecce,Napoli,0,1
223,33,Lecce,Napoli,0,1
223,34,Lecce,Napoli,0,1
223,35,Lecce,Napoli,0,1
223,36,Lecce,Napoli,0,1
223,37,Lecce,Napoli,0,1
223,38,Lecce,Napoli,0,1
223,39,Lecce,Napoli,0,1
223,40,Lecce,Napoli,0,1
223,41,Lecce,Napoli,0,1
223,42,Lecce,Napoli,0,1
223,43,Lecce,Napoli,0,1
223,44,Lecce,Napoli,0,1
223,45,Lecce,Napoli,0,1
223,46,Lecce,Napoli,0,1
223,47,Lecce,Napoli,0,1
223,48,Lecce,Napoli,0,1
223,49,Lecce,Napoli,0,1
223,50,Lecce,Napoli,0,1
223,51,Lecce,Napoli,0,1
223,52,Lecce,Napoli,0,1
223,53,Lecce,Napoli,0,1
223,54,Lecce,Napoli,0,1
223,55,Lecce,Napoli,0,1
223,56,Lecce,Napoli,0,1
223,57,Lecce,Napoli,0,1
223,58,Lecce,Napoli,0,1
223,59,Lecce,Napoli,0,1
223,60,Lecce,Napoli,0,1
223,61,Lecce,Napoli,0,1
223,62,Lecce,Napoli,0,1
223,63,Lecce,Napoli,0,1
223,64,Lecce,Napoli,0,1
223,65,Lecce,Napoli,0,1
223,66,Lecce,Napoli,0,1
223,67,Lecce,Napoli,0,1
223,68,Lecce,Napoli,0,1
223,69,Lecce,Napoli,0,1
223,70,Lecce,Napoli,0,1
223,71,Lecce,Napoli,0,1
223,72,Lecce,Napoli,0,1
223,73,Lecce,Napoli,0,1
223,74,Lecce,Napoli,0,1
223,75,Lecce,Napoli,0,1
223,76,Lecce,Napoli,0,1
223,77,Lecce,Napoli,0,1
223,78,Lecce,Napoli,0,1
223,79,Lecce,Napoli,0,1
223,80,Lecce,Napoli,0,1
223,81,Lecce,Napoli,0,1
223,82,Lecce,Napoli,0,1
223,83,Lecce,Napoli,0,1
223,84,Lecce,Napoli,0,1
223,85,Lecce,Napoli,0,1
223,86,Lecce,Napoli,0,1
223,87,Lecce,Napoli,0,1
223,88,Lecce,Napoli,0,1
223,89,Lecce,Napoli,0,1
223,90,Lecce,Napoli,0,1
224,1,Lecce,Parma,0,0
224,2,Lecce,Parma,0,0
224,3,Lecce,Parma,0,0
224,4,Lecce,Parma,0,0
224,5,Lecce,Parma,0,0
224,6,Lecce,Parma,0,0
224,7,Lecce,Parma,0,0
224,8,Lecce,Parma,0,0
224,9,Lecce,Parma,0,0
224,10,Lecce,Parma,0,0
224,11,Lecce,Parma,0,0
224,12,Lecce,Parma,0,0
224,13,Lecce,Parma,0,0
224,14,Lecce,Parma,0,0
224,15,Lecce,Parma,0,0
224,16,Lecce,Parma,0,0
224,17,Lecce,Parma,0,0
224,18,Lecce,Parma,0,0
224,19,Lecce,Parma,0,0
224,20,Lecce,Parma,0,0
224,21,Lecce,Parma,0,0
224,22,Lecce,Parma,0,0
224,23,Lecce,Parma,0,0
224,24,Lecce,Parma,0,0
224,25,Lecce,Parma,0,0
224,26,Lecce,Parma,0,0
224,27,Lecce,Parma,0,0
224,28,Lecce,Parma,0,0
224,29,Lecce,Parma,0,0
224,30,Lecce,Parma,0,0
224,31,Lecce,Parma,0,0
224,32,Lecce,Parma,1,0
224,33,Lecce,Parma,1,0
224,34,Lecce,Parma,1,0
224,35,Lecce,Parma,1,0
224,36,Lecce,Parma,1,0
224,37,Lecce,Parma,1,0
224,38,Lecce,Parma,1,0
224,39,Lecce,Parma,1,0
224,40,Lecce,Parma,1,0
224,41,Lecce,Parma,1,0
224,42,Lecce,Parma,1,0
224,43,Lecce,Parma,1,0
224,44,Lecce,Parma,1,0
224,45,Lecce,Parma,1,0
224,46,Lecce,Parma,1,0
224,47,Lecce,Parma,1,0
224,48,Lecce,Parma,1,0
224,49,Lecce,Parma,1,0
224,50,Lecce,Parma,1,0
224,51,Lecce,Parma,1,0
224,52,Lecce,Parma,1,0
224,53,Lecce,Parma,1,0
224,54,Lecce,Parma,1,0
224,55,Lecce,Parma,1,0
224,56,Lecce,Parma,1,0
224,57,Lecce,Parma,1,0
224,58,Lecce,Parma,1,0
224,59,Lecce,Parma,2,0
224,60,Lecce,Parma,2,0
224,61,Lecce,Parma,2,0
224,62,Lecce,Parma,2,0
224,63,Lecce,Parma,2,0
224,64,Lecce,Parma,2,0
224,65,Lecce,Parma,2,0
224,66,Lecce,Parma,2,0
224,67,Lecce,Parma,2,0
224,68,Lecce,Parma,2,0
224,69,Lecce,Parma,2,0
224,70,Lecce,Parma,2,0
224,71,Lecce,Parma,2,0
224,72,Lecce,Parma,2,0
224,73,Lecce,Parma,2,0
224,74,Lecce,Parma,2,0
224,75,Lecce,Parma,2,0
224,76,Lecce,Parma,2,0
224,77,Lecce,Parma,2,0
224,78,Lecce,Parma,2,0
224,79,Lecce,Parma,2,0
224,80,Lecce,Parma,2,0
224,81,Lecce,Parma,2,0
224,82,Lecce,Parma,2,0
224,83,Lecce,Parma,2,0
224,84,Lecce,Parma,2,0
224,85,Lecce,Parma,2,0
224,86,Lecce,Parma,2,0
224,87,Lecce,Parma,2,0
224,88,Lecce,Parma,2,1
224,89,Lecce,Parma,2,1
224,90,Lecce,Parma,2,2
225,1,Lecce,Roma,0,0
225,2,Lecce,Roma,0,0
225,3,Lecce,Roma,0,0
225,4,Lecce,Roma,0,0
225,5,Lecce,Roma,0,0
225,6,Lecce,Roma,0,0
225,7,Lecce,Roma,0,0
225,8,Lecce,Roma,0,0
225,9,Lecce,Roma,0,0
225,10,Lecce,Roma,0,0
225,11,Lecce,Roma,0,0
225,12,Lecce,Roma,0,0
225,13,Lecce,Roma,0,0
225,14,Lecce,Roma,0,0
225,15,Lecce,Roma,0,0
225,16,Lecce,Roma,0,0
225,17,Lecce,Roma,0,0
225,18,Lecce,Roma,0,0
225,19,Lecce,Roma,0,0
225,20,Lecce,Roma,0,0
225,21,Lecce,Roma,0,0
225,22,Lecce,Roma,0,0
225,23,Lecce,Roma,0,0
225,24,Lecce,Roma,0,0
225,25,Lecce,Roma,0,0
225,26,Lecce,Roma,0,0
225,27,Lecce,Roma,0,0
225,28,Lecce,Roma,0,0
225,29,Lecce,Roma,0,0
225,30,Lecce,Roma,0,0
225,31,Lecce,Roma,0,0
225,32,Lecce,Roma,0,0
225,33,Lecce,Roma,0,0
225,34,Lecce,Roma,0,0
225,35,Lecce,Roma,0,0
225,36,Lecce,Roma,0,0
225,37,Lecce,Roma,0,0
225,38,Lecce,Roma,0,0
225,39,Lecce,Roma,0,0
225,40,Lecce,Roma,0,0
225,41,Lecce,Roma,0,0
225,42,Lecce,Roma,0,0
225,43,Lecce,Roma,0,0
225,44,Lecce,Roma,0,0
225,45,Lecce,Roma,0,0
225,46,Lecce,Roma,0,0
225,47,Lecce,Roma,0,0
225,48,Lecce,Roma,0,0
225,49,Lecce,Roma,0,0
225,50,Lecce,Roma,0,0
225,51,Lecce,Roma,0,0
225,52,Lecce,Roma,0,0
225,53,Lecce,Roma,0,0
225,54,Lecce,Roma,0,0
225,55,Lecce,Roma,0,0
225,56,Lecce,Roma,0,0
225,57,Lecce,Roma,0,0
225,58,Lecce,Roma,0,0
225,59,Lecce,Roma,0,0
225,60,Lecce,Roma,0,0
225,61,Lecce,Roma,0,0
225,62,Lecce,Roma,0,0
225,63,Lecce,Roma,0,0
225,64,Lecce,Roma,0,0
225,65,Lecce,Roma,0,0
225,66,Lecce,Roma,0,0
225,67,Lecce,Roma,0,0
225,68,Lecce,Roma,0,0
225,69,Lecce,Roma,0,0
225,70,Lecce,Roma,0,0
225,71,Lecce,Roma,0,0
225,72,Lecce,Roma,0,0
225,73,Lecce,Roma,0,0
225,74,Lecce,Roma,0,0
225,75,Lecce,Roma,0,0
225,76,Lecce,Roma,0,0
225,77,Lecce,Roma,0,0
225,78,Lecce,Roma,0,0
225,79,Lecce,Roma,0,0
225,80,Lecce,Roma,0,1
225,81,Lecce,Roma,0,1
225,82,Lecce,Roma,0,1
225,83,Lecce,Roma,0,1
225,84,Lecce,Roma,0,1
225,85,Lecce,Roma,0,1
225,86,Lecce,Roma,0,1
225,87,Lecce,Roma,0,1
225,88,Lecce,Roma,0,1
225,89,Lecce,Roma,0,1
225,90,Lecce,Roma,0,1
226,1,Lecce,Torino,0,0
226,2,Lecce,Torino,0,0
226,3,Lecce,Torino,0,0
226,4,Lecce,Torino,0,0
226,5,Lecce,Torino,0,0
226,6,Lecce,Torino,0,0
226,7,Lecce,Torino,0,0
226,8,Lecce,Torino,0,0
226,9,Lecce,Torino,0,0
226,10,Lecce,Torino,0,0
226,11,Lecce,Torino,0,0
226,12,Lecce,Torino,0,0
226,13,Lecce,Torino,0,0
226,14,Lecce,Torino,0,0
226,15,Lecce,Torino,0,0
226,16,Lecce,Torino,0,0
226,17,Lecce,Torino,0,0
226,18,Lecce,Torino,0,0
226,19,Lecce,Torino,0,0
226,20,Lecce,Torino,0,0
226,21,Lecce,Torino,0,0
226,22,Lecce,Torino,0,0
226,23,Lecce,Torino,0,0
226,24,Lecce,Torino,0,0
226,25,Lecce,Torino,0,0
226,26,Lecce,Torino,0,0
226,27,Lecce,Torino,0,0
226,28,Lecce,Torino,0,0
226,29,Lecce,Torino,0,0
226,30,Lecce,Torino,0,0
226,31,Lecce,Torino,0,0
226,32,Lecce,Torino,0,0
226,33,Lecce,Torino,0,0
226,34,Lecce,Torino,0,0
226,35,Lecce,Torino,0,0
226,36,Lecce,Torino,0,0
226,37,Lecce,Torino,0,0
226,38,Lecce,Torino,0,0
226,39,Lecce,Torino,0,0
226,40,Lecce,Torino,0,0
226,41,Lecce,Torino,0,0
226,42,Lecce,Torino,0,0
226,43,Lecce,Torino,0,0
226,44,Lecce,Torino,0,0
226,45,Lecce,Torino,0,0
226,46,Lecce,Torino,1,0
226,47,Lecce,Torino,1,0
226,48,Lecce,Torino,1,0
226,49,Lecce,Torino,1,0
226,50,Lecce,Torino,1,0
226,51,Lecce,Torino,1,0
226,52,Lecce,Torino,1,0
226,53,Lecce,Torino,1,0
226,54,Lecce,Torino,1,0
226,55,Lecce,Torino,1,0
226,56,Lecce,Torino,1,0
226,57,Lecce,Torino,1,0
226,58,Lecce,Torino,1,0
226,59,Lecce,Torino,1,0
226,60,Lecce,Torino,1,0
226,61,Lecce,Torino,1,0
226,62,Lecce,Torino,1,0
226,63,Lecce,Torino,1,0
226,64,Lecce,Torino,1,0
226,65,Lecce,Torino,1,0
226,66,Lecce,Torino,1,0
226,67,Lecce,Torino,1,0
226,68,Lecce,Torino,1,0
226,69,Lecce,Torino,1,0
226,70,Lecce,Torino,1,0
226,71,Lecce,Torino,1,0
226,72,Lecce,Torino,1,0
226,73,Lecce,Torino,1,0
226,74,Lecce,Torino,1,0
226,75,Lecce,Torino,1,0
226,76,Lecce,Torino,1,0
226,77,Lecce,Torino,1,0
226,78,Lecce,Torino,1,0
226,79,Lecce,Torino,1,0
226,80,Lecce,Torino,1,0
226,81,Lecce,Torino,1,0
226,82,Lecce,Torino,1,0
226,83,Lecce,Torino,1,0
226,84,Lecce,Torino,1,0
226,85,Lecce,Torino,1,0
226,86,Lecce,Torino,1,0
226,87,Lecce,Torino,1,0
226,88,Lecce,Torino,1,0
226,89,Lecce,Torino,1,0
226,90,Lecce,Torino,1,0
227,1,Lecce,Udinese,0,0
227,2,Lecce,Udinese,0,0
227,3,Lecce,Udinese,0,0
227,4,Lecce,Udinese,0,0
227,5,Lecce,Udinese,0,0
227,6,Lecce,Udinese,0,0
227,7,Lecce,Udinese,0,0
227,8,Lecce,Udinese,0,0
227,9,Lecce,Udinese,0,0
227,10,Lecce,Udinese,0,0
227,11,Lecce,Udinese,0,0
227,12,Lecce,Udinese,0,0
227,13,Lecce,Udinese,0,0
227,14,Lecce,Udinese,0,0
227,15,Lecce,Udinese,0,0
227,16,Lecce,Udinese,0,0
227,17,Lecce,Udinese,0,0
227,18,Lecce,Udinese,0,0
227,19,Lecce,Udinese,0,0
227,20,Lecce,Udinese,0,0
227,21,Lecce,Udinese,0,0
227,22,Lecce,Udinese,0,0
227,23,Lecce,Udinese,0,0
227,24,Lecce,Udinese,0,0
227,25,Lecce,Udinese,0,0
227,26,Lecce,Udinese,0,0
227,27,Lecce,Udinese,0,0
227,28,Lecce,Udinese,0,0
227,29,Lecce,Udinese,0,0
227,30,Lecce,Udinese,0,0
227,31,Lecce,Udinese,0,0
227,32,Lecce,Udinese,0,1
227,33,Lecce,Udinese,0,1
227,34,Lecce,Udinese,0,1
227,35,Lecce,Udinese,0,1
227,36,Lecce,Udinese,0,1
227,37,Lecce,Udinese,0,1
227,38,Lecce,Udinese,0,1
227,39,Lecce,Udinese,0,1
227,40,Lecce,Udinese,0,1
227,41,Lecce,Udinese,0,1
227,42,Lecce,Udinese,0,1
227,43,Lecce,Udinese,0,1
227,44,Lecce,Udinese,0,1
227,45,Lecce,Udinese,0,1
227,46,Lecce,Udinese,0,1
227,47,Lecce,Udinese,0,1
227,48,Lecce,Udinese,0,1
227,49,Lecce,Udinese,0,1
227,50,Lecce,Udinese,0,1
227,51,Lecce,Udinese,0,1
227,52,Lecce,Udinese,0,1
227,53,Lecce,Udinese,0,1
227,54,Lecce,Udinese,0,1
227,55,Lecce,Udinese,0,1
227,56,Lecce,Udinese,0,1
227,57,Lecce,Udinese,0,1
227,58,Lecce,Udinese,0,1
227,59,Lecce,Udinese,0,1
227,60,Lecce,Udinese,0,1
227,61,Lecce,Udinese,0,1
227,62,Lecce,Udinese,0,1
227,63,Lecce,Udinese,0,1
227,64,Lecce,Udinese,0,1
227,65,Lecce,Udinese,0,1
227,66,Lecce,Udinese,0,1
227,67,Lecce,Udinese,0,1
227,68,Lecce,Udinese,0,1
227,69,Lecce,Udinese,0,1
227,70,Lecce,Udinese,0,1
227,71,Lecce,Udinese,0,1
227,72,Lecce,Udinese,0,1
227,73,Lecce,Udinese,0,1
227,74,Lecce,Udinese,0,1
227,75,Lecce,Udinese,0,1
227,76,Lecce,Udinese,0,1
227,77,Lecce,Udinese,0,1
227,78,Lecce,Udinese,0,1
227,79,Lecce,Udinese,0,1
227,80,Lecce,Udinese,0,1
227,81,Lecce,Udinese,0,1
227,82,Lecce,Udinese,0,1
227,83,Lecce,Udinese,0,1
227,84,Lecce,Udinese,0,1
227,85,Lecce,Udinese,0,1
227,86,Lecce,Udinese,0,1
227,87,Lecce,Udinese,0,1
227,88,Lecce,Udinese,0,1
227,89,Lecce,Udinese,0,1
227,90,Lecce,Udinese,0,1
228,1,Lecce,Venezia,0,0
228,2,Lecce,Venezia,0,0
228,3,Lecce,Venezia,0,0
228,4,Lecce,Venezia,0,0
228,5,Lecce,Venezia,0,0
228,6,Lecce,Venezia,0,0
228,7,Lecce,Venezia,0,0
228,8,Lecce,Venezia,0,0
228,9,Lecce,Venezia,0,0
228,10,Lecce,Venezia,0,0
228,11,Lecce,Venezia,0,0
228,12,Lecce,Venezia,0,0
228,13,Lecce,Venezia,0,0
228,14,Lecce,Venezia,0,0
228,15,Lecce,Venezia,0,0
228,16,Lecce,Venezia,0,0
228,17,Lecce,Venezia,0,0
228,18,Lecce,Venezia,0,0
228,19,Lecce,Venezia,0,0
228,20,Lecce,Venezia,0,0
228,21,Lecce,Venezia,0,0
228,22,Lecce,Venezia,0,0
228,23,Lecce,Venezia,0,0
228,24,Lecce,Venezia,0,0
228,25,Lecce,Venezia,0,0
228,26,Lecce,Venezia,0,0
228,27,Lecce,Venezia,0,0
228,28,Lecce,Venezia,0,0
228,29,Lecce,Venezia,0,0
228,30,Lecce,Venezia,0,0
228,31,Lecce,Venezia,0,0
228,32,Lecce,Venezia,0,0
228,33,Lecce,Venezia,0,0
228,34,Lecce,Venezia,0,0
228,35,Lecce,Venezia,0,0
228,36,Lecce,Venezia,0,0
228,37,Lecce,Venezia,0,0
228,38,Lecce,Venezia,0,0
228,39,Lecce,Venezia,0,0
228,40,Lecce,Venezia,0,0
228,41,Lecce,Venezia,0,0
228,42,Lecce,Venezia,0,0
228,43,Lecce,Venezia,0,0
228,44,Lecce,Venezia,0,0
228,45,Lecce,Venezia,0,0
228,46,Lecce,Venezia,0,0
228,47,Lecce,Venezia,0,0
228,48,Lecce,Venezia,0,0
228,49,Lecce,Venezia,0,0
228,50,Lecce,Venezia,0,1
228,51,Lecce,Venezia,0,1
228,52,Lecce,Venezia,0,1
228,53,Lecce,Venezia,0,1
228,54,Lecce,Venezia,0,1
228,55,Lecce,Venezia,0,1
228,56,Lecce,Venezia,0,1
228,57,Lecce,Venezia,0,1
228,58,Lecce,Venezia,0,1
228,59,Lecce,Venezia,0,1
228,60,Lecce,Venezia,0,1
228,61,Lecce,Venezia,0,1
228,62,Lecce,Venezia,0,1
228,63,Lecce,Venezia,0,1
228,64,Lecce,Venezia,0,1
228,65,Lecce,Venezia,1,1
228,66,Lecce,Venezia,1,1
228,67,Lecce,Venezia,1,1
228,68,Lecce,Venezia,1,1
228,69,Lecce,Venezia,1,1
228,70,Lecce,Venezia,1,1
228,71,Lecce,Venezia,1,1
228,72,Lecce,Venezia,1,1
228,73,Lecce,Venezia,1,1
228,74,Lecce,Venezia,1,1
228,75,Lecce,Venezia,1,1
228,76,Lecce,Venezia,1,1
228,77,Lecce,Venezia,1,1
228,78,Lecce,Venezia,1,1
228,79,Lecce,Venezia,1,1
228,80,Lecce,Venezia,1,1
228,81,Lecce,Venezia,1,1
228,82,Lecce,Venezia,1,1
228,83,Lecce,Venezia,1,1
228,84,Lecce,Venezia,1,1
228,85,Lecce,Venezia,1,1
228,86,Lecce,Venezia,1,1
228,87,Lecce,Venezia,1,1
228,88,Lecce,Venezia,1,1
228,89,Lecce,Venezia,1,1
228,90,Lecce,Venezia,1,1
229,1,AC Milan,Atalanta,0,0
229,2,AC Milan,Atalanta,0,0
229,3,AC Milan,Atalanta,0,0
229,4,AC Milan,Atalanta,0,0
229,5,AC Milan,Atalanta,0,0
229,6,AC Milan,Atalanta,0,0
229,7,AC Milan,Atalanta,0,0
229,8,AC Milan,Atalanta,0,0
229,9,AC Milan,Atalanta,0,0
229,10,AC Milan,Atalanta,0,0
229,11,AC Milan,Atalanta,0,0
229,12,AC Milan,Atalanta,0,0
229,13,AC Milan,Atalanta,0,0
229,14,AC Milan,Atalanta,0,0
229,15,AC Milan,Atalanta,0,0
229,16,AC Milan,Atalanta,0,0
229,17,AC Milan,Atalanta,0,0
229,18,AC Milan,Atalanta,0,0
229,19,AC Milan,Atalanta,0,0
229,20,AC Milan,Atalanta,0,0
229,21,AC Milan,Atalanta,0,0
229,22,AC Milan,Atalanta,0,0
229,23,AC Milan,Atalanta,0,0
229,24,AC Milan,Atalanta,0,0
229,25,AC Milan,Atalanta,0,0
229,26,AC Milan,Atalanta,0,0
229,27,AC Milan,Atalanta,0,0
229,28,AC Milan,Atalanta,0,0
229,29,AC Milan,Atalanta,0,0
229,30,AC Milan,Atalanta,0,0
229,31,AC Milan,Atalanta,0,0
229,32,AC Milan,Atalanta,0,0
229,33,AC Milan,Atalanta,0,0
229,34,AC Milan,Atalanta,0,0
229,35,AC Milan,Atalanta,0,0
229,36,AC Milan,Atalanta,0,0
229,37,AC Milan,Atalanta,0,0
229,38,AC Milan,Atalanta,0,0
229,39,AC Milan,Atalanta,0,0
229,40,AC Milan,Atalanta,0,0
229,41,AC Milan,Atalanta,0,0
229,42,AC Milan,Atalanta,0,0
229,43,AC Milan,Atalanta,0,0
229,44,AC Milan,Atalanta,0,0
229,45,AC Milan,Atalanta,0,0
229,46,AC Milan,Atalanta,0,0
229,47,AC Milan,Atalanta,0,0
229,48,AC Milan,Atalanta,0,0
229,49,AC Milan,Atalanta,0,0
229,50,AC Milan,Atalanta,0,0
229,51,AC Milan,Atalanta,0,0
229,52,AC Milan,Atalanta,0,0
229,53,AC Milan,Atalanta,0,0
229,54,AC Milan,Atalanta,0,0
229,55,AC Milan,Atalanta,0,0
229,56,AC Milan,Atalanta,0,0
229,57,AC Milan,Atalanta,0,0
229,58,AC Milan,Atalanta,0,0
229,59,AC Milan,Atalanta,0,0
229,60,AC Milan,Atalanta,0,0
229,61,AC Milan,Atalanta,0,0
229,62,AC Milan,Atalanta,0,1
229,63,AC Milan,Atalanta,0,1
229,64,AC Milan,Atalanta,0,1
229,65,AC Milan,Atalanta,0,1
229,66,AC Milan,Atalanta,0,1
229,67,AC Milan,Atalanta,0,1
229,68,AC Milan,Atalanta,0,1
229,69,AC Milan,Atalanta,0,1
229,70,AC Milan,Atalanta,0,1
229,71,AC Milan,Atalanta,0,1
229,72,AC Milan,Atalanta,0,1
229,73,AC Milan,Atalanta,0,1
229,74,AC Milan,Atalanta,0,1
229,75,AC Milan,Atalanta,0,1
229,76,AC Milan,Atalanta,0,1
229,77,AC Milan,Atalanta,0,1
229,78,AC Milan,Atalanta,0,1
229,79,AC Milan,Atalanta,0,1
229,80,AC Milan,Atalanta,0,1
229,81,AC Milan,Atalanta,0,1
229,82,AC Milan,Atalanta,0,1
229,83,AC Milan,Atalanta,0,1
229,84,AC Milan,Atalanta,0,1
229,85,AC Milan,Atalanta,0,1
229,86,AC Milan,Atalanta,0,1
229,87,AC Milan,Atalanta,0,1
229,88,AC Milan,Atalanta,0,1
229,89,AC Milan,Atalanta,0,1
229,90,AC Milan,Atalanta,0,1
230,1,AC Milan,Bologna,0,0
230,2,AC Milan,Bologna,0,0
230,3,AC Milan,Bologna,0,0
230,4,AC Milan,Bologna,0,0
230,5,AC Milan,Bologna,0,0
230,6,AC Milan,Bologna,0,0
230,7,AC Milan,Bologna,0,0
230,8,AC Milan,Bologna,0,0
230,9,AC Milan,Bologna,0,0
230,10,AC Milan,Bologna,0,0
230,11,AC Milan,Bologna,0,0
230,12,AC Milan,Bologna,0,0
230,13,AC Milan,Bologna,0,0
230,14,AC Milan,Bologna,0,0
230,15,AC Milan,Bologna,0,0
230,16,AC Milan,Bologna,0,0
230,17,AC Milan,Bologna,0,0
230,18,AC Milan,Bologna,0,0
230,19,AC Milan,Bologna,0,0
230,20,AC Milan,Bologna,0,0
230,21,AC Milan,Bologna,0,0
230,22,AC Milan,Bologna,0,0
230,23,AC Milan,Bologna,0,0
230,24,AC Milan,Bologna,0,0
230,25,AC Milan,Bologna,0,0
230,26,AC Milan,Bologna,0,0
230,27,AC Milan,Bologna,0,0
230,28,AC Milan,Bologna,0,0
230,29,AC Milan,Bologna,0,0
230,30,AC Milan,Bologna,0,0
230,31,AC Milan,Bologna,0,0
230,32,AC Milan,Bologna,0,0
230,33,AC Milan,Bologna,0,0
230,34,AC Milan,Bologna,0,0
230,35,AC Milan,Bologna,0,0
230,36,AC Milan,Bologna,0,0
230,37,AC Milan,Bologna,0,0
230,38,AC Milan,Bologna,0,0
230,39,AC Milan,Bologna,0,0
230,40,AC Milan,Bologna,0,0
230,41,AC Milan,Bologna,0,0
230,42,AC Milan,Bologna,0,0
230,43,AC Milan,Bologna,0,0
230,44,AC Milan,Bologna,0,0
230,45,AC Milan,Bologna,0,0
230,46,AC Milan,Bologna,0,0
230,47,AC Milan,Bologna,0,0
230,48,AC Milan,Bologna,0,0
230,49,AC Milan,Bologna,0,1
230,50,AC Milan,Bologna,0,1
230,51,AC Milan,Bologna,0,1
230,52,AC Milan,Bologna,0,1
230,53,AC Milan,Bologna,0,1
230,54,AC Milan,Bologna,0,1
230,55,AC Milan,Bologna,0,1
230,56,AC Milan,Bologna,0,1
230,57,AC Milan,Bologna,0,1
230,58,AC Milan,Bologna,0,1
230,59,AC Milan,Bologna,0,1
230,60,AC Milan,Bologna,0,1
230,61,AC Milan,Bologna,0,1
230,62,AC Milan,Bologna,0,1
230,63,AC Milan,Bologna,0,1
230,64,AC Milan,Bologna,0,1
230,65,AC Milan,Bologna,0,1
230,66,AC Milan,Bologna,0,1
230,67,AC Milan,Bologna,0,1
230,68,AC Milan,Bologna,0,1
230,69,AC Milan,Bologna,0,1
230,70,AC Milan,Bologna,0,1
230,71,AC Milan,Bologna,0,1
230,72,AC Milan,Bologna,0,1
230,73,AC Milan,Bologna,1,1
230,74,AC Milan,Bologna,1,1
230,75,AC Milan,Bologna,1,1
230,76,AC Milan,Bologna,1,1
230,77,AC Milan,Bologna,1,1
230,78,AC Milan,Bologna,1,1
230,79,AC Milan,Bologna,2,1
230,80,AC Milan,Bologna,2,1
230,81,AC Milan,Bologna,2,1
230,82,AC Milan,Bologna,2,1
230,83,AC Milan,Bologna,2,1
230,84,AC Milan,Bologna,2,1
230,85,AC Milan,Bologna,2,1
230,86,AC Milan,Bologna,2,1
230,87,AC Milan,Bologna,2,1
230,88,AC Milan,Bologna,2,1
230,89,AC Milan,Bologna,2,1
230,90,AC Milan,Bologna,3,1
231,1,AC Milan,Cagliari,0,0
231,2,AC Milan,Cagliari,0,0
231,3,AC Milan,Cagliari,0,0
231,4,AC Milan,Cagliari,0,0
231,5,AC Milan,Cagliari,0,0
231,6,AC Milan,Cagliari,0,0
231,7,AC Milan,Cagliari,0,0
231,8,AC Milan,Cagliari,0,0
231,9,AC Milan,Cagliari,0,0
231,10,AC Milan,Cagliari,0,0
231,11,AC Milan,Cagliari,0,0
231,12,AC Milan,Cagliari,0,0
231,13,AC Milan,Cagliari,0,0
231,14,AC Milan,Cagliari,0,0
231,15,AC Milan,Cagliari,0,0
231,16,AC Milan,Cagliari,0,0
231,17,AC Milan,Cagliari,0,0
231,18,AC Milan,Cagliari,0,0
231,19,AC Milan,Cagliari,0,0
231,20,AC Milan,Cagliari,0,0
231,21,AC Milan,Cagliari,0,0
231,22,AC Milan,Cagliari,0,0
231,23,AC Milan,Cagliari,0,0
231,24,AC Milan,Cagliari,0,0
231,25,AC Milan,Cagliari,0,0
231,26,AC Milan,Cagliari,0,0
231,27,AC Milan,Cagliari,0,0
231,28,AC Milan,Cagliari,0,0
231,29,AC Milan,Cagliari,0,0
231,30,AC Milan,Cagliari,0,0
231,31,AC Milan,Cagliari,0,0
231,32,AC Milan,Cagliari,0,0
231,33,AC Milan,Cagliari,0,0
231,34,AC Milan,Cagliari,0,0
231,35,AC Milan,Cagliari,0,0
231,36,AC Milan,Cagliari,0,0
231,37,AC Milan,Cagliari,0,0
231,38,AC Milan,Cagliari,0,0
231,39,AC Milan,Cagliari,0,0
231,40,AC Milan,Cagliari,0,0
231,41,AC Milan,Cagliari,0,0
231,42,AC Milan,Cagliari,0,0
231,43,AC Milan,Cagliari,0,0
231,44,AC Milan,Cagliari,0,0
231,45,AC Milan,Cagliari,0,0
231,46,AC Milan,Cagliari,0,0
231,47,AC Milan,Cagliari,0,0
231,48,AC Milan,Cagliari,0,0
231,49,AC Milan,Cagliari,0,0
231,50,AC Milan,Cagliari,0,0
231,51,AC Milan,Cagliari,1,0
231,52,AC Milan,Cagliari,1,0
231,53,AC Milan,Cagliari,1,0
231,54,AC Milan,Cagliari,1,0
231,55,AC Milan,Cagliari,1,1
231,56,AC Milan,Cagliari,1,1
231,57,AC Milan,Cagliari,1,1
231,58,AC Milan,Cagliari,1,1
231,59,AC Milan,Cagliari,1,1
231,60,AC Milan,Cagliari,1,1
231,61,AC Milan,Cagliari,1,1
231,62,AC Milan,Cagliari,1,1
231,63,AC Milan,Cagliari,1,1
231,64,AC Milan,Cagliari,1,1
231,65,AC Milan,Cagliari,1,1
231,66,AC Milan,Cagliari,1,1
231,67,AC Milan,Cagliari,1,1
231,68,AC Milan,Cagliari,1,1
231,69,AC Milan,Cagliari,1,1
231,70,AC Milan,Cagliari,1,1
231,71,AC Milan,Cagliari,1,1
231,72,AC Milan,Cagliari,1,1
231,73,AC Milan,Cagliari,1,1
231,74,AC Milan,Cagliari,1,1
231,75,AC Milan,Cagliari,1,1
231,76,AC Milan,Cagliari,1,1
231,77,AC Milan,Cagliari,1,1
231,78,AC Milan,Cagliari,1,1
231,79,AC Milan,Cagliari,1,1
231,80,AC Milan,Cagliari,1,1
231,81,AC Milan,Cagliari,1,1
231,82,AC Milan,Cagliari,1,1
231,83,AC Milan,Cagliari,1,1
231,84,AC Milan,Cagliari,1,1
231,85,AC Milan,Cagliari,1,1
231,86,AC Milan,Cagliari,1,1
231,87,AC Milan,Cagliari,1,1
231,88,AC Milan,Cagliari,1,1
231,89,AC Milan,Cagliari,1,1
231,90,AC Milan,Cagliari,1,1
232,1,AC Milan,Como,0,0
232,2,AC Milan,Como,0,0
232,3,AC Milan,Como,0,0
232,4,AC Milan,Como,0,0
232,5,AC Milan,Como,0,0
232,6,AC Milan,Como,0,0
232,7,AC Milan,Como,0,0
232,8,AC Milan,Como,0,0
232,9,AC Milan,Como,0,0
232,10,AC Milan,Como,0,0
232,11,AC Milan,Como,0,0
232,12,AC Milan,Como,0,0
232,13,AC Milan,Como,0,0
232,14,AC Milan,Como,0,0
232,15,AC Milan,Como,0,0
232,16,AC Milan,Como,0,0
232,17,AC Milan,Como,0,0
232,18,AC Milan,Como,0,0
232,19,AC Milan,Como,0,0
232,20,AC Milan,Como,0,0
232,21,AC Milan,Como,0,0
232,22,AC Milan,Como,0,0
232,23,AC Milan,Como,0,0
232,24,AC Milan,Como,0,0
232,25,AC Milan,Como,0,0
232,26,AC Milan,Como,0,0
232,27,AC Milan,Como,0,0
232,28,AC Milan,Como,0,0
232,29,AC Milan,Como,0,0
232,30,AC Milan,Como,0,0
232,31,AC Milan,Como,0,0
232,32,AC Milan,Como,0,0
232,33,AC Milan,Como,0,1
232,34,AC Milan,Como,0,1
232,35,AC Milan,Como,0,1
232,36,AC Milan,Como,0,1
232,37,AC Milan,Como,0,1
232,38,AC Milan,Como,0,1
232,39,AC Milan,Como,0,1
232,40,AC Milan,Como,0,1
232,41,AC Milan,Como,0,1
232,42,AC Milan,Como,0,1
232,43,AC Milan,Como,0,1
232,44,AC Milan,Como,0,1
232,45,AC Milan,Como,0,1
232,46,AC Milan,Como,0,1
232,47,AC Milan,Como,0,1
232,48,AC Milan,Como,0,1
232,49,AC Milan,Como,0,1
232,50,AC Milan,Como,0,1
232,51,AC Milan,Como,0,1
232,52,AC Milan,Como,0,1
232,53,AC Milan,Como,1,1
232,54,AC Milan,Como,1,1
232,55,AC Milan,Como,1,1
232,56,AC Milan,Como,1,1
232,57,AC Milan,Como,1,1
232,58,AC Milan,Como,1,1
232,59,AC Milan,Como,1,1
232,60,AC Milan,Como,1,1
232,61,AC Milan,Como,1,1
232,62,AC Milan,Como,1,1
232,63,AC Milan,Como,1,1
232,64,AC Milan,Como,1,1
232,65,AC Milan,Como,1,1
232,66,AC Milan,Como,1,1
232,67,AC Milan,Como,1,1
232,68,AC Milan,Como,1,1
232,69,AC Milan,Como,1,1
232,70,AC Milan,Como,1,1
232,71,AC Milan,Como,1,1
232,72,AC Milan,Como,1,1
232,73,AC Milan,Como,1,1
232,74,AC Milan,Como,1,1
232,75,AC Milan,Como,2,1
232,76,AC Milan,Como,2,1
232,77,AC Milan,Como,2,1
232,78,AC Milan,Como,2,1
232,79,AC Milan,Como,2,1
232,80,AC Milan,Como,2,1
232,81,AC Milan,Como,2,1
232,82,AC Milan,Como,2,1
232,83,AC Milan,Como,2,1
232,84,AC Milan,Como,2,1
232,85,AC Milan,Como,2,1
232,86,AC Milan,Como,2,1
232,87,AC Milan,Como,2,1
232,88,AC Milan,Como,2,1
232,89,AC Milan,Como,2,1
232,90,AC Milan,Como,2,1
233,1,AC Milan,Empoli,0,0
233,2,AC Milan,Empoli,0,0
233,3,AC Milan,Empoli,0,0
233,4,AC Milan,Empoli,0,0
233,5,AC Milan,Empoli,0,0
233,6,AC Milan,Empoli,0,0
233,7,AC Milan,Empoli,0,0
233,8,AC Milan,Empoli,0,0
233,9,AC Milan,Empoli,0,0
233,10,AC Milan,Empoli,0,0
233,11,AC Milan,Empoli,0,0
233,12,AC Milan,Empoli,0,0
233,13,AC Milan,Empoli,0,0
233,14,AC Milan,Empoli,0,0
233,15,AC Milan,Empoli,0,0
233,16,AC Milan,Empoli,0,0
233,17,AC Milan,Empoli,0,0
233,18,AC Milan,Empoli,0,0
233,19,AC Milan,Empoli,1,0
233,20,AC Milan,Empoli,1,0
233,21,AC Milan,Empoli,1,0
233,22,AC Milan,Empoli,1,0
233,23,AC Milan,Empoli,1,0
233,24,AC Milan,Empoli,1,0
233,25,AC Milan,Empoli,1,0
233,26,AC Milan,Empoli,1,0
233,27,AC Milan,Empoli,1,0
233,28,AC Milan,Empoli,1,0
233,29,AC Milan,Empoli,1,0
233,30,AC Milan,Empoli,1,0
233,31,AC Milan,Empoli,1,0
233,32,AC Milan,Empoli,1,0
233,33,AC Milan,Empoli,1,0
233,34,AC Milan,Empoli,1,0
233,35,AC Milan,Empoli,1,0
233,36,AC Milan,Empoli,1,0
233,37,AC Milan,Empoli,1,0
233,38,AC Milan,Empoli,1,0
233,39,AC Milan,Empoli,1,0
233,40,AC Milan,Empoli,1,0
233,41,AC Milan,Empoli,1,0
233,42,AC Milan,Empoli,1,0
233,43,AC Milan,Empoli,1,0
233,44,AC Milan,Empoli,2,0
233,45,AC Milan,Empoli,2,0
233,46,AC Milan,Empoli,2,0
233,47,AC Milan,Empoli,2,0
233,48,AC Milan,Empoli,2,0
233,49,AC Milan,Empoli,2,0
233,50,AC Milan,Empoli,2,0
233,51,AC Milan,Empoli,2,0
233,52,AC Milan,Empoli,2,0
233,53,AC Milan,Empoli,2,0
233,54,AC Milan,Empoli,2,0
233,55,AC Milan,Empoli,2,0
233,56,AC Milan,Empoli,2,0
233,57,AC Milan,Empoli,2,0
233,58,AC Milan,Empoli,2,0
233,59,AC Milan,Empoli,2,0
233,60,AC Milan,Empoli,2,0
233,61,AC Milan,Empoli,2,0
233,62,AC Milan,Empoli,2,0
233,63,AC Milan,Empoli,2,0
233,64,AC Milan,Empoli,2,0
233,65,AC Milan,Empoli,2,0
233,66,AC Milan,Empoli,2,0
233,67,AC Milan,Empoli,2,0
233,68,AC Milan,Empoli,2,0
233,69,AC Milan,Empoli,3,0
233,70,AC Milan,Empoli,3,0
233,71,AC Milan,Empoli,3,0
233,72,AC Milan,Empoli,3,0
233,73,AC Milan,Empoli,3,0
233,74,AC Milan,Empoli,3,0
233,75,AC Milan,Empoli,3,0
233,76,AC Milan,Empoli,3,0
233,77,AC Milan,Empoli,3,0
233,78,AC Milan,Empoli,3,0
233,79,AC Milan,Empoli,3,0
233,80,AC Milan,Empoli,3,0
233,81,AC Milan,Empoli,3,0
233,82,AC Milan,Empoli,3,0
233,83,AC Milan,Empoli,3,0
233,84,AC Milan,Empoli,3,0
233,85,AC Milan,Empoli,3,0
233,86,AC Milan,Empoli,3,0
233,87,AC Milan,Empoli,3,0
233,88,AC Milan,Empoli,3,0
233,89,AC Milan,Empoli,3,0
233,90,AC Milan,Empoli,3,0
234,1,AC Milan,Fiorentina,0,0
234,2,AC Milan,Fiorentina,0,0
234,3,AC Milan,Fiorentina,0,0
234,4,AC Milan,Fiorentina,0,0
234,5,AC Milan,Fiorentina,0,0
234,6,AC Milan,Fiorentina,0,0
234,7,AC Milan,Fiorentina,0,1
234,8,AC Milan,Fiorentina,0,1
234,9,AC Milan,Fiorentina,0,1
234,10,AC Milan,Fiorentina,0,2
234,11,AC Milan,Fiorentina,0,2
234,12,AC Milan,Fiorentina,0,2
234,13,AC Milan,Fiorentina,0,2
234,14,AC Milan,Fiorentina,0,2
234,15,AC Milan,Fiorentina,0,2
234,16,AC Milan,Fiorentina,0,2
234,17,AC Milan,Fiorentina,0,2
234,18,AC Milan,Fiorentina,0,2
234,19,AC Milan,Fiorentina,0,2
234,20,AC Milan,Fiorentina,0,2
234,21,AC Milan,Fiorentina,0,2
234,22,AC Milan,Fiorentina,0,2
234,23,AC Milan,Fiorentina,1,2
234,24,AC Milan,Fiorentina,1,2
234,25,AC Milan,Fiorentina,1,2
234,26,AC Milan,Fiorentina,1,2
234,27,AC Milan,Fiorentina,1,2
234,28,AC Milan,Fiorentina,1,2
234,29,AC Milan,Fiorentina,1,2
234,30,AC Milan,Fiorentina,1,2
234,31,AC Milan,Fiorentina,1,2
234,32,AC Milan,Fiorentina,1,2
234,33,AC Milan,Fiorentina,1,2
234,34,AC Milan,Fiorentina,1,2
234,35,AC Milan,Fiorentina,1,2
234,36,AC Milan,Fiorentina,1,2
234,37,AC Milan,Fiorentina,1,2
234,38,AC Milan,Fiorentina,1,2
234,39,AC Milan,Fiorentina,1,2
234,40,AC Milan,Fiorentina,1,2
234,41,AC Milan,Fiorentina,1,2
234,42,AC Milan,Fiorentina,1,2
234,43,AC Milan,Fiorentina,1,2
234,44,AC Milan,Fiorentina,1,2
234,45,AC Milan,Fiorentina,1,2
234,46,AC Milan,Fiorentina,1,2
234,47,AC Milan,Fiorentina,1,2
234,48,AC Milan,Fiorentina,1,2
234,49,AC Milan,Fiorentina,1,2
234,50,AC Milan,Fiorentina,1,2
234,51,AC Milan,Fiorentina,1,2
234,52,AC Milan,Fiorentina,1,2
234,53,AC Milan,Fiorentina,1,2
234,54,AC Milan,Fiorentina,1,2
234,55,AC Milan,Fiorentina,1,2
234,56,AC Milan,Fiorentina,1,2
234,57,AC Milan,Fiorentina,1,2
234,58,AC Milan,Fiorentina,1,2
234,59,AC Milan,Fiorentina,1,2
234,60,AC Milan,Fiorentina,1,2
234,61,AC Milan,Fiorentina,1,2
234,62,AC Milan,Fiorentina,1,2
234,63,AC Milan,Fiorentina,1,2
234,64,AC Milan,Fiorentina,2,2
234,65,AC Milan,Fiorentina,2,2
234,66,AC Milan,Fiorentina,2,2
234,67,AC Milan,Fiorentina,2,2
234,68,AC Milan,Fiorentina,2,2
234,69,AC Milan,Fiorentina,2,2
234,70,AC Milan,Fiorentina,2,2
234,71,AC Milan,Fiorentina,2,2
234,72,AC Milan,Fiorentina,2,2
234,73,AC Milan,Fiorentina,2,2
234,74,AC Milan,Fiorentina,2,2
234,75,AC Milan,Fiorentina,2,2
234,76,AC Milan,Fiorentina,2,2
234,77,AC Milan,Fiorentina,2,2
234,78,AC Milan,Fiorentina,2,2
234,79,AC Milan,Fiorentina,2,2
234,80,AC Milan,Fiorentina,2,2
234,81,AC Milan,Fiorentina,2,2
234,82,AC Milan,Fiorentina,2,2
234,83,AC Milan,Fiorentina,2,2
234,84,AC Milan,Fiorentina,2,2
234,85,AC Milan,Fiorentina,2,2
234,86,AC Milan,Fiorentina,2,2
234,87,AC Milan,Fiorentina,2,2
234,88,AC Milan,Fiorentina,2,2
234,89,AC Milan,Fiorentina,2,2
234,90,AC Milan,Fiorentina,2,2
235,1,AC Milan,Genoa,0,0
235,2,AC Milan,Genoa,0,0
235,3,AC Milan,Genoa,0,0
235,4,AC Milan,Genoa,0,0
235,5,AC Milan,Genoa,0,0
235,6,AC Milan,Genoa,0,0
235,7,AC Milan,Genoa,0,0
235,8,AC Milan,Genoa,0,0
235,9,AC Milan,Genoa,0,0
235,10,AC Milan,Genoa,0,0
235,11,AC Milan,Genoa,0,0
235,12,AC Milan,Genoa,0,0
235,13,AC Milan,Genoa,0,0
235,14,AC Milan,Genoa,0,0
235,15,AC Milan,Genoa,0,0
235,16,AC Milan,Genoa,0,0
235,17,AC Milan,Genoa,0,0
235,18,AC Milan,Genoa,0,0
235,19,AC Milan,Genoa,0,0
235,20,AC Milan,Genoa,0,0
235,21,AC Milan,Genoa,0,0
235,22,AC Milan,Genoa,0,0
235,23,AC Milan,Genoa,0,0
235,24,AC Milan,Genoa,0,0
235,25,AC Milan,Genoa,0,0
235,26,AC Milan,Genoa,0,0
235,27,AC Milan,Genoa,0,0
235,28,AC Milan,Genoa,0,0
235,29,AC Milan,Genoa,0,0
235,30,AC Milan,Genoa,0,0
235,31,AC Milan,Genoa,0,0
235,32,AC Milan,Genoa,0,0
235,33,AC Milan,Genoa,0,0
235,34,AC Milan,Genoa,0,0
235,35,AC Milan,Genoa,0,0
235,36,AC Milan,Genoa,0,0
235,37,AC Milan,Genoa,0,0
235,38,AC Milan,Genoa,0,0
235,39,AC Milan,Genoa,0,0
235,40,AC Milan,Genoa,0,0
235,41,AC Milan,Genoa,0,0
235,42,AC Milan,Genoa,0,0
235,43,AC Milan,Genoa,0,0
235,44,AC Milan,Genoa,0,0
235,45,AC Milan,Genoa,0,0
235,46,AC Milan,Genoa,0,0
235,47,AC Milan,Genoa,0,0
235,48,AC Milan,Genoa,0,0
235,49,AC Milan,Genoa,0,0
235,50,AC Milan,Genoa,0,0
235,51,AC Milan,Genoa,0,0
235,52,AC Milan,Genoa,0,0
235,53,AC Milan,Genoa,0,0
235,54,AC Milan,Genoa,0,0
235,55,AC Milan,Genoa,0,0
235,56,AC Milan,Genoa,0,0
235,57,AC Milan,Genoa,0,0
235,58,AC Milan,Genoa,0,0
235,59,AC Milan,Genoa,0,0
235,60,AC Milan,Genoa,0,0
235,61,AC Milan,Genoa,0,0
235,62,AC Milan,Genoa,0,0
235,63,AC Milan,Genoa,0,0
235,64,AC Milan,Genoa,0,0
235,65,AC Milan,Genoa,0,0
235,66,AC Milan,Genoa,0,0
235,67,AC Milan,Genoa,0,0
235,68,AC Milan,Genoa,0,0
235,69,AC Milan,Genoa,0,0
235,70,AC Milan,Genoa,0,0
235,71,AC Milan,Genoa,0,0
235,72,AC Milan,Genoa,0,0
235,73,AC Milan,Genoa,0,0
235,74,AC Milan,Genoa,0,0
235,75,AC Milan,Genoa,0,0
235,76,AC Milan,Genoa,0,0
235,77,AC Milan,Genoa,0,0
235,78,AC Milan,Genoa,0,0
235,79,AC Milan,Genoa,0,0
235,80,AC Milan,Genoa,0,0
235,81,AC Milan,Genoa,0,0
235,82,AC Milan,Genoa,0,0
235,83,AC Milan,Genoa,0,0
235,84,AC Milan,Genoa,0,0
235,85,AC Milan,Genoa,0,0
235,86,AC Milan,Genoa,0,0
235,87,AC Milan,Genoa,0,0
235,88,AC Milan,Genoa,0,0
235,89,AC Milan,Genoa,0,0
235,90,AC Milan,Genoa,0,0
236,1,AC Milan,Hellas Verona,0,0
236,2,AC Milan,Hellas Verona,0,0
236,3,AC Milan,Hellas Verona,0,0
236,4,AC Milan,Hellas Verona,0,0
236,5,AC Milan,Hellas Verona,0,0
236,6,AC Milan,Hellas Verona,0,0
236,7,AC Milan,Hellas Verona,0,0
236,8,AC Milan,Hellas Verona,0,0
236,9,AC Milan,Hellas Verona,0,0
236,10,AC Milan,Hellas Verona,0,0
236,11,AC Milan,Hellas Verona,0,0
236,12,AC Milan,Hellas Verona,0,0
236,13,AC Milan,Hellas Verona,0,0
236,14,AC Milan,Hellas Verona,0,0
236,15,AC Milan,Hellas Verona,0,0
236,16,AC Milan,Hellas Verona,0,0
236,17,AC Milan,Hellas Verona,0,0
236,18,AC Milan,Hellas Verona,0,0
236,19,AC Milan,Hellas Verona,0,0
236,20,AC Milan,Hellas Verona,0,0
236,21,AC Milan,Hellas Verona,0,0
236,22,AC Milan,Hellas Verona,0,0
236,23,AC Milan,Hellas Verona,0,0
236,24,AC Milan,Hellas Verona,0,0
236,25,AC Milan,Hellas Verona,0,0
236,26,AC Milan,Hellas Verona,0,0
236,27,AC Milan,Hellas Verona,0,0
236,28,AC Milan,Hellas Verona,0,0
236,29,AC Milan,Hellas Verona,0,0
236,30,AC Milan,Hellas Verona,0,0
236,31,AC Milan,Hellas Verona,0,0
236,32,AC Milan,Hellas Verona,0,0
236,33,AC Milan,Hellas Verona,0,0
236,34,AC Milan,Hellas Verona,0,0
236,35,AC Milan,Hellas Verona,0,0
236,36,AC Milan,Hellas Verona,0,0
236,37,AC Milan,Hellas Verona,0,0
236,38,AC Milan,Hellas Verona,0,0
236,39,AC Milan,Hellas Verona,0,0
236,40,AC Milan,Hellas Verona,0,0
236,41,AC Milan,Hellas Verona,0,0
236,42,AC Milan,Hellas Verona,0,0
236,43,AC Milan,Hellas Verona,0,0
236,44,AC Milan,Hellas Verona,0,0
236,45,AC Milan,Hellas Verona,0,0
236,46,AC Milan,Hellas Verona,0,0
236,47,AC Milan,Hellas Verona,0,0
236,48,AC Milan,Hellas Verona,0,0
236,49,AC Milan,Hellas Verona,0,0
236,50,AC Milan,Hellas Verona,0,0
236,51,AC Milan,Hellas Verona,0,0
236,52,AC Milan,Hellas Verona,0,0
236,53,AC Milan,Hellas Verona,0,0
236,54,AC Milan,Hellas Verona,0,0
236,55,AC Milan,Hellas Verona,0,0
236,56,AC Milan,Hellas Verona,0,0
236,57,AC Milan,Hellas Verona,0,0
236,58,AC Milan,Hellas Verona,0,0
236,59,AC Milan,Hellas Verona,0,0
236,60,AC Milan,Hellas Verona,0,0
236,61,AC Milan,Hellas Verona,0,0
236,62,AC Milan,Hellas Verona,0,0
236,63,AC Milan,Hellas Verona,0,0
236,64,AC Milan,Hellas Verona,0,0
236,65,AC Milan,Hellas Verona,0,0
236,66,AC Milan,Hellas Verona,0,0
236,67,AC Milan,Hellas Verona,0,0
236,68,AC Milan,Hellas Verona,0,0
236,69,AC Milan,Hellas Verona,0,0
236,70,AC Milan,Hellas Verona,0,0
236,71,AC Milan,Hellas Verona,0,0
236,72,AC Milan,Hellas Verona,0,0
236,73,AC Milan,Hellas Verona,0,0
236,74,AC Milan,Hellas Verona,0,0
236,75,AC Milan,Hellas Verona,1,0
236,76,AC Milan,Hellas Verona,1,0
236,77,AC Milan,Hellas Verona,1,0
236,78,AC Milan,Hellas Verona,1,0
236,79,AC Milan,Hellas Verona,1,0
236,80,AC Milan,Hellas Verona,1,0
236,81,AC Milan,Hellas Verona,1,0
236,82,AC Milan,Hellas Verona,1,0
236,83,AC Milan,Hellas Verona,1,0
236,84,AC Milan,Hellas Verona,1,0
236,85,AC Milan,Hellas Verona,1,0
236,86,AC Milan,Hellas Verona,1,0
236,87,AC Milan,Hellas Verona,1,0
236,88,AC Milan,Hellas Verona,1,0
236,89,AC Milan,Hellas Verona,1,0
236,90,AC Milan,Hellas Verona,1,0
237,1,AC Milan,Inter Milan,0,0
237,2,AC Milan,Inter Milan,0,0
237,3,AC Milan,Inter Milan,0,0
237,4,AC Milan,Inter Milan,0,0
237,5,AC Milan,Inter Milan,0,0
237,6,AC Milan,Inter Milan,0,0
237,7,AC Milan,Inter Milan,0,0
237,8,AC Milan,Inter Milan,0,0
237,9,AC Milan,Inter Milan,0,0
237,10,AC Milan,Inter Milan,0,0
237,11,AC Milan,Inter Milan,0,0
237,12,AC Milan,Inter Milan,0,0
237,13,AC Milan,Inter Milan,0,0
237,14,AC Milan,Inter Milan,0,0
237,15,AC Milan,Inter Milan,0,0
237,16,AC Milan,Inter Milan,0,0
237,17,AC Milan,Inter Milan,0,0
237,18,AC Milan,Inter Milan,0,0
237,19,AC Milan,Inter Milan,0,0
237,20,AC Milan,Inter Milan,0,0
237,21,AC Milan,Inter Milan,0,0
237,22,AC Milan,Inter Milan,0,0
237,23,AC Milan,Inter Milan,0,0
237,24,AC Milan,Inter Milan,0,0
237,25,AC Milan,Inter Milan,0,0
237,26,AC Milan,Inter Milan,0,0
237,27,AC Milan,Inter Milan,0,0
237,28,AC Milan,Inter Milan,0,0
237,29,AC Milan,Inter Milan,0,0
237,30,AC Milan,Inter Milan,0,0
237,31,AC Milan,Inter Milan,0,0
237,32,AC Milan,Inter Milan,0,0
237,33,AC Milan,Inter Milan,0,0
237,34,AC Milan,Inter Milan,0,0
237,35,AC Milan,Inter Milan,0,0
237,36,AC Milan,Inter Milan,0,0
237,37,AC Milan,Inter Milan,0,0
237,38,AC Milan,Inter Milan,0,0
237,39,AC Milan,Inter Milan,0,0
237,40,AC Milan,Inter Milan,0,0
237,41,AC Milan,Inter Milan,0,0
237,42,AC Milan,Inter Milan,0,0
237,43,AC Milan,Inter Milan,0,0
237,44,AC Milan,Inter Milan,0,0
237,45,AC Milan,Inter Milan,1,0
237,46,AC Milan,Inter Milan,1,0
237,47,AC Milan,Inter Milan,1,0
237,48,AC Milan,Inter Milan,1,0
237,49,AC Milan,Inter Milan,1,0
237,50,AC Milan,Inter Milan,1,0
237,51,AC Milan,Inter Milan,1,0
237,52,AC Milan,Inter Milan,1,0
237,53,AC Milan,Inter Milan,1,0
237,54,AC Milan,Inter Milan,1,0
237,55,AC Milan,Inter Milan,1,0
237,56,AC Milan,Inter Milan,1,0
237,57,AC Milan,Inter Milan,1,0
237,58,AC Milan,Inter Milan,1,0
237,59,AC Milan,Inter Milan,1,0
237,60,AC Milan,Inter Milan,1,0
237,61,AC Milan,Inter Milan,1,0
237,62,AC Milan,Inter Milan,1,0
237,63,AC Milan,Inter Milan,1,0
237,64,AC Milan,Inter Milan,1,0
237,65,AC Milan,Inter Milan,1,0
237,66,AC Milan,Inter Milan,1,0
237,67,AC Milan,Inter Milan,1,0
237,68,AC Milan,Inter Milan,1,0
237,69,AC Milan,Inter Milan,1,0
237,70,AC Milan,Inter Milan,1,0
237,71,AC Milan,Inter Milan,1,0
237,72,AC Milan,Inter Milan,1,0
237,73,AC Milan,Inter Milan,1,0
237,74,AC Milan,Inter Milan,1,0
237,75,AC Milan,Inter Milan,1,0
237,76,AC Milan,Inter Milan,1,0
237,77,AC Milan,Inter Milan,1,0
237,78,AC Milan,Inter Milan,1,0
237,79,AC Milan,Inter Milan,1,0
237,80,AC Milan,Inter Milan,1,0
237,81,AC Milan,Inter Milan,1,0
237,82,AC Milan,Inter Milan,1,0
237,83,AC Milan,Inter Milan,1,0
237,84,AC Milan,Inter Milan,1,0
237,85,AC Milan,Inter Milan,1,0
237,86,AC Milan,Inter Milan,1,0
237,87,AC Milan,Inter Milan,1,0
237,88,AC Milan,Inter Milan,1,0
237,89,AC Milan,Inter Milan,1,0
237,90,AC Milan,Inter Milan,1,1
238,1,AC Milan,Juventus,0,0
238,2,AC Milan,Juventus,0,0
238,3,AC Milan,Juventus,0,0
238,4,AC Milan,Juventus,0,0
238,5,AC Milan,Juventus,0,0
238,6,AC Milan,Juventus,0,0
238,7,AC Milan,Juventus,0,0
238,8,AC Milan,Juventus,0,0
238,9,AC Milan,Juventus,0,0
238,10,AC Milan,Juventus,0,0
238,11,AC Milan,Juventus,0,0
238,12,AC Milan,Juventus,0,0
238,13,AC Milan,Juventus,0,0
238,14,AC Milan,Juventus,0,0
238,15,AC Milan,Juventus,0,0
238,16,AC Milan,Juventus,0,0
238,17,AC Milan,Juventus,0,0
238,18,AC Milan,Juventus,0,0
238,19,AC Milan,Juventus,0,0
238,20,AC Milan,Juventus,0,0
238,21,AC Milan,Juventus,0,0
238,22,AC Milan,Juventus,0,0
238,23,AC Milan,Juventus,0,0
238,24,AC Milan,Juventus,0,0
238,25,AC Milan,Juventus,0,0
238,26,AC Milan,Juventus,0,0
238,27,AC Milan,Juventus,0,0
238,28,AC Milan,Juventus,0,0
238,29,AC Milan,Juventus,0,0
238,30,AC Milan,Juventus,0,0
238,31,AC Milan,Juventus,0,0
238,32,AC Milan,Juventus,0,0
238,33,AC Milan,Juventus,0,0
238,34,AC Milan,Juventus,0,0
238,35,AC Milan,Juventus,0,0
238,36,AC Milan,Juventus,0,0
238,37,AC Milan,Juventus,0,0
238,38,AC Milan,Juventus,0,0
238,39,AC Milan,Juventus,0,0
238,40,AC Milan,Juventus,0,0
238,41,AC Milan,Juventus,0,0
238,42,AC Milan,Juventus,0,0
238,43,AC Milan,Juventus,0,0
238,44,AC Milan,Juventus,0,0
238,45,AC Milan,Juventus,0,0
238,46,AC Milan,Juventus,0,0
238,47,AC Milan,Juventus,0,0
238,48,AC Milan,Juventus,0,0
238,49,AC Milan,Juventus,0,0
238,50,AC Milan,Juventus,0,0
238,51,AC Milan,Juventus,0,0
238,52,AC Milan,Juventus,0,0
238,53,AC Milan,Juventus,0,0
238,54,AC Milan,Juventus,0,0
238,55,AC Milan,Juventus,0,0
238,56,AC Milan,Juventus,0,0
238,57,AC Milan,Juventus,0,0
238,58,AC Milan,Juventus,0,0
238,59,AC Milan,Juventus,0,0
238,60,AC Milan,Juventus,0,0
238,61,AC Milan,Juventus,0,0
238,62,AC Milan,Juventus,0,0
238,63,AC Milan,Juventus,0,0
238,64,AC Milan,Juventus,0,0
238,65,AC Milan,Juventus,0,0
238,66,AC Milan,Juventus,0,0
238,67,AC Milan,Juventus,0,0
238,68,AC Milan,Juventus,0,0
238,69,AC Milan,Juventus,0,0
238,70,AC Milan,Juventus,0,0
238,71,AC Milan,Juventus,0,0
238,72,AC Milan,Juventus,0,0
238,73,AC Milan,Juventus,0,0
238,74,AC Milan,Juventus,0,0
238,75,AC Milan,Juventus,0,0
238,76,AC Milan,Juventus,0,0
238,77,AC Milan,Juventus,0,0
238,78,AC Milan,Juventus,0,0
238,79,AC Milan,Juventus,0,0
238,80,AC Milan,Juventus,0,0
238,81,AC Milan,Juventus,0,0
238,82,AC Milan,Juventus,0,0
238,83,AC Milan,Juventus,0,0
238,84,AC Milan,Juventus,0,0
238,85,AC Milan,Juventus,0,0
238,86,AC Milan,Juventus,0,0
238,87,AC Milan,Juventus,0,0
238,88,AC Milan,Juventus,0,0
238,89,AC Milan,Juventus,0,0
238,90,AC Milan,Juventus,0,0
239,1,AC Milan,Lazio,0,0
239,2,AC Milan,Lazio,0,0
239,3,AC Milan,Lazio,0,0
239,4,AC Milan,Lazio,0,0
239,5,AC Milan,Lazio,0,0
239,6,AC Milan,Lazio,0,0
239,7,AC Milan,Lazio,0,0
239,8,AC Milan,Lazio,0,0
239,9,AC Milan,Lazio,0,0
239,10,AC Milan,Lazio,0,0
239,11,AC Milan,Lazio,0,0
239,12,AC Milan,Lazio,0,0
239,13,AC Milan,Lazio,0,0
239,14,AC Milan,Lazio,0,0
239,15,AC Milan,Lazio,0,0
239,16,AC Milan,Lazio,0,0
239,17,AC Milan,Lazio,0,0
239,18,AC Milan,Lazio,0,0
239,19,AC Milan,Lazio,0,0
239,20,AC Milan,Lazio,0,0
239,21,AC Milan,Lazio,0,0
239,22,AC Milan,Lazio,0,0
239,23,AC Milan,Lazio,0,0
239,24,AC Milan,Lazio,0,0
239,25,AC Milan,Lazio,0,0
239,26,AC Milan,Lazio,0,0
239,27,AC Milan,Lazio,0,0
239,28,AC Milan,Lazio,0,1
239,29,AC Milan,Lazio,0,1
239,30,AC Milan,Lazio,0,1
239,31,AC Milan,Lazio,0,1
239,32,AC Milan,Lazio,0,1
239,33,AC Milan,Lazio,0,1
239,34,AC Milan,Lazio,0,1
239,35,AC Milan,Lazio,0,1
239,36,AC Milan,Lazio,0,1
239,37,AC Milan,Lazio,0,1
239,38,AC Milan,Lazio,0,1
239,39,AC Milan,Lazio,0,1
239,40,AC Milan,Lazio,0,1
239,41,AC Milan,Lazio,0,1
239,42,AC Milan,Lazio,0,1
239,43,AC Milan,Lazio,0,1
239,44,AC Milan,Lazio,0,1
239,45,AC Milan,Lazio,0,1
239,46,AC Milan,Lazio,0,1
239,47,AC Milan,Lazio,0,1
239,48,AC Milan,Lazio,0,1
239,49,AC Milan,Lazio,0,1
239,50,AC Milan,Lazio,0,1
239,51,AC Milan,Lazio,0,1
239,52,AC Milan,Lazio,0,1
239,53,AC Milan,Lazio,0,1
239,54,AC Milan,Lazio,0,1
239,55,AC Milan,Lazio,0,1
239,56,AC Milan,Lazio,0,1
239,57,AC Milan,Lazio,0,1
239,58,AC Milan,Lazio,0,1
239,59,AC Milan,Lazio,0,1
239,60,AC Milan,Lazio,0,1
239,61,AC Milan,Lazio,0,1
239,62,AC Milan,Lazio,0,1
239,63,AC Milan,Lazio,0,1
239,64,AC Milan,Lazio,0,1
239,65,AC Milan,Lazio,0,1
239,66,AC Milan,Lazio,0,1
239,67,AC Milan,Lazio,0,1
239,68,AC Milan,Lazio,0,1
239,69,AC Milan,Lazio,0,1
239,70,AC Milan,Lazio,0,1
239,71,AC Milan,Lazio,0,1
239,72,AC Milan,Lazio,0,1
239,73,AC Milan,Lazio,0,1
239,74,AC Milan,Lazio,0,1
239,75,AC Milan,Lazio,0,1
239,76,AC Milan,Lazio,0,1
239,77,AC Milan,Lazio,0,1
239,78,AC Milan,Lazio,0,1
239,79,AC Milan,Lazio,0,1
239,80,AC Milan,Lazio,0,1
239,81,AC Milan,Lazio,0,1
239,82,AC Milan,Lazio,0,1
239,83,AC Milan,Lazio,0,1
239,84,AC Milan,Lazio,0,1
239,85,AC Milan,Lazio,1,1
239,86,AC Milan,Lazio,1,1
239,87,AC Milan,Lazio,1,1
239,88,AC Milan,Lazio,1,1
239,89,AC Milan,Lazio,1,1
239,90,AC Milan,Lazio,1,2
240,1,AC Milan,Lecce,0,0
240,2,AC Milan,Lecce,0,0
240,3,AC Milan,Lecce,0,0
240,4,AC Milan,Lecce,0,0
240,5,AC Milan,Lecce,0,0
240,6,AC Milan,Lecce,0,0
240,7,AC Milan,Lecce,0,0
240,8,AC Milan,Lecce,0,0
240,9,AC Milan,Lecce,0,0
240,10,AC Milan,Lecce,0,0
240,11,AC Milan,Lecce,0,0
240,12,AC Milan,Lecce,0,0
240,13,AC Milan,Lecce,0,0
240,14,AC Milan,Lecce,0,0
240,15,AC Milan,Lecce,0,0
240,16,AC Milan,Lecce,0,0
240,17,AC Milan,Lecce,0,0
240,18,AC Milan,Lecce,0,0
240,19,AC Milan,Lecce,0,0
240,20,AC Milan,Lecce,0,0
240,21,AC Milan,Lecce,0,0
240,22,AC Milan,Lecce,0,0
240,23,AC Milan,Lecce,0,0
240,24,AC Milan,Lecce,0,0
240,25,AC Milan,Lecce,0,0
240,26,AC Milan,Lecce,0,0
240,27,AC Milan,Lecce,0,0
240,28,AC Milan,Lecce,0,0
240,29,AC Milan,Lecce,0,0
240,30,AC Milan,Lecce,0,0
240,31,AC Milan,Lecce,0,0
240,32,AC Milan,Lecce,0,0
240,33,AC Milan,Lecce,0,0
240,34,AC Milan,Lecce,0,0
240,35,AC Milan,Lecce,0,0
240,36,AC Milan,Lecce,0,0
240,37,AC Milan,Lecce,0,0
240,38,AC Milan,Lecce,1,0
240,39,AC Milan,Lecce,1,0
240,40,AC Milan,Lecce,1,0
240,41,AC Milan,Lecce,2,0
240,42,AC Milan,Lecce,2,0
240,43,AC Milan,Lecce,3,0
240,44,AC Milan,Lecce,3,0
240,45,AC Milan,Lecce,3,0
240,46,AC Milan,Lecce,3,0
240,47,AC Milan,Lecce,3,0
240,48,AC Milan,Lecce,3,0
240,49,AC Milan,Lecce,3,0
240,50,AC Milan,Lecce,3,0
240,51,AC Milan,Lecce,3,0
240,52,AC Milan,Lecce,3,0
240,53,AC Milan,Lecce,3,0
240,54,AC Milan,Lecce,3,0
240,55,AC Milan,Lecce,3,0
240,56,AC Milan,Lecce,3,0
240,57,AC Milan,Lecce,3,0
240,58,AC Milan,Lecce,3,0
240,59,AC Milan,Lecce,3,0
240,60,AC Milan,Lecce,3,0
240,61,AC Milan,Lecce,3,0
240,62,AC Milan,Lecce,3,0
240,63,AC Milan,Lecce,3,0
240,64,AC Milan,Lecce,3,0
240,65,AC Milan,Lecce,3,0
240,66,AC Milan,Lecce,3,0
240,67,AC Milan,Lecce,3,0
240,68,AC Milan,Lecce,3,0
240,69,AC Milan,Lecce,3,0
240,70,AC Milan,Lecce,3,0
240,71,AC Milan,Lecce,3,0
240,72,AC Milan,Lecce,3,0
240,73,AC Milan,Lecce,3,0
240,74,AC Milan,Lecce,3,0
240,75,AC Milan,Lecce,3,0
240,76,AC Milan,Lecce,3,0
240,77,AC Milan,Lecce,3,0
240,78,AC Milan,Lecce,3,0
240,79,AC Milan,Lecce,3,0
240,80,AC Milan,Lecce,3,0
240,81,AC Milan,Lecce,3,0
240,82,AC Milan,Lecce,3,0
240,83,AC Milan,Lecce,3,0
240,84,AC Milan,Lecce,3,0
240,85,AC Milan,Lecce,3,0
240,86,AC Milan,Lecce,3,0
240,87,AC Milan,Lecce,3,0
240,88,AC Milan,Lecce,3,0
240,89,AC Milan,Lecce,3,0
240,90,AC Milan,Lecce,3,0
241,1,AC Milan,Monza,0,0
241,2,AC Milan,Monza,0,0
241,3,AC Milan,Monza,0,0
241,4,AC Milan,Monza,0,0
241,5,AC Milan,Monza,0,0
241,6,AC Milan,Monza,0,0
241,7,AC Milan,Monza,0,0
241,8,AC Milan,Monza,0,0
241,9,AC Milan,Monza,0,0
241,10,AC Milan,Monza,0,0
241,11,AC Milan,Monza,0,0
241,12,AC Milan,Monza,0,0
241,13,AC Milan,Monza,0,0
241,14,AC Milan,Monza,0,0
241,15,AC Milan,Monza,0,0
241,16,AC Milan,Monza,0,0
241,17,AC Milan,Monza,0,0
241,18,AC Milan,Monza,0,0
241,19,AC Milan,Monza,0,0
241,20,AC Milan,Monza,0,0
241,21,AC Milan,Monza,0,0
241,22,AC Milan,Monza,0,0
241,23,AC Milan,Monza,0,0
241,24,AC Milan,Monza,0,0
241,25,AC Milan,Monza,0,0
241,26,AC Milan,Monza,0,0
241,27,AC Milan,Monza,0,0
241,28,AC Milan,Monza,0,0
241,29,AC Milan,Monza,0,0
241,30,AC Milan,Monza,0,0
241,31,AC Milan,Monza,0,0
241,32,AC Milan,Monza,0,0
241,33,AC Milan,Monza,0,0
241,34,AC Milan,Monza,0,0
241,35,AC Milan,Monza,0,0
241,36,AC Milan,Monza,0,0
241,37,AC Milan,Monza,0,0
241,38,AC Milan,Monza,0,0
241,39,AC Milan,Monza,0,0
241,40,AC Milan,Monza,0,0
241,41,AC Milan,Monza,0,0
241,42,AC Milan,Monza,0,0
241,43,AC Milan,Monza,0,0
241,44,AC Milan,Monza,0,0
241,45,AC Milan,Monza,0,0
241,46,AC Milan,Monza,0,0
241,47,AC Milan,Monza,0,0
241,48,AC Milan,Monza,0,0
241,49,AC Milan,Monza,0,0
241,50,AC Milan,Monza,0,0
241,51,AC Milan,Monza,0,0
241,52,AC Milan,Monza,0,0
241,53,AC Milan,Monza,0,0
241,54,AC Milan,Monza,0,0
241,55,AC Milan,Monza,0,0
241,56,AC Milan,Monza,0,0
241,57,AC Milan,Monza,0,0
241,58,AC Milan,Monza,0,0
241,59,AC Milan,Monza,0,0
241,60,AC Milan,Monza,0,0
241,61,AC Milan,Monza,0,0
241,62,AC Milan,Monza,0,0
241,63,AC Milan,Monza,0,0
241,64,AC Milan,Monza,1,0
241,65,AC Milan,Monza,1,0
241,66,AC Milan,Monza,1,0
241,67,AC Milan,Monza,1,0
241,68,AC Milan,Monza,1,0
241,69,AC Milan,Monza,1,0
241,70,AC Milan,Monza,1,0
241,71,AC Milan,Monza,1,0
241,72,AC Milan,Monza,1,0
241,73,AC Milan,Monza,1,0
241,74,AC Milan,Monza,2,0
241,75,AC Milan,Monza,2,0
241,76,AC Milan,Monza,2,0
241,77,AC Milan,Monza,2,0
241,78,AC Milan,Monza,2,0
241,79,AC Milan,Monza,2,0
241,80,AC Milan,Monza,2,0
241,81,AC Milan,Monza,2,0
241,82,AC Milan,Monza,2,0
241,83,AC Milan,Monza,2,0
241,84,AC Milan,Monza,2,0
241,85,AC Milan,Monza,2,0
241,86,AC Milan,Monza,2,0
241,87,AC Milan,Monza,2,0
241,88,AC Milan,Monza,2,0
241,89,AC Milan,Monza,2,0
241,90,AC Milan,Monza,2,0
242,1,AC Milan,Napoli,0,0
242,2,AC Milan,Napoli,0,0
242,3,AC Milan,Napoli,0,0
242,4,AC Milan,Napoli,0,0
242,5,AC Milan,Napoli,0,1
242,6,AC Milan,Napoli,0,1
242,7,AC Milan,Napoli,0,1
242,8,AC Milan,Napoli,0,1
242,9,AC Milan,Napoli,0,1
242,10,AC Milan,Napoli,0,1
242,11,AC Milan,Napoli,0,1
242,12,AC Milan,Napoli,0,1
242,13,AC Milan,Napoli,0,1
242,14,AC Milan,Napoli,0,1
242,15,AC Milan,Napoli,0,1
242,16,AC Milan,Napoli,0,1
242,17,AC Milan,Napoli,0,1
242,18,AC Milan,Napoli,0,1
242,19,AC Milan,Napoli,0,1
242,20,AC Milan,Napoli,0,1
242,21,AC Milan,Napoli,0,1
242,22,AC Milan,Napoli,0,1
242,23,AC Milan,Napoli,0,1
242,24,AC Milan,Napoli,0,1
242,25,AC Milan,Napoli,0,1
242,26,AC Milan,Napoli,0,1
242,27,AC Milan,Napoli,0,1
242,28,AC Milan,Napoli,0,1
242,29,AC Milan,Napoli,0,1
242,30,AC Milan,Napoli,0,1
242,31,AC Milan,Napoli,0,1
242,32,AC Milan,Napoli,0,1
242,33,AC Milan,Napoli,0,1
242,34,AC Milan,Napoli,0,1
242,35,AC Milan,Napoli,0,1
242,36,AC Milan,Napoli,0,1
242,37,AC Milan,Napoli,0,1
242,38,AC Milan,Napoli,0,1
242,39,AC Milan,Napoli,0,1
242,40,AC Milan,Napoli,0,1
242,41,AC Milan,Napoli,0,1
242,42,AC Milan,Napoli,0,1
242,43,AC Milan,Napoli,0,2
242,44,AC Milan,Napoli,0,2
242,45,AC Milan,Napoli,0,2
242,46,AC Milan,Napoli,0,2
242,47,AC Milan,Napoli,0,2
242,48,AC Milan,Napoli,0,2
242,49,AC Milan,Napoli,0,2
242,50,AC Milan,Napoli,0,2
242,51,AC Milan,Napoli,0,2
242,52,AC Milan,Napoli,0,2
242,53,AC Milan,Napoli,0,2
242,54,AC Milan,Napoli,0,2
242,55,AC Milan,Napoli,0,2
242,56,AC Milan,Napoli,0,2
242,57,AC Milan,Napoli,0,2
242,58,AC Milan,Napoli,0,2
242,59,AC Milan,Napoli,0,2
242,60,AC Milan,Napoli,0,2
242,61,AC Milan,Napoli,0,2
242,62,AC Milan,Napoli,0,2
242,63,AC Milan,Napoli,0,2
242,64,AC Milan,Napoli,0,2
242,65,AC Milan,Napoli,0,2
242,66,AC Milan,Napoli,0,2
242,67,AC Milan,Napoli,0,2
242,68,AC Milan,Napoli,0,2
242,69,AC Milan,Napoli,0,2
242,70,AC Milan,Napoli,0,2
242,71,AC Milan,Napoli,0,2
242,72,AC Milan,Napoli,0,2
242,73,AC Milan,Napoli,0,2
242,74,AC Milan,Napoli,0,2
242,75,AC Milan,Napoli,0,2
242,76,AC Milan,Napoli,0,2
242,77,AC Milan,Napoli,0,2
242,78,AC Milan,Napoli,0,2
242,79,AC Milan,Napoli,0,2
242,80,AC Milan,Napoli,0,2
242,81,AC Milan,Napoli,0,2
242,82,AC Milan,Napoli,0,2
242,83,AC Milan,Napoli,0,2
242,84,AC Milan,Napoli,0,2
242,85,AC Milan,Napoli,0,2
242,86,AC Milan,Napoli,0,2
242,87,AC Milan,Napoli,0,2
242,88,AC Milan,Napoli,0,2
242,89,AC Milan,Napoli,0,2
242,90,AC Milan,Napoli,0,2
243,1,AC Milan,Parma,0,0
243,2,AC Milan,Parma,0,0
243,3,AC Milan,Parma,0,0
243,4,AC Milan,Parma,0,0
243,5,AC Milan,Parma,0,0
243,6,AC Milan,Parma,0,0
243,7,AC Milan,Parma,0,0
243,8,AC Milan,Parma,0,0
243,9,AC Milan,Parma,0,0
243,10,AC Milan,Parma,0,0
243,11,AC Milan,Parma,0,0
243,12,AC Milan,Parma,0,0
243,13,AC Milan,Parma,0,0
243,14,AC Milan,Parma,0,0
243,15,AC Milan,Parma,0,0
243,16,AC Milan,Parma,0,0
243,17,AC Milan,Parma,0,0
243,18,AC Milan,Parma,0,0
243,19,AC Milan,Parma,0,0
243,20,AC Milan,Parma,0,0
243,21,AC Milan,Parma,0,0
243,22,AC Milan,Parma,0,0
243,23,AC Milan,Parma,0,0
243,24,AC Milan,Parma,0,1
243,25,AC Milan,Parma,0,1
243,26,AC Milan,Parma,0,1
243,27,AC Milan,Parma,0,1
243,28,AC Milan,Parma,0,1
243,29,AC Milan,Parma,0,1
243,30,AC Milan,Parma,0,1
243,31,AC Milan,Parma,0,1
243,32,AC Milan,Parma,0,1
243,33,AC Milan,Parma,0,1
243,34,AC Milan,Parma,0,1
243,35,AC Milan,Parma,0,1
243,36,AC Milan,Parma,0,1
243,37,AC Milan,Parma,0,1
243,38,AC Milan,Parma,1,1
243,39,AC Milan,Parma,1,1
243,40,AC Milan,Parma,1,1
243,41,AC Milan,Parma,1,1
243,42,AC Milan,Parma,1,1
243,43,AC Milan,Parma,1,1
243,44,AC Milan,Parma,1,1
243,45,AC Milan,Parma,1,1
243,46,AC Milan,Parma,1,1
243,47,AC Milan,Parma,1,1
243,48,AC Milan,Parma,1,1
243,49,AC Milan,Parma,1,1
243,50,AC Milan,Parma,1,1
243,51,AC Milan,Parma,1,1
243,52,AC Milan,Parma,1,1
243,53,AC Milan,Parma,1,1
243,54,AC Milan,Parma,1,1
243,55,AC Milan,Parma,1,1
243,56,AC Milan,Parma,1,1
243,57,AC Milan,Parma,1,1
243,58,AC Milan,Parma,1,1
243,59,AC Milan,Parma,1,1
243,60,AC Milan,Parma,1,1
243,61,AC Milan,Parma,1,1
243,62,AC Milan,Parma,1,1
243,63,AC Milan,Parma,1,1
243,64,AC Milan,Parma,1,1
243,65,AC Milan,Parma,1,1
243,66,AC Milan,Parma,1,1
243,67,AC Milan,Parma,1,1
243,68,AC Milan,Parma,1,1
243,69,AC Milan,Parma,1,1
243,70,AC Milan,Parma,1,1
243,71,AC Milan,Parma,1,1
243,72,AC Milan,Parma,1,1
243,73,AC Milan,Parma,1,1
243,74,AC Milan,Parma,1,1
243,75,AC Milan,Parma,1,1
243,76,AC Milan,Parma,1,1
243,77,AC Milan,Parma,1,1
243,78,AC Milan,Parma,1,1
243,79,AC Milan,Parma,1,1
243,80,AC Milan,Parma,1,2
243,81,AC Milan,Parma,1,2
243,82,AC Milan,Parma,1,2
243,83,AC Milan,Parma,1,2
243,84,AC Milan,Parma,1,2
243,85,AC Milan,Parma,1,2
243,86,AC Milan,Parma,1,2
243,87,AC Milan,Parma,1,2
243,88,AC Milan,Parma,2,2
243,89,AC Milan,Parma,2,2
243,90,AC Milan,Parma,3,2
244,1,AC Milan,Roma,0,0
244,2,AC Milan,Roma,0,0
244,3,AC Milan,Roma,0,0
244,4,AC Milan,Roma,0,0
244,5,AC Milan,Roma,0,0
244,6,AC Milan,Roma,0,0
244,7,AC Milan,Roma,0,0
244,8,AC Milan,Roma,0,0
244,9,AC Milan,Roma,0,0
244,10,AC Milan,Roma,0,0
244,11,AC Milan,Roma,0,0
244,12,AC Milan,Roma,0,0
244,13,AC Milan,Roma,0,0
244,14,AC Milan,Roma,0,0
244,15,AC Milan,Roma,0,0
244,16,AC Milan,Roma,1,0
244,17,AC Milan,Roma,1,0
244,18,AC Milan,Roma,1,0
244,19,AC Milan,Roma,1,0
244,20,AC Milan,Roma,1,0
244,21,AC Milan,Roma,1,0
244,22,AC Milan,Roma,1,0
244,23,AC Milan,Roma,1,1
244,24,AC Milan,Roma,1,1
244,25,AC Milan,Roma,1,1
244,26,AC Milan,Roma,1,1
244,27,AC Milan,Roma,1,1
244,28,AC Milan,Roma,1,1
244,29,AC Milan,Roma,1,1
244,30,AC Milan,Roma,1,1
244,31,AC Milan,Roma,1,1
244,32,AC Milan,Roma,1,1
244,33,AC Milan,Roma,1,1
244,34,AC Milan,Roma,1,1
244,35,AC Milan,Roma,1,1
244,36,AC Milan,Roma,1,1
244,37,AC Milan,Roma,1,1
244,38,AC Milan,Roma,1,1
244,39,AC Milan,Roma,1,1
244,40,AC Milan,Roma,1,1
244,41,AC Milan,Roma,1,1
244,42,AC Milan,Roma,1,1
244,43,AC Milan,Roma,1,1
244,44,AC Milan,Roma,1,1
244,45,AC Milan,Roma,1,1
244,46,AC Milan,Roma,1,1
244,47,AC Milan,Roma,1,1
244,48,AC Milan,Roma,1,1
244,49,AC Milan,Roma,1,1
244,50,AC Milan,Roma,1,1
244,51,AC Milan,Roma,1,1
244,52,AC Milan,Roma,1,1
244,53,AC Milan,Roma,1,1
244,54,AC Milan,Roma,1,1
244,55,AC Milan,Roma,1,1
244,56,AC Milan,Roma,1,1
244,57,AC Milan,Roma,1,1
244,58,AC Milan,Roma,1,1
244,59,AC Milan,Roma,1,1
244,60,AC Milan,Roma,1,1
244,61,AC Milan,Roma,1,1
244,62,AC Milan,Roma,1,1
244,63,AC Milan,Roma,1,1
244,64,AC Milan,Roma,1,1
244,65,AC Milan,Roma,1,1
244,66,AC Milan,Roma,1,1
244,67,AC Milan,Roma,1,1
244,68,AC Milan,Roma,1,1
244,69,AC Milan,Roma,1,1
244,70,AC Milan,Roma,1,1
244,71,AC Milan,Roma,1,1
244,72,AC Milan,Roma,1,1
244,73,AC Milan,Roma,1,1
244,74,AC Milan,Roma,1,1
244,75,AC Milan,Roma,1,1
244,76,AC Milan,Roma,1,1
244,77,AC Milan,Roma,1,1
244,78,AC Milan,Roma,1,1
244,79,AC Milan,Roma,1,1
244,80,AC Milan,Roma,1,1
244,81,AC Milan,Roma,1,1
244,82,AC Milan,Roma,1,1
244,83,AC Milan,Roma,1,1
244,84,AC Milan,Roma,1,1
244,85,AC Milan,Roma,1,1
244,86,AC Milan,Roma,1,1
244,87,AC Milan,Roma,1,1
244,88,AC Milan,Roma,1,1
244,89,AC Milan,Roma,1,1
244,90,AC Milan,Roma,1,1
245,1,AC Milan,Torino,0,0
245,2,AC Milan,Torino,0,0
245,3,AC Milan,Torino,0,0
245,4,AC Milan,Torino,0,0
245,5,AC Milan,Torino,0,0
245,6,AC Milan,Torino,0,0
245,7,AC Milan,Torino,0,0
245,8,AC Milan,Torino,0,0
245,9,AC Milan,Torino,0,0
245,10,AC Milan,Torino,0,0
245,11,AC Milan,Torino,0,0
245,12,AC Milan,Torino,0,0
245,13,AC Milan,Torino,0,0
245,14,AC Milan,Torino,0,0
245,15,AC Milan,Torino,0,0
245,16,AC Milan,Torino,0,0
245,17,AC Milan,Torino,0,0
245,18,AC Milan,Torino,0,0
245,19,AC Milan,Torino,0,0
245,20,AC Milan,Torino,0,0
245,21,AC Milan,Torino,0,0
245,22,AC Milan,Torino,0,0
245,23,AC Milan,Torino,0,0
245,24,AC Milan,Torino,0,0
245,25,AC Milan,Torino,0,0
245,26,AC Milan,Torino,0,0
245,27,AC Milan,Torino,0,0
245,28,AC Milan,Torino,0,0
245,29,AC Milan,Torino,0,0
245,30,AC Milan,Torino,0,1
245,31,AC Milan,Torino,0,1
245,32,AC Milan,Torino,0,1
245,33,AC Milan,Torino,0,1
245,34,AC Milan,Torino,0,1
245,35,AC Milan,Torino,0,1
245,36,AC Milan,Torino,0,1
245,37,AC Milan,Torino,0,1
245,38,AC Milan,Torino,0,1
245,39,AC Milan,Torino,0,1
245,40,AC Milan,Torino,0,1
245,41,AC Milan,Torino,0,1
245,42,AC Milan,Torino,0,1
245,43,AC Milan,Torino,0,1
245,44,AC Milan,Torino,0,1
245,45,AC Milan,Torino,0,1
245,46,AC Milan,Torino,0,1
245,47,AC Milan,Torino,0,1
245,48,AC Milan,Torino,0,1
245,49,AC Milan,Torino,0,1
245,50,AC Milan,Torino,0,1
245,51,AC Milan,Torino,0,1
245,52,AC Milan,Torino,0,1
245,53,AC Milan,Torino,0,1
245,54,AC Milan,Torino,0,1
245,55,AC Milan,Torino,0,1
245,56,AC Milan,Torino,0,1
245,57,AC Milan,Torino,0,1
245,58,AC Milan,Torino,0,1
245,59,AC Milan,Torino,0,1
245,60,AC Milan,Torino,0,1
245,61,AC Milan,Torino,0,1
245,62,AC Milan,Torino,0,1
245,63,AC Milan,Torino,0,1
245,64,AC Milan,Torino,0,1
245,65,AC Milan,Torino,0,1
245,66,AC Milan,Torino,0,1
245,67,AC Milan,Torino,0,1
245,68,AC Milan,Torino,0,2
245,69,AC Milan,Torino,0,2
245,70,AC Milan,Torino,0,2
245,71,AC Milan,Torino,0,2
245,72,AC Milan,Torino,0,2
245,73,AC Milan,Torino,0,2
245,74,AC Milan,Torino,0,2
245,75,AC Milan,Torino,0,2
245,76,AC Milan,Torino,0,2
245,77,AC Milan,Torino,0,2
245,78,AC Milan,Torino,0,2
245,79,AC Milan,Torino,0,2
245,80,AC Milan,Torino,0,2
245,81,AC Milan,Torino,0,2
245,82,AC Milan,Torino,0,2
245,83,AC Milan,Torino,0,2
245,84,AC Milan,Torino,0,2
245,85,AC Milan,Torino,0,2
245,86,AC Milan,Torino,0,2
245,87,AC Milan,Torino,0,2
245,88,AC Milan,Torino,0,2
245,89,AC Milan,Torino,1,2
245,90,AC Milan,Torino,2,2
246,1,AC Milan,Udinese,0,0
246,2,AC Milan,Udinese,0,0
246,3,AC Milan,Udinese,0,0
246,4,AC Milan,Udinese,0,0
246,5,AC Milan,Udinese,0,0
246,6,AC Milan,Udinese,0,0
246,7,AC Milan,Udinese,0,0
246,8,AC Milan,Udinese,0,0
246,9,AC Milan,Udinese,0,0
246,10,AC Milan,Udinese,0,0
246,11,AC Milan,Udinese,0,0
246,12,AC Milan,Udinese,0,0
246,13,AC Milan,Udinese,1,0
246,14,AC Milan,Udinese,1,0
246,15,AC Milan,Udinese,1,0
246,16,AC Milan,Udinese,1,0
246,17,AC Milan,Udinese,1,0
246,18,AC Milan,Udinese,1,0
246,19,AC Milan,Udinese,1,0
246,20,AC Milan,Udinese,1,0
246,21,AC Milan,Udinese,1,0
246,22,AC Milan,Udinese,1,0
246,23,AC Milan,Udinese,1,0
246,24,AC Milan,Udinese,1,0
246,25,AC Milan,Udinese,1,0
246,26,AC Milan,Udinese,1,0
246,27,AC Milan,Udinese,1,0
246,28,AC Milan,Udinese,1,0
246,29,AC Milan,Udinese,1,0
246,30,AC Milan,Udinese,1,0
246,31,AC Milan,Udinese,1,0
246,32,AC Milan,Udinese,1,0
246,33,AC Milan,Udinese,1,0
246,34,AC Milan,Udinese,1,0
246,35,AC Milan,Udinese,1,0
246,36,AC Milan,Udinese,1,0
246,37,AC Milan,Udinese,1,0
246,38,AC Milan,Udinese,1,0
246,39,AC Milan,Udinese,1,0
246,40,AC Milan,Udinese,1,0
246,41,AC Milan,Udinese,1,0
246,42,AC Milan,Udinese,1,0
246,43,AC Milan,Udinese,1,0
246,44,AC Milan,Udinese,1,0
246,45,AC Milan,Udinese,1,0
246,46,AC Milan,Udinese,1,0
246,47,AC Milan,Udinese,1,0
246,48,AC Milan,Udinese,1,0
246,49,AC Milan,Udinese,1,0
246,50,AC Milan,Udinese,1,0
246,51,AC Milan,Udinese,1,0
246,52,AC Milan,Udinese,1,0
246,53,AC Milan,Udinese,1,0
246,54,AC Milan,Udinese,1,0
246,55,AC Milan,Udinese,1,0
246,56,AC Milan,Udinese,1,0
246,57,AC Milan,Udinese,1,0
246,58,AC Milan,Udinese,1,0
246,59,AC Milan,Udinese,1,0
246,60,AC Milan,Udinese,1,0
246,61,AC Milan,Udinese,1,0
246,62,AC Milan,Udinese,1,0
246,63,AC Milan,Udinese,1,0
246,64,AC Milan,Udinese,1,0
246,65,AC Milan,Udinese,1,0
246,66,AC Milan,Udinese,1,0
246,67,AC Milan,Udinese,1,0
246,68,AC Milan,Udinese,1,0
246,69,AC Milan,Udinese,1,0
246,70,AC Milan,Udinese,1,0
246,71,AC Milan,Udinese,1,0
246,72,AC Milan,Udinese,1,0
246,73,AC Milan,Udinese,1,0
246,74,AC Milan,Udinese,1,0
246,75,AC Milan,Udinese,1,0
246,76,AC Milan,Udinese,1,0
246,77,AC Milan,Udinese,1,0
246,78,AC Milan,Udinese,1,0
246,79,AC Milan,Udinese,1,0
246,80,AC Milan,Udinese,1,0
246,81,AC Milan,Udinese,1,0
246,82,AC Milan,Udinese,1,0
246,83,AC Milan,Udinese,1,0
246,84,AC Milan,Udinese,1,0
246,85,AC Milan,Udinese,1,0
246,86,AC Milan,Udinese,1,0
246,87,AC Milan,Udinese,1,0
246,88,AC Milan,Udinese,1,0
246,89,AC Milan,Udinese,1,0
246,90,AC Milan,Udinese,1,0
247,1,AC Milan,Venezia,0,0
247,2,AC Milan,Venezia,1,0
247,3,AC Milan,Venezia,1,0
247,4,AC Milan,Venezia,1,0
247,5,AC Milan,Venezia,1,0
247,6,AC Milan,Venezia,1,0
247,7,AC Milan,Venezia,1,0
247,8,AC Milan,Venezia,1,0
247,9,AC Milan,Venezia,1,0
247,10,AC Milan,Venezia,1,0
247,11,AC Milan,Venezia,1,0
247,12,AC Milan,Venezia,1,0
247,13,AC Milan,Venezia,1,0
247,14,AC Milan,Venezia,1,0
247,15,AC Milan,Venezia,1,0
247,16,AC Milan,Venezia,2,0
247,17,AC Milan,Venezia,2,0
247,18,AC Milan,Venezia,2,0
247,19,AC Milan,Venezia,2,0
247,20,AC Milan,Venezia,2,0
247,21,AC Milan,Venezia,2,0
247,22,AC Milan,Venezia,2,0
247,23,AC Milan,Venezia,2,0
247,24,AC Milan,Venezia,2,0
247,25,AC Milan,Venezia,3,0
247,26,AC Milan,Venezia,3,0
247,27,AC Milan,Venezia,3,0
247,28,AC Milan,Venezia,3,0
247,29,AC Milan,Venezia,4,0
247,30,AC Milan,Venezia,4,0
247,31,AC Milan,Venezia,4,0
247,32,AC Milan,Venezia,4,0
247,33,AC Milan,Venezia,4,0
247,34,AC Milan,Venezia,4,0
247,35,AC Milan,Venezia,4,0
247,36,AC Milan,Venezia,4,0
247,37,AC Milan,Venezia,4,0
247,38,AC Milan,Venezia,4,0
247,39,AC Milan,Venezia,4,0
247,40,AC Milan,Venezia,4,0
247,41,AC Milan,Venezia,4,0
247,42,AC Milan,Venezia,4,0
247,43,AC Milan,Venezia,4,0
247,44,AC Milan,Venezia,4,0
247,45,AC Milan,Venezia,4,0
247,46,AC Milan,Venezia,4,0
247,47,AC Milan,Venezia,4,0
247,48,AC Milan,Venezia,4,0
247,49,AC Milan,Venezia,4,0
247,50,AC Milan,Venezia,4,0
247,51,AC Milan,Venezia,4,0
247,52,AC Milan,Venezia,4,0
247,53,AC Milan,Venezia,4,0
247,54,AC Milan,Venezia,4,0
247,55,AC Milan,Venezia,4,0
247,56,AC Milan,Venezia,4,0
247,57,AC Milan,Venezia,4,0
247,58,AC Milan,Venezia,4,0
247,59,AC Milan,Venezia,4,0
247,60,AC Milan,Venezia,4,0
247,61,AC Milan,Venezia,4,0
247,62,AC Milan,Venezia,4,0
247,63,AC Milan,Venezia,4,0
247,64,AC Milan,Venezia,4,0
247,65,AC Milan,Venezia,4,0
247,66,AC Milan,Venezia,4,0
247,67,AC Milan,Venezia,4,0
247,68,AC Milan,Venezia,4,0
247,69,AC Milan,Venezia,4,0
247,70,AC Milan,Venezia,4,0
247,71,AC Milan,Venezia,4,0
247,72,AC Milan,Venezia,4,0
247,73,AC Milan,Venezia,4,0
247,74,AC Milan,Venezia,4,0
247,75,AC Milan,Venezia,4,0
247,76,AC Milan,Venezia,4,0
247,77,AC Milan,Venezia,4,0
247,78,AC Milan,Venezia,4,0
247,79,AC Milan,Venezia,4,0
247,80,AC Milan,Venezia,4,0
247,81,AC Milan,Venezia,4,0
247,82,AC Milan,Venezia,4,0
247,83,AC Milan,Venezia,4,0
247,84,AC Milan,Venezia,4,0
247,85,AC Milan,Venezia,4,0
247,86,AC Milan,Venezia,4,0
247,87,AC Milan,Venezia,4,0
247,88,AC Milan,Venezia,4,0
247,89,AC Milan,Venezia,4,0
247,90,AC Milan,Venezia,4,0
248,1,Monza,Atalanta,0,0
248,2,Monza,Atalanta,0,0
248,3,Monza,Atalanta,0,0
248,4,Monza,Atalanta,0,0
248,5,Monza,Atalanta,0,0
248,6,Monza,Atalanta,0,0
248,7,Monza,Atalanta,0,0
248,8,Monza,Atalanta,0,0
248,9,Monza,Atalanta,0,0
248,10,Monza,Atalanta,0,0
248,11,Monza,Atalanta,0,0
248,12,Monza,Atalanta,0,1
248,13,Monza,Atalanta,0,1
248,14,Monza,Atalanta,0,1
248,15,Monza,Atalanta,0,1
248,16,Monza,Atalanta,0,1
248,17,Monza,Atalanta,0,1
248,18,Monza,Atalanta,0,1
248,19,Monza,Atalanta,0,1
248,20,Monza,Atalanta,0,1
248,21,Monza,Atalanta,0,1
248,22,Monza,Atalanta,0,1
248,23,Monza,Atalanta,0,2
248,24,Monza,Atalanta,0,2
248,25,Monza,Atalanta,0,2
248,26,Monza,Atalanta,0,2
248,27,Monza,Atalanta,0,2
248,28,Monza,Atalanta,0,2
248,29,Monza,Atalanta,0,2
248,30,Monza,Atalanta,0,2
248,31,Monza,Atalanta,0,2
248,32,Monza,Atalanta,0,2
248,33,Monza,Atalanta,0,2
248,34,Monza,Atalanta,0,2
248,35,Monza,Atalanta,0,2
248,36,Monza,Atalanta,0,2
248,37,Monza,Atalanta,0,2
248,38,Monza,Atalanta,0,2
248,39,Monza,Atalanta,0,2
248,40,Monza,Atalanta,0,2
248,41,Monza,Atalanta,0,2
248,42,Monza,Atalanta,0,2
248,43,Monza,Atalanta,0,2
248,44,Monza,Atalanta,0,2
248,45,Monza,Atalanta,0,2
248,46,Monza,Atalanta,0,2
248,47,Monza,Atalanta,0,3
248,48,Monza,Atalanta,0,3
248,49,Monza,Atalanta,0,3
248,50,Monza,Atalanta,0,3
248,51,Monza,Atalanta,0,3
248,52,Monza,Atalanta,0,3
248,53,Monza,Atalanta,0,3
248,54,Monza,Atalanta,0,3
248,55,Monza,Atalanta,0,3
248,56,Monza,Atalanta,0,3
248,57,Monza,Atalanta,0,3
248,58,Monza,Atalanta,0,3
248,59,Monza,Atalanta,0,3
248,60,Monza,Atalanta,0,3
248,61,Monza,Atalanta,0,3
248,62,Monza,Atalanta,0,3
248,63,Monza,Atalanta,0,3
248,64,Monza,Atalanta,0,3
248,65,Monza,Atalanta,0,3
248,66,Monza,Atalanta,0,3
248,67,Monza,Atalanta,0,3
248,68,Monza,Atalanta,0,3
248,69,Monza,Atalanta,0,3
248,70,Monza,Atalanta,0,3
248,71,Monza,Atalanta,0,3
248,72,Monza,Atalanta,0,3
248,73,Monza,Atalanta,0,3
248,74,Monza,Atalanta,0,3
248,75,Monza,Atalanta,0,3
248,76,Monza,Atalanta,0,3
248,77,Monza,Atalanta,0,3
248,78,Monza,Atalanta,0,3
248,79,Monza,Atalanta,0,3
248,80,Monza,Atalanta,0,3
248,81,Monza,Atalanta,0,3
248,82,Monza,Atalanta,0,3
248,83,Monza,Atalanta,0,3
248,84,Monza,Atalanta,0,3
248,85,Monza,Atalanta,0,3
248,86,Monza,Atalanta,0,3
248,87,Monza,Atalanta,0,3
248,88,Monza,Atalanta,0,4
248,89,Monza,Atalanta,0,4
248,90,Monza,Atalanta,0,4
249,1,Monza,Bologna,0,0
249,2,Monza,Bologna,0,0
249,3,Monza,Bologna,0,0
249,4,Monza,Bologna,0,0
249,5,Monza,Bologna,0,0
249,6,Monza,Bologna,0,0
249,7,Monza,Bologna,0,0
249,8,Monza,Bologna,0,0
249,9,Monza,Bologna,0,0
249,10,Monza,Bologna,0,0
249,11,Monza,Bologna,0,0
249,12,Monza,Bologna,0,0
249,13,Monza,Bologna,0,0
249,14,Monza,Bologna,0,0
249,15,Monza,Bologna,0,0
249,16,Monza,Bologna,0,0
249,17,Monza,Bologna,0,0
249,18,Monza,Bologna,0,0
249,19,Monza,Bologna,0,0
249,20,Monza,Bologna,0,0
249,21,Monza,Bologna,0,0
249,22,Monza,Bologna,0,0
249,23,Monza,Bologna,0,0
249,24,Monza,Bologna,0,1
249,25,Monza,Bologna,0,1
249,26,Monza,Bologna,0,1
249,27,Monza,Bologna,0,1
249,28,Monza,Bologna,0,1
249,29,Monza,Bologna,0,1
249,30,Monza,Bologna,0,1
249,31,Monza,Bologna,0,1
249,32,Monza,Bologna,0,1
249,33,Monza,Bologna,0,1
249,34,Monza,Bologna,0,1
249,35,Monza,Bologna,0,1
249,36,Monza,Bologna,0,1
249,37,Monza,Bologna,0,1
249,38,Monza,Bologna,0,1
249,39,Monza,Bologna,0,1
249,40,Monza,Bologna,0,1
249,41,Monza,Bologna,0,1
249,42,Monza,Bologna,0,1
249,43,Monza,Bologna,1,1
249,44,Monza,Bologna,1,1
249,45,Monza,Bologna,1,1
249,46,Monza,Bologna,1,1
249,47,Monza,Bologna,1,1
249,48,Monza,Bologna,1,1
249,49,Monza,Bologna,1,1
249,50,Monza,Bologna,1,1
249,51,Monza,Bologna,1,1
249,52,Monza,Bologna,1,1
249,53,Monza,Bologna,1,1
249,54,Monza,Bologna,1,1
249,55,Monza,Bologna,1,1
249,56,Monza,Bologna,1,1
249,57,Monza,Bologna,1,1
249,58,Monza,Bologna,1,1
249,59,Monza,Bologna,1,1
249,60,Monza,Bologna,1,1
249,61,Monza,Bologna,1,1
249,62,Monza,Bologna,1,1
249,63,Monza,Bologna,1,1
249,64,Monza,Bologna,1,1
249,65,Monza,Bologna,1,1
249,66,Monza,Bologna,1,1
249,67,Monza,Bologna,1,1
249,68,Monza,Bologna,1,1
249,69,Monza,Bologna,1,1
249,70,Monza,Bologna,1,1
249,71,Monza,Bologna,1,1
249,72,Monza,Bologna,1,1
249,73,Monza,Bologna,1,1
249,74,Monza,Bologna,1,1
249,75,Monza,Bologna,1,1
249,76,Monza,Bologna,1,1
249,77,Monza,Bologna,1,1
249,78,Monza,Bologna,1,1
249,79,Monza,Bologna,1,1
249,80,Monza,Bologna,1,2
249,81,Monza,Bologna,1,2
249,82,Monza,Bologna,1,2
249,83,Monza,Bologna,1,2
249,84,Monza,Bologna,1,2
249,85,Monza,Bologna,1,2
249,86,Monza,Bologna,1,2
249,87,Monza,Bologna,1,2
249,88,Monza,Bologna,1,2
249,89,Monza,Bologna,1,2
249,90,Monza,Bologna,1,2
250,1,Monza,Cagliari,0,0
250,2,Monza,Cagliari,0,0
250,3,Monza,Cagliari,0,0
250,4,Monza,Cagliari,0,0
250,5,Monza,Cagliari,0,0
250,6,Monza,Cagliari,1,0
250,7,Monza,Cagliari,1,0
250,8,Monza,Cagliari,1,0
250,9,Monza,Cagliari,1,0
250,10,Monza,Cagliari,1,0
250,11,Monza,Cagliari,1,0
250,12,Monza,Cagliari,1,0
250,13,Monza,Cagliari,1,0
250,14,Monza,Cagliari,1,0
250,15,Monza,Cagliari,1,0
250,16,Monza,Cagliari,1,0
250,17,Monza,Cagliari,1,0
250,18,Monza,Cagliari,1,0
250,19,Monza,Cagliari,1,0
250,20,Monza,Cagliari,1,0
250,21,Monza,Cagliari,1,0
250,22,Monza,Cagliari,1,1
250,23,Monza,Cagliari,1,1
250,24,Monza,Cagliari,1,1
250,25,Monza,Cagliari,1,1
250,26,Monza,Cagliari,1,1
250,27,Monza,Cagliari,1,1
250,28,Monza,Cagliari,1,1
250,29,Monza,Cagliari,1,1
250,30,Monza,Cagliari,1,1
250,31,Monza,Cagliari,1,1
250,32,Monza,Cagliari,1,1
250,33,Monza,Cagliari,1,1
250,34,Monza,Cagliari,1,1
250,35,Monza,Cagliari,1,1
250,36,Monza,Cagliari,1,1
250,37,Monza,Cagliari,1,1
250,38,Monza,Cagliari,1,1
250,39,Monza,Cagliari,1,1
250,40,Monza,Cagliari,1,1
250,41,Monza,Cagliari,1,1
250,42,Monza,Cagliari,1,1
250,43,Monza,Cagliari,1,1
250,44,Monza,Cagliari,1,1
250,45,Monza,Cagliari,1,1
250,46,Monza,Cagliari,1,1
250,47,Monza,Cagliari,1,1
250,48,Monza,Cagliari,1,1
250,49,Monza,Cagliari,1,1
250,50,Monza,Cagliari,1,1
250,51,Monza,Cagliari,1,1
250,52,Monza,Cagliari,1,1
250,53,Monza,Cagliari,1,1
250,54,Monza,Cagliari,1,1
250,55,Monza,Cagliari,1,1
250,56,Monza,Cagliari,1,2
250,57,Monza,Cagliari,1,2
250,58,Monza,Cagliari,1,2
250,59,Monza,Cagliari,1,2
250,60,Monza,Cagliari,1,2
250,61,Monza,Cagliari,1,2
250,62,Monza,Cagliari,1,2
250,63,Monza,Cagliari,1,2
250,64,Monza,Cagliari,1,2
250,65,Monza,Cagliari,1,2
250,66,Monza,Cagliari,1,2
250,67,Monza,Cagliari,1,2
250,68,Monza,Cagliari,1,2
250,69,Monza,Cagliari,1,2
250,70,Monza,Cagliari,1,2
250,71,Monza,Cagliari,1,2
250,72,Monza,Cagliari,1,2
250,73,Monza,Cagliari,1,2
250,74,Monza,Cagliari,1,2
250,75,Monza,Cagliari,1,2
250,76,Monza,Cagliari,1,2
250,77,Monza,Cagliari,1,2
250,78,Monza,Cagliari,1,2
250,79,Monza,Cagliari,1,2
250,80,Monza,Cagliari,1,2
250,81,Monza,Cagliari,1,2
250,82,Monza,Cagliari,1,2
250,83,Monza,Cagliari,1,2
250,84,Monza,Cagliari,1,2
250,85,Monza,Cagliari,1,2
250,86,Monza,Cagliari,1,2
250,87,Monza,Cagliari,1,2
250,88,Monza,Cagliari,1,2
250,89,Monza,Cagliari,1,2
250,90,Monza,Cagliari,1,2
251,1,Monza,Como,0,0
251,2,Monza,Como,0,0
251,3,Monza,Como,0,0
251,4,Monza,Como,0,0
251,5,Monza,Como,1,0
251,6,Monza,Como,1,0
251,7,Monza,Como,1,0
251,8,Monza,Como,1,0
251,9,Monza,Como,1,0
251,10,Monza,Como,1,0
251,11,Monza,Como,1,0
251,12,Monza,Como,1,0
251,13,Monza,Como,1,0
251,14,Monza,Como,1,0
251,15,Monza,Como,1,0
251,16,Monza,Como,1,1
251,17,Monza,Como,1,1
251,18,Monza,Como,1,1
251,19,Monza,Como,1,1
251,20,Monza,Como,1,1
251,21,Monza,Como,1,1
251,22,Monza,Como,1,1
251,23,Monza,Como,1,1
251,24,Monza,Como,1,1
251,25,Monza,Como,1,1
251,26,Monza,Como,1,1
251,27,Monza,Como,1,1
251,28,Monza,Como,1,1
251,29,Monza,Como,1,1
251,30,Monza,Como,1,1
251,31,Monza,Como,1,1
251,32,Monza,Como,1,1
251,33,Monza,Como,1,1
251,34,Monza,Como,1,1
251,35,Monza,Como,1,1
251,36,Monza,Como,1,1
251,37,Monza,Como,1,1
251,38,Monza,Como,1,1
251,39,Monza,Como,1,2
251,40,Monza,Como,1,2
251,41,Monza,Como,1,2
251,42,Monza,Como,1,2
251,43,Monza,Como,1,2
251,44,Monza,Como,1,2
251,45,Monza,Como,1,2
251,46,Monza,Como,1,2
251,47,Monza,Como,1,2
251,48,Monza,Como,1,2
251,49,Monza,Como,1,2
251,50,Monza,Como,1,2
251,51,Monza,Como,1,3
251,52,Monza,Como,1,3
251,53,Monza,Como,1,3
251,54,Monza,Como,1,3
251,55,Monza,Como,1,3
251,56,Monza,Como,1,3
251,57,Monza,Como,1,3
251,58,Monza,Como,1,3
251,59,Monza,Como,1,3
251,60,Monza,Como,1,3
251,61,Monza,Como,1,3
251,62,Monza,Como,1,3
251,63,Monza,Como,1,3
251,64,Monza,Como,1,3
251,65,Monza,Como,1,3
251,66,Monza,Como,1,3
251,67,Monza,Como,1,3
251,68,Monza,Como,1,3
251,69,Monza,Como,1,3
251,70,Monza,Como,1,3
251,71,Monza,Como,1,3
251,72,Monza,Como,1,3
251,73,Monza,Como,1,3
251,74,Monza,Como,1,3
251,75,Monza,Como,1,3
251,76,Monza,Como,1,3
251,77,Monza,Como,1,3
251,78,Monza,Como,1,3
251,79,Monza,Como,1,3
251,80,Monza,Como,1,3
251,81,Monza,Como,1,3
251,82,Monza,Como,1,3
251,83,Monza,Como,1,3
251,84,Monza,Como,1,3
251,85,Monza,Como,1,3
251,86,Monza,Como,1,3
251,87,Monza,Como,1,3
251,88,Monza,Como,1,3
251,89,Monza,Como,1,3
251,90,Monza,Como,1,3
252,1,Monza,Empoli,0,0
252,2,Monza,Empoli,0,0
252,3,Monza,Empoli,0,0
252,4,Monza,Empoli,0,0
252,5,Monza,Empoli,0,0
252,6,Monza,Empoli,0,0
252,7,Monza,Empoli,0,0
252,8,Monza,Empoli,0,0
252,9,Monza,Empoli,0,0
252,10,Monza,Empoli,0,0
252,11,Monza,Empoli,0,0
252,12,Monza,Empoli,0,0
252,13,Monza,Empoli,0,0
252,14,Monza,Empoli,0,0
252,15,Monza,Empoli,0,0
252,16,Monza,Empoli,0,0
252,17,Monza,Empoli,0,0
252,18,Monza,Empoli,0,0
252,19,Monza,Empoli,0,0
252,20,Monza,Empoli,0,0
252,21,Monza,Empoli,0,0
252,22,Monza,Empoli,0,0
252,23,Monza,Empoli,0,0
252,24,Monza,Empoli,0,0
252,25,Monza,Empoli,0,0
252,26,Monza,Empoli,0,0
252,27,Monza,Empoli,0,0
252,28,Monza,Empoli,0,0
252,29,Monza,Empoli,0,0
252,30,Monza,Empoli,1,0
252,31,Monza,Empoli,1,0
252,32,Monza,Empoli,1,0
252,33,Monza,Empoli,1,0
252,34,Monza,Empoli,1,0
252,35,Monza,Empoli,1,0
252,36,Monza,Empoli,1,0
252,37,Monza,Empoli,1,0
252,38,Monza,Empoli,1,0
252,39,Monza,Empoli,1,0
252,40,Monza,Empoli,1,0
252,41,Monza,Empoli,1,0
252,42,Monza,Empoli,1,0
252,43,Monza,Empoli,1,0
252,44,Monza,Empoli,1,0
252,45,Monza,Empoli,1,0
252,46,Monza,Empoli,1,0
252,47,Monza,Empoli,1,0
252,48,Monza,Empoli,1,0
252,49,Monza,Empoli,1,1
252,50,Monza,Empoli,1,1
252,51,Monza,Empoli,1,2
252,52,Monza,Empoli,1,2
252,53,Monza,Empoli,1,2
252,54,Monza,Empoli,1,2
252,55,Monza,Empoli,1,2
252,56,Monza,Empoli,1,2
252,57,Monza,Empoli,1,2
252,58,Monza,Empoli,1,2
252,59,Monza,Empoli,1,3
252,60,Monza,Empoli,1,3
252,61,Monza,Empoli,1,3
252,62,Monza,Empoli,1,3
252,63,Monza,Empoli,1,3
252,64,Monza,Empoli,1,3
252,65,Monza,Empoli,1,3
252,66,Monza,Empoli,1,3
252,67,Monza,Empoli,1,3
252,68,Monza,Empoli,1,3
252,69,Monza,Empoli,1,3
252,70,Monza,Empoli,1,3
252,71,Monza,Empoli,1,3
252,72,Monza,Empoli,1,3
252,73,Monza,Empoli,1,3
252,74,Monza,Empoli,1,3
252,75,Monza,Empoli,1,3
252,76,Monza,Empoli,1,3
252,77,Monza,Empoli,1,3
252,78,Monza,Empoli,1,3
252,79,Monza,Empoli,1,3
252,80,Monza,Empoli,1,3
252,81,Monza,Empoli,1,3
252,82,Monza,Empoli,1,3
252,83,Monza,Empoli,1,3
252,84,Monza,Empoli,1,3
252,85,Monza,Empoli,1,3
252,86,Monza,Empoli,1,3
252,87,Monza,Empoli,1,3
252,88,Monza,Empoli,1,3
252,89,Monza,Empoli,1,3
252,90,Monza,Empoli,1,3
253,1,Monza,Fiorentina,0,0
253,2,Monza,Fiorentina,0,0
253,3,Monza,Fiorentina,0,0
253,4,Monza,Fiorentina,0,0
253,5,Monza,Fiorentina,0,0
253,6,Monza,Fiorentina,0,0
253,7,Monza,Fiorentina,0,0
253,8,Monza,Fiorentina,0,0
253,9,Monza,Fiorentina,0,0
253,10,Monza,Fiorentina,0,0
253,11,Monza,Fiorentina,0,0
253,12,Monza,Fiorentina,0,0
253,13,Monza,Fiorentina,0,0
253,14,Monza,Fiorentina,0,0
253,15,Monza,Fiorentina,0,0
253,16,Monza,Fiorentina,0,0
253,17,Monza,Fiorentina,0,0
253,18,Monza,Fiorentina,0,0
253,19,Monza,Fiorentina,0,0
253,20,Monza,Fiorentina,0,0
253,21,Monza,Fiorentina,0,0
253,22,Monza,Fiorentina,0,0
253,23,Monza,Fiorentina,0,0
253,24,Monza,Fiorentina,0,0
253,25,Monza,Fiorentina,0,0
253,26,Monza,Fiorentina,0,0
253,27,Monza,Fiorentina,0,0
253,28,Monza,Fiorentina,0,0
253,29,Monza,Fiorentina,0,0
253,30,Monza,Fiorentina,0,0
253,31,Monza,Fiorentina,0,0
253,32,Monza,Fiorentina,0,0
253,33,Monza,Fiorentina,0,0
253,34,Monza,Fiorentina,0,0
253,35,Monza,Fiorentina,0,0
253,36,Monza,Fiorentina,0,0
253,37,Monza,Fiorentina,0,0
253,38,Monza,Fiorentina,0,0
253,39,Monza,Fiorentina,0,0
253,40,Monza,Fiorentina,0,0
253,41,Monza,Fiorentina,0,0
253,42,Monza,Fiorentina,0,0
253,43,Monza,Fiorentina,0,0
253,44,Monza,Fiorentina,1,0
253,45,Monza,Fiorentina,1,0
253,46,Monza,Fiorentina,1,0
253,47,Monza,Fiorentina,1,0
253,48,Monza,Fiorentina,1,0
253,49,Monza,Fiorentina,1,0
253,50,Monza,Fiorentina,1,0
253,51,Monza,Fiorentina,1,0
253,52,Monza,Fiorentina,1,0
253,53,Monza,Fiorentina,1,0
253,54,Monza,Fiorentina,1,0
253,55,Monza,Fiorentina,1,0
253,56,Monza,Fiorentina,1,0
253,57,Monza,Fiorentina,1,0
253,58,Monza,Fiorentina,1,0
253,59,Monza,Fiorentina,1,0
253,60,Monza,Fiorentina,1,0
253,61,Monza,Fiorentina,1,0
253,62,Monza,Fiorentina,1,0
253,63,Monza,Fiorentina,2,0
253,64,Monza,Fiorentina,2,0
253,65,Monza,Fiorentina,2,0
253,66,Monza,Fiorentina,2,0
253,67,Monza,Fiorentina,2,0
253,68,Monza,Fiorentina,2,0
253,69,Monza,Fiorentina,2,0
253,70,Monza,Fiorentina,2,0
253,71,Monza,Fiorentina,2,0
253,72,Monza,Fiorentina,2,0
253,73,Monza,Fiorentina,2,0
253,74,Monza,Fiorentina,2,1
253,75,Monza,Fiorentina,2,1
253,76,Monza,Fiorentina,2,1
253,77,Monza,Fiorentina,2,1
253,78,Monza,Fiorentina,2,1
253,79,Monza,Fiorentina,2,1
253,80,Monza,Fiorentina,2,1
253,81,Monza,Fiorentina,2,1
253,82,Monza,Fiorentina,2,1
253,83,Monza,Fiorentina,2,1
253,84,Monza,Fiorentina,2,1
253,85,Monza,Fiorentina,2,1
253,86,Monza,Fiorentina,2,1
253,87,Monza,Fiorentina,2,1
253,88,Monza,Fiorentina,2,1
253,89,Monza,Fiorentina,2,1
253,90,Monza,Fiorentina,2,1
254,1,Monza,Genoa,0,0
254,2,Monza,Genoa,0,0
254,3,Monza,Genoa,0,0
254,4,Monza,Genoa,0,0
254,5,Monza,Genoa,0,0
254,6,Monza,Genoa,0,0
254,7,Monza,Genoa,0,0
254,8,Monza,Genoa,0,0
254,9,Monza,Genoa,0,0
254,10,Monza,Genoa,0,0
254,11,Monza,Genoa,0,0
254,12,Monza,Genoa,0,0
254,13,Monza,Genoa,0,0
254,14,Monza,Genoa,0,0
254,15,Monza,Genoa,0,0
254,16,Monza,Genoa,0,0
254,17,Monza,Genoa,0,0
254,18,Monza,Genoa,0,0
254,19,Monza,Genoa,0,0
254,20,Monza,Genoa,0,0
254,21,Monza,Genoa,0,0
254,22,Monza,Genoa,0,0
254,23,Monza,Genoa,0,0
254,24,Monza,Genoa,0,0
254,25,Monza,Genoa,0,0
254,26,Monza,Genoa,0,0
254,27,Monza,Genoa,0,0
254,28,Monza,Genoa,0,0
254,29,Monza,Genoa,0,0
254,30,Monza,Genoa,0,0
254,31,Monza,Genoa,0,0
254,32,Monza,Genoa,0,0
254,33,Monza,Genoa,0,0
254,34,Monza,Genoa,0,0
254,35,Monza,Genoa,0,0
254,36,Monza,Genoa,0,0
254,37,Monza,Genoa,0,0
254,38,Monza,Genoa,0,0
254,39,Monza,Genoa,0,0
254,40,Monza,Genoa,0,0
254,41,Monza,Genoa,0,0
254,42,Monza,Genoa,0,0
254,43,Monza,Genoa,0,0
254,44,Monza,Genoa,0,0
254,45,Monza,Genoa,0,1
254,46,Monza,Genoa,0,1
254,47,Monza,Genoa,0,1
254,48,Monza,Genoa,0,1
254,49,Monza,Genoa,0,1
254,50,Monza,Genoa,0,1
254,51,Monza,Genoa,0,1
254,52,Monza,Genoa,0,1
254,53,Monza,Genoa,0,1
254,54,Monza,Genoa,0,1
254,55,Monza,Genoa,0,1
254,56,Monza,Genoa,0,1
254,57,Monza,Genoa,0,1
254,58,Monza,Genoa,0,1
254,59,Monza,Genoa,0,1
254,60,Monza,Genoa,0,1
254,61,Monza,Genoa,0,1
254,62,Monza,Genoa,0,1
254,63,Monza,Genoa,0,1
254,64,Monza,Genoa,0,1
254,65,Monza,Genoa,0,1
254,66,Monza,Genoa,0,1
254,67,Monza,Genoa,0,1
254,68,Monza,Genoa,0,1
254,69,Monza,Genoa,0,1
254,70,Monza,Genoa,0,1
254,71,Monza,Genoa,0,1
254,72,Monza,Genoa,0,1
254,73,Monza,Genoa,0,1
254,74,Monza,Genoa,0,1
254,75,Monza,Genoa,0,1
254,76,Monza,Genoa,0,1
254,77,Monza,Genoa,0,1
254,78,Monza,Genoa,0,1
254,79,Monza,Genoa,0,1
254,80,Monza,Genoa,0,1
254,81,Monza,Genoa,0,1
254,82,Monza,Genoa,0,1
254,83,Monza,Genoa,0,1
254,84,Monza,Genoa,0,1
254,85,Monza,Genoa,0,1
254,86,Monza,Genoa,0,1
254,87,Monza,Genoa,0,1
254,88,Monza,Genoa,0,1
254,89,Monza,Genoa,0,1
254,90,Monza,Genoa,0,1
255,1,Monza,Hellas Verona,0,0
255,2,Monza,Hellas Verona,0,0
255,3,Monza,Hellas Verona,0,0
255,4,Monza,Hellas Verona,0,0
255,5,Monza,Hellas Verona,0,0
255,6,Monza,Hellas Verona,0,0
255,7,Monza,Hellas Verona,0,0
255,8,Monza,Hellas Verona,0,0
255,9,Monza,Hellas Verona,0,0
255,10,Monza,Hellas Verona,0,0
255,11,Monza,Hellas Verona,0,0
255,12,Monza,Hellas Verona,0,0
255,13,Monza,Hellas Verona,0,1
255,14,Monza,Hellas Verona,0,1
255,15,Monza,Hellas Verona,0,1
255,16,Monza,Hellas Verona,0,1
255,17,Monza,Hellas Verona,0,1
255,18,Monza,Hellas Verona,0,1
255,19,Monza,Hellas Verona,0,1
255,20,Monza,Hellas Verona,0,1
255,21,Monza,Hellas Verona,0,1
255,22,Monza,Hellas Verona,0,1
255,23,Monza,Hellas Verona,0,1
255,24,Monza,Hellas Verona,0,1
255,25,Monza,Hellas Verona,0,1
255,26,Monza,Hellas Verona,0,1
255,27,Monza,Hellas Verona,0,1
255,28,Monza,Hellas Verona,0,1
255,29,Monza,Hellas Verona,0,1
255,30,Monza,Hellas Verona,0,1
255,31,Monza,Hellas Verona,0,1
255,32,Monza,Hellas Verona,0,1
255,33,Monza,Hellas Verona,0,1
255,34,Monza,Hellas Verona,0,1
255,35,Monza,Hellas Verona,0,1
255,36,Monza,Hellas Verona,0,1
255,37,Monza,Hellas Verona,0,1
255,38,Monza,Hellas Verona,0,1
255,39,Monza,Hellas Verona,0,1
255,40,Monza,Hellas Verona,0,1
255,41,Monza,Hellas Verona,0,1
255,42,Monza,Hellas Verona,0,1
255,43,Monza,Hellas Verona,0,1
255,44,Monza,Hellas Verona,0,1
255,45,Monza,Hellas Verona,0,1
255,46,Monza,Hellas Verona,0,1
255,47,Monza,Hellas Verona,0,1
255,48,Monza,Hellas Verona,0,1
255,49,Monza,Hellas Verona,0,1
255,50,Monza,Hellas Verona,0,1
255,51,Monza,Hellas Verona,0,1
255,52,Monza,Hellas Verona,0,1
255,53,Monza,Hellas Verona,0,1
255,54,Monza,Hellas Verona,0,1
255,55,Monza,Hellas Verona,0,1
255,56,Monza,Hellas Verona,0,1
255,57,Monza,Hellas Verona,0,1
255,58,Monza,Hellas Verona,0,1
255,59,Monza,Hellas Verona,0,1
255,60,Monza,Hellas Verona,0,1
255,61,Monza,Hellas Verona,0,1
255,62,Monza,Hellas Verona,0,1
255,63,Monza,Hellas Verona,0,1
255,64,Monza,Hellas Verona,0,1
255,65,Monza,Hellas Verona,0,1
255,66,Monza,Hellas Verona,0,1
255,67,Monza,Hellas Verona,0,1
255,68,Monza,Hellas Verona,0,1
255,69,Monza,Hellas Verona,0,1
255,70,Monza,Hellas Verona,0,1
255,71,Monza,Hellas Verona,0,1
255,72,Monza,Hellas Verona,0,1
255,73,Monza,Hellas Verona,0,1
255,74,Monza,Hellas Verona,0,1
255,75,Monza,Hellas Verona,0,1
255,76,Monza,Hellas Verona,0,1
255,77,Monza,Hellas Verona,0,1
255,78,Monza,Hellas Verona,0,1
255,79,Monza,Hellas Verona,0,1
255,80,Monza,Hellas Verona,0,1
255,81,Monza,Hellas Verona,0,1
255,82,Monza,Hellas Verona,0,1
255,83,Monza,Hellas Verona,0,1
255,84,Monza,Hellas Verona,0,1
255,85,Monza,Hellas Verona,0,1
255,86,Monza,Hellas Verona,0,1
255,87,Monza,Hellas Verona,0,1
255,88,Monza,Hellas Verona,0,1
255,89,Monza,Hellas Verona,0,1
255,90,Monza,Hellas Verona,0,1
256,1,Monza,Inter Milan,0,0
256,2,Monza,Inter Milan,0,0
256,3,Monza,Inter Milan,0,0
256,4,Monza,Inter Milan,0,0
256,5,Monza,Inter Milan,0,0
256,6,Monza,Inter Milan,0,0
256,7,Monza,Inter Milan,0,0
256,8,Monza,Inter Milan,0,0
256,9,Monza,Inter Milan,0,0
256,10,Monza,Inter Milan,0,0
256,11,Monza,Inter Milan,0,0
256,12,Monza,Inter Milan,0,0
256,13,Monza,Inter Milan,0,0
256,14,Monza,Inter Milan,0,0
256,15,Monza,Inter Milan,0,0
256,16,Monza,Inter Milan,0,0
256,17,Monza,Inter Milan,0,0
256,18,Monza,Inter Milan,0,0
256,19,Monza,Inter Milan,0,0
256,20,Monza,Inter Milan,0,0
256,21,Monza,Inter Milan,0,0
256,22,Monza,Inter Milan,0,0
256,23,Monza,Inter Milan,0,0
256,24,Monza,Inter Milan,0,0
256,25,Monza,Inter Milan,0,0
256,26,Monza,Inter Milan,0,0
256,27,Monza,Inter Milan,0,0
256,28,Monza,Inter Milan,0,0
256,29,Monza,Inter Milan,0,0
256,30,Monza,Inter Milan,0,0
256,31,Monza,Inter Milan,0,0
256,32,Monza,Inter Milan,0,0
256,33,Monza,Inter Milan,0,0
256,34,Monza,Inter Milan,0,0
256,35,Monza,Inter Milan,0,0
256,36,Monza,Inter Milan,0,0
256,37,Monza,Inter Milan,0,0
256,38,Monza,Inter Milan,0,0
256,39,Monza,Inter Milan,0,0
256,40,Monza,Inter Milan,0,0
256,41,Monza,Inter Milan,0,0
256,42,Monza,Inter Milan,0,0
256,43,Monza,Inter Milan,0,0
256,44,Monza,Inter Milan,0,0
256,45,Monza,Inter Milan,0,0
256,46,Monza,Inter Milan,0,0
256,47,Monza,Inter Milan,0,0
256,48,Monza,Inter Milan,0,0
256,49,Monza,Inter Milan,0,0
256,50,Monza,Inter Milan,0,0
256,51,Monza,Inter Milan,0,0
256,52,Monza,Inter Milan,0,0
256,53,Monza,Inter Milan,0,0
256,54,Monza,Inter Milan,0,0
256,55,Monza,Inter Milan,0,0
256,56,Monza,Inter Milan,0,0
256,57,Monza,Inter Milan,0,0
256,58,Monza,Inter Milan,0,0
256,59,Monza,Inter Milan,0,0
256,60,Monza,Inter Milan,0,0
256,61,Monza,Inter Milan,0,0
256,62,Monza,Inter Milan,0,0
256,63,Monza,Inter Milan,0,0
256,64,Monza,Inter Milan,0,0
256,65,Monza,Inter Milan,0,0
256,66,Monza,Inter Milan,0,0
256,67,Monza,Inter Milan,0,0
256,68,Monza,Inter Milan,0,0
256,69,Monza,Inter Milan,0,0
256,70,Monza,Inter Milan,0,0
256,71,Monza,Inter Milan,0,0
256,72,Monza,Inter Milan,0,0
256,73,Monza,Inter Milan,0,0
256,74,Monza,Inter Milan,0,0
256,75,Monza,Inter Milan,0,0
256,76,Monza,Inter Milan,0,0
256,77,Monza,Inter Milan,0,0
256,78,Monza,Inter Milan,0,0
256,79,Monza,Inter Milan,0,0
256,80,Monza,Inter Milan,0,0
256,81,Monza,Inter Milan,1,0
256,82,Monza,Inter Milan,1,0
256,83,Monza,Inter Milan,1,0
256,84,Monza,Inter Milan,1,0
256,85,Monza,Inter Milan,1,0
256,86,Monza,Inter Milan,1,0
256,87,Monza,Inter Milan,1,0
256,88,Monza,Inter Milan,1,1
256,89,Monza,Inter Milan,1,1
256,90,Monza,Inter Milan,1,1
257,1,Monza,Juventus,0,0
257,2,Monza,Juventus,0,0
257,3,Monza,Juventus,0,0
257,4,Monza,Juventus,0,0
257,5,Monza,Juventus,0,0
257,6,Monza,Juventus,0,0
257,7,Monza,Juventus,0,0
257,8,Monza,Juventus,0,0
257,9,Monza,Juventus,0,0
257,10,Monza,Juventus,0,0
257,11,Monza,Juventus,0,0
257,12,Monza,Juventus,0,0
257,13,Monza,Juventus,0,0
257,14,Monza,Juventus,0,1
257,15,Monza,Juventus,0,1
257,16,Monza,Juventus,0,1
257,17,Monza,Juventus,0,1
257,18,Monza,Juventus,0,1
257,19,Monza,Juventus,0,1
257,20,Monza,Juventus,0,1
257,21,Monza,Juventus,0,1
257,22,Monza,Juventus,1,1
257,23,Monza,Juventus,1,1
257,24,Monza,Juventus,1,1
257,25,Monza,Juventus,1,1
257,26,Monza,Juventus,1,1
257,27,Monza,Juventus,1,1
257,28,Monza,Juventus,1,1
257,29,Monza,Juventus,1,1
257,30,Monza,Juventus,1,1
257,31,Monza,Juventus,1,1
257,32,Monza,Juventus,1,1
257,33,Monza,Juventus,1,1
257,34,Monza,Juventus,1,1
257,35,Monza,Juventus,1,1
257,36,Monza,Juventus,1,1
257,37,Monza,Juventus,1,1
257,38,Monza,Juventus,1,1
257,39,Monza,Juventus,1,2
257,40,Monza,Juventus,1,2
257,41,Monza,Juventus,1,2
257,42,Monza,Juventus,1,2
257,43,Monza,Juventus,1,2
257,44,Monza,Juventus,1,2
257,45,Monza,Juventus,1,2
257,46,Monza,Juventus,1,2
257,47,Monza,Juventus,1,2
257,48,Monza,Juventus,1,2
257,49,Monza,Juventus,1,2
257,50,Monza,Juventus,1,2
257,51,Monza,Juventus,1,2
257,52,Monza,Juventus,1,2
257,53,Monza,Juventus,1,2
257,54,Monza,Juventus,1,2
257,55,Monza,Juventus,1,2
257,56,Monza,Juventus,1,2
257,57,Monza,Juventus,1,2
257,58,Monza,Juventus,1,2
257,59,Monza,Juventus,1,2
257,60,Monza,Juventus,1,2
257,61,Monza,Juventus,1,2
257,62,Monza,Juventus,1,2
257,63,Monza,Juventus,1,2
257,64,Monza,Juventus,1,2
257,65,Monza,Juventus,1,2
257,66,Monza,Juventus,1,2
257,67,Monza,Juventus,1,2
257,68,Monza,Juventus,1,2
257,69,Monza,Juventus,1,2
257,70,Monza,Juventus,1,2
257,71,Monza,Juventus,1,2
257,72,Monza,Juventus,1,2
257,73,Monza,Juventus,1,2
257,74,Monza,Juventus,1,2
257,75,Monza,Juventus,1,2
257,76,Monza,Juventus,1,2
257,77,Monza,Juventus,1,2
257,78,Monza,Juventus,1,2
257,79,Monza,Juventus,1,2
257,80,Monza,Juventus,1,2
257,81,Monza,Juventus,1,2
257,82,Monza,Juventus,1,2
257,83,Monza,Juventus,1,2
257,84,Monza,Juventus,1,2
257,85,Monza,Juventus,1,2
257,86,Monza,Juventus,1,2
257,87,Monza,Juventus,1,2
257,88,Monza,Juventus,1,2
257,89,Monza,Juventus,1,2
257,90,Monza,Juventus,1,2
258,1,Monza,Lazio,0,0
258,2,Monza,Lazio,0,0
258,3,Monza,Lazio,0,0
258,4,Monza,Lazio,0,0
258,5,Monza,Lazio,0,0
258,6,Monza,Lazio,0,0
258,7,Monza,Lazio,0,0
258,8,Monza,Lazio,0,0
258,9,Monza,Lazio,0,0
258,10,Monza,Lazio,0,0
258,11,Monza,Lazio,0,0
258,12,Monza,Lazio,0,0
258,13,Monza,Lazio,0,0
258,14,Monza,Lazio,0,0
258,15,Monza,Lazio,0,0
258,16,Monza,Lazio,0,0
258,17,Monza,Lazio,0,0
258,18,Monza,Lazio,0,0
258,19,Monza,Lazio,0,0
258,20,Monza,Lazio,0,0
258,21,Monza,Lazio,0,0
258,22,Monza,Lazio,0,0
258,23,Monza,Lazio,0,0
258,24,Monza,Lazio,0,0
258,25,Monza,Lazio,0,0
258,26,Monza,Lazio,0,0
258,27,Monza,Lazio,0,0
258,28,Monza,Lazio,0,0
258,29,Monza,Lazio,0,0
258,30,Monza,Lazio,0,0
258,31,Monza,Lazio,0,0
258,32,Monza,Lazio,0,0
258,33,Monza,Lazio,0,0
258,34,Monza,Lazio,0,0
258,35,Monza,Lazio,0,0
258,36,Monza,Lazio,0,1
258,37,Monza,Lazio,0,1
258,38,Monza,Lazio,0,1
258,39,Monza,Lazio,0,1
258,40,Monza,Lazio,0,1
258,41,Monza,Lazio,0,1
258,42,Monza,Lazio,0,1
258,43,Monza,Lazio,0,1
258,44,Monza,Lazio,0,1
258,45,Monza,Lazio,0,1
258,46,Monza,Lazio,0,1
258,47,Monza,Lazio,0,1
258,48,Monza,Lazio,0,1
258,49,Monza,Lazio,0,1
258,50,Monza,Lazio,0,1
258,51,Monza,Lazio,0,1
258,52,Monza,Lazio,0,1
258,53,Monza,Lazio,0,1
258,54,Monza,Lazio,0,1
258,55,Monza,Lazio,0,1
258,56,Monza,Lazio,0,1
258,57,Monza,Lazio,0,1
258,58,Monza,Lazio,0,1
258,59,Monza,Lazio,0,1
258,60,Monza,Lazio,0,1
258,61,Monza,Lazio,0,1
258,62,Monza,Lazio,0,1
258,63,Monza,Lazio,0,1
258,64,Monza,Lazio,0,1
258,65,Monza,Lazio,0,1
258,66,Monza,Lazio,0,1
258,67,Monza,Lazio,0,1
258,68,Monza,Lazio,0,1
258,69,Monza,Lazio,0,1
258,70,Monza,Lazio,0,1
258,71,Monza,Lazio,0,1
258,72,Monza,Lazio,0,1
258,73,Monza,Lazio,0,1
258,74,Monza,Lazio,0,1
258,75,Monza,Lazio,0,1
258,76,Monza,Lazio,0,1
258,77,Monza,Lazio,0,1
258,78,Monza,Lazio,0,1
258,79,Monza,Lazio,0,1
258,80,Monza,Lazio,0,1
258,81,Monza,Lazio,0,1
258,82,Monza,Lazio,0,1
258,83,Monza,Lazio,0,1
258,84,Monza,Lazio,0,1
258,85,Monza,Lazio,0,1
258,86,Monza,Lazio,0,1
258,87,Monza,Lazio,0,1
258,88,Monza,Lazio,0,1
258,89,Monza,Lazio,0,1
258,90,Monza,Lazio,0,1
259,1,Monza,Lecce,0,0
259,2,Monza,Lecce,0,0
259,3,Monza,Lecce,0,0
259,4,Monza,Lecce,0,0
259,5,Monza,Lecce,0,0
259,6,Monza,Lecce,0,0
259,7,Monza,Lecce,0,0
259,8,Monza,Lecce,0,0
259,9,Monza,Lecce,0,0
259,10,Monza,Lecce,0,0
259,11,Monza,Lecce,0,0
259,12,Monza,Lecce,0,0
259,13,Monza,Lecce,0,0
259,14,Monza,Lecce,0,0
259,15,Monza,Lecce,0,0
259,16,Monza,Lecce,0,0
259,17,Monza,Lecce,0,0
259,18,Monza,Lecce,0,0
259,19,Monza,Lecce,0,0
259,20,Monza,Lecce,0,0
259,21,Monza,Lecce,0,0
259,22,Monza,Lecce,0,0
259,23,Monza,Lecce,0,0
259,24,Monza,Lecce,0,0
259,25,Monza,Lecce,0,0
259,26,Monza,Lecce,0,0
259,27,Monza,Lecce,0,0
259,28,Monza,Lecce,0,0
259,29,Monza,Lecce,0,0
259,30,Monza,Lecce,0,0
259,31,Monza,Lecce,0,0
259,32,Monza,Lecce,0,0
259,33,Monza,Lecce,0,0
259,34,Monza,Lecce,0,0
259,35,Monza,Lecce,0,0
259,36,Monza,Lecce,0,0
259,37,Monza,Lecce,0,0
259,38,Monza,Lecce,0,0
259,39,Monza,Lecce,0,0
259,40,Monza,Lecce,0,0
259,41,Monza,Lecce,0,0
259,42,Monza,Lecce,0,0
259,43,Monza,Lecce,0,0
259,44,Monza,Lecce,0,0
259,45,Monza,Lecce,0,0
259,46,Monza,Lecce,0,0
259,47,Monza,Lecce,0,0
259,48,Monza,Lecce,0,0
259,49,Monza,Lecce,0,0
259,50,Monza,Lecce,0,0
259,51,Monza,Lecce,0,0
259,52,Monza,Lecce,0,0
259,53,Monza,Lecce,0,0
259,54,Monza,Lecce,0,0
259,55,Monza,Lecce,0,0
259,56,Monza,Lecce,0,0
259,57,Monza,Lecce,0,0
259,58,Monza,Lecce,0,0
259,59,Monza,Lecce,0,0
259,60,Monza,Lecce,0,0
259,61,Monza,Lecce,0,0
259,62,Monza,Lecce,0,0
259,63,Monza,Lecce,0,0
259,64,Monza,Lecce,0,0
259,65,Monza,Lecce,0,0
259,66,Monza,Lecce,0,0
259,67,Monza,Lecce,0,0
259,68,Monza,Lecce,0,0
259,69,Monza,Lecce,0,0
259,70,Monza,Lecce,0,0
259,71,Monza,Lecce,0,0
259,72,Monza,Lecce,0,0
259,73,Monza,Lecce,0,0
259,74,Monza,Lecce,0,0
259,75,Monza,Lecce,0,0
259,76,Monza,Lecce,0,0
259,77,Monza,Lecce,0,0
259,78,Monza,Lecce,0,0
259,79,Monza,Lecce,0,0
259,80,Monza,Lecce,0,0
259,81,Monza,Lecce,0,0
259,82,Monza,Lecce,0,0
259,83,Monza,Lecce,0,0
259,84,Monza,Lecce,0,0
259,85,Monza,Lecce,0,0
259,86,Monza,Lecce,0,0
259,87,Monza,Lecce,0,0
259,88,Monza,Lecce,0,0
259,89,Monza,Lecce,0,0
259,90,Monza,Lecce,0,0
260,1,Monza,AC Milan,0,0
260,2,Monza,AC Milan,0,0
260,3,Monza,AC Milan,0,0
260,4,Monza,AC Milan,0,0
260,5,Monza,AC Milan,0,0
260,6,Monza,AC Milan,0,0
260,7,Monza,AC Milan,0,0
260,8,Monza,AC Milan,0,0
260,9,Monza,AC Milan,0,0
260,10,Monza,AC Milan,0,0
260,11,Monza,AC Milan,0,0
260,12,Monza,AC Milan,0,0
260,13,Monza,AC Milan,0,0
260,14,Monza,AC Milan,0,0
260,15,Monza,AC Milan,0,0
260,16,Monza,AC Milan,0,0
260,17,Monza,AC Milan,0,0
260,18,Monza,AC Milan,0,0
260,19,Monza,AC Milan,0,0
260,20,Monza,AC Milan,0,0
260,21,Monza,AC Milan,0,0
260,22,Monza,AC Milan,0,0
260,23,Monza,AC Milan,0,0
260,24,Monza,AC Milan,0,0
260,25,Monza,AC Milan,0,0
260,26,Monza,AC Milan,0,0
260,27,Monza,AC Milan,0,0
260,28,Monza,AC Milan,0,0
260,29,Monza,AC Milan,0,0
260,30,Monza,AC Milan,0,0
260,31,Monza,AC Milan,0,0
260,32,Monza,AC Milan,0,0
260,33,Monza,AC Milan,0,0
260,34,Monza,AC Milan,0,0
260,35,Monza,AC Milan,0,0
260,36,Monza,AC Milan,0,0
260,37,Monza,AC Milan,0,0
260,38,Monza,AC Milan,0,0
260,39,Monza,AC Milan,0,0
260,40,Monza,AC Milan,0,0
260,41,Monza,AC Milan,0,0
260,42,Monza,AC Milan,0,0
260,43,Monza,AC Milan,0,1
260,44,Monza,AC Milan,0,1
260,45,Monza,AC Milan,0,1
260,46,Monza,AC Milan,0,1
260,47,Monza,AC Milan,0,1
260,48,Monza,AC Milan,0,1
260,49,Monza,AC Milan,0,1
260,50,Monza,AC Milan,0,1
260,51,Monza,AC Milan,0,1
260,52,Monza,AC Milan,0,1
260,53,Monza,AC Milan,0,1
260,54,Monza,AC Milan,0,1
260,55,Monza,AC Milan,0,1
260,56,Monza,AC Milan,0,1
260,57,Monza,AC Milan,0,1
260,58,Monza,AC Milan,0,1
260,59,Monza,AC Milan,0,1
260,60,Monza,AC Milan,0,1
260,61,Monza,AC Milan,0,1
260,62,Monza,AC Milan,0,1
260,63,Monza,AC Milan,0,1
260,64,Monza,AC Milan,0,1
260,65,Monza,AC Milan,0,1
260,66,Monza,AC Milan,0,1
260,67,Monza,AC Milan,0,1
260,68,Monza,AC Milan,0,1
260,69,Monza,AC Milan,0,1
260,70,Monza,AC Milan,0,1
260,71,Monza,AC Milan,0,1
260,72,Monza,AC Milan,0,1
260,73,Monza,AC Milan,0,1
260,74,Monza,AC Milan,0,1
260,75,Monza,AC Milan,0,1
260,76,Monza,AC Milan,0,1
260,77,Monza,AC Milan,0,1
260,78,Monza,AC Milan,0,1
260,79,Monza,AC Milan,0,1
260,80,Monza,AC Milan,0,1
260,81,Monza,AC Milan,0,1
260,82,Monza,AC Milan,0,1
260,83,Monza,AC Milan,0,1
260,84,Monza,AC Milan,0,1
260,85,Monza,AC Milan,0,1
260,86,Monza,AC Milan,0,1
260,87,Monza,AC Milan,0,1
260,88,Monza,AC Milan,0,1
260,89,Monza,AC Milan,0,1
260,90,Monza,AC Milan,0,1
261,1,Monza,Napoli,0,0
261,2,Monza,Napoli,0,0
261,3,Monza,Napoli,0,0
261,4,Monza,Napoli,0,0
261,5,Monza,Napoli,0,0
261,6,Monza,Napoli,0,0
261,7,Monza,Napoli,0,0
261,8,Monza,Napoli,0,0
261,9,Monza,Napoli,0,0
261,10,Monza,Napoli,0,0
261,11,Monza,Napoli,0,0
261,12,Monza,Napoli,0,0
261,13,Monza,Napoli,0,0
261,14,Monza,Napoli,0,0
261,15,Monza,Napoli,0,0
261,16,Monza,Napoli,0,0
261,17,Monza,Napoli,0,0
261,18,Monza,Napoli,0,0
261,19,Monza,Napoli,0,0
261,20,Monza,Napoli,0,0
261,21,Monza,Napoli,0,0
261,22,Monza,Napoli,0,0
261,23,Monza,Napoli,0,0
261,24,Monza,Napoli,0,0
261,25,Monza,Napoli,0,0
261,26,Monza,Napoli,0,0
261,27,Monza,Napoli,0,0
261,28,Monza,Napoli,0,0
261,29,Monza,Napoli,0,0
261,30,Monza,Napoli,0,0
261,31,Monza,Napoli,0,0
261,32,Monza,Napoli,0,0
261,33,Monza,Napoli,0,0
261,34,Monza,Napoli,0,0
261,35,Monza,Napoli,0,0
261,36,Monza,Napoli,0,0
261,37,Monza,Napoli,0,0
261,38,Monza,Napoli,0,0
261,39,Monza,Napoli,0,0
261,40,Monza,Napoli,0,0
261,41,Monza,Napoli,0,0
261,42,Monza,Napoli,0,0
261,43,Monza,Napoli,0,0
261,44,Monza,Napoli,0,0
261,45,Monza,Napoli,0,0
261,46,Monza,Napoli,0,0
261,47,Monza,Napoli,0,0
261,48,Monza,Napoli,0,0
261,49,Monza,Napoli,0,0
261,50,Monza,Napoli,0,0
261,51,Monza,Napoli,0,0
261,52,Monza,Napoli,0,0
261,53,Monza,Napoli,0,0
261,54,Monza,Napoli,0,0
261,55,Monza,Napoli,0,0
261,56,Monza,Napoli,0,0
261,57,Monza,Napoli,0,0
261,58,Monza,Napoli,0,0
261,59,Monza,Napoli,0,0
261,60,Monza,Napoli,0,0
261,61,Monza,Napoli,0,0
261,62,Monza,Napoli,0,0
261,63,Monza,Napoli,0,0
261,64,Monza,Napoli,0,0
261,65,Monza,Napoli,0,0
261,66,Monza,Napoli,0,0
261,67,Monza,Napoli,0,0
261,68,Monza,Napoli,0,0
261,69,Monza,Napoli,0,0
261,70,Monza,Napoli,0,0
261,71,Monza,Napoli,0,0
261,72,Monza,Napoli,0,1
261,73,Monza,Napoli,0,1
261,74,Monza,Napoli,0,1
261,75,Monza,Napoli,0,1
261,76,Monza,Napoli,0,1
261,77,Monza,Napoli,0,1
261,78,Monza,Napoli,0,1
261,79,Monza,Napoli,0,1
261,80,Monza,Napoli,0,1
261,81,Monza,Napoli,0,1
261,82,Monza,Napoli,0,1
261,83,Monza,Napoli,0,1
261,84,Monza,Napoli,0,1
261,85,Monza,Napoli,0,1
261,86,Monza,Napoli,0,1
261,87,Monza,Napoli,0,1
261,88,Monza,Napoli,0,1
261,89,Monza,Napoli,0,1
261,90,Monza,Napoli,0,1
262,1,Monza,Parma,0,0
262,2,Monza,Parma,0,0
262,3,Monza,Parma,0,0
262,4,Monza,Parma,0,0
262,5,Monza,Parma,0,0
262,6,Monza,Parma,0,0
262,7,Monza,Parma,0,0
262,8,Monza,Parma,0,0
262,9,Monza,Parma,0,0
262,10,Monza,Parma,0,0
262,11,Monza,Parma,0,0
262,12,Monza,Parma,0,0
262,13,Monza,Parma,0,0
262,14,Monza,Parma,0,0
262,15,Monza,Parma,0,0
262,16,Monza,Parma,0,0
262,17,Monza,Parma,0,0
262,18,Monza,Parma,0,0
262,19,Monza,Parma,0,0
262,20,Monza,Parma,0,0
262,21,Monza,Parma,0,0
262,22,Monza,Parma,0,0
262,23,Monza,Parma,0,0
262,24,Monza,Parma,0,0
262,25,Monza,Parma,0,0
262,26,Monza,Parma,0,0
262,27,Monza,Parma,0,0
262,28,Monza,Parma,0,0
262,29,Monza,Parma,0,0
262,30,Monza,Parma,0,0
262,31,Monza,Parma,0,0
262,32,Monza,Parma,0,0
262,33,Monza,Parma,0,0
262,34,Monza,Parma,0,0
262,35,Monza,Parma,0,0
262,36,Monza,Parma,0,0
262,37,Monza,Parma,0,0
262,38,Monza,Parma,0,0
262,39,Monza,Parma,0,0
262,40,Monza,Parma,0,0
262,41,Monza,Parma,0,0
262,42,Monza,Parma,0,0
262,43,Monza,Parma,0,0
262,44,Monza,Parma,0,0
262,45,Monza,Parma,0,0
262,46,Monza,Parma,0,0
262,47,Monza,Parma,0,0
262,48,Monza,Parma,0,0
262,49,Monza,Parma,0,0
262,50,Monza,Parma,0,0
262,51,Monza,Parma,0,0
262,52,Monza,Parma,0,0
262,53,Monza,Parma,0,0
262,54,Monza,Parma,0,0
262,55,Monza,Parma,0,0
262,56,Monza,Parma,0,0
262,57,Monza,Parma,0,0
262,58,Monza,Parma,0,0
262,59,Monza,Parma,0,0
262,60,Monza,Parma,1,0
262,61,Monza,Parma,1,0
262,62,Monza,Parma,1,0
262,63,Monza,Parma,1,0
262,64,Monza,Parma,1,0
262,65,Monza,Parma,1,0
262,66,Monza,Parma,1,0
262,67,Monza,Parma,1,0
262,68,Monza,Parma,1,0
262,69,Monza,Parma,1,0
262,70,Monza,Parma,1,0
262,71,Monza,Parma,1,0
262,72,Monza,Parma,1,0
262,73,Monza,Parma,1,0
262,74,Monza,Parma,1,0
262,75,Monza,Parma,1,0
262,76,Monza,Parma,1,0
262,77,Monza,Parma,1,0
262,78,Monza,Parma,1,0
262,79,Monza,Parma,1,0
262,80,Monza,Parma,1,0
262,81,Monza,Parma,1,0
262,82,Monza,Parma,1,0
262,83,Monza,Parma,1,0
262,84,Monza,Parma,1,1
262,85,Monza,Parma,1,1
262,86,Monza,Parma,1,1
262,87,Monza,Parma,1,1
262,88,Monza,Parma,1,1
262,89,Monza,Parma,1,1
262,90,Monza,Parma,1,1
263,1,Monza,Roma,0,0
263,2,Monza,Roma,0,0
263,3,Monza,Roma,0,0
263,4,Monza,Roma,0,0
263,5,Monza,Roma,0,0
263,6,Monza,Roma,0,0
263,7,Monza,Roma,0,0
263,8,Monza,Roma,0,0
263,9,Monza,Roma,0,0
263,10,Monza,Roma,0,0
263,11,Monza,Roma,0,0
263,12,Monza,Roma,0,0
263,13,Monza,Roma,0,0
263,14,Monza,Roma,0,0
263,15,Monza,Roma,0,0
263,16,Monza,Roma,0,0
263,17,Monza,Roma,0,0
263,18,Monza,Roma,0,0
263,19,Monza,Roma,0,0
263,20,Monza,Roma,0,0
263,21,Monza,Roma,0,0
263,22,Monza,Roma,0,0
263,23,Monza,Roma,0,0
263,24,Monza,Roma,0,0
263,25,Monza,Roma,0,0
263,26,Monza,Roma,0,0
263,27,Monza,Roma,0,0
263,28,Monza,Roma,0,0
263,29,Monza,Roma,0,0
263,30,Monza,Roma,0,0
263,31,Monza,Roma,0,0
263,32,Monza,Roma,0,0
263,33,Monza,Roma,0,0
263,34,Monza,Roma,0,0
263,35,Monza,Roma,0,0
263,36,Monza,Roma,0,0
263,37,Monza,Roma,0,0
263,38,Monza,Roma,0,0
263,39,Monza,Roma,0,0
263,40,Monza,Roma,0,0
263,41,Monza,Roma,0,0
263,42,Monza,Roma,0,0
263,43,Monza,Roma,0,0
263,44,Monza,Roma,0,0
263,45,Monza,Roma,0,0
263,46,Monza,Roma,0,0
263,47,Monza,Roma,0,0
263,48,Monza,Roma,0,0
263,49,Monza,Roma,0,0
263,50,Monza,Roma,0,0
263,51,Monza,Roma,0,0
263,52,Monza,Roma,0,0
263,53,Monza,Roma,0,0
263,54,Monza,Roma,0,0
263,55,Monza,Roma,0,0
263,56,Monza,Roma,0,0
263,57,Monza,Roma,0,0
263,58,Monza,Roma,0,0
263,59,Monza,Roma,0,0
263,60,Monza,Roma,0,0
263,61,Monza,Roma,0,1
263,62,Monza,Roma,0,1
263,63,Monza,Roma,0,1
263,64,Monza,Roma,0,1
263,65,Monza,Roma,0,1
263,66,Monza,Roma,0,1
263,67,Monza,Roma,0,1
263,68,Monza,Roma,0,1
263,69,Monza,Roma,0,1
263,70,Monza,Roma,1,1
263,71,Monza,Roma,1,1
263,72,Monza,Roma,1,1
263,73,Monza,Roma,1,1
263,74,Monza,Roma,1,1
263,75,Monza,Roma,1,1
263,76,Monza,Roma,1,1
263,77,Monza,Roma,1,1
263,78,Monza,Roma,1,1
263,79,Monza,Roma,1,1
263,80,Monza,Roma,1,1
263,81,Monza,Roma,1,1
263,82,Monza,Roma,1,1
263,83,Monza,Roma,1,1
263,84,Monza,Roma,1,1
263,85,Monza,Roma,1,1
263,86,Monza,Roma,1,1
263,87,Monza,Roma,1,1
263,88,Monza,Roma,1,1
263,89,Monza,Roma,1,1
263,90,Monza,Roma,1,1
264,1,Monza,Torino,0,0
264,2,Monza,Torino,0,0
264,3,Monza,Torino,0,0
264,4,Monza,Torino,0,0
264,5,Monza,Torino,0,0
264,6,Monza,Torino,0,0
264,7,Monza,Torino,0,0
264,8,Monza,Torino,0,0
264,9,Monza,Torino,0,0
264,10,Monza,Torino,0,0
264,11,Monza,Torino,0,0
264,12,Monza,Torino,0,0
264,13,Monza,Torino,0,0
264,14,Monza,Torino,0,0
264,15,Monza,Torino,0,0
264,16,Monza,Torino,0,0
264,17,Monza,Torino,0,0
264,18,Monza,Torino,0,0
264,19,Monza,Torino,0,0
264,20,Monza,Torino,0,0
264,21,Monza,Torino,0,0
264,22,Monza,Torino,0,0
264,23,Monza,Torino,0,0
264,24,Monza,Torino,0,0
264,25,Monza,Torino,0,0
264,26,Monza,Torino,0,0
264,27,Monza,Torino,0,0
264,28,Monza,Torino,0,0
264,29,Monza,Torino,0,0
264,30,Monza,Torino,0,0
264,31,Monza,Torino,0,0
264,32,Monza,Torino,0,0
264,33,Monza,Torino,0,0
264,34,Monza,Torino,0,0
264,35,Monza,Torino,0,0
264,36,Monza,Torino,0,0
264,37,Monza,Torino,0,0
264,38,Monza,Torino,0,0
264,39,Monza,Torino,0,0
264,40,Monza,Torino,0,0
264,41,Monza,Torino,0,1
264,42,Monza,Torino,0,1
264,43,Monza,Torino,0,1
264,44,Monza,Torino,0,1
264,45,Monza,Torino,0,1
264,46,Monza,Torino,0,1
264,47,Monza,Torino,0,1
264,48,Monza,Torino,0,1
264,49,Monza,Torino,0,1
264,50,Monza,Torino,0,1
264,51,Monza,Torino,0,1
264,52,Monza,Torino,0,1
264,53,Monza,Torino,0,1
264,54,Monza,Torino,0,1
264,55,Monza,Torino,0,1
264,56,Monza,Torino,0,1
264,57,Monza,Torino,0,1
264,58,Monza,Torino,0,1
264,59,Monza,Torino,0,1
264,60,Monza,Torino,0,1
264,61,Monza,Torino,0,1
264,62,Monza,Torino,0,1
264,63,Monza,Torino,0,1
264,64,Monza,Torino,0,1
264,65,Monza,Torino,0,1
264,66,Monza,Torino,0,2
264,67,Monza,Torino,0,2
264,68,Monza,Torino,0,2
264,69,Monza,Torino,0,2
264,70,Monza,Torino,0,2
264,71,Monza,Torino,0,2
264,72,Monza,Torino,0,2
264,73,Monza,Torino,0,2
264,74,Monza,Torino,0,2
264,75,Monza,Torino,0,2
264,76,Monza,Torino,0,2
264,77,Monza,Torino,0,2
264,78,Monza,Torino,0,2
264,79,Monza,Torino,0,2
264,80,Monza,Torino,0,2
264,81,Monza,Torino,0,2
264,82,Monza,Torino,0,2
264,83,Monza,Torino,0,2
264,84,Monza,Torino,0,2
264,85,Monza,Torino,0,2
264,86,Monza,Torino,0,2
264,87,Monza,Torino,0,2
264,88,Monza,Torino,0,2
264,89,Monza,Torino,0,2
264,90,Monza,Torino,0,2
265,1,Monza,Udinese,0,0
265,2,Monza,Udinese,0,0
265,3,Monza,Udinese,0,0
265,4,Monza,Udinese,0,0
265,5,Monza,Udinese,0,0
265,6,Monza,Udinese,0,1
265,7,Monza,Udinese,0,1
265,8,Monza,Udinese,0,1
265,9,Monza,Udinese,0,1
265,10,Monza,Udinese,0,1
265,11,Monza,Udinese,0,1
265,12,Monza,Udinese,0,1
265,13,Monza,Udinese,0,1
265,14,Monza,Udinese,0,1
265,15,Monza,Udinese,0,1
265,16,Monza,Udinese,0,1
265,17,Monza,Udinese,0,1
265,18,Monza,Udinese,0,1
265,19,Monza,Udinese,0,1
265,20,Monza,Udinese,0,1
265,21,Monza,Udinese,0,1
265,22,Monza,Udinese,0,1
265,23,Monza,Udinese,0,1
265,24,Monza,Udinese,0,1
265,25,Monza,Udinese,0,1
265,26,Monza,Udinese,0,1
265,27,Monza,Udinese,0,1
265,28,Monza,Udinese,0,1
265,29,Monza,Udinese,0,1
265,30,Monza,Udinese,0,1
265,31,Monza,Udinese,0,1
265,32,Monza,Udinese,0,1
265,33,Monza,Udinese,0,1
265,34,Monza,Udinese,0,1
265,35,Monza,Udinese,0,1
265,36,Monza,Udinese,0,1
265,37,Monza,Udinese,0,1
265,38,Monza,Udinese,0,1
265,39,Monza,Udinese,0,1
265,40,Monza,Udinese,0,1
265,41,Monza,Udinese,0,1
265,42,Monza,Udinese,0,1
265,43,Monza,Udinese,0,1
265,44,Monza,Udinese,0,1
265,45,Monza,Udinese,0,1
265,46,Monza,Udinese,0,1
265,47,Monza,Udinese,1,1
265,48,Monza,Udinese,1,1
265,49,Monza,Udinese,1,1
265,50,Monza,Udinese,1,1
265,51,Monza,Udinese,1,1
265,52,Monza,Udinese,1,1
265,53,Monza,Udinese,1,1
265,54,Monza,Udinese,1,1
265,55,Monza,Udinese,1,1
265,56,Monza,Udinese,1,1
265,57,Monza,Udinese,1,1
265,58,Monza,Udinese,1,1
265,59,Monza,Udinese,1,1
265,60,Monza,Udinese,1,1
265,61,Monza,Udinese,1,1
265,62,Monza,Udinese,1,1
265,63,Monza,Udinese,1,1
265,64,Monza,Udinese,1,1
265,65,Monza,Udinese,1,1
265,66,Monza,Udinese,1,1
265,67,Monza,Udinese,1,1
265,68,Monza,Udinese,1,1
265,69,Monza,Udinese,1,1
265,70,Monza,Udinese,1,2
265,71,Monza,Udinese,1,2
265,72,Monza,Udinese,1,2
265,73,Monza,Udinese,1,2
265,74,Monza,Udinese,1,2
265,75,Monza,Udinese,1,2
265,76,Monza,Udinese,1,2
265,77,Monza,Udinese,1,2
265,78,Monza,Udinese,1,2
265,79,Monza,Udinese,1,2
265,80,Monza,Udinese,1,2
265,81,Monza,Udinese,1,2
265,82,Monza,Udinese,1,2
265,83,Monza,Udinese,1,2
265,84,Monza,Udinese,1,2
265,85,Monza,Udinese,1,2
265,86,Monza,Udinese,1,2
265,87,Monza,Udinese,1,2
265,88,Monza,Udinese,1,2
265,89,Monza,Udinese,1,2
265,90,Monza,Udinese,1,2
266,1,Monza,Venezia,0,0
266,2,Monza,Venezia,0,0
266,3,Monza,Venezia,0,0
266,4,Monza,Venezia,0,0
266,5,Monza,Venezia,0,0
266,6,Monza,Venezia,0,0
266,7,Monza,Venezia,0,0
266,8,Monza,Venezia,0,0
266,9,Monza,Venezia,0,0
266,10,Monza,Venezia,0,0
266,11,Monza,Venezia,0,0
266,12,Monza,Venezia,0,0
266,13,Monza,Venezia,0,0
266,14,Monza,Venezia,0,0
266,15,Monza,Venezia,0,1
266,16,Monza,Venezia,0,1
266,17,Monza,Venezia,0,1
266,18,Monza,Venezia,0,1
266,19,Monza,Venezia,0,1
266,20,Monza,Venezia,0,1
266,21,Monza,Venezia,0,1
266,22,Monza,Venezia,0,1
266,23,Monza,Venezia,1,1
266,24,Monza,Venezia,1,1
266,25,Monza,Venezia,1,1
266,26,Monza,Venezia,1,1
266,27,Monza,Venezia,1,1
266,28,Monza,Venezia,1,1
266,29,Monza,Venezia,1,1
266,30,Monza,Venezia,1,1
266,31,Monza,Venezia,1,1
266,32,Monza,Venezia,1,1
266,33,Monza,Venezia,1,1
266,34,Monza,Venezia,1,1
266,35,Monza,Venezia,1,1
266,36,Monza,Venezia,1,1
266,37,Monza,Venezia,1,1
266,38,Monza,Venezia,1,1
266,39,Monza,Venezia,1,2
266,40,Monza,Venezia,1,2
266,41,Monza,Venezia,1,2
266,42,Monza,Venezia,1,2
266,43,Monza,Venezia,1,2
266,44,Monza,Venezia,2,2
266,45,Monza,Venezia,2,2
266,46,Monza,Venezia,2,2
266,47,Monza,Venezia,2,2
266,48,Monza,Venezia,2,2
266,49,Monza,Venezia,2,2
266,50,Monza,Venezia,2,2
266,51,Monza,Venezia,2,2
266,52,Monza,Venezia,2,2
266,53,Monza,Venezia,2,2
266,54,Monza,Venezia,2,2
266,55,Monza,Venezia,2,2
266,56,Monza,Venezia,2,2
266,57,Monza,Venezia,2,2
266,58,Monza,Venezia,2,2
266,59,Monza,Venezia,2,2
266,60,Monza,Venezia,2,2
266,61,Monza,Venezia,2,2
266,62,Monza,Venezia,2,2
266,63,Monza,Venezia,2,2
266,64,Monza,Venezia,2,2
266,65,Monza,Venezia,2,2
266,66,Monza,Venezia,2,2
266,67,Monza,Venezia,2,2
266,68,Monza,Venezia,2,2
266,69,Monza,Venezia,2,2
266,70,Monza,Venezia,2,2
266,71,Monza,Venezia,2,2
266,72,Monza,Venezia,2,2
266,73,Monza,Venezia,2,2
266,74,Monza,Venezia,2,2
266,75,Monza,Venezia,2,2
266,76,Monza,Venezia,2,2
266,77,Monza,Venezia,2,2
266,78,Monza,Venezia,2,2
266,79,Monza,Venezia,2,2
266,80,Monza,Venezia,2,2
266,81,Monza,Venezia,2,2
266,82,Monza,Venezia,2,2
266,83,Monza,Venezia,2,2
266,84,Monza,Venezia,2,2
266,85,Monza,Venezia,2,2
266,86,Monza,Venezia,2,2
266,87,Monza,Venezia,2,2
266,88,Monza,Venezia,2,2
266,89,Monza,Venezia,2,2
266,90,Monza,Venezia,2,2
267,1,Napoli,Atalanta,0,0
267,2,Napoli,Atalanta,0,0
267,3,Napoli,Atalanta,0,0
267,4,Napoli,Atalanta,0,0
267,5,Napoli,Atalanta,0,0
267,6,Napoli,Atalanta,0,0
267,7,Napoli,Atalanta,0,0
267,8,Napoli,Atalanta,0,0
267,9,Napoli,Atalanta,0,0
267,10,Napoli,Atalanta,0,1
267,11,Napoli,Atalanta,0,1
267,12,Napoli,Atalanta,0,1
267,13,Napoli,Atalanta,0,1
267,14,Napoli,Atalanta,0,1
267,15,Napoli,Atalanta,0,1
267,16,Napoli,Atalanta,0,1
267,17,Napoli,Atalanta,0,1
267,18,Napoli,Atalanta,0,1
267,19,Napoli,Atalanta,0,1
267,20,Napoli,Atalanta,0,1
267,21,Napoli,Atalanta,0,1
267,22,Napoli,Atalanta,0,1
267,23,Napoli,Atalanta,0,1
267,24,Napoli,Atalanta,0,1
267,25,Napoli,Atalanta,0,1
267,26,Napoli,Atalanta,0,1
267,27,Napoli,Atalanta,0,1
267,28,Napoli,Atalanta,0,1
267,29,Napoli,Atalanta,0,1
267,30,Napoli,Atalanta,0,1
267,31,Napoli,Atalanta,0,2
267,32,Napoli,Atalanta,0,2
267,33,Napoli,Atalanta,0,2
267,34,Napoli,Atalanta,0,2
267,35,Napoli,Atalanta,0,2
267,36,Napoli,Atalanta,0,2
267,37,Napoli,Atalanta,0,2
267,38,Napoli,Atalanta,0,2
267,39,Napoli,Atalanta,0,2
267,40,Napoli,Atalanta,0,2
267,41,Napoli,Atalanta,0,2
267,42,Napoli,Atalanta,0,2
267,43,Napoli,Atalanta,0,2
267,44,Napoli,Atalanta,0,2
267,45,Napoli,Atalanta,0,2
267,46,Napoli,Atalanta,0,2
267,47,Napoli,Atalanta,0,2
267,48,Napoli,Atalanta,0,2
267,49,Napoli,Atalanta,0,2
267,50,Napoli,Atalanta,0,2
267,51,Napoli,Atalanta,0,2
267,52,Napoli,Atalanta,0,2
267,53,Napoli,Atalanta,0,2
267,54,Napoli,Atalanta,0,2
267,55,Napoli,Atalanta,0,2
267,56,Napoli,Atalanta,0,2
267,57,Napoli,Atalanta,0,2
267,58,Napoli,Atalanta,0,2
267,59,Napoli,Atalanta,0,2
267,60,Napoli,Atalanta,0,2
267,61,Napoli,Atalanta,0,2
267,62,Napoli,Atalanta,0,2
267,63,Napoli,Atalanta,0,2
267,64,Napoli,Atalanta,0,2
267,65,Napoli,Atalanta,0,2
267,66,Napoli,Atalanta,0,2
267,67,Napoli,Atalanta,0,2
267,68,Napoli,Atalanta,0,2
267,69,Napoli,Atalanta,0,2
267,70,Napoli,Atalanta,0,2
267,71,Napoli,Atalanta,0,2
267,72,Napoli,Atalanta,0,2
267,73,Napoli,Atalanta,0,2
267,74,Napoli,Atalanta,0,2
267,75,Napoli,Atalanta,0,2
267,76,Napoli,Atalanta,0,2
267,77,Napoli,Atalanta,0,2
267,78,Napoli,Atalanta,0,2
267,79,Napoli,Atalanta,0,2
267,80,Napoli,Atalanta,0,2
267,81,Napoli,Atalanta,0,2
267,82,Napoli,Atalanta,0,2
267,83,Napoli,Atalanta,0,2
267,84,Napoli,Atalanta,0,2
267,85,Napoli,Atalanta,0,2
267,86,Napoli,Atalanta,0,2
267,87,Napoli,Atalanta,0,2
267,88,Napoli,Atalanta,0,2
267,89,Napoli,Atalanta,0,2
267,90,Napoli,Atalanta,0,3
268,1,Napoli,Bologna,0,0
268,2,Napoli,Bologna,0,0
268,3,Napoli,Bologna,0,0
268,4,Napoli,Bologna,0,0
268,5,Napoli,Bologna,0,0
268,6,Napoli,Bologna,0,0
268,7,Napoli,Bologna,0,0
268,8,Napoli,Bologna,0,0
268,9,Napoli,Bologna,0,0
268,10,Napoli,Bologna,0,0
268,11,Napoli,Bologna,0,0
268,12,Napoli,Bologna,0,0
268,13,Napoli,Bologna,0,0
268,14,Napoli,Bologna,0,0
268,15,Napoli,Bologna,0,0
268,16,Napoli,Bologna,0,0
268,17,Napoli,Bologna,0,0
268,18,Napoli,Bologna,0,0
268,19,Napoli,Bologna,0,0
268,20,Napoli,Bologna,0,0
268,21,Napoli,Bologna,0,0
268,22,Napoli,Bologna,0,0
268,23,Napoli,Bologna,0,0
268,24,Napoli,Bologna,0,0
268,25,Napoli,Bologna,0,0
268,26,Napoli,Bologna,0,0
268,27,Napoli,Bologna,0,0
268,28,Napoli,Bologna,0,0
268,29,Napoli,Bologna,0,0
268,30,Napoli,Bologna,0,0
268,31,Napoli,Bologna,0,0
268,32,Napoli,Bologna,0,0
268,33,Napoli,Bologna,0,0
268,34,Napoli,Bologna,0,0
268,35,Napoli,Bologna,0,0
268,36,Napoli,Bologna,0,0
268,37,Napoli,Bologna,0,0
268,38,Napoli,Bologna,0,0
268,39,Napoli,Bologna,0,0
268,40,Napoli,Bologna,0,0
268,41,Napoli,Bologna,0,0
268,42,Napoli,Bologna,0,0
268,43,Napoli,Bologna,0,0
268,44,Napoli,Bologna,0,0
268,45,Napoli,Bologna,1,0
268,46,Napoli,Bologna,1,0
268,47,Napoli,Bologna,1,0
268,48,Napoli,Bologna,1,0
268,49,Napoli,Bologna,1,0
268,50,Napoli,Bologna,1,0
268,51,Napoli,Bologna,1,0
268,52,Napoli,Bologna,1,0
268,53,Napoli,Bologna,1,0
268,54,Napoli,Bologna,1,0
268,55,Napoli,Bologna,1,0
268,56,Napoli,Bologna,1,0
268,57,Napoli,Bologna,1,0
268,58,Napoli,Bologna,1,0
268,59,Napoli,Bologna,1,0
268,60,Napoli,Bologna,1,0
268,61,Napoli,Bologna,1,0
268,62,Napoli,Bologna,1,0
268,63,Napoli,Bologna,1,0
268,64,Napoli,Bologna,1,0
268,65,Napoli,Bologna,1,0
268,66,Napoli,Bologna,1,0
268,67,Napoli,Bologna,1,0
268,68,Napoli,Bologna,1,0
268,69,Napoli,Bologna,1,0
268,70,Napoli,Bologna,1,0
268,71,Napoli,Bologna,1,0
268,72,Napoli,Bologna,1,0
268,73,Napoli,Bologna,1,0
268,74,Napoli,Bologna,1,0
268,75,Napoli,Bologna,2,0
268,76,Napoli,Bologna,2,0
268,77,Napoli,Bologna,2,0
268,78,Napoli,Bologna,2,0
268,79,Napoli,Bologna,2,0
268,80,Napoli,Bologna,2,0
268,81,Napoli,Bologna,2,0
268,82,Napoli,Bologna,2,0
268,83,Napoli,Bologna,2,0
268,84,Napoli,Bologna,2,0
268,85,Napoli,Bologna,2,0
268,86,Napoli,Bologna,2,0
268,87,Napoli,Bologna,2,0
268,88,Napoli,Bologna,2,0
268,89,Napoli,Bologna,2,0
268,90,Napoli,Bologna,3,0
269,1,Napoli,Cagliari,0,0
269,2,Napoli,Cagliari,0,0
269,3,Napoli,Cagliari,0,0
269,4,Napoli,Cagliari,0,0
269,5,Napoli,Cagliari,0,0
269,6,Napoli,Cagliari,0,0
269,7,Napoli,Cagliari,0,0
269,8,Napoli,Cagliari,0,0
269,9,Napoli,Cagliari,0,0
269,10,Napoli,Cagliari,0,0
269,11,Napoli,Cagliari,0,0
269,12,Napoli,Cagliari,0,0
269,13,Napoli,Cagliari,0,0
269,14,Napoli,Cagliari,0,0
269,15,Napoli,Cagliari,0,0
269,16,Napoli,Cagliari,0,0
269,17,Napoli,Cagliari,0,0
269,18,Napoli,Cagliari,0,0
269,19,Napoli,Cagliari,0,0
269,20,Napoli,Cagliari,0,0
269,21,Napoli,Cagliari,0,0
269,22,Napoli,Cagliari,0,0
269,23,Napoli,Cagliari,0,0
269,24,Napoli,Cagliari,0,0
269,25,Napoli,Cagliari,0,0
269,26,Napoli,Cagliari,0,0
269,27,Napoli,Cagliari,0,0
269,28,Napoli,Cagliari,0,0
269,29,Napoli,Cagliari,0,0
269,30,Napoli,Cagliari,0,0
269,31,Napoli,Cagliari,0,0
269,32,Napoli,Cagliari,0,0
269,33,Napoli,Cagliari,0,0
269,34,Napoli,Cagliari,0,0
269,35,Napoli,Cagliari,0,0
269,36,Napoli,Cagliari,0,0
269,37,Napoli,Cagliari,0,0
269,38,Napoli,Cagliari,0,0
269,39,Napoli,Cagliari,0,0
269,40,Napoli,Cagliari,0,0
269,41,Napoli,Cagliari,0,0
269,42,Napoli,Cagliari,1,0
269,43,Napoli,Cagliari,1,0
269,44,Napoli,Cagliari,1,0
269,45,Napoli,Cagliari,1,0
269,46,Napoli,Cagliari,1,0
269,47,Napoli,Cagliari,1,0
269,48,Napoli,Cagliari,1,0
269,49,Napoli,Cagliari,1,0
269,50,Napoli,Cagliari,1,0
269,51,Napoli,Cagliari,2,0
269,52,Napoli,Cagliari,2,0
269,53,Napoli,Cagliari,2,0
269,54,Napoli,Cagliari,2,0
269,55,Napoli,Cagliari,2,0
269,56,Napoli,Cagliari,2,0
269,57,Napoli,Cagliari,2,0
269,58,Napoli,Cagliari,2,0
269,59,Napoli,Cagliari,2,0
269,60,Napoli,Cagliari,2,0
269,61,Napoli,Cagliari,2,0
269,62,Napoli,Cagliari,2,0
269,63,Napoli,Cagliari,2,0
269,64,Napoli,Cagliari,2,0
269,65,Napoli,Cagliari,2,0
269,66,Napoli,Cagliari,2,0
269,67,Napoli,Cagliari,2,0
269,68,Napoli,Cagliari,2,0
269,69,Napoli,Cagliari,2,0
269,70,Napoli,Cagliari,2,0
269,71,Napoli,Cagliari,2,0
269,72,Napoli,Cagliari,2,0
269,73,Napoli,Cagliari,2,0
269,74,Napoli,Cagliari,2,0
269,75,Napoli,Cagliari,2,0
269,76,Napoli,Cagliari,2,0
269,77,Napoli,Cagliari,2,0
269,78,Napoli,Cagliari,2,0
269,79,Napoli,Cagliari,2,0
269,80,Napoli,Cagliari,2,0
269,81,Napoli,Cagliari,2,0
269,82,Napoli,Cagliari,2,0
269,83,Napoli,Cagliari,2,0
269,84,Napoli,Cagliari,2,0
269,85,Napoli,Cagliari,2,0
269,86,Napoli,Cagliari,2,0
269,87,Napoli,Cagliari,2,0
269,88,Napoli,Cagliari,2,0
269,89,Napoli,Cagliari,2,0
269,90,Napoli,Cagliari,2,0
270,1,Napoli,Como,1,0
270,2,Napoli,Como,1,0
270,3,Napoli,Como,1,0
270,4,Napoli,Como,1,0
270,5,Napoli,Como,1,0
270,6,Napoli,Como,1,0
270,7,Napoli,Como,1,0
270,8,Napoli,Como,1,0
270,9,Napoli,Como,1,0
270,10,Napoli,Como,1,0
270,11,Napoli,Como,1,0
270,12,Napoli,Como,1,0
270,13,Napoli,Como,1,0
270,14,Napoli,Como,1,0
270,15,Napoli,Como,1,0
270,16,Napoli,Como,1,0
270,17,Napoli,Como,1,0
270,18,Napoli,Como,1,0
270,19,Napoli,Como,1,0
270,20,Napoli,Como,1,0
270,21,Napoli,Como,1,0
270,22,Napoli,Como,1,0
270,23,Napoli,Como,1,0
270,24,Napoli,Como,1,0
270,25,Napoli,Como,1,0
270,26,Napoli,Como,1,0
270,27,Napoli,Como,1,0
270,28,Napoli,Como,1,0
270,29,Napoli,Como,1,0
270,30,Napoli,Como,1,0
270,31,Napoli,Como,1,0
270,32,Napoli,Como,1,0
270,33,Napoli,Como,1,0
270,34,Napoli,Como,1,0
270,35,Napoli,Como,1,0
270,36,Napoli,Como,1,0
270,37,Napoli,Como,1,0
270,38,Napoli,Como,1,0
270,39,Napoli,Como,1,0
270,40,Napoli,Como,1,0
270,41,Napoli,Como,1,0
270,42,Napoli,Como,1,0
270,43,Napoli,Como,1,1
270,44,Napoli,Como,1,1
270,45,Napoli,Como,1,1
270,46,Napoli,Como,1,1
270,47,Napoli,Como,1,1
270,48,Napoli,Como,1,1
270,49,Napoli,Como,1,1
270,50,Napoli,Como,1,1
270,51,Napoli,Como,1,1
270,52,Napoli,Como,1,1
270,53,Napoli,Como,2,1
270,54,Napoli,Como,2,1
270,55,Napoli,Como,2,1
270,56,Napoli,Como,2,1
270,57,Napoli,Como,2,1
270,58,Napoli,Como,2,1
270,59,Napoli,Como,2,1
270,60,Napoli,Como,2,1
270,61,Napoli,Como,2,1
270,62,Napoli,Como,2,1
270,63,Napoli,Como,2,1
270,64,Napoli,Como,2,1
270,65,Napoli,Como,2,1
270,66,Napoli,Como,2,1
270,67,Napoli,Como,2,1
270,68,Napoli,Como,2,1
270,69,Napoli,Como,2,1
270,70,Napoli,Como,2,1
270,71,Napoli,Como,2,1
270,72,Napoli,Como,2,1
270,73,Napoli,Como,2,1
270,74,Napoli,Como,2,1
270,75,Napoli,Como,2,1
270,76,Napoli,Como,2,1
270,77,Napoli,Como,2,1
270,78,Napoli,Como,2,1
270,79,Napoli,Como,2,1
270,80,Napoli,Como,2,1
270,81,Napoli,Como,2,1
270,82,Napoli,Como,2,1
270,83,Napoli,Como,2,1
270,84,Napoli,Como,2,1
270,85,Napoli,Como,2,1
270,86,Napoli,Como,3,1
270,87,Napoli,Como,3,1
270,88,Napoli,Como,3,1
270,89,Napoli,Como,3,1
270,90,Napoli,Como,3,1
271,1,Napoli,Empoli,0,0
271,2,Napoli,Empoli,0,0
271,3,Napoli,Empoli,0,0
271,4,Napoli,Empoli,0,0
271,5,Napoli,Empoli,0,0
271,6,Napoli,Empoli,0,0
271,7,Napoli,Empoli,0,0
271,8,Napoli,Empoli,0,0
271,9,Napoli,Empoli,0,0
271,10,Napoli,Empoli,0,0
271,11,Napoli,Empoli,0,0
271,12,Napoli,Empoli,0,0
271,13,Napoli,Empoli,0,0
271,14,Napoli,Empoli,0,0
271,15,Napoli,Empoli,0,0
271,16,Napoli,Empoli,0,0
271,17,Napoli,Empoli,0,0
271,18,Napoli,Empoli,1,0
271,19,Napoli,Empoli,1,0
271,20,Napoli,Empoli,1,0
271,21,Napoli,Empoli,1,0
271,22,Napoli,Empoli,1,0
271,23,Napoli,Empoli,1,0
271,24,Napoli,Empoli,1,0
271,25,Napoli,Empoli,1,0
271,26,Napoli,Empoli,1,0
271,27,Napoli,Empoli,1,0
271,28,Napoli,Empoli,1,0
271,29,Napoli,Empoli,1,0
271,30,Napoli,Empoli,1,0
271,31,Napoli,Empoli,1,0
271,32,Napoli,Empoli,1,0
271,33,Napoli,Empoli,1,0
271,34,Napoli,Empoli,1,0
271,35,Napoli,Empoli,1,0
271,36,Napoli,Empoli,1,0
271,37,Napoli,Empoli,1,0
271,38,Napoli,Empoli,1,0
271,39,Napoli,Empoli,1,0
271,40,Napoli,Empoli,1,0
271,41,Napoli,Empoli,1,0
271,42,Napoli,Empoli,1,0
271,43,Napoli,Empoli,1,0
271,44,Napoli,Empoli,1,0
271,45,Napoli,Empoli,1,0
271,46,Napoli,Empoli,1,0
271,47,Napoli,Empoli,1,0
271,48,Napoli,Empoli,1,0
271,49,Napoli,Empoli,1,0
271,50,Napoli,Empoli,1,0
271,51,Napoli,Empoli,1,0
271,52,Napoli,Empoli,1,0
271,53,Napoli,Empoli,1,0
271,54,Napoli,Empoli,1,0
271,55,Napoli,Empoli,1,0
271,56,Napoli,Empoli,2,0
271,57,Napoli,Empoli,2,0
271,58,Napoli,Empoli,2,0
271,59,Napoli,Empoli,2,0
271,60,Napoli,Empoli,2,0
271,61,Napoli,Empoli,3,0
271,62,Napoli,Empoli,3,0
271,63,Napoli,Empoli,3,0
271,64,Napoli,Empoli,3,0
271,65,Napoli,Empoli,3,0
271,66,Napoli,Empoli,3,0
271,67,Napoli,Empoli,3,0
271,68,Napoli,Empoli,3,0
271,69,Napoli,Empoli,3,0
271,70,Napoli,Empoli,3,0
271,71,Napoli,Empoli,3,0
271,72,Napoli,Empoli,3,0
271,73,Napoli,Empoli,3,0
271,74,Napoli,Empoli,3,0
271,75,Napoli,Empoli,3,0
271,76,Napoli,Empoli,3,0
271,77,Napoli,Empoli,3,0
271,78,Napoli,Empoli,3,0
271,79,Napoli,Empoli,3,0
271,80,Napoli,Empoli,3,0
271,81,Napoli,Empoli,3,0
271,82,Napoli,Empoli,3,0
271,83,Napoli,Empoli,3,0
271,84,Napoli,Empoli,3,0
271,85,Napoli,Empoli,3,0
271,86,Napoli,Empoli,3,0
271,87,Napoli,Empoli,3,0
271,88,Napoli,Empoli,3,0
271,89,Napoli,Empoli,3,0
271,90,Napoli,Empoli,3,0
272,1,Napoli,Fiorentina,0,0
272,2,Napoli,Fiorentina,0,0
272,3,Napoli,Fiorentina,0,0
272,4,Napoli,Fiorentina,0,0
272,5,Napoli,Fiorentina,0,0
272,6,Napoli,Fiorentina,0,0
272,7,Napoli,Fiorentina,0,0
272,8,Napoli,Fiorentina,0,0
272,9,Napoli,Fiorentina,0,0
272,10,Napoli,Fiorentina,0,0
272,11,Napoli,Fiorentina,0,0
272,12,Napoli,Fiorentina,0,0
272,13,Napoli,Fiorentina,0,0
272,14,Napoli,Fiorentina,0,0
272,15,Napoli,Fiorentina,0,0
272,16,Napoli,Fiorentina,0,0
272,17,Napoli,Fiorentina,0,0
272,18,Napoli,Fiorentina,0,0
272,19,Napoli,Fiorentina,0,0
272,20,Napoli,Fiorentina,0,0
272,21,Napoli,Fiorentina,0,0
272,22,Napoli,Fiorentina,0,0
272,23,Napoli,Fiorentina,0,0
272,24,Napoli,Fiorentina,0,0
272,25,Napoli,Fiorentina,0,0
272,26,Napoli,Fiorentina,1,0
272,27,Napoli,Fiorentina,1,0
272,28,Napoli,Fiorentina,1,0
272,29,Napoli,Fiorentina,1,0
272,30,Napoli,Fiorentina,1,0
272,31,Napoli,Fiorentina,1,0
272,32,Napoli,Fiorentina,1,0
272,33,Napoli,Fiorentina,1,0
272,34,Napoli,Fiorentina,1,0
272,35,Napoli,Fiorentina,1,0
272,36,Napoli,Fiorentina,1,0
272,37,Napoli,Fiorentina,1,0
272,38,Napoli,Fiorentina,1,0
272,39,Napoli,Fiorentina,1,0
272,40,Napoli,Fiorentina,1,0
272,41,Napoli,Fiorentina,1,0
272,42,Napoli,Fiorentina,1,0
272,43,Napoli,Fiorentina,1,0
272,44,Napoli,Fiorentina,1,0
272,45,Napoli,Fiorentina,1,0
272,46,Napoli,Fiorentina,1,0
272,47,Napoli,Fiorentina,1,0
272,48,Napoli,Fiorentina,1,0
272,49,Napoli,Fiorentina,1,0
272,50,Napoli,Fiorentina,1,0
272,51,Napoli,Fiorentina,1,0
272,52,Napoli,Fiorentina,1,0
272,53,Napoli,Fiorentina,1,0
272,54,Napoli,Fiorentina,1,0
272,55,Napoli,Fiorentina,1,0
272,56,Napoli,Fiorentina,1,0
272,57,Napoli,Fiorentina,1,0
272,58,Napoli,Fiorentina,1,0
272,59,Napoli,Fiorentina,1,0
272,60,Napoli,Fiorentina,2,0
272,61,Napoli,Fiorentina,2,0
272,62,Napoli,Fiorentina,2,0
272,63,Napoli,Fiorentina,2,0
272,64,Napoli,Fiorentina,2,0
272,65,Napoli,Fiorentina,2,0
272,66,Napoli,Fiorentina,2,1
272,67,Napoli,Fiorentina,2,1
272,68,Napoli,Fiorentina,2,1
272,69,Napoli,Fiorentina,2,1
272,70,Napoli,Fiorentina,2,1
272,71,Napoli,Fiorentina,2,1
272,72,Napoli,Fiorentina,2,1
272,73,Napoli,Fiorentina,2,1
272,74,Napoli,Fiorentina,2,1
272,75,Napoli,Fiorentina,2,1
272,76,Napoli,Fiorentina,2,1
272,77,Napoli,Fiorentina,2,1
272,78,Napoli,Fiorentina,2,1
272,79,Napoli,Fiorentina,2,1
272,80,Napoli,Fiorentina,2,1
272,81,Napoli,Fiorentina,2,1
272,82,Napoli,Fiorentina,2,1
272,83,Napoli,Fiorentina,2,1
272,84,Napoli,Fiorentina,2,1
272,85,Napoli,Fiorentina,2,1
272,86,Napoli,Fiorentina,2,1
272,87,Napoli,Fiorentina,2,1
272,88,Napoli,Fiorentina,2,1
272,89,Napoli,Fiorentina,2,1
272,90,Napoli,Fiorentina,2,1
273,1,Napoli,Genoa,0,0
273,2,Napoli,Genoa,0,0
273,3,Napoli,Genoa,0,0
273,4,Napoli,Genoa,0,0
273,5,Napoli,Genoa,0,0
273,6,Napoli,Genoa,0,0
273,7,Napoli,Genoa,0,0
273,8,Napoli,Genoa,0,0
273,9,Napoli,Genoa,0,0
273,10,Napoli,Genoa,0,0
273,11,Napoli,Genoa,0,0
273,12,Napoli,Genoa,0,0
273,13,Napoli,Genoa,0,0
273,14,Napoli,Genoa,0,0
273,15,Napoli,Genoa,1,0
273,16,Napoli,Genoa,1,0
273,17,Napoli,Genoa,1,0
273,18,Napoli,Genoa,1,0
273,19,Napoli,Genoa,1,0
273,20,Napoli,Genoa,1,0
273,21,Napoli,Genoa,1,0
273,22,Napoli,Genoa,1,0
273,23,Napoli,Genoa,1,0
273,24,Napoli,Genoa,1,0
273,25,Napoli,Genoa,1,0
273,26,Napoli,Genoa,1,0
273,27,Napoli,Genoa,1,0
273,28,Napoli,Genoa,1,0
273,29,Napoli,Genoa,1,0
273,30,Napoli,Genoa,1,0
273,31,Napoli,Genoa,1,0
273,32,Napoli,Genoa,1,1
273,33,Napoli,Genoa,1,1
273,34,Napoli,Genoa,1,1
273,35,Napoli,Genoa,1,1
273,36,Napoli,Genoa,1,1
273,37,Napoli,Genoa,1,1
273,38,Napoli,Genoa,1,1
273,39,Napoli,Genoa,1,1
273,40,Napoli,Genoa,1,1
273,41,Napoli,Genoa,1,1
273,42,Napoli,Genoa,1,1
273,43,Napoli,Genoa,1,1
273,44,Napoli,Genoa,1,1
273,45,Napoli,Genoa,1,1
273,46,Napoli,Genoa,1,1
273,47,Napoli,Genoa,1,1
273,48,Napoli,Genoa,1,1
273,49,Napoli,Genoa,1,1
273,50,Napoli,Genoa,1,1
273,51,Napoli,Genoa,1,1
273,52,Napoli,Genoa,1,1
273,53,Napoli,Genoa,1,1
273,54,Napoli,Genoa,1,1
273,55,Napoli,Genoa,1,1
273,56,Napoli,Genoa,1,1
273,57,Napoli,Genoa,1,1
273,58,Napoli,Genoa,1,1
273,59,Napoli,Genoa,1,1
273,60,Napoli,Genoa,1,1
273,61,Napoli,Genoa,1,1
273,62,Napoli,Genoa,1,1
273,63,Napoli,Genoa,1,1
273,64,Napoli,Genoa,2,1
273,65,Napoli,Genoa,2,1
273,66,Napoli,Genoa,2,1
273,67,Napoli,Genoa,2,1
273,68,Napoli,Genoa,2,1
273,69,Napoli,Genoa,2,1
273,70,Napoli,Genoa,2,1
273,71,Napoli,Genoa,2,1
273,72,Napoli,Genoa,2,1
273,73,Napoli,Genoa,2,1
273,74,Napoli,Genoa,2,1
273,75,Napoli,Genoa,2,1
273,76,Napoli,Genoa,2,1
273,77,Napoli,Genoa,2,1
273,78,Napoli,Genoa,2,1
273,79,Napoli,Genoa,2,1
273,80,Napoli,Genoa,2,1
273,81,Napoli,Genoa,2,1
273,82,Napoli,Genoa,2,1
273,83,Napoli,Genoa,2,1
273,84,Napoli,Genoa,2,2
273,85,Napoli,Genoa,2,2
273,86,Napoli,Genoa,2,2
273,87,Napoli,Genoa,2,2
273,88,Napoli,Genoa,2,2
273,89,Napoli,Genoa,2,2
273,90,Napoli,Genoa,2,2
274,1,Napoli,Hellas Verona,0,0
274,2,Napoli,Hellas Verona,0,0
274,3,Napoli,Hellas Verona,0,0
274,4,Napoli,Hellas Verona,0,0
274,5,Napoli,Hellas Verona,1,0
274,6,Napoli,Hellas Verona,1,0
274,7,Napoli,Hellas Verona,1,0
274,8,Napoli,Hellas Verona,1,0
274,9,Napoli,Hellas Verona,1,0
274,10,Napoli,Hellas Verona,1,0
274,11,Napoli,Hellas Verona,1,0
274,12,Napoli,Hellas Verona,1,0
274,13,Napoli,Hellas Verona,1,0
274,14,Napoli,Hellas Verona,1,0
274,15,Napoli,Hellas Verona,1,0
274,16,Napoli,Hellas Verona,1,0
274,17,Napoli,Hellas Verona,1,0
274,18,Napoli,Hellas Verona,1,0
274,19,Napoli,Hellas Verona,1,0
274,20,Napoli,Hellas Verona,1,0
274,21,Napoli,Hellas Verona,1,0
274,22,Napoli,Hellas Verona,1,0
274,23,Napoli,Hellas Verona,1,0
274,24,Napoli,Hellas Verona,1,0
274,25,Napoli,Hellas Verona,1,0
274,26,Napoli,Hellas Verona,1,0
274,27,Napoli,Hellas Verona,1,0
274,28,Napoli,Hellas Verona,1,0
274,29,Napoli,Hellas Verona,1,0
274,30,Napoli,Hellas Verona,1,0
274,31,Napoli,Hellas Verona,1,0
274,32,Napoli,Hellas Verona,1,0
274,33,Napoli,Hellas Verona,1,0
274,34,Napoli,Hellas Verona,1,0
274,35,Napoli,Hellas Verona,1,0
274,36,Napoli,Hellas Verona,1,0
274,37,Napoli,Hellas Verona,1,0
274,38,Napoli,Hellas Verona,1,0
274,39,Napoli,Hellas Verona,1,0
274,40,Napoli,Hellas Verona,1,0
274,41,Napoli,Hellas Verona,1,0
274,42,Napoli,Hellas Verona,1,0
274,43,Napoli,Hellas Verona,1,0
274,44,Napoli,Hellas Verona,1,0
274,45,Napoli,Hellas Verona,1,0
274,46,Napoli,Hellas Verona,1,0
274,47,Napoli,Hellas Verona,1,0
274,48,Napoli,Hellas Verona,1,0
274,49,Napoli,Hellas Verona,1,0
274,50,Napoli,Hellas Verona,1,0
274,51,Napoli,Hellas Verona,1,0
274,52,Napoli,Hellas Verona,1,0
274,53,Napoli,Hellas Verona,1,0
274,54,Napoli,Hellas Verona,1,0
274,55,Napoli,Hellas Verona,1,0
274,56,Napoli,Hellas Verona,1,0
274,57,Napoli,Hellas Verona,1,0
274,58,Napoli,Hellas Verona,1,0
274,59,Napoli,Hellas Verona,1,0
274,60,Napoli,Hellas Verona,1,0
274,61,Napoli,Hellas Verona,2,0
274,62,Napoli,Hellas Verona,2,0
274,63,Napoli,Hellas Verona,2,0
274,64,Napoli,Hellas Verona,2,0
274,65,Napoli,Hellas Verona,2,0
274,66,Napoli,Hellas Verona,2,0
274,67,Napoli,Hellas Verona,2,0
274,68,Napoli,Hellas Verona,2,0
274,69,Napoli,Hellas Verona,2,0
274,70,Napoli,Hellas Verona,2,0
274,71,Napoli,Hellas Verona,2,0
274,72,Napoli,Hellas Verona,2,0
274,73,Napoli,Hellas Verona,2,0
274,74,Napoli,Hellas Verona,2,0
274,75,Napoli,Hellas Verona,2,0
274,76,Napoli,Hellas Verona,2,0
274,77,Napoli,Hellas Verona,2,0
274,78,Napoli,Hellas Verona,2,0
274,79,Napoli,Hellas Verona,2,0
274,80,Napoli,Hellas Verona,2,0
274,81,Napoli,Hellas Verona,2,0
274,82,Napoli,Hellas Verona,2,0
274,83,Napoli,Hellas Verona,2,0
274,84,Napoli,Hellas Verona,2,0
274,85,Napoli,Hellas Verona,2,0
274,86,Napoli,Hellas Verona,2,0
274,87,Napoli,Hellas Verona,2,0
274,88,Napoli,Hellas Verona,2,0
274,89,Napoli,Hellas Verona,2,0
274,90,Napoli,Hellas Verona,2,0
275,1,Napoli,Inter Milan,0,0
275,2,Napoli,Inter Milan,0,0
275,3,Napoli,Inter Milan,0,0
275,4,Napoli,Inter Milan,0,0
275,5,Napoli,Inter Milan,0,0
275,6,Napoli,Inter Milan,0,0
275,7,Napoli,Inter Milan,0,0
275,8,Napoli,Inter Milan,0,0
275,9,Napoli,Inter Milan,0,0
275,10,Napoli,Inter Milan,0,0
275,11,Napoli,Inter Milan,0,0
275,12,Napoli,Inter Milan,0,0
275,13,Napoli,Inter Milan,0,0
275,14,Napoli,Inter Milan,0,0
275,15,Napoli,Inter Milan,0,0
275,16,Napoli,Inter Milan,0,0
275,17,Napoli,Inter Milan,0,0
275,18,Napoli,Inter Milan,0,0
275,19,Napoli,Inter Milan,0,0
275,20,Napoli,Inter Milan,0,0
275,21,Napoli,Inter Milan,0,0
275,22,Napoli,Inter Milan,0,1
275,23,Napoli,Inter Milan,0,1
275,24,Napoli,Inter Milan,0,1
275,25,Napoli,Inter Milan,0,1
275,26,Napoli,Inter Milan,0,1
275,27,Napoli,Inter Milan,0,1
275,28,Napoli,Inter Milan,0,1
275,29,Napoli,Inter Milan,0,1
275,30,Napoli,Inter Milan,0,1
275,31,Napoli,Inter Milan,0,1
275,32,Napoli,Inter Milan,0,1
275,33,Napoli,Inter Milan,0,1
275,34,Napoli,Inter Milan,0,1
275,35,Napoli,Inter Milan,0,1
275,36,Napoli,Inter Milan,0,1
275,37,Napoli,Inter Milan,0,1
275,38,Napoli,Inter Milan,0,1
275,39,Napoli,Inter Milan,0,1
275,40,Napoli,Inter Milan,0,1
275,41,Napoli,Inter Milan,0,1
275,42,Napoli,Inter Milan,0,1
275,43,Napoli,Inter Milan,0,1
275,44,Napoli,Inter Milan,0,1
275,45,Napoli,Inter Milan,0,1
275,46,Napoli,Inter Milan,0,1
275,47,Napoli,Inter Milan,0,1
275,48,Napoli,Inter Milan,0,1
275,49,Napoli,Inter Milan,0,1
275,50,Napoli,Inter Milan,0,1
275,51,Napoli,Inter Milan,0,1
275,52,Napoli,Inter Milan,0,1
275,53,Napoli,Inter Milan,0,1
275,54,Napoli,Inter Milan,0,1
275,55,Napoli,Inter Milan,0,1
275,56,Napoli,Inter Milan,0,1
275,57,Napoli,Inter Milan,0,1
275,58,Napoli,Inter Milan,0,1
275,59,Napoli,Inter Milan,0,1
275,60,Napoli,Inter Milan,0,1
275,61,Napoli,Inter Milan,0,1
275,62,Napoli,Inter Milan,0,1
275,63,Napoli,Inter Milan,0,1
275,64,Napoli,Inter Milan,0,1
275,65,Napoli,Inter Milan,0,1
275,66,Napoli,Inter Milan,0,1
275,67,Napoli,Inter Milan,0,1
275,68,Napoli,Inter Milan,0,1
275,69,Napoli,Inter Milan,0,1
275,70,Napoli,Inter Milan,0,1
275,71,Napoli,Inter Milan,0,1
275,72,Napoli,Inter Milan,0,1
275,73,Napoli,Inter Milan,0,1
275,74,Napoli,Inter Milan,0,1
275,75,Napoli,Inter Milan,0,1
275,76,Napoli,Inter Milan,0,1
275,77,Napoli,Inter Milan,0,1
275,78,Napoli,Inter Milan,0,1
275,79,Napoli,Inter Milan,0,1
275,80,Napoli,Inter Milan,0,1
275,81,Napoli,Inter Milan,0,1
275,82,Napoli,Inter Milan,0,1
275,83,Napoli,Inter Milan,0,1
275,84,Napoli,Inter Milan,0,1
275,85,Napoli,Inter Milan,0,1
275,86,Napoli,Inter Milan,0,1
275,87,Napoli,Inter Milan,1,1
275,88,Napoli,Inter Milan,1,1
275,89,Napoli,Inter Milan,1,1
275,90,Napoli,Inter Milan,1,1
276,1,Napoli,Juventus,0,0
276,2,Napoli,Juventus,0,0
276,3,Napoli,Juventus,0,0
276,4,Napoli,Juventus,0,0
276,5,Napoli,Juventus,0,0
276,6,Napoli,Juventus,0,0
276,7,Napoli,Juventus,0,0
276,8,Napoli,Juventus,0,0
276,9,Napoli,Juventus,0,0
276,10,Napoli,Juventus,0,0
276,11,Napoli,Juventus,0,0
276,12,Napoli,Juventus,0,0
276,13,Napoli,Juventus,0,0
276,14,Napoli,Juventus,0,0
276,15,Napoli,Juventus,0,0
276,16,Napoli,Juventus,0,0
276,17,Napoli,Juventus,0,0
276,18,Napoli,Juventus,0,0
276,19,Napoli,Juventus,0,0
276,20,Napoli,Juventus,0,0
276,21,Napoli,Juventus,0,0
276,22,Napoli,Juventus,0,0
276,23,Napoli,Juventus,0,0
276,24,Napoli,Juventus,0,0
276,25,Napoli,Juventus,0,0
276,26,Napoli,Juventus,0,0
276,27,Napoli,Juventus,0,0
276,28,Napoli,Juventus,0,0
276,29,Napoli,Juventus,0,0
276,30,Napoli,Juventus,0,0
276,31,Napoli,Juventus,0,0
276,32,Napoli,Juventus,0,0
276,33,Napoli,Juventus,0,0
276,34,Napoli,Juventus,0,0
276,35,Napoli,Juventus,0,0
276,36,Napoli,Juventus,0,0
276,37,Napoli,Juventus,0,0
276,38,Napoli,Juventus,0,0
276,39,Napoli,Juventus,0,0
276,40,Napoli,Juventus,0,0
276,41,Napoli,Juventus,0,0
276,42,Napoli,Juventus,0,0
276,43,Napoli,Juventus,0,1
276,44,Napoli,Juventus,0,1
276,45,Napoli,Juventus,0,1
276,46,Napoli,Juventus,0,1
276,47,Napoli,Juventus,0,1
276,48,Napoli,Juventus,0,1
276,49,Napoli,Juventus,0,1
276,50,Napoli,Juventus,0,1
276,51,Napoli,Juventus,0,1
276,52,Napoli,Juventus,0,1
276,53,Napoli,Juventus,0,1
276,54,Napoli,Juventus,0,1
276,55,Napoli,Juventus,0,1
276,56,Napoli,Juventus,0,1
276,57,Napoli,Juventus,1,1
276,58,Napoli,Juventus,1,1
276,59,Napoli,Juventus,1,1
276,60,Napoli,Juventus,1,1
276,61,Napoli,Juventus,1,1
276,62,Napoli,Juventus,1,1
276,63,Napoli,Juventus,1,1
276,64,Napoli,Juventus,1,1
276,65,Napoli,Juventus,1,1
276,66,Napoli,Juventus,1,1
276,67,Napoli,Juventus,1,1
276,68,Napoli,Juventus,1,1
276,69,Napoli,Juventus,2,1
276,70,Napoli,Juventus,2,1
276,71,Napoli,Juventus,2,1
276,72,Napoli,Juventus,2,1
276,73,Napoli,Juventus,2,1
276,74,Napoli,Juventus,2,1
276,75,Napoli,Juventus,2,1
276,76,Napoli,Juventus,2,1
276,77,Napoli,Juventus,2,1
276,78,Napoli,Juventus,2,1
276,79,Napoli,Juventus,2,1
276,80,Napoli,Juventus,2,1
276,81,Napoli,Juventus,2,1
276,82,Napoli,Juventus,2,1
276,83,Napoli,Juventus,2,1
276,84,Napoli,Juventus,2,1
276,85,Napoli,Juventus,2,1
276,86,Napoli,Juventus,2,1
276,87,Napoli,Juventus,2,1
276,88,Napoli,Juventus,2,1
276,89,Napoli,Juventus,2,1
276,90,Napoli,Juventus,2,1
277,1,Napoli,Lazio,0,0
277,2,Napoli,Lazio,0,0
277,3,Napoli,Lazio,0,0
277,4,Napoli,Lazio,0,0
277,5,Napoli,Lazio,0,0
277,6,Napoli,Lazio,0,0
277,7,Napoli,Lazio,0,0
277,8,Napoli,Lazio,0,0
277,9,Napoli,Lazio,0,0
277,10,Napoli,Lazio,0,0
277,11,Napoli,Lazio,0,0
277,12,Napoli,Lazio,0,0
277,13,Napoli,Lazio,0,0
277,14,Napoli,Lazio,0,0
277,15,Napoli,Lazio,0,0
277,16,Napoli,Lazio,0,0
277,17,Napoli,Lazio,0,0
277,18,Napoli,Lazio,0,0
277,19,Napoli,Lazio,0,0
277,20,Napoli,Lazio,0,0
277,21,Napoli,Lazio,0,0
277,22,Napoli,Lazio,0,0
277,23,Napoli,Lazio,0,0
277,24,Napoli,Lazio,0,0
277,25,Napoli,Lazio,0,0
277,26,Napoli,Lazio,0,0
277,27,Napoli,Lazio,0,0
277,28,Napoli,Lazio,0,0
277,29,Napoli,Lazio,0,0
277,30,Napoli,Lazio,0,0
277,31,Napoli,Lazio,0,0
277,32,Napoli,Lazio,0,0
277,33,Napoli,Lazio,0,0
277,34,Napoli,Lazio,0,0
277,35,Napoli,Lazio,0,0
277,36,Napoli,Lazio,0,0
277,37,Napoli,Lazio,0,0
277,38,Napoli,Lazio,0,0
277,39,Napoli,Lazio,0,0
277,40,Napoli,Lazio,0,0
277,41,Napoli,Lazio,0,0
277,42,Napoli,Lazio,0,0
277,43,Napoli,Lazio,0,0
277,44,Napoli,Lazio,0,0
277,45,Napoli,Lazio,0,0
277,46,Napoli,Lazio,0,0
277,47,Napoli,Lazio,0,0
277,48,Napoli,Lazio,0,0
277,49,Napoli,Lazio,0,0
277,50,Napoli,Lazio,0,0
277,51,Napoli,Lazio,0,0
277,52,Napoli,Lazio,0,0
277,53,Napoli,Lazio,0,0
277,54,Napoli,Lazio,0,0
277,55,Napoli,Lazio,0,0
277,56,Napoli,Lazio,0,0
277,57,Napoli,Lazio,0,0
277,58,Napoli,Lazio,0,0
277,59,Napoli,Lazio,0,0
277,60,Napoli,Lazio,0,0
277,61,Napoli,Lazio,0,0
277,62,Napoli,Lazio,0,0
277,63,Napoli,Lazio,0,0
277,64,Napoli,Lazio,0,0
277,65,Napoli,Lazio,0,0
277,66,Napoli,Lazio,0,0
277,67,Napoli,Lazio,0,0
277,68,Napoli,Lazio,0,0
277,69,Napoli,Lazio,0,0
277,70,Napoli,Lazio,0,0
277,71,Napoli,Lazio,0,0
277,72,Napoli,Lazio,0,0
277,73,Napoli,Lazio,0,0
277,74,Napoli,Lazio,0,0
277,75,Napoli,Lazio,0,0
277,76,Napoli,Lazio,0,0
277,77,Napoli,Lazio,0,0
277,78,Napoli,Lazio,0,0
277,79,Napoli,Lazio,0,1
277,80,Napoli,Lazio,0,1
277,81,Napoli,Lazio,0,1
277,82,Napoli,Lazio,0,1
277,83,Napoli,Lazio,0,1
277,84,Napoli,Lazio,0,1
277,85,Napoli,Lazio,0,1
277,86,Napoli,Lazio,0,1
277,87,Napoli,Lazio,0,1
277,88,Napoli,Lazio,0,1
277,89,Napoli,Lazio,0,1
277,90,Napoli,Lazio,0,1
278,1,Napoli,Lecce,0,0
278,2,Napoli,Lecce,0,0
278,3,Napoli,Lecce,0,0
278,4,Napoli,Lecce,0,0
278,5,Napoli,Lecce,0,0
278,6,Napoli,Lecce,0,0
278,7,Napoli,Lecce,0,0
278,8,Napoli,Lecce,0,0
278,9,Napoli,Lecce,0,0
278,10,Napoli,Lecce,0,0
278,11,Napoli,Lecce,0,0
278,12,Napoli,Lecce,0,0
278,13,Napoli,Lecce,0,0
278,14,Napoli,Lecce,0,0
278,15,Napoli,Lecce,0,0
278,16,Napoli,Lecce,0,0
278,17,Napoli,Lecce,0,0
278,18,Napoli,Lecce,0,0
278,19,Napoli,Lecce,0,0
278,20,Napoli,Lecce,0,0
278,21,Napoli,Lecce,0,0
278,22,Napoli,Lecce,0,0
278,23,Napoli,Lecce,0,0
278,24,Napoli,Lecce,0,0
278,25,Napoli,Lecce,0,0
278,26,Napoli,Lecce,0,0
278,27,Napoli,Lecce,0,0
278,28,Napoli,Lecce,0,0
278,29,Napoli,Lecce,0,0
278,30,Napoli,Lecce,0,0
278,31,Napoli,Lecce,0,0
278,32,Napoli,Lecce,0,0
278,33,Napoli,Lecce,0,0
278,34,Napoli,Lecce,0,0
278,35,Napoli,Lecce,0,0
278,36,Napoli,Lecce,0,0
278,37,Napoli,Lecce,0,0
278,38,Napoli,Lecce,0,0
278,39,Napoli,Lecce,0,0
278,40,Napoli,Lecce,0,0
278,41,Napoli,Lecce,0,0
278,42,Napoli,Lecce,0,0
278,43,Napoli,Lecce,0,0
278,44,Napoli,Lecce,0,0
278,45,Napoli,Lecce,0,0
278,46,Napoli,Lecce,0,0
278,47,Napoli,Lecce,0,0
278,48,Napoli,Lecce,0,0
278,49,Napoli,Lecce,0,0
278,50,Napoli,Lecce,0,0
278,51,Napoli,Lecce,0,0
278,52,Napoli,Lecce,0,0
278,53,Napoli,Lecce,0,0
278,54,Napoli,Lecce,0,0
278,55,Napoli,Lecce,0,0
278,56,Napoli,Lecce,0,0
278,57,Napoli,Lecce,0,0
278,58,Napoli,Lecce,0,0
278,59,Napoli,Lecce,0,0
278,60,Napoli,Lecce,0,0
278,61,Napoli,Lecce,0,0
278,62,Napoli,Lecce,0,0
278,63,Napoli,Lecce,0,0
278,64,Napoli,Lecce,0,0
278,65,Napoli,Lecce,0,0
278,66,Napoli,Lecce,0,0
278,67,Napoli,Lecce,0,0
278,68,Napoli,Lecce,0,0
278,69,Napoli,Lecce,0,0
278,70,Napoli,Lecce,0,0
278,71,Napoli,Lecce,0,0
278,72,Napoli,Lecce,0,0
278,73,Napoli,Lecce,1,0
278,74,Napoli,Lecce,1,0
278,75,Napoli,Lecce,1,0
278,76,Napoli,Lecce,1,0
278,77,Napoli,Lecce,1,0
278,78,Napoli,Lecce,1,0
278,79,Napoli,Lecce,1,0
278,80,Napoli,Lecce,1,0
278,81,Napoli,Lecce,1,0
278,82,Napoli,Lecce,1,0
278,83,Napoli,Lecce,1,0
278,84,Napoli,Lecce,1,0
278,85,Napoli,Lecce,1,0
278,86,Napoli,Lecce,1,0
278,87,Napoli,Lecce,1,0
278,88,Napoli,Lecce,1,0
278,89,Napoli,Lecce,1,0
278,90,Napoli,Lecce,1,0
279,1,Napoli,AC Milan,0,0
279,2,Napoli,AC Milan,1,0
279,3,Napoli,AC Milan,1,0
279,4,Napoli,AC Milan,1,0
279,5,Napoli,AC Milan,1,0
279,6,Napoli,AC Milan,1,0
279,7,Napoli,AC Milan,1,0
279,8,Napoli,AC Milan,1,0
279,9,Napoli,AC Milan,1,0
279,10,Napoli,AC Milan,1,0
279,11,Napoli,AC Milan,1,0
279,12,Napoli,AC Milan,1,0
279,13,Napoli,AC Milan,1,0
279,14,Napoli,AC Milan,1,0
279,15,Napoli,AC Milan,1,0
279,16,Napoli,AC Milan,1,0
279,17,Napoli,AC Milan,1,0
279,18,Napoli,AC Milan,1,0
279,19,Napoli,AC Milan,2,0
279,20,Napoli,AC Milan,2,0
279,21,Napoli,AC Milan,2,0
279,22,Napoli,AC Milan,2,0
279,23,Napoli,AC Milan,2,0
279,24,Napoli,AC Milan,2,0
279,25,Napoli,AC Milan,2,0
279,26,Napoli,AC Milan,2,0
279,27,Napoli,AC Milan,2,0
279,28,Napoli,AC Milan,2,0
279,29,Napoli,AC Milan,2,0
279,30,Napoli,AC Milan,2,0
279,31,Napoli,AC Milan,2,0
279,32,Napoli,AC Milan,2,0
279,33,Napoli,AC Milan,2,0
279,34,Napoli,AC Milan,2,0
279,35,Napoli,AC Milan,2,0
279,36,Napoli,AC Milan,2,0
279,37,Napoli,AC Milan,2,0
279,38,Napoli,AC Milan,2,0
279,39,Napoli,AC Milan,2,0
279,40,Napoli,AC Milan,2,0
279,41,Napoli,AC Milan,2,0
279,42,Napoli,AC Milan,2,0
279,43,Napoli,AC Milan,2,0
279,44,Napoli,AC Milan,2,0
279,45,Napoli,AC Milan,2,0
279,46,Napoli,AC Milan,2,0
279,47,Napoli,AC Milan,2,0
279,48,Napoli,AC Milan,2,0
279,49,Napoli,AC Milan,2,0
279,50,Napoli,AC Milan,2,0
279,51,Napoli,AC Milan,2,0
279,52,Napoli,AC Milan,2,0
279,53,Napoli,AC Milan,2,0
279,54,Napoli,AC Milan,2,0
279,55,Napoli,AC Milan,2,0
279,56,Napoli,AC Milan,2,0
279,57,Napoli,AC Milan,2,0
279,58,Napoli,AC Milan,2,0
279,59,Napoli,AC Milan,2,0
279,60,Napoli,AC Milan,2,0
279,61,Napoli,AC Milan,2,0
279,62,Napoli,AC Milan,2,0
279,63,Napoli,AC Milan,2,0
279,64,Napoli,AC Milan,2,0
279,65,Napoli,AC Milan,2,0
279,66,Napoli,AC Milan,2,0
279,67,Napoli,AC Milan,2,0
279,68,Napoli,AC Milan,2,0
279,69,Napoli,AC Milan,2,0
279,70,Napoli,AC Milan,2,0
279,71,Napoli,AC Milan,2,0
279,72,Napoli,AC Milan,2,0
279,73,Napoli,AC Milan,2,0
279,74,Napoli,AC Milan,2,0
279,75,Napoli,AC Milan,2,0
279,76,Napoli,AC Milan,2,0
279,77,Napoli,AC Milan,2,0
279,78,Napoli,AC Milan,2,0
279,79,Napoli,AC Milan,2,0
279,80,Napoli,AC Milan,2,0
279,81,Napoli,AC Milan,2,0
279,82,Napoli,AC Milan,2,0
279,83,Napoli,AC Milan,2,0
279,84,Napoli,AC Milan,2,1
279,85,Napoli,AC Milan,2,1
279,86,Napoli,AC Milan,2,1
279,87,Napoli,AC Milan,2,1
279,88,Napoli,AC Milan,2,1
279,89,Napoli,AC Milan,2,1
279,90,Napoli,AC Milan,2,1
280,1,Napoli,Monza,0,0
280,2,Napoli,Monza,0,0
280,3,Napoli,Monza,0,0
280,4,Napoli,Monza,0,0
280,5,Napoli,Monza,0,0
280,6,Napoli,Monza,0,0
280,7,Napoli,Monza,0,0
280,8,Napoli,Monza,0,0
280,9,Napoli,Monza,0,0
280,10,Napoli,Monza,0,0
280,11,Napoli,Monza,0,0
280,12,Napoli,Monza,0,0
280,13,Napoli,Monza,0,0
280,14,Napoli,Monza,0,0
280,15,Napoli,Monza,0,0
280,16,Napoli,Monza,0,0
280,17,Napoli,Monza,0,0
280,18,Napoli,Monza,0,0
280,19,Napoli,Monza,0,0
280,20,Napoli,Monza,0,0
280,21,Napoli,Monza,0,0
280,22,Napoli,Monza,1,0
280,23,Napoli,Monza,1,0
280,24,Napoli,Monza,1,0
280,25,Napoli,Monza,1,0
280,26,Napoli,Monza,1,0
280,27,Napoli,Monza,1,0
280,28,Napoli,Monza,1,0
280,29,Napoli,Monza,1,0
280,30,Napoli,Monza,1,0
280,31,Napoli,Monza,1,0
280,32,Napoli,Monza,1,0
280,33,Napoli,Monza,2,0
280,34,Napoli,Monza,2,0
280,35,Napoli,Monza,2,0
280,36,Napoli,Monza,2,0
280,37,Napoli,Monza,2,0
280,38,Napoli,Monza,2,0
280,39,Napoli,Monza,2,0
280,40,Napoli,Monza,2,0
280,41,Napoli,Monza,2,0
280,42,Napoli,Monza,2,0
280,43,Napoli,Monza,2,0
280,44,Napoli,Monza,2,0
280,45,Napoli,Monza,2,0
280,46,Napoli,Monza,2,0
280,47,Napoli,Monza,2,0
280,48,Napoli,Monza,2,0
280,49,Napoli,Monza,2,0
280,50,Napoli,Monza,2,0
280,51,Napoli,Monza,2,0
280,52,Napoli,Monza,2,0
280,53,Napoli,Monza,2,0
280,54,Napoli,Monza,2,0
280,55,Napoli,Monza,2,0
280,56,Napoli,Monza,2,0
280,57,Napoli,Monza,2,0
280,58,Napoli,Monza,2,0
280,59,Napoli,Monza,2,0
280,60,Napoli,Monza,2,0
280,61,Napoli,Monza,2,0
280,62,Napoli,Monza,2,0
280,63,Napoli,Monza,2,0
280,64,Napoli,Monza,2,0
280,65,Napoli,Monza,2,0
280,66,Napoli,Monza,2,0
280,67,Napoli,Monza,2,0
280,68,Napoli,Monza,2,0
280,69,Napoli,Monza,2,0
280,70,Napoli,Monza,2,0
280,71,Napoli,Monza,2,0
280,72,Napoli,Monza,2,0
280,73,Napoli,Monza,2,0
280,74,Napoli,Monza,2,0
280,75,Napoli,Monza,2,0
280,76,Napoli,Monza,2,0
280,77,Napoli,Monza,2,0
280,78,Napoli,Monza,2,0
280,79,Napoli,Monza,2,0
280,80,Napoli,Monza,2,0
280,81,Napoli,Monza,2,0
280,82,Napoli,Monza,2,0
280,83,Napoli,Monza,2,0
280,84,Napoli,Monza,2,0
280,85,Napoli,Monza,2,0
280,86,Napoli,Monza,2,0
280,87,Napoli,Monza,2,0
280,88,Napoli,Monza,2,0
280,89,Napoli,Monza,2,0
280,90,Napoli,Monza,2,0
281,1,Napoli,Parma,0,0
281,2,Napoli,Parma,0,0
281,3,Napoli,Parma,0,0
281,4,Napoli,Parma,0,0
281,5,Napoli,Parma,0,0
281,6,Napoli,Parma,0,0
281,7,Napoli,Parma,0,0
281,8,Napoli,Parma,0,0
281,9,Napoli,Parma,0,0
281,10,Napoli,Parma,0,0
281,11,Napoli,Parma,0,0
281,12,Napoli,Parma,0,0
281,13,Napoli,Parma,0,0
281,14,Napoli,Parma,0,0
281,15,Napoli,Parma,0,0
281,16,Napoli,Parma,0,0
281,17,Napoli,Parma,0,0
281,18,Napoli,Parma,0,0
281,19,Napoli,Parma,0,1
281,20,Napoli,Parma,0,1
281,21,Napoli,Parma,0,1
281,22,Napoli,Parma,0,1
281,23,Napoli,Parma,0,1
281,24,Napoli,Parma,0,1
281,25,Napoli,Parma,0,1
281,26,Napoli,Parma,0,1
281,27,Napoli,Parma,0,1
281,28,Napoli,Parma,0,1
281,29,Napoli,Parma,0,1
281,30,Napoli,Parma,0,1
281,31,Napoli,Parma,0,1
281,32,Napoli,Parma,0,1
281,33,Napoli,Parma,0,1
281,34,Napoli,Parma,0,1
281,35,Napoli,Parma,0,1
281,36,Napoli,Parma,0,1
281,37,Napoli,Parma,0,1
281,38,Napoli,Parma,0,1
281,39,Napoli,Parma,0,1
281,40,Napoli,Parma,0,1
281,41,Napoli,Parma,0,1
281,42,Napoli,Parma,0,1
281,43,Napoli,Parma,0,1
281,44,Napoli,Parma,0,1
281,45,Napoli,Parma,0,1
281,46,Napoli,Parma,0,1
281,47,Napoli,Parma,0,1
281,48,Napoli,Parma,0,1
281,49,Napoli,Parma,0,1
281,50,Napoli,Parma,0,1
281,51,Napoli,Parma,0,1
281,52,Napoli,Parma,0,1
281,53,Napoli,Parma,0,1
281,54,Napoli,Parma,0,1
281,55,Napoli,Parma,0,1
281,56,Napoli,Parma,0,1
281,57,Napoli,Parma,0,1
281,58,Napoli,Parma,0,1
281,59,Napoli,Parma,0,1
281,60,Napoli,Parma,0,1
281,61,Napoli,Parma,0,1
281,62,Napoli,Parma,0,1
281,63,Napoli,Parma,0,1
281,64,Napoli,Parma,0,1
281,65,Napoli,Parma,0,1
281,66,Napoli,Parma,0,1
281,67,Napoli,Parma,0,1
281,68,Napoli,Parma,0,1
281,69,Napoli,Parma,0,1
281,70,Napoli,Parma,0,1
281,71,Napoli,Parma,0,1
281,72,Napoli,Parma,0,1
281,73,Napoli,Parma,0,1
281,74,Napoli,Parma,0,1
281,75,Napoli,Parma,0,1
281,76,Napoli,Parma,0,1
281,77,Napoli,Parma,0,1
281,78,Napoli,Parma,0,1
281,79,Napoli,Parma,0,1
281,80,Napoli,Parma,0,1
281,81,Napoli,Parma,0,1
281,82,Napoli,Parma,0,1
281,83,Napoli,Parma,0,1
281,84,Napoli,Parma,0,1
281,85,Napoli,Parma,0,1
281,86,Napoli,Parma,0,1
281,87,Napoli,Parma,0,1
281,88,Napoli,Parma,1,1
281,89,Napoli,Parma,1,1
281,90,Napoli,Parma,2,1
282,1,Napoli,Roma,0,0
282,2,Napoli,Roma,0,0
282,3,Napoli,Roma,0,0
282,4,Napoli,Roma,0,0
282,5,Napoli,Roma,0,0
282,6,Napoli,Roma,0,0
282,7,Napoli,Roma,0,0
282,8,Napoli,Roma,0,0
282,9,Napoli,Roma,0,0
282,10,Napoli,Roma,0,0
282,11,Napoli,Roma,0,0
282,12,Napoli,Roma,0,0
282,13,Napoli,Roma,0,0
282,14,Napoli,Roma,0,0
282,15,Napoli,Roma,0,0
282,16,Napoli,Roma,0,0
282,17,Napoli,Roma,0,0
282,18,Napoli,Roma,0,0
282,19,Napoli,Roma,0,0
282,20,Napoli,Roma,0,0
282,21,Napoli,Roma,0,0
282,22,Napoli,Roma,0,0
282,23,Napoli,Roma,0,0
282,24,Napoli,Roma,0,0
282,25,Napoli,Roma,0,0
282,26,Napoli,Roma,0,0
282,27,Napoli,Roma,0,0
282,28,Napoli,Roma,0,0
282,29,Napoli,Roma,0,0
282,30,Napoli,Roma,0,0
282,31,Napoli,Roma,0,0
282,32,Napoli,Roma,0,0
282,33,Napoli,Roma,0,0
282,34,Napoli,Roma,0,0
282,35,Napoli,Roma,0,0
282,36,Napoli,Roma,0,0
282,37,Napoli,Roma,0,0
282,38,Napoli,Roma,0,0
282,39,Napoli,Roma,0,0
282,40,Napoli,Roma,0,0
282,41,Napoli,Roma,0,0
282,42,Napoli,Roma,0,0
282,43,Napoli,Roma,0,0
282,44,Napoli,Roma,0,0
282,45,Napoli,Roma,0,0
282,46,Napoli,Roma,0,0
282,47,Napoli,Roma,0,0
282,48,Napoli,Roma,0,0
282,49,Napoli,Roma,0,0
282,50,Napoli,Roma,0,0
282,51,Napoli,Roma,0,0
282,52,Napoli,Roma,0,0
282,53,Napoli,Roma,0,0
282,54,Napoli,Roma,1,0
282,55,Napoli,Roma,1,0
282,56,Napoli,Roma,1,0
282,57,Napoli,Roma,1,0
282,58,Napoli,Roma,1,0
282,59,Napoli,Roma,1,0
282,60,Napoli,Roma,1,0
282,61,Napoli,Roma,1,0
282,62,Napoli,Roma,1,0
282,63,Napoli,Roma,1,0
282,64,Napoli,Roma,1,0
282,65,Napoli,Roma,1,0
282,66,Napoli,Roma,1,0
282,67,Napoli,Roma,1,0
282,68,Napoli,Roma,1,0
282,69,Napoli,Roma,1,0
282,70,Napoli,Roma,1,0
282,71,Napoli,Roma,1,0
282,72,Napoli,Roma,1,0
282,73,Napoli,Roma,1,0
282,74,Napoli,Roma,1,0
282,75,Napoli,Roma,1,0
282,76,Napoli,Roma,1,0
282,77,Napoli,Roma,1,0
282,78,Napoli,Roma,1,0
282,79,Napoli,Roma,1,0
282,80,Napoli,Roma,1,0
282,81,Napoli,Roma,1,0
282,82,Napoli,Roma,1,0
282,83,Napoli,Roma,1,0
282,84,Napoli,Roma,1,0
282,85,Napoli,Roma,1,0
282,86,Napoli,Roma,1,0
282,87,Napoli,Roma,1,0
282,88,Napoli,Roma,1,0
282,89,Napoli,Roma,1,0
282,90,Napoli,Roma,1,0
283,1,Napoli,Torino,0,0
283,2,Napoli,Torino,0,0
283,3,Napoli,Torino,0,0
283,4,Napoli,Torino,0,0
283,5,Napoli,Torino,0,0
283,6,Napoli,Torino,0,0
283,7,Napoli,Torino,1,0
283,8,Napoli,Torino,1,0
283,9,Napoli,Torino,1,0
283,10,Napoli,Torino,1,0
283,11,Napoli,Torino,1,0
283,12,Napoli,Torino,1,0
283,13,Napoli,Torino,1,0
283,14,Napoli,Torino,1,0
283,15,Napoli,Torino,1,0
283,16,Napoli,Torino,1,0
283,17,Napoli,Torino,1,0
283,18,Napoli,Torino,1,0
283,19,Napoli,Torino,1,0
283,20,Napoli,Torino,1,0
283,21,Napoli,Torino,1,0
283,22,Napoli,Torino,1,0
283,23,Napoli,Torino,1,0
283,24,Napoli,Torino,1,0
283,25,Napoli,Torino,1,0
283,26,Napoli,Torino,1,0
283,27,Napoli,Torino,1,0
283,28,Napoli,Torino,1,0
283,29,Napoli,Torino,1,0
283,30,Napoli,Torino,1,0
283,31,Napoli,Torino,1,0
283,32,Napoli,Torino,1,0
283,33,Napoli,Torino,1,0
283,34,Napoli,Torino,1,0
283,35,Napoli,Torino,1,0
283,36,Napoli,Torino,1,0
283,37,Napoli,Torino,1,0
283,38,Napoli,Torino,1,0
283,39,Napoli,Torino,1,0
283,40,Napoli,Torino,1,0
283,41,Napoli,Torino,2,0
283,42,Napoli,Torino,2,0
283,43,Napoli,Torino,2,0
283,44,Napoli,Torino,2,0
283,45,Napoli,Torino,2,0
283,46,Napoli,Torino,2,0
283,47,Napoli,Torino,2,0
283,48,Napoli,Torino,2,0
283,49,Napoli,Torino,2,0
283,50,Napoli,Torino,2,0
283,51,Napoli,Torino,2,0
283,52,Napoli,Torino,2,0
283,53,Napoli,Torino,2,0
283,54,Napoli,Torino,2,0
283,55,Napoli,Torino,2,0
283,56,Napoli,Torino,2,0
283,57,Napoli,Torino,2,0
283,58,Napoli,Torino,2,0
283,59,Napoli,Torino,2,0
283,60,Napoli,Torino,2,0
283,61,Napoli,Torino,2,0
283,62,Napoli,Torino,2,0
283,63,Napoli,Torino,2,0
283,64,Napoli,Torino,2,0
283,65,Napoli,Torino,2,0
283,66,Napoli,Torino,2,0
283,67,Napoli,Torino,2,0
283,68,Napoli,Torino,2,0
283,69,Napoli,Torino,2,0
283,70,Napoli,Torino,2,0
283,71,Napoli,Torino,2,0
283,72,Napoli,Torino,2,0
283,73,Napoli,Torino,2,0
283,74,Napoli,Torino,2,0
283,75,Napoli,Torino,2,0
283,76,Napoli,Torino,2,0
283,77,Napoli,Torino,2,0
283,78,Napoli,Torino,2,0
283,79,Napoli,Torino,2,0
283,80,Napoli,Torino,2,0
283,81,Napoli,Torino,2,0
283,82,Napoli,Torino,2,0
283,83,Napoli,Torino,2,0
283,84,Napoli,Torino,2,0
283,85,Napoli,Torino,2,0
283,86,Napoli,Torino,2,0
283,87,Napoli,Torino,2,0
283,88,Napoli,Torino,2,0
283,89,Napoli,Torino,2,0
283,90,Napoli,Torino,2,0
284,1,Napoli,Udinese,0,0
284,2,Napoli,Udinese,0,0
284,3,Napoli,Udinese,0,0
284,4,Napoli,Udinese,0,0
284,5,Napoli,Udinese,0,0
284,6,Napoli,Udinese,0,0
284,7,Napoli,Udinese,0,0
284,8,Napoli,Udinese,0,0
284,9,Napoli,Udinese,0,0
284,10,Napoli,Udinese,0,0
284,11,Napoli,Udinese,0,0
284,12,Napoli,Udinese,0,0
284,13,Napoli,Udinese,0,0
284,14,Napoli,Udinese,0,0
284,15,Napoli,Udinese,0,0
284,16,Napoli,Udinese,0,0
284,17,Napoli,Udinese,0,0
284,18,Napoli,Udinese,0,0
284,19,Napoli,Udinese,0,0
284,20,Napoli,Udinese,0,0
284,21,Napoli,Udinese,0,0
284,22,Napoli,Udinese,0,0
284,23,Napoli,Udinese,0,0
284,24,Napoli,Udinese,0,0
284,25,Napoli,Udinese,0,0
284,26,Napoli,Udinese,0,0
284,27,Napoli,Udinese,0,0
284,28,Napoli,Udinese,0,0
284,29,Napoli,Udinese,0,0
284,30,Napoli,Udinese,0,0
284,31,Napoli,Udinese,0,0
284,32,Napoli,Udinese,0,0
284,33,Napoli,Udinese,0,0
284,34,Napoli,Udinese,0,0
284,35,Napoli,Udinese,0,0
284,36,Napoli,Udinese,0,0
284,37,Napoli,Udinese,1,0
284,38,Napoli,Udinese,1,0
284,39,Napoli,Udinese,1,0
284,40,Napoli,Udinese,1,1
284,41,Napoli,Udinese,1,1
284,42,Napoli,Udinese,1,1
284,43,Napoli,Udinese,1,1
284,44,Napoli,Udinese,1,1
284,45,Napoli,Udinese,1,1
284,46,Napoli,Udinese,1,1
284,47,Napoli,Udinese,1,1
284,48,Napoli,Udinese,1,1
284,49,Napoli,Udinese,1,1
284,50,Napoli,Udinese,1,1
284,51,Napoli,Udinese,1,1
284,52,Napoli,Udinese,1,1
284,53,Napoli,Udinese,1,1
284,54,Napoli,Udinese,1,1
284,55,Napoli,Udinese,1,1
284,56,Napoli,Udinese,1,1
284,57,Napoli,Udinese,1,1
284,58,Napoli,Udinese,1,1
284,59,Napoli,Udinese,1,1
284,60,Napoli,Udinese,1,1
284,61,Napoli,Udinese,1,1
284,62,Napoli,Udinese,1,1
284,63,Napoli,Udinese,1,1
284,64,Napoli,Udinese,1,1
284,65,Napoli,Udinese,1,1
284,66,Napoli,Udinese,1,1
284,67,Napoli,Udinese,1,1
284,68,Napoli,Udinese,1,1
284,69,Napoli,Udinese,1,1
284,70,Napoli,Udinese,1,1
284,71,Napoli,Udinese,1,1
284,72,Napoli,Udinese,1,1
284,73,Napoli,Udinese,1,1
284,74,Napoli,Udinese,1,1
284,75,Napoli,Udinese,1,1
284,76,Napoli,Udinese,1,1
284,77,Napoli,Udinese,1,1
284,78,Napoli,Udinese,1,1
284,79,Napoli,Udinese,1,1
284,80,Napoli,Udinese,1,1
284,81,Napoli,Udinese,1,1
284,82,Napoli,Udinese,1,1
284,83,Napoli,Udinese,1,1
284,84,Napoli,Udinese,1,1
284,85,Napoli,Udinese,1,1
284,86,Napoli,Udinese,1,1
284,87,Napoli,Udinese,1,1
284,88,Napoli,Udinese,1,1
284,89,Napoli,Udinese,1,1
284,90,Napoli,Udinese,1,1
285,1,Napoli,Venezia,0,0
285,2,Napoli,Venezia,0,0
285,3,Napoli,Venezia,0,0
285,4,Napoli,Venezia,0,0
285,5,Napoli,Venezia,0,0
285,6,Napoli,Venezia,0,0
285,7,Napoli,Venezia,0,0
285,8,Napoli,Venezia,0,0
285,9,Napoli,Venezia,0,0
285,10,Napoli,Venezia,0,0
285,11,Napoli,Venezia,0,0
285,12,Napoli,Venezia,0,0
285,13,Napoli,Venezia,0,0
285,14,Napoli,Venezia,0,0
285,15,Napoli,Venezia,0,0
285,16,Napoli,Venezia,0,0
285,17,Napoli,Venezia,0,0
285,18,Napoli,Venezia,0,0
285,19,Napoli,Venezia,0,0
285,20,Napoli,Venezia,0,0
285,21,Napoli,Venezia,0,0
285,22,Napoli,Venezia,0,0
285,23,Napoli,Venezia,0,0
285,24,Napoli,Venezia,0,0
285,25,Napoli,Venezia,0,0
285,26,Napoli,Venezia,0,0
285,27,Napoli,Venezia,0,0
285,28,Napoli,Venezia,0,0
285,29,Napoli,Venezia,0,0
285,30,Napoli,Venezia,0,0
285,31,Napoli,Venezia,0,0
285,32,Napoli,Venezia,0,0
285,33,Napoli,Venezia,0,0
285,34,Napoli,Venezia,0,0
285,35,Napoli,Venezia,0,0
285,36,Napoli,Venezia,0,0
285,37,Napoli,Venezia,0,0
285,38,Napoli,Venezia,0,0
285,39,Napoli,Venezia,0,0
285,40,Napoli,Venezia,0,0
285,41,Napoli,Venezia,0,0
285,42,Napoli,Venezia,0,0
285,43,Napoli,Venezia,0,0
285,44,Napoli,Venezia,0,0
285,45,Napoli,Venezia,0,0
285,46,Napoli,Venezia,0,0
285,47,Napoli,Venezia,0,0
285,48,Napoli,Venezia,0,0
285,49,Napoli,Venezia,0,0
285,50,Napoli,Venezia,0,0
285,51,Napoli,Venezia,0,0
285,52,Napoli,Venezia,0,0
285,53,Napoli,Venezia,0,0
285,54,Napoli,Venezia,0,0
285,55,Napoli,Venezia,0,0
285,56,Napoli,Venezia,0,0
285,57,Napoli,Venezia,0,0
285,58,Napoli,Venezia,0,0
285,59,Napoli,Venezia,0,0
285,60,Napoli,Venezia,0,0
285,61,Napoli,Venezia,0,0
285,62,Napoli,Venezia,0,0
285,63,Napoli,Venezia,0,0
285,64,Napoli,Venezia,0,0
285,65,Napoli,Venezia,0,0
285,66,Napoli,Venezia,0,0
285,67,Napoli,Venezia,0,0
285,68,Napoli,Venezia,0,0
285,69,Napoli,Venezia,0,0
285,70,Napoli,Venezia,0,0
285,71,Napoli,Venezia,0,0
285,72,Napoli,Venezia,0,0
285,73,Napoli,Venezia,0,0
285,74,Napoli,Venezia,0,0
285,75,Napoli,Venezia,0,0
285,76,Napoli,Venezia,0,0
285,77,Napoli,Venezia,0,0
285,78,Napoli,Venezia,0,0
285,79,Napoli,Venezia,1,0
285,80,Napoli,Venezia,1,0
285,81,Napoli,Venezia,1,0
285,82,Napoli,Venezia,1,0
285,83,Napoli,Venezia,1,0
285,84,Napoli,Venezia,1,0
285,85,Napoli,Venezia,1,0
285,86,Napoli,Venezia,1,0
285,87,Napoli,Venezia,1,0
285,88,Napoli,Venezia,1,0
285,89,Napoli,Venezia,1,0
285,90,Napoli,Venezia,1,0
286,1,Parma,Atalanta,0,0
286,2,Parma,Atalanta,0,0
286,3,Parma,Atalanta,0,0
286,4,Parma,Atalanta,0,1
286,5,Parma,Atalanta,0,1
286,6,Parma,Atalanta,0,1
286,7,Parma,Atalanta,0,1
286,8,Parma,Atalanta,0,1
286,9,Parma,Atalanta,0,1
286,10,Parma,Atalanta,0,1
286,11,Parma,Atalanta,0,1
286,12,Parma,Atalanta,0,1
286,13,Parma,Atalanta,0,1
286,14,Parma,Atalanta,0,1
286,15,Parma,Atalanta,0,1
286,16,Parma,Atalanta,0,1
286,17,Parma,Atalanta,0,1
286,18,Parma,Atalanta,0,1
286,19,Parma,Atalanta,0,1
286,20,Parma,Atalanta,0,1
286,21,Parma,Atalanta,0,1
286,22,Parma,Atalanta,0,1
286,23,Parma,Atalanta,0,1
286,24,Parma,Atalanta,0,1
286,25,Parma,Atalanta,0,1
286,26,Parma,Atalanta,0,1
286,27,Parma,Atalanta,0,1
286,28,Parma,Atalanta,0,1
286,29,Parma,Atalanta,0,1
286,30,Parma,Atalanta,0,1
286,31,Parma,Atalanta,0,1
286,32,Parma,Atalanta,0,1
286,33,Parma,Atalanta,0,1
286,34,Parma,Atalanta,0,1
286,35,Parma,Atalanta,0,1
286,36,Parma,Atalanta,0,1
286,37,Parma,Atalanta,0,1
286,38,Parma,Atalanta,0,1
286,39,Parma,Atalanta,0,2
286,40,Parma,Atalanta,0,2
286,41,Parma,Atalanta,0,2
286,42,Parma,Atalanta,0,2
286,43,Parma,Atalanta,0,2
286,44,Parma,Atalanta,0,2
286,45,Parma,Atalanta,0,2
286,46,Parma,Atalanta,0,2
286,47,Parma,Atalanta,0,2
286,48,Parma,Atalanta,0,2
286,49,Parma,Atalanta,1,2
286,50,Parma,Atalanta,1,2
286,51,Parma,Atalanta,1,2
286,52,Parma,Atalanta,1,2
286,53,Parma,Atalanta,1,2
286,54,Parma,Atalanta,1,2
286,55,Parma,Atalanta,1,2
286,56,Parma,Atalanta,1,2
286,57,Parma,Atalanta,1,2
286,58,Parma,Atalanta,1,2
286,59,Parma,Atalanta,1,2
286,60,Parma,Atalanta,1,2
286,61,Parma,Atalanta,1,2
286,62,Parma,Atalanta,1,2
286,63,Parma,Atalanta,1,2
286,64,Parma,Atalanta,1,2
286,65,Parma,Atalanta,1,2
286,66,Parma,Atalanta,1,2
286,67,Parma,Atalanta,1,2
286,68,Parma,Atalanta,1,2
286,69,Parma,Atalanta,1,2
286,70,Parma,Atalanta,1,2
286,71,Parma,Atalanta,1,2
286,72,Parma,Atalanta,1,2
286,73,Parma,Atalanta,1,2
286,74,Parma,Atalanta,1,2
286,75,Parma,Atalanta,1,3
286,76,Parma,Atalanta,1,3
286,77,Parma,Atalanta,1,3
286,78,Parma,Atalanta,1,3
286,79,Parma,Atalanta,1,3
286,80,Parma,Atalanta,1,3
286,81,Parma,Atalanta,1,3
286,82,Parma,Atalanta,1,3
286,83,Parma,Atalanta,1,3
286,84,Parma,Atalanta,1,3
286,85,Parma,Atalanta,1,3
286,86,Parma,Atalanta,1,3
286,87,Parma,Atalanta,1,3
286,88,Parma,Atalanta,1,3
286,89,Parma,Atalanta,1,3
286,90,Parma,Atalanta,1,3
287,1,Parma,Bologna,0,0
287,2,Parma,Bologna,0,0
287,3,Parma,Bologna,0,0
287,4,Parma,Bologna,0,0
287,5,Parma,Bologna,0,0
287,6,Parma,Bologna,0,0
287,7,Parma,Bologna,0,0
287,8,Parma,Bologna,0,0
287,9,Parma,Bologna,0,0
287,10,Parma,Bologna,0,0
287,11,Parma,Bologna,0,0
287,12,Parma,Bologna,0,0
287,13,Parma,Bologna,0,0
287,14,Parma,Bologna,0,0
287,15,Parma,Bologna,0,0
287,16,Parma,Bologna,0,0
287,17,Parma,Bologna,0,0
287,18,Parma,Bologna,0,0
287,19,Parma,Bologna,0,0
287,20,Parma,Bologna,0,0
287,21,Parma,Bologna,0,0
287,22,Parma,Bologna,0,0
287,23,Parma,Bologna,0,0
287,24,Parma,Bologna,0,0
287,25,Parma,Bologna,0,0
287,26,Parma,Bologna,0,0
287,27,Parma,Bologna,0,0
287,28,Parma,Bologna,0,0
287,29,Parma,Bologna,0,0
287,30,Parma,Bologna,0,0
287,31,Parma,Bologna,0,0
287,32,Parma,Bologna,0,0
287,33,Parma,Bologna,0,0
287,34,Parma,Bologna,0,0
287,35,Parma,Bologna,0,0
287,36,Parma,Bologna,0,0
287,37,Parma,Bologna,1,0
287,38,Parma,Bologna,1,0
287,39,Parma,Bologna,1,0
287,40,Parma,Bologna,1,0
287,41,Parma,Bologna,1,0
287,42,Parma,Bologna,1,0
287,43,Parma,Bologna,1,0
287,44,Parma,Bologna,1,0
287,45,Parma,Bologna,1,0
287,46,Parma,Bologna,1,0
287,47,Parma,Bologna,1,0
287,48,Parma,Bologna,1,0
287,49,Parma,Bologna,1,0
287,50,Parma,Bologna,1,0
287,51,Parma,Bologna,1,0
287,52,Parma,Bologna,1,0
287,53,Parma,Bologna,1,0
287,54,Parma,Bologna,1,0
287,55,Parma,Bologna,1,0
287,56,Parma,Bologna,1,0
287,57,Parma,Bologna,1,0
287,58,Parma,Bologna,1,0
287,59,Parma,Bologna,1,0
287,60,Parma,Bologna,1,0
287,61,Parma,Bologna,1,0
287,62,Parma,Bologna,1,0
287,63,Parma,Bologna,1,0
287,64,Parma,Bologna,1,0
287,65,Parma,Bologna,1,0
287,66,Parma,Bologna,1,0
287,67,Parma,Bologna,1,0
287,68,Parma,Bologna,1,0
287,69,Parma,Bologna,1,0
287,70,Parma,Bologna,1,0
287,71,Parma,Bologna,1,0
287,72,Parma,Bologna,1,0
287,73,Parma,Bologna,1,0
287,74,Parma,Bologna,1,0
287,75,Parma,Bologna,1,0
287,76,Parma,Bologna,1,0
287,77,Parma,Bologna,1,0
287,78,Parma,Bologna,1,0
287,79,Parma,Bologna,2,0
287,80,Parma,Bologna,2,0
287,81,Parma,Bologna,2,0
287,82,Parma,Bologna,2,0
287,83,Parma,Bologna,2,0
287,84,Parma,Bologna,2,0
287,85,Parma,Bologna,2,0
287,86,Parma,Bologna,2,0
287,87,Parma,Bologna,2,0
287,88,Parma,Bologna,2,0
287,89,Parma,Bologna,2,0
287,90,Parma,Bologna,2,0
288,1,Parma,Cagliari,0,0
288,2,Parma,Cagliari,0,0
288,3,Parma,Cagliari,0,0
288,4,Parma,Cagliari,0,0
288,5,Parma,Cagliari,0,0
288,6,Parma,Cagliari,0,0
288,7,Parma,Cagliari,0,0
288,8,Parma,Cagliari,0,0
288,9,Parma,Cagliari,0,0
288,10,Parma,Cagliari,0,0
288,11,Parma,Cagliari,0,0
288,12,Parma,Cagliari,0,0
288,13,Parma,Cagliari,0,0
288,14,Parma,Cagliari,0,0
288,15,Parma,Cagliari,0,0
288,16,Parma,Cagliari,0,0
288,17,Parma,Cagliari,0,0
288,18,Parma,Cagliari,0,0
288,19,Parma,Cagliari,0,0
288,20,Parma,Cagliari,0,0
288,21,Parma,Cagliari,0,0
288,22,Parma,Cagliari,0,0
288,23,Parma,Cagliari,0,0
288,24,Parma,Cagliari,0,0
288,25,Parma,Cagliari,0,0
288,26,Parma,Cagliari,0,0
288,27,Parma,Cagliari,0,0
288,28,Parma,Cagliari,0,0
288,29,Parma,Cagliari,0,0
288,30,Parma,Cagliari,0,0
288,31,Parma,Cagliari,0,0
288,32,Parma,Cagliari,0,0
288,33,Parma,Cagliari,0,0
288,34,Parma,Cagliari,0,1
288,35,Parma,Cagliari,0,1
288,36,Parma,Cagliari,0,1
288,37,Parma,Cagliari,0,1
288,38,Parma,Cagliari,0,1
288,39,Parma,Cagliari,0,1
288,40,Parma,Cagliari,0,1
288,41,Parma,Cagliari,0,1
288,42,Parma,Cagliari,0,1
288,43,Parma,Cagliari,0,1
288,44,Parma,Cagliari,0,1
288,45,Parma,Cagliari,0,1
288,46,Parma,Cagliari,0,1
288,47,Parma,Cagliari,0,1
288,48,Parma,Cagliari,0,1
288,49,Parma,Cagliari,0,1
288,50,Parma,Cagliari,0,1
288,51,Parma,Cagliari,0,1
288,52,Parma,Cagliari,0,1
288,53,Parma,Cagliari,0,1
288,54,Parma,Cagliari,0,1
288,55,Parma,Cagliari,0,1
288,56,Parma,Cagliari,0,1
288,57,Parma,Cagliari,0,1
288,58,Parma,Cagliari,0,1
288,59,Parma,Cagliari,0,1
288,60,Parma,Cagliari,0,1
288,61,Parma,Cagliari,0,1
288,62,Parma,Cagliari,1,1
288,63,Parma,Cagliari,1,1
288,64,Parma,Cagliari,1,1
288,65,Parma,Cagliari,1,1
288,66,Parma,Cagliari,1,1
288,67,Parma,Cagliari,1,1
288,68,Parma,Cagliari,1,1
288,69,Parma,Cagliari,1,1
288,70,Parma,Cagliari,1,1
288,71,Parma,Cagliari,1,1
288,72,Parma,Cagliari,1,1
288,73,Parma,Cagliari,1,1
288,74,Parma,Cagliari,1,1
288,75,Parma,Cagliari,1,2
288,76,Parma,Cagliari,1,2
288,77,Parma,Cagliari,1,2
288,78,Parma,Cagliari,1,2
288,79,Parma,Cagliari,1,2
288,80,Parma,Cagliari,1,2
288,81,Parma,Cagliari,1,2
288,82,Parma,Cagliari,1,2
288,83,Parma,Cagliari,1,2
288,84,Parma,Cagliari,1,2
288,85,Parma,Cagliari,1,2
288,86,Parma,Cagliari,1,2
288,87,Parma,Cagliari,2,3
288,88,Parma,Cagliari,2,3
288,89,Parma,Cagliari,2,3
288,90,Parma,Cagliari,2,3
289,1,Parma,Como,0,0
289,2,Parma,Como,0,0
289,3,Parma,Como,0,0
289,4,Parma,Como,0,0
289,5,Parma,Como,0,0
289,6,Parma,Como,0,0
289,7,Parma,Como,0,0
289,8,Parma,Como,0,0
289,9,Parma,Como,0,0
289,10,Parma,Como,0,0
289,11,Parma,Como,0,0
289,12,Parma,Como,0,0
289,13,Parma,Como,0,0
289,14,Parma,Como,0,0
289,15,Parma,Como,0,0
289,16,Parma,Como,0,0
289,17,Parma,Como,0,0
289,18,Parma,Como,0,0
289,19,Parma,Como,0,0
289,20,Parma,Como,0,0
289,21,Parma,Como,0,0
289,22,Parma,Como,0,0
289,23,Parma,Como,0,0
289,24,Parma,Como,0,0
289,25,Parma,Como,0,0
289,26,Parma,Como,0,0
289,27,Parma,Como,0,0
289,28,Parma,Como,0,0
289,29,Parma,Como,0,0
289,30,Parma,Como,0,0
289,31,Parma,Como,0,0
289,32,Parma,Como,0,0
289,33,Parma,Como,0,0
289,34,Parma,Como,0,0
289,35,Parma,Como,0,0
289,36,Parma,Como,0,0
289,37,Parma,Como,0,0
289,38,Parma,Como,0,0
289,39,Parma,Como,0,0
289,40,Parma,Como,0,0
289,41,Parma,Como,0,0
289,42,Parma,Como,0,0
289,43,Parma,Como,0,0
289,44,Parma,Como,0,0
289,45,Parma,Como,0,0
289,46,Parma,Como,0,0
289,47,Parma,Como,0,0
289,48,Parma,Como,0,0
289,49,Parma,Como,0,0
289,50,Parma,Como,0,0
289,51,Parma,Como,0,0
289,52,Parma,Como,0,0
289,53,Parma,Como,0,0
289,54,Parma,Como,0,0
289,55,Parma,Como,0,0
289,56,Parma,Como,0,0
289,57,Parma,Como,0,0
289,58,Parma,Como,0,0
289,59,Parma,Como,0,0
289,60,Parma,Como,0,0
289,61,Parma,Como,0,0
289,62,Parma,Como,0,0
289,63,Parma,Como,0,0
289,64,Parma,Como,0,0
289,65,Parma,Como,0,0
289,66,Parma,Como,0,0
289,67,Parma,Como,0,0
289,68,Parma,Como,0,0
289,69,Parma,Como,0,0
289,70,Parma,Como,0,0
289,71,Parma,Como,0,0
289,72,Parma,Como,0,0
289,73,Parma,Como,0,0
289,74,Parma,Como,0,0
289,75,Parma,Como,0,0
289,76,Parma,Como,0,0
289,77,Parma,Como,0,0
289,78,Parma,Como,0,0
289,79,Parma,Como,0,1
289,80,Parma,Como,0,1
289,81,Parma,Como,0,1
289,82,Parma,Como,0,1
289,83,Parma,Como,0,1
289,84,Parma,Como,0,1
289,85,Parma,Como,0,1
289,86,Parma,Como,0,1
289,87,Parma,Como,0,1
289,88,Parma,Como,0,1
289,89,Parma,Como,0,1
289,90,Parma,Como,0,1
290,1,Parma,Empoli,0,0
290,2,Parma,Empoli,0,0
290,3,Parma,Empoli,0,0
290,4,Parma,Empoli,0,0
290,5,Parma,Empoli,0,0
290,6,Parma,Empoli,0,0
290,7,Parma,Empoli,0,0
290,8,Parma,Empoli,0,0
290,9,Parma,Empoli,0,0
290,10,Parma,Empoli,0,0
290,11,Parma,Empoli,0,0
290,12,Parma,Empoli,0,0
290,13,Parma,Empoli,0,0
290,14,Parma,Empoli,0,0
290,15,Parma,Empoli,0,0
290,16,Parma,Empoli,0,0
290,17,Parma,Empoli,0,0
290,18,Parma,Empoli,0,0
290,19,Parma,Empoli,0,0
290,20,Parma,Empoli,0,0
290,21,Parma,Empoli,0,0
290,22,Parma,Empoli,0,0
290,23,Parma,Empoli,0,0
290,24,Parma,Empoli,0,0
290,25,Parma,Empoli,0,0
290,26,Parma,Empoli,0,0
290,27,Parma,Empoli,0,0
290,28,Parma,Empoli,0,0
290,29,Parma,Empoli,0,0
290,30,Parma,Empoli,0,0
290,31,Parma,Empoli,0,0
290,32,Parma,Empoli,0,0
290,33,Parma,Empoli,0,0
290,34,Parma,Empoli,0,0
290,35,Parma,Empoli,0,1
290,36,Parma,Empoli,0,1
290,37,Parma,Empoli,0,1
290,38,Parma,Empoli,0,1
290,39,Parma,Empoli,0,1
290,40,Parma,Empoli,0,1
290,41,Parma,Empoli,0,1
290,42,Parma,Empoli,0,1
290,43,Parma,Empoli,0,1
290,44,Parma,Empoli,0,1
290,45,Parma,Empoli,0,1
290,46,Parma,Empoli,0,1
290,47,Parma,Empoli,0,1
290,48,Parma,Empoli,0,1
290,49,Parma,Empoli,0,1
290,50,Parma,Empoli,0,1
290,51,Parma,Empoli,0,1
290,52,Parma,Empoli,0,1
290,53,Parma,Empoli,0,1
290,54,Parma,Empoli,0,1
290,55,Parma,Empoli,0,1
290,56,Parma,Empoli,0,1
290,57,Parma,Empoli,0,1
290,58,Parma,Empoli,0,1
290,59,Parma,Empoli,0,1
290,60,Parma,Empoli,0,1
290,61,Parma,Empoli,0,1
290,62,Parma,Empoli,0,1
290,63,Parma,Empoli,0,1
290,64,Parma,Empoli,0,1
290,65,Parma,Empoli,0,1
290,66,Parma,Empoli,0,1
290,67,Parma,Empoli,0,1
290,68,Parma,Empoli,0,1
290,69,Parma,Empoli,0,1
290,70,Parma,Empoli,0,1
290,71,Parma,Empoli,0,1
290,72,Parma,Empoli,0,1
290,73,Parma,Empoli,0,1
290,74,Parma,Empoli,0,1
290,75,Parma,Empoli,0,1
290,76,Parma,Empoli,0,1
290,77,Parma,Empoli,0,1
290,78,Parma,Empoli,0,1
290,79,Parma,Empoli,0,1
290,80,Parma,Empoli,1,1
290,81,Parma,Empoli,1,1
290,82,Parma,Empoli,1,1
290,83,Parma,Empoli,1,1
290,84,Parma,Empoli,1,1
290,85,Parma,Empoli,1,1
290,86,Parma,Empoli,1,1
290,87,Parma,Empoli,1,1
290,88,Parma,Empoli,1,1
290,89,Parma,Empoli,1,1
290,90,Parma,Empoli,1,1
291,1,Parma,Fiorentina,0,0
291,2,Parma,Fiorentina,0,0
291,3,Parma,Fiorentina,0,0
291,4,Parma,Fiorentina,0,0
291,5,Parma,Fiorentina,0,0
291,6,Parma,Fiorentina,0,0
291,7,Parma,Fiorentina,0,0
291,8,Parma,Fiorentina,0,0
291,9,Parma,Fiorentina,0,0
291,10,Parma,Fiorentina,0,0
291,11,Parma,Fiorentina,0,0
291,12,Parma,Fiorentina,0,0
291,13,Parma,Fiorentina,0,0
291,14,Parma,Fiorentina,0,0
291,15,Parma,Fiorentina,0,0
291,16,Parma,Fiorentina,0,0
291,17,Parma,Fiorentina,0,0
291,18,Parma,Fiorentina,0,0
291,19,Parma,Fiorentina,0,0
291,20,Parma,Fiorentina,0,0
291,21,Parma,Fiorentina,0,0
291,22,Parma,Fiorentina,1,0
291,23,Parma,Fiorentina,1,0
291,24,Parma,Fiorentina,1,0
291,25,Parma,Fiorentina,1,0
291,26,Parma,Fiorentina,1,0
291,27,Parma,Fiorentina,1,0
291,28,Parma,Fiorentina,1,0
291,29,Parma,Fiorentina,1,0
291,30,Parma,Fiorentina,1,0
291,31,Parma,Fiorentina,1,0
291,32,Parma,Fiorentina,1,0
291,33,Parma,Fiorentina,1,0
291,34,Parma,Fiorentina,1,0
291,35,Parma,Fiorentina,1,0
291,36,Parma,Fiorentina,1,0
291,37,Parma,Fiorentina,1,0
291,38,Parma,Fiorentina,1,0
291,39,Parma,Fiorentina,1,0
291,40,Parma,Fiorentina,1,0
291,41,Parma,Fiorentina,1,0
291,42,Parma,Fiorentina,1,0
291,43,Parma,Fiorentina,1,0
291,44,Parma,Fiorentina,1,0
291,45,Parma,Fiorentina,1,0
291,46,Parma,Fiorentina,1,0
291,47,Parma,Fiorentina,1,0
291,48,Parma,Fiorentina,1,0
291,49,Parma,Fiorentina,1,0
291,50,Parma,Fiorentina,1,0
291,51,Parma,Fiorentina,1,0
291,52,Parma,Fiorentina,1,0
291,53,Parma,Fiorentina,1,0
291,54,Parma,Fiorentina,1,0
291,55,Parma,Fiorentina,1,0
291,56,Parma,Fiorentina,1,0
291,57,Parma,Fiorentina,1,0
291,58,Parma,Fiorentina,1,0
291,59,Parma,Fiorentina,1,0
291,60,Parma,Fiorentina,1,0
291,61,Parma,Fiorentina,1,0
291,62,Parma,Fiorentina,1,0
291,63,Parma,Fiorentina,1,0
291,64,Parma,Fiorentina,1,0
291,65,Parma,Fiorentina,1,0
291,66,Parma,Fiorentina,1,0
291,67,Parma,Fiorentina,1,0
291,68,Parma,Fiorentina,1,0
291,69,Parma,Fiorentina,1,0
291,70,Parma,Fiorentina,1,0
291,71,Parma,Fiorentina,1,0
291,72,Parma,Fiorentina,1,0
291,73,Parma,Fiorentina,1,0
291,74,Parma,Fiorentina,1,0
291,75,Parma,Fiorentina,1,1
291,76,Parma,Fiorentina,1,1
291,77,Parma,Fiorentina,1,1
291,78,Parma,Fiorentina,1,1
291,79,Parma,Fiorentina,1,1
291,80,Parma,Fiorentina,1,1
291,81,Parma,Fiorentina,1,1
291,82,Parma,Fiorentina,1,1
291,83,Parma,Fiorentina,1,1
291,84,Parma,Fiorentina,1,1
291,85,Parma,Fiorentina,1,1
291,86,Parma,Fiorentina,1,1
291,87,Parma,Fiorentina,1,1
291,88,Parma,Fiorentina,1,1
291,89,Parma,Fiorentina,1,1
291,90,Parma,Fiorentina,1,1
292,1,Parma,Genoa,0,0
292,2,Parma,Genoa,0,0
292,3,Parma,Genoa,0,0
292,4,Parma,Genoa,0,0
292,5,Parma,Genoa,0,0
292,6,Parma,Genoa,0,0
292,7,Parma,Genoa,0,0
292,8,Parma,Genoa,0,0
292,9,Parma,Genoa,0,0
292,10,Parma,Genoa,0,0
292,11,Parma,Genoa,0,0
292,12,Parma,Genoa,0,0
292,13,Parma,Genoa,0,0
292,14,Parma,Genoa,0,0
292,15,Parma,Genoa,0,0
292,16,Parma,Genoa,0,0
292,17,Parma,Genoa,0,0
292,18,Parma,Genoa,0,0
292,19,Parma,Genoa,0,0
292,20,Parma,Genoa,0,0
292,21,Parma,Genoa,0,0
292,22,Parma,Genoa,0,0
292,23,Parma,Genoa,0,0
292,24,Parma,Genoa,0,0
292,25,Parma,Genoa,0,0
292,26,Parma,Genoa,0,0
292,27,Parma,Genoa,0,0
292,28,Parma,Genoa,0,0
292,29,Parma,Genoa,0,0
292,30,Parma,Genoa,0,0
292,31,Parma,Genoa,0,0
292,32,Parma,Genoa,0,0
292,33,Parma,Genoa,0,0
292,34,Parma,Genoa,0,0
292,35,Parma,Genoa,0,0
292,36,Parma,Genoa,0,0
292,37,Parma,Genoa,0,0
292,38,Parma,Genoa,0,0
292,39,Parma,Genoa,0,0
292,40,Parma,Genoa,0,0
292,41,Parma,Genoa,0,0
292,42,Parma,Genoa,0,0
292,43,Parma,Genoa,0,0
292,44,Parma,Genoa,0,0
292,45,Parma,Genoa,0,0
292,46,Parma,Genoa,0,0
292,47,Parma,Genoa,0,0
292,48,Parma,Genoa,0,0
292,49,Parma,Genoa,0,0
292,50,Parma,Genoa,0,0
292,51,Parma,Genoa,0,0
292,52,Parma,Genoa,0,0
292,53,Parma,Genoa,0,0
292,54,Parma,Genoa,0,0
292,55,Parma,Genoa,0,0
292,56,Parma,Genoa,0,0
292,57,Parma,Genoa,0,0
292,58,Parma,Genoa,0,0
292,59,Parma,Genoa,0,0
292,60,Parma,Genoa,0,0
292,61,Parma,Genoa,0,0
292,62,Parma,Genoa,0,0
292,63,Parma,Genoa,0,0
292,64,Parma,Genoa,0,0
292,65,Parma,Genoa,0,0
292,66,Parma,Genoa,0,0
292,67,Parma,Genoa,0,0
292,68,Parma,Genoa,0,0
292,69,Parma,Genoa,0,0
292,70,Parma,Genoa,0,0
292,71,Parma,Genoa,0,0
292,72,Parma,Genoa,0,0
292,73,Parma,Genoa,0,0
292,74,Parma,Genoa,0,0
292,75,Parma,Genoa,0,0
292,76,Parma,Genoa,0,0
292,77,Parma,Genoa,0,0
292,78,Parma,Genoa,0,0
292,79,Parma,Genoa,0,1
292,80,Parma,Genoa,0,1
292,81,Parma,Genoa,0,1
292,82,Parma,Genoa,0,1
292,83,Parma,Genoa,0,1
292,84,Parma,Genoa,0,1
292,85,Parma,Genoa,0,1
292,86,Parma,Genoa,0,1
292,87,Parma,Genoa,0,1
292,88,Parma,Genoa,0,1
292,89,Parma,Genoa,0,1
292,90,Parma,Genoa,0,1
293,1,Parma,Hellas Verona,0,0
293,2,Parma,Hellas Verona,0,0
293,3,Parma,Hellas Verona,0,0
293,4,Parma,Hellas Verona,0,0
293,5,Parma,Hellas Verona,0,1
293,6,Parma,Hellas Verona,0,1
293,7,Parma,Hellas Verona,0,1
293,8,Parma,Hellas Verona,0,1
293,9,Parma,Hellas Verona,0,1
293,10,Parma,Hellas Verona,0,1
293,11,Parma,Hellas Verona,0,1
293,12,Parma,Hellas Verona,0,1
293,13,Parma,Hellas Verona,0,1
293,14,Parma,Hellas Verona,0,1
293,15,Parma,Hellas Verona,0,1
293,16,Parma,Hellas Verona,0,1
293,17,Parma,Hellas Verona,0,1
293,18,Parma,Hellas Verona,0,1
293,19,Parma,Hellas Verona,1,1
293,20,Parma,Hellas Verona,1,1
293,21,Parma,Hellas Verona,1,1
293,22,Parma,Hellas Verona,1,1
293,23,Parma,Hellas Verona,1,1
293,24,Parma,Hellas Verona,1,1
293,25,Parma,Hellas Verona,1,1
293,26,Parma,Hellas Verona,1,1
293,27,Parma,Hellas Verona,1,1
293,28,Parma,Hellas Verona,1,1
293,29,Parma,Hellas Verona,1,1
293,30,Parma,Hellas Verona,1,1
293,31,Parma,Hellas Verona,1,1
293,32,Parma,Hellas Verona,1,1
293,33,Parma,Hellas Verona,1,1
293,34,Parma,Hellas Verona,1,1
293,35,Parma,Hellas Verona,1,1
293,36,Parma,Hellas Verona,1,1
293,37,Parma,Hellas Verona,1,1
293,38,Parma,Hellas Verona,1,1
293,39,Parma,Hellas Verona,1,1
293,40,Parma,Hellas Verona,1,1
293,41,Parma,Hellas Verona,1,1
293,42,Parma,Hellas Verona,1,1
293,43,Parma,Hellas Verona,1,1
293,44,Parma,Hellas Verona,1,1
293,45,Parma,Hellas Verona,1,1
293,46,Parma,Hellas Verona,1,1
293,47,Parma,Hellas Verona,1,1
293,48,Parma,Hellas Verona,1,1
293,49,Parma,Hellas Verona,1,1
293,50,Parma,Hellas Verona,1,1
293,51,Parma,Hellas Verona,1,1
293,52,Parma,Hellas Verona,1,1
293,53,Parma,Hellas Verona,1,1
293,54,Parma,Hellas Verona,1,1
293,55,Parma,Hellas Verona,1,1
293,56,Parma,Hellas Verona,1,1
293,57,Parma,Hellas Verona,1,2
293,58,Parma,Hellas Verona,1,2
293,59,Parma,Hellas Verona,1,2
293,60,Parma,Hellas Verona,1,2
293,61,Parma,Hellas Verona,1,2
293,62,Parma,Hellas Verona,1,2
293,63,Parma,Hellas Verona,1,2
293,64,Parma,Hellas Verona,1,2
293,65,Parma,Hellas Verona,1,2
293,66,Parma,Hellas Verona,1,2
293,67,Parma,Hellas Verona,1,2
293,68,Parma,Hellas Verona,1,2
293,69,Parma,Hellas Verona,1,2
293,70,Parma,Hellas Verona,1,2
293,71,Parma,Hellas Verona,1,2
293,72,Parma,Hellas Verona,1,2
293,73,Parma,Hellas Verona,1,2
293,74,Parma,Hellas Verona,1,2
293,75,Parma,Hellas Verona,1,3
293,76,Parma,Hellas Verona,1,3
293,77,Parma,Hellas Verona,1,3
293,78,Parma,Hellas Verona,1,3
293,79,Parma,Hellas Verona,1,3
293,80,Parma,Hellas Verona,1,3
293,81,Parma,Hellas Verona,1,3
293,82,Parma,Hellas Verona,1,3
293,83,Parma,Hellas Verona,1,3
293,84,Parma,Hellas Verona,1,3
293,85,Parma,Hellas Verona,1,3
293,86,Parma,Hellas Verona,1,3
293,87,Parma,Hellas Verona,1,3
293,88,Parma,Hellas Verona,1,3
293,89,Parma,Hellas Verona,1,3
293,90,Parma,Hellas Verona,2,3
294,1,Parma,Inter Milan,0,0
294,2,Parma,Inter Milan,0,0
294,3,Parma,Inter Milan,0,0
294,4,Parma,Inter Milan,0,0
294,5,Parma,Inter Milan,0,0
294,6,Parma,Inter Milan,0,0
294,7,Parma,Inter Milan,0,0
294,8,Parma,Inter Milan,0,0
294,9,Parma,Inter Milan,0,0
294,10,Parma,Inter Milan,0,0
294,11,Parma,Inter Milan,0,0
294,12,Parma,Inter Milan,0,0
294,13,Parma,Inter Milan,0,0
294,14,Parma,Inter Milan,0,0
294,15,Parma,Inter Milan,0,1
294,16,Parma,Inter Milan,0,1
294,17,Parma,Inter Milan,0,1
294,18,Parma,Inter Milan,0,1
294,19,Parma,Inter Milan,0,1
294,20,Parma,Inter Milan,0,1
294,21,Parma,Inter Milan,0,1
294,22,Parma,Inter Milan,0,1
294,23,Parma,Inter Milan,0,1
294,24,Parma,Inter Milan,0,1
294,25,Parma,Inter Milan,0,1
294,26,Parma,Inter Milan,0,1
294,27,Parma,Inter Milan,0,1
294,28,Parma,Inter Milan,0,1
294,29,Parma,Inter Milan,0,1
294,30,Parma,Inter Milan,0,1
294,31,Parma,Inter Milan,0,1
294,32,Parma,Inter Milan,0,1
294,33,Parma,Inter Milan,0,1
294,34,Parma,Inter Milan,0,1
294,35,Parma,Inter Milan,0,1
294,36,Parma,Inter Milan,0,1
294,37,Parma,Inter Milan,0,1
294,38,Parma,Inter Milan,0,1
294,39,Parma,Inter Milan,0,1
294,40,Parma,Inter Milan,0,1
294,41,Parma,Inter Milan,0,1
294,42,Parma,Inter Milan,0,1
294,43,Parma,Inter Milan,0,1
294,44,Parma,Inter Milan,0,1
294,45,Parma,Inter Milan,0,2
294,46,Parma,Inter Milan,0,2
294,47,Parma,Inter Milan,0,2
294,48,Parma,Inter Milan,0,2
294,49,Parma,Inter Milan,0,2
294,50,Parma,Inter Milan,0,2
294,51,Parma,Inter Milan,0,2
294,52,Parma,Inter Milan,0,2
294,53,Parma,Inter Milan,0,2
294,54,Parma,Inter Milan,0,2
294,55,Parma,Inter Milan,0,2
294,56,Parma,Inter Milan,0,2
294,57,Parma,Inter Milan,0,2
294,58,Parma,Inter Milan,0,2
294,59,Parma,Inter Milan,0,2
294,60,Parma,Inter Milan,1,2
294,61,Parma,Inter Milan,1,2
294,62,Parma,Inter Milan,1,2
294,63,Parma,Inter Milan,1,2
294,64,Parma,Inter Milan,1,2
294,65,Parma,Inter Milan,1,2
294,66,Parma,Inter Milan,1,2
294,67,Parma,Inter Milan,1,2
294,68,Parma,Inter Milan,1,2
294,69,Parma,Inter Milan,2,2
294,70,Parma,Inter Milan,2,2
294,71,Parma,Inter Milan,2,2
294,72,Parma,Inter Milan,2,2
294,73,Parma,Inter Milan,2,2
294,74,Parma,Inter Milan,2,2
294,75,Parma,Inter Milan,2,2
294,76,Parma,Inter Milan,2,2
294,77,Parma,Inter Milan,2,2
294,78,Parma,Inter Milan,2,2
294,79,Parma,Inter Milan,2,2
294,80,Parma,Inter Milan,2,2
294,81,Parma,Inter Milan,2,2
294,82,Parma,Inter Milan,2,2
294,83,Parma,Inter Milan,2,2
294,84,Parma,Inter Milan,2,2
294,85,Parma,Inter Milan,2,2
294,86,Parma,Inter Milan,2,2
294,87,Parma,Inter Milan,2,2
294,88,Parma,Inter Milan,2,2
294,89,Parma,Inter Milan,2,2
294,90,Parma,Inter Milan,2,2
295,1,Parma,Juventus,0,0
295,2,Parma,Juventus,0,0
295,3,Parma,Juventus,0,0
295,4,Parma,Juventus,0,0
295,5,Parma,Juventus,0,0
295,6,Parma,Juventus,0,0
295,7,Parma,Juventus,0,0
295,8,Parma,Juventus,0,0
295,9,Parma,Juventus,0,0
295,10,Parma,Juventus,0,0
295,11,Parma,Juventus,0,0
295,12,Parma,Juventus,0,0
295,13,Parma,Juventus,0,0
295,14,Parma,Juventus,0,0
295,15,Parma,Juventus,0,0
295,16,Parma,Juventus,0,0
295,17,Parma,Juventus,0,0
295,18,Parma,Juventus,0,0
295,19,Parma,Juventus,0,0
295,20,Parma,Juventus,0,0
295,21,Parma,Juventus,0,0
295,22,Parma,Juventus,0,0
295,23,Parma,Juventus,0,0
295,24,Parma,Juventus,0,0
295,25,Parma,Juventus,0,0
295,26,Parma,Juventus,0,0
295,27,Parma,Juventus,0,0
295,28,Parma,Juventus,0,0
295,29,Parma,Juventus,0,0
295,30,Parma,Juventus,0,0
295,31,Parma,Juventus,0,0
295,32,Parma,Juventus,0,0
295,33,Parma,Juventus,0,0
295,34,Parma,Juventus,0,0
295,35,Parma,Juventus,0,0
295,36,Parma,Juventus,0,0
295,37,Parma,Juventus,0,0
295,38,Parma,Juventus,0,0
295,39,Parma,Juventus,0,0
295,40,Parma,Juventus,0,0
295,41,Parma,Juventus,0,0
295,42,Parma,Juventus,0,0
295,43,Parma,Juventus,0,0
295,44,Parma,Juventus,0,0
295,45,Parma,Juventus,1,0
295,46,Parma,Juventus,1,0
295,47,Parma,Juventus,1,0
295,48,Parma,Juventus,1,0
295,49,Parma,Juventus,1,0
295,50,Parma,Juventus,1,0
295,51,Parma,Juventus,1,0
295,52,Parma,Juventus,1,0
295,53,Parma,Juventus,1,0
295,54,Parma,Juventus,1,0
295,55,Parma,Juventus,1,0
295,56,Parma,Juventus,1,0
295,57,Parma,Juventus,1,0
295,58,Parma,Juventus,1,0
295,59,Parma,Juventus,1,0
295,60,Parma,Juventus,1,0
295,61,Parma,Juventus,1,0
295,62,Parma,Juventus,1,0
295,63,Parma,Juventus,1,0
295,64,Parma,Juventus,1,0
295,65,Parma,Juventus,1,0
295,66,Parma,Juventus,1,0
295,67,Parma,Juventus,1,0
295,68,Parma,Juventus,1,0
295,69,Parma,Juventus,1,0
295,70,Parma,Juventus,1,0
295,71,Parma,Juventus,1,0
295,72,Parma,Juventus,1,0
295,73,Parma,Juventus,1,0
295,74,Parma,Juventus,1,0
295,75,Parma,Juventus,1,0
295,76,Parma,Juventus,1,0
295,77,Parma,Juventus,1,0
295,78,Parma,Juventus,1,0
295,79,Parma,Juventus,1,0
295,80,Parma,Juventus,1,0
295,81,Parma,Juventus,1,0
295,82,Parma,Juventus,1,0
295,83,Parma,Juventus,1,0
295,84,Parma,Juventus,1,0
295,85,Parma,Juventus,1,0
295,86,Parma,Juventus,1,0
295,87,Parma,Juventus,1,0
295,88,Parma,Juventus,1,0
295,89,Parma,Juventus,1,0
295,90,Parma,Juventus,1,0
296,1,Parma,Lazio,0,0
296,2,Parma,Lazio,0,0
296,3,Parma,Lazio,0,0
296,4,Parma,Lazio,0,0
296,5,Parma,Lazio,0,0
296,6,Parma,Lazio,1,0
296,7,Parma,Lazio,1,0
296,8,Parma,Lazio,1,0
296,9,Parma,Lazio,1,0
296,10,Parma,Lazio,1,0
296,11,Parma,Lazio,1,0
296,12,Parma,Lazio,1,0
296,13,Parma,Lazio,1,0
296,14,Parma,Lazio,1,0
296,15,Parma,Lazio,1,0
296,16,Parma,Lazio,1,0
296,17,Parma,Lazio,1,0
296,18,Parma,Lazio,1,0
296,19,Parma,Lazio,1,0
296,20,Parma,Lazio,1,0
296,21,Parma,Lazio,1,0
296,22,Parma,Lazio,1,0
296,23,Parma,Lazio,1,0
296,24,Parma,Lazio,1,0
296,25,Parma,Lazio,1,0
296,26,Parma,Lazio,1,0
296,27,Parma,Lazio,1,0
296,28,Parma,Lazio,1,0
296,29,Parma,Lazio,1,0
296,30,Parma,Lazio,1,0
296,31,Parma,Lazio,1,0
296,32,Parma,Lazio,1,0
296,33,Parma,Lazio,1,0
296,34,Parma,Lazio,1,0
296,35,Parma,Lazio,1,0
296,36,Parma,Lazio,1,0
296,37,Parma,Lazio,1,0
296,38,Parma,Lazio,1,0
296,39,Parma,Lazio,1,0
296,40,Parma,Lazio,1,0
296,41,Parma,Lazio,1,0
296,42,Parma,Lazio,1,0
296,43,Parma,Lazio,1,0
296,44,Parma,Lazio,1,0
296,45,Parma,Lazio,1,0
296,46,Parma,Lazio,1,0
296,47,Parma,Lazio,1,0
296,48,Parma,Lazio,1,0
296,49,Parma,Lazio,1,0
296,50,Parma,Lazio,1,0
296,51,Parma,Lazio,1,0
296,52,Parma,Lazio,1,0
296,53,Parma,Lazio,2,0
296,54,Parma,Lazio,2,0
296,55,Parma,Lazio,2,0
296,56,Parma,Lazio,2,0
296,57,Parma,Lazio,2,0
296,58,Parma,Lazio,2,0
296,59,Parma,Lazio,2,0
296,60,Parma,Lazio,2,0
296,61,Parma,Lazio,2,0
296,62,Parma,Lazio,2,0
296,63,Parma,Lazio,2,0
296,64,Parma,Lazio,2,0
296,65,Parma,Lazio,2,0
296,66,Parma,Lazio,2,0
296,67,Parma,Lazio,2,0
296,68,Parma,Lazio,2,0
296,69,Parma,Lazio,2,0
296,70,Parma,Lazio,2,0
296,71,Parma,Lazio,2,0
296,72,Parma,Lazio,2,0
296,73,Parma,Lazio,2,0
296,74,Parma,Lazio,2,0
296,75,Parma,Lazio,2,0
296,76,Parma,Lazio,2,0
296,77,Parma,Lazio,2,0
296,78,Parma,Lazio,2,0
296,79,Parma,Lazio,2,0
296,80,Parma,Lazio,2,1
296,81,Parma,Lazio,2,1
296,82,Parma,Lazio,2,1
296,83,Parma,Lazio,2,1
296,84,Parma,Lazio,2,1
296,85,Parma,Lazio,2,1
296,86,Parma,Lazio,2,1
296,87,Parma,Lazio,2,1
296,88,Parma,Lazio,2,1
296,89,Parma,Lazio,2,1
296,90,Parma,Lazio,3,1
297,1,Parma,Lecce,0,0
297,2,Parma,Lecce,0,0
297,3,Parma,Lecce,0,0
297,4,Parma,Lecce,0,0
297,5,Parma,Lecce,0,0
297,6,Parma,Lecce,0,0
297,7,Parma,Lecce,0,0
297,8,Parma,Lecce,0,0
297,9,Parma,Lecce,0,0
297,10,Parma,Lecce,0,0
297,11,Parma,Lecce,0,0
297,12,Parma,Lecce,0,0
297,13,Parma,Lecce,0,0
297,14,Parma,Lecce,0,0
297,15,Parma,Lecce,0,0
297,16,Parma,Lecce,0,0
297,17,Parma,Lecce,0,0
297,18,Parma,Lecce,0,0
297,19,Parma,Lecce,0,0
297,20,Parma,Lecce,0,0
297,21,Parma,Lecce,0,0
297,22,Parma,Lecce,0,0
297,23,Parma,Lecce,0,0
297,24,Parma,Lecce,0,0
297,25,Parma,Lecce,0,0
297,26,Parma,Lecce,0,0
297,27,Parma,Lecce,0,0
297,28,Parma,Lecce,0,0
297,29,Parma,Lecce,0,0
297,30,Parma,Lecce,0,0
297,31,Parma,Lecce,0,0
297,32,Parma,Lecce,0,0
297,33,Parma,Lecce,0,0
297,34,Parma,Lecce,1,0
297,35,Parma,Lecce,1,0
297,36,Parma,Lecce,1,1
297,37,Parma,Lecce,1,1
297,38,Parma,Lecce,1,1
297,39,Parma,Lecce,1,1
297,40,Parma,Lecce,1,1
297,41,Parma,Lecce,1,1
297,42,Parma,Lecce,1,1
297,43,Parma,Lecce,1,1
297,44,Parma,Lecce,1,1
297,45,Parma,Lecce,1,1
297,46,Parma,Lecce,1,1
297,47,Parma,Lecce,1,1
297,48,Parma,Lecce,1,1
297,49,Parma,Lecce,1,1
297,50,Parma,Lecce,1,1
297,51,Parma,Lecce,1,1
297,52,Parma,Lecce,1,1
297,53,Parma,Lecce,1,1
297,54,Parma,Lecce,1,1
297,55,Parma,Lecce,1,1
297,56,Parma,Lecce,1,1
297,57,Parma,Lecce,1,1
297,58,Parma,Lecce,1,1
297,59,Parma,Lecce,1,1
297,60,Parma,Lecce,1,1
297,61,Parma,Lecce,1,1
297,62,Parma,Lecce,1,1
297,63,Parma,Lecce,1,2
297,64,Parma,Lecce,1,2
297,65,Parma,Lecce,1,2
297,66,Parma,Lecce,1,2
297,67,Parma,Lecce,1,2
297,68,Parma,Lecce,1,2
297,69,Parma,Lecce,1,2
297,70,Parma,Lecce,1,2
297,71,Parma,Lecce,1,2
297,72,Parma,Lecce,1,2
297,73,Parma,Lecce,1,2
297,74,Parma,Lecce,1,2
297,75,Parma,Lecce,1,2
297,76,Parma,Lecce,1,2
297,77,Parma,Lecce,1,2
297,78,Parma,Lecce,1,2
297,79,Parma,Lecce,1,2
297,80,Parma,Lecce,1,2
297,81,Parma,Lecce,1,2
297,82,Parma,Lecce,1,2
297,83,Parma,Lecce,1,2
297,84,Parma,Lecce,1,2
297,85,Parma,Lecce,1,2
297,86,Parma,Lecce,1,2
297,87,Parma,Lecce,1,2
297,88,Parma,Lecce,1,2
297,89,Parma,Lecce,1,2
297,90,Parma,Lecce,1,3
298,1,Parma,AC Milan,0,0
298,2,Parma,AC Milan,1,0
298,3,Parma,AC Milan,1,0
298,4,Parma,AC Milan,1,0
298,5,Parma,AC Milan,1,0
298,6,Parma,AC Milan,1,0
298,7,Parma,AC Milan,1,0
298,8,Parma,AC Milan,1,0
298,9,Parma,AC Milan,1,0
298,10,Parma,AC Milan,1,0
298,11,Parma,AC Milan,1,0
298,12,Parma,AC Milan,1,0
298,13,Parma,AC Milan,1,0
298,14,Parma,AC Milan,1,0
298,15,Parma,AC Milan,1,0
298,16,Parma,AC Milan,1,0
298,17,Parma,AC Milan,1,0
298,18,Parma,AC Milan,1,0
298,19,Parma,AC Milan,1,0
298,20,Parma,AC Milan,1,0
298,21,Parma,AC Milan,1,0
298,22,Parma,AC Milan,1,0
298,23,Parma,AC Milan,1,0
298,24,Parma,AC Milan,1,0
298,25,Parma,AC Milan,1,0
298,26,Parma,AC Milan,1,0
298,27,Parma,AC Milan,1,0
298,28,Parma,AC Milan,1,0
298,29,Parma,AC Milan,1,0
298,30,Parma,AC Milan,1,0
298,31,Parma,AC Milan,1,0
298,32,Parma,AC Milan,1,0
298,33,Parma,AC Milan,1,0
298,34,Parma,AC Milan,1,0
298,35,Parma,AC Milan,1,0
298,36,Parma,AC Milan,1,0
298,37,Parma,AC Milan,1,0
298,38,Parma,AC Milan,1,0
298,39,Parma,AC Milan,1,0
298,40,Parma,AC Milan,1,0
298,41,Parma,AC Milan,1,0
298,42,Parma,AC Milan,1,0
298,43,Parma,AC Milan,1,0
298,44,Parma,AC Milan,1,0
298,45,Parma,AC Milan,1,0
298,46,Parma,AC Milan,1,0
298,47,Parma,AC Milan,1,0
298,48,Parma,AC Milan,1,0
298,49,Parma,AC Milan,1,0
298,50,Parma,AC Milan,1,0
298,51,Parma,AC Milan,1,0
298,52,Parma,AC Milan,1,0
298,53,Parma,AC Milan,1,0
298,54,Parma,AC Milan,1,0
298,55,Parma,AC Milan,1,0
298,56,Parma,AC Milan,1,0
298,57,Parma,AC Milan,1,0
298,58,Parma,AC Milan,1,0
298,59,Parma,AC Milan,1,0
298,60,Parma,AC Milan,1,0
298,61,Parma,AC Milan,1,0
298,62,Parma,AC Milan,1,0
298,63,Parma,AC Milan,1,0
298,64,Parma,AC Milan,1,0
298,65,Parma,AC Milan,1,0
298,66,Parma,AC Milan,1,1
298,67,Parma,AC Milan,1,1
298,68,Parma,AC Milan,1,1
298,69,Parma,AC Milan,1,1
298,70,Parma,AC Milan,1,1
298,71,Parma,AC Milan,1,1
298,72,Parma,AC Milan,1,1
298,73,Parma,AC Milan,1,1
298,74,Parma,AC Milan,1,1
298,75,Parma,AC Milan,1,1
298,76,Parma,AC Milan,1,1
298,77,Parma,AC Milan,2,1
298,78,Parma,AC Milan,2,1
298,79,Parma,AC Milan,2,1
298,80,Parma,AC Milan,2,1
298,81,Parma,AC Milan,2,1
298,82,Parma,AC Milan,2,1
298,83,Parma,AC Milan,2,1
298,84,Parma,AC Milan,2,1
298,85,Parma,AC Milan,2,1
298,86,Parma,AC Milan,2,1
298,87,Parma,AC Milan,2,1
298,88,Parma,AC Milan,2,1
298,89,Parma,AC Milan,2,1
298,90,Parma,AC Milan,2,1
299,1,Parma,Monza,0,0
299,2,Parma,Monza,0,0
299,3,Parma,Monza,0,0
299,4,Parma,Monza,0,0
299,5,Parma,Monza,0,0
299,6,Parma,Monza,0,0
299,7,Parma,Monza,0,0
299,8,Parma,Monza,0,0
299,9,Parma,Monza,0,0
299,10,Parma,Monza,0,0
299,11,Parma,Monza,0,0
299,12,Parma,Monza,0,0
299,13,Parma,Monza,0,0
299,14,Parma,Monza,0,0
299,15,Parma,Monza,0,0
299,16,Parma,Monza,0,0
299,17,Parma,Monza,0,0
299,18,Parma,Monza,0,0
299,19,Parma,Monza,0,0
299,20,Parma,Monza,0,0
299,21,Parma,Monza,0,0
299,22,Parma,Monza,0,0
299,23,Parma,Monza,0,0
299,24,Parma,Monza,0,0
299,25,Parma,Monza,0,0
299,26,Parma,Monza,0,0
299,27,Parma,Monza,0,0
299,28,Parma,Monza,0,0
299,29,Parma,Monza,0,0
299,30,Parma,Monza,0,0
299,31,Parma,Monza,0,0
299,32,Parma,Monza,0,0
299,33,Parma,Monza,0,0
299,34,Parma,Monza,0,0
299,35,Parma,Monza,0,0
299,36,Parma,Monza,0,0
299,37,Parma,Monza,0,0
299,38,Parma,Monza,0,0
299,39,Parma,Monza,0,0
299,40,Parma,Monza,0,0
299,41,Parma,Monza,0,0
299,42,Parma,Monza,0,0
299,43,Parma,Monza,0,0
299,44,Parma,Monza,0,0
299,45,Parma,Monza,0,0
299,46,Parma,Monza,0,0
299,47,Parma,Monza,0,0
299,48,Parma,Monza,0,0
299,49,Parma,Monza,0,0
299,50,Parma,Monza,0,0
299,51,Parma,Monza,0,0
299,52,Parma,Monza,0,0
299,53,Parma,Monza,0,0
299,54,Parma,Monza,0,0
299,55,Parma,Monza,0,0
299,56,Parma,Monza,1,0
299,57,Parma,Monza,1,0
299,58,Parma,Monza,1,0
299,59,Parma,Monza,1,0
299,60,Parma,Monza,1,0
299,61,Parma,Monza,1,0
299,62,Parma,Monza,1,0
299,63,Parma,Monza,1,0
299,64,Parma,Monza,1,0
299,65,Parma,Monza,1,0
299,66,Parma,Monza,1,0
299,67,Parma,Monza,1,0
299,68,Parma,Monza,1,0
299,69,Parma,Monza,1,0
299,70,Parma,Monza,1,0
299,71,Parma,Monza,1,0
299,72,Parma,Monza,1,0
299,73,Parma,Monza,1,0
299,74,Parma,Monza,1,0
299,75,Parma,Monza,1,0
299,76,Parma,Monza,1,0
299,77,Parma,Monza,1,0
299,78,Parma,Monza,1,0
299,79,Parma,Monza,1,0
299,80,Parma,Monza,1,0
299,81,Parma,Monza,1,0
299,82,Parma,Monza,1,0
299,83,Parma,Monza,1,0
299,84,Parma,Monza,1,0
299,85,Parma,Monza,1,1
299,86,Parma,Monza,1,1
299,87,Parma,Monza,1,1
299,88,Parma,Monza,1,1
299,89,Parma,Monza,1,1
299,90,Parma,Monza,2,1
300,1,Parma,Napoli,0,0
300,2,Parma,Napoli,0,0
300,3,Parma,Napoli,0,0
300,4,Parma,Napoli,0,0
300,5,Parma,Napoli,0,0
300,6,Parma,Napoli,0,0
300,7,Parma,Napoli,0,0
300,8,Parma,Napoli,0,0
300,9,Parma,Napoli,0,0
300,10,Parma,Napoli,0,0
300,11,Parma,Napoli,0,0
300,12,Parma,Napoli,0,0
300,13,Parma,Napoli,0,0
300,14,Parma,Napoli,0,0
300,15,Parma,Napoli,0,0
300,16,Parma,Napoli,0,0
300,17,Parma,Napoli,0,0
300,18,Parma,Napoli,0,0
300,19,Parma,Napoli,0,0
300,20,Parma,Napoli,0,0
300,21,Parma,Napoli,0,0
300,22,Parma,Napoli,0,0
300,23,Parma,Napoli,0,0
300,24,Parma,Napoli,0,0
300,25,Parma,Napoli,0,0
300,26,Parma,Napoli,0,0
300,27,Parma,Napoli,0,0
300,28,Parma,Napoli,0,0
300,29,Parma,Napoli,0,0
300,30,Parma,Napoli,0,0
300,31,Parma,Napoli,0,0
300,32,Parma,Napoli,0,0
300,33,Parma,Napoli,0,0
300,34,Parma,Napoli,0,0
300,35,Parma,Napoli,0,0
300,36,Parma,Napoli,0,0
300,37,Parma,Napoli,0,0
300,38,Parma,Napoli,0,0
300,39,Parma,Napoli,0,0
300,40,Parma,Napoli,0,0
300,41,Parma,Napoli,0,0
300,42,Parma,Napoli,0,0
300,43,Parma,Napoli,0,0
300,44,Parma,Napoli,0,0
300,45,Parma,Napoli,0,0
300,46,Parma,Napoli,0,0
300,47,Parma,Napoli,0,0
300,48,Parma,Napoli,0,0
300,49,Parma,Napoli,0,0
300,50,Parma,Napoli,0,0
300,51,Parma,Napoli,0,0
300,52,Parma,Napoli,0,0
300,53,Parma,Napoli,0,0
300,54,Parma,Napoli,0,0
300,55,Parma,Napoli,0,0
300,56,Parma,Napoli,0,0
300,57,Parma,Napoli,0,0
300,58,Parma,Napoli,0,0
300,59,Parma,Napoli,0,0
300,60,Parma,Napoli,0,0
300,61,Parma,Napoli,0,0
300,62,Parma,Napoli,0,0
300,63,Parma,Napoli,0,0
300,64,Parma,Napoli,0,0
300,65,Parma,Napoli,0,0
300,66,Parma,Napoli,0,0
300,67,Parma,Napoli,0,0
300,68,Parma,Napoli,0,0
300,69,Parma,Napoli,0,0
300,70,Parma,Napoli,0,0
300,71,Parma,Napoli,0,0
300,72,Parma,Napoli,0,0
300,73,Parma,Napoli,0,0
300,74,Parma,Napoli,0,0
300,75,Parma,Napoli,0,0
300,76,Parma,Napoli,0,0
300,77,Parma,Napoli,0,0
300,78,Parma,Napoli,0,0
300,79,Parma,Napoli,0,0
300,80,Parma,Napoli,0,0
300,81,Parma,Napoli,0,0
300,82,Parma,Napoli,0,0
300,83,Parma,Napoli,0,0
300,84,Parma,Napoli,0,0
300,85,Parma,Napoli,0,0
300,86,Parma,Napoli,0,0
300,87,Parma,Napoli,0,0
300,88,Parma,Napoli,0,0
300,89,Parma,Napoli,0,0
300,90,Parma,Napoli,0,0
301,1,Parma,Roma,0,0
301,2,Parma,Roma,0,0
301,3,Parma,Roma,0,0
301,4,Parma,Roma,0,0
301,5,Parma,Roma,0,0
301,6,Parma,Roma,0,0
301,7,Parma,Roma,0,0
301,8,Parma,Roma,0,0
301,9,Parma,Roma,0,0
301,10,Parma,Roma,0,0
301,11,Parma,Roma,0,0
301,12,Parma,Roma,0,0
301,13,Parma,Roma,0,0
301,14,Parma,Roma,0,0
301,15,Parma,Roma,0,0
301,16,Parma,Roma,0,0
301,17,Parma,Roma,0,0
301,18,Parma,Roma,0,0
301,19,Parma,Roma,0,0
301,20,Parma,Roma,0,0
301,21,Parma,Roma,0,0
301,22,Parma,Roma,0,0
301,23,Parma,Roma,0,0
301,24,Parma,Roma,0,0
301,25,Parma,Roma,0,0
301,26,Parma,Roma,0,0
301,27,Parma,Roma,0,0
301,28,Parma,Roma,0,0
301,29,Parma,Roma,0,0
301,30,Parma,Roma,0,0
301,31,Parma,Roma,0,0
301,32,Parma,Roma,0,0
301,33,Parma,Roma,0,1
301,34,Parma,Roma,0,1
301,35,Parma,Roma,0,1
301,36,Parma,Roma,0,1
301,37,Parma,Roma,0,1
301,38,Parma,Roma,0,1
301,39,Parma,Roma,0,1
301,40,Parma,Roma,0,1
301,41,Parma,Roma,0,1
301,42,Parma,Roma,0,1
301,43,Parma,Roma,0,1
301,44,Parma,Roma,0,1
301,45,Parma,Roma,0,1
301,46,Parma,Roma,0,1
301,47,Parma,Roma,0,1
301,48,Parma,Roma,0,1
301,49,Parma,Roma,0,1
301,50,Parma,Roma,0,1
301,51,Parma,Roma,0,1
301,52,Parma,Roma,0,1
301,53,Parma,Roma,0,1
301,54,Parma,Roma,0,1
301,55,Parma,Roma,0,1
301,56,Parma,Roma,0,1
301,57,Parma,Roma,0,1
301,58,Parma,Roma,0,1
301,59,Parma,Roma,0,1
301,60,Parma,Roma,0,1
301,61,Parma,Roma,0,1
301,62,Parma,Roma,0,1
301,63,Parma,Roma,0,1
301,64,Parma,Roma,0,1
301,65,Parma,Roma,0,1
301,66,Parma,Roma,0,1
301,67,Parma,Roma,0,1
301,68,Parma,Roma,0,1
301,69,Parma,Roma,0,1
301,70,Parma,Roma,0,1
301,71,Parma,Roma,0,1
301,72,Parma,Roma,0,1
301,73,Parma,Roma,0,1
301,74,Parma,Roma,0,1
301,75,Parma,Roma,0,1
301,76,Parma,Roma,0,1
301,77,Parma,Roma,0,1
301,78,Parma,Roma,0,1
301,79,Parma,Roma,0,1
301,80,Parma,Roma,0,1
301,81,Parma,Roma,0,1
301,82,Parma,Roma,0,1
301,83,Parma,Roma,0,1
301,84,Parma,Roma,0,1
301,85,Parma,Roma,0,1
301,86,Parma,Roma,0,1
301,87,Parma,Roma,0,1
301,88,Parma,Roma,0,1
301,89,Parma,Roma,0,1
301,90,Parma,Roma,0,1
302,1,Parma,Torino,0,0
302,2,Parma,Torino,0,0
302,3,Parma,Torino,0,0
302,4,Parma,Torino,0,0
302,5,Parma,Torino,0,0
302,6,Parma,Torino,0,0
302,7,Parma,Torino,0,0
302,8,Parma,Torino,0,0
302,9,Parma,Torino,0,0
302,10,Parma,Torino,0,0
302,11,Parma,Torino,0,0
302,12,Parma,Torino,0,0
302,13,Parma,Torino,0,0
302,14,Parma,Torino,0,0
302,15,Parma,Torino,0,0
302,16,Parma,Torino,0,0
302,17,Parma,Torino,0,0
302,18,Parma,Torino,0,0
302,19,Parma,Torino,0,1
302,20,Parma,Torino,0,1
302,21,Parma,Torino,0,1
302,22,Parma,Torino,0,1
302,23,Parma,Torino,0,1
302,24,Parma,Torino,0,1
302,25,Parma,Torino,0,1
302,26,Parma,Torino,0,1
302,27,Parma,Torino,0,1
302,28,Parma,Torino,0,1
302,29,Parma,Torino,0,1
302,30,Parma,Torino,0,1
302,31,Parma,Torino,0,1
302,32,Parma,Torino,0,1
302,33,Parma,Torino,0,1
302,34,Parma,Torino,0,1
302,35,Parma,Torino,0,1
302,36,Parma,Torino,0,1
302,37,Parma,Torino,0,1
302,38,Parma,Torino,0,1
302,39,Parma,Torino,0,1
302,40,Parma,Torino,0,1
302,41,Parma,Torino,0,1
302,42,Parma,Torino,0,1
302,43,Parma,Torino,0,1
302,44,Parma,Torino,0,1
302,45,Parma,Torino,0,1
302,46,Parma,Torino,0,1
302,47,Parma,Torino,0,1
302,48,Parma,Torino,0,1
302,49,Parma,Torino,0,1
302,50,Parma,Torino,0,1
302,51,Parma,Torino,0,1
302,52,Parma,Torino,0,1
302,53,Parma,Torino,0,1
302,54,Parma,Torino,0,1
302,55,Parma,Torino,0,1
302,56,Parma,Torino,0,1
302,57,Parma,Torino,0,1
302,58,Parma,Torino,0,1
302,59,Parma,Torino,0,1
302,60,Parma,Torino,1,1
302,61,Parma,Torino,1,1
302,62,Parma,Torino,1,1
302,63,Parma,Torino,1,1
302,64,Parma,Torino,1,1
302,65,Parma,Torino,1,1
302,66,Parma,Torino,1,1
302,67,Parma,Torino,1,1
302,68,Parma,Torino,1,1
302,69,Parma,Torino,1,1
302,70,Parma,Torino,1,1
302,71,Parma,Torino,1,1
302,72,Parma,Torino,1,2
302,73,Parma,Torino,1,2
302,74,Parma,Torino,1,2
302,75,Parma,Torino,1,2
302,76,Parma,Torino,1,2
302,77,Parma,Torino,1,2
302,78,Parma,Torino,1,2
302,79,Parma,Torino,1,2
302,80,Parma,Torino,1,2
302,81,Parma,Torino,1,2
302,82,Parma,Torino,2,2
302,83,Parma,Torino,2,2
302,84,Parma,Torino,2,2
302,85,Parma,Torino,2,2
302,86,Parma,Torino,2,2
302,87,Parma,Torino,2,2
302,88,Parma,Torino,2,2
302,89,Parma,Torino,2,2
302,90,Parma,Torino,2,2
303,1,Parma,Udinese,0,0
303,2,Parma,Udinese,1,0
303,3,Parma,Udinese,1,0
303,4,Parma,Udinese,1,0
303,5,Parma,Udinese,1,0
303,6,Parma,Udinese,1,0
303,7,Parma,Udinese,1,0
303,8,Parma,Udinese,1,0
303,9,Parma,Udinese,1,0
303,10,Parma,Udinese,1,0
303,11,Parma,Udinese,1,0
303,12,Parma,Udinese,1,0
303,13,Parma,Udinese,1,0
303,14,Parma,Udinese,1,0
303,15,Parma,Udinese,1,0
303,16,Parma,Udinese,1,0
303,17,Parma,Udinese,1,0
303,18,Parma,Udinese,1,0
303,19,Parma,Udinese,1,0
303,20,Parma,Udinese,1,0
303,21,Parma,Udinese,1,0
303,22,Parma,Udinese,1,0
303,23,Parma,Udinese,1,0
303,24,Parma,Udinese,1,0
303,25,Parma,Udinese,1,0
303,26,Parma,Udinese,1,0
303,27,Parma,Udinese,1,0
303,28,Parma,Udinese,1,0
303,29,Parma,Udinese,1,0
303,30,Parma,Udinese,1,0
303,31,Parma,Udinese,1,0
303,32,Parma,Udinese,1,0
303,33,Parma,Udinese,1,0
303,34,Parma,Udinese,1,0
303,35,Parma,Udinese,1,0
303,36,Parma,Udinese,1,0
303,37,Parma,Udinese,1,0
303,38,Parma,Udinese,1,0
303,39,Parma,Udinese,1,0
303,40,Parma,Udinese,1,0
303,41,Parma,Udinese,1,0
303,42,Parma,Udinese,1,0
303,43,Parma,Udinese,2,0
303,44,Parma,Udinese,2,0
303,45,Parma,Udinese,2,0
303,46,Parma,Udinese,2,0
303,47,Parma,Udinese,2,0
303,48,Parma,Udinese,2,0
303,49,Parma,Udinese,2,0
303,50,Parma,Udinese,2,1
303,51,Parma,Udinese,2,1
303,52,Parma,Udinese,2,1
303,53,Parma,Udinese,2,1
303,54,Parma,Udinese,2,1
303,55,Parma,Udinese,2,1
303,56,Parma,Udinese,2,1
303,57,Parma,Udinese,2,1
303,58,Parma,Udinese,2,1
303,59,Parma,Udinese,2,1
303,60,Parma,Udinese,2,1
303,61,Parma,Udinese,2,1
303,62,Parma,Udinese,2,1
303,63,Parma,Udinese,2,1
303,64,Parma,Udinese,2,1
303,65,Parma,Udinese,2,1
303,66,Parma,Udinese,2,1
303,67,Parma,Udinese,2,1
303,68,Parma,Udinese,2,2
303,69,Parma,Udinese,2,2
303,70,Parma,Udinese,2,2
303,71,Parma,Udinese,2,2
303,72,Parma,Udinese,2,2
303,73,Parma,Udinese,2,2
303,74,Parma,Udinese,2,2
303,75,Parma,Udinese,2,2
303,76,Parma,Udinese,2,2
303,77,Parma,Udinese,2,3
303,78,Parma,Udinese,2,3
303,79,Parma,Udinese,2,3
303,80,Parma,Udinese,2,3
303,81,Parma,Udinese,2,3
303,82,Parma,Udinese,2,3
303,83,Parma,Udinese,2,3
303,84,Parma,Udinese,2,3
303,85,Parma,Udinese,2,3
303,86,Parma,Udinese,2,3
303,87,Parma,Udinese,2,3
303,88,Parma,Udinese,2,3
303,89,Parma,Udinese,2,3
303,90,Parma,Udinese,2,3
304,1,Parma,Venezia,0,0
304,2,Parma,Venezia,0,0
304,3,Parma,Venezia,0,0
304,4,Parma,Venezia,0,0
304,5,Parma,Venezia,0,0
304,6,Parma,Venezia,0,0
304,7,Parma,Venezia,0,0
304,8,Parma,Venezia,0,0
304,9,Parma,Venezia,0,0
304,10,Parma,Venezia,0,0
304,11,Parma,Venezia,0,0
304,12,Parma,Venezia,0,0
304,13,Parma,Venezia,0,0
304,14,Parma,Venezia,0,0
304,15,Parma,Venezia,0,0
304,16,Parma,Venezia,0,0
304,17,Parma,Venezia,0,0
304,18,Parma,Venezia,0,0
304,19,Parma,Venezia,0,0
304,20,Parma,Venezia,0,1
304,21,Parma,Venezia,0,1
304,22,Parma,Venezia,0,1
304,23,Parma,Venezia,0,1
304,24,Parma,Venezia,0,1
304,25,Parma,Venezia,0,1
304,26,Parma,Venezia,0,1
304,27,Parma,Venezia,0,1
304,28,Parma,Venezia,0,1
304,29,Parma,Venezia,0,1
304,30,Parma,Venezia,0,1
304,31,Parma,Venezia,0,1
304,32,Parma,Venezia,0,1
304,33,Parma,Venezia,0,1
304,34,Parma,Venezia,0,1
304,35,Parma,Venezia,0,1
304,36,Parma,Venezia,0,1
304,37,Parma,Venezia,0,1
304,38,Parma,Venezia,0,1
304,39,Parma,Venezia,0,1
304,40,Parma,Venezia,0,1
304,41,Parma,Venezia,0,1
304,42,Parma,Venezia,0,1
304,43,Parma,Venezia,0,1
304,44,Parma,Venezia,0,1
304,45,Parma,Venezia,0,1
304,46,Parma,Venezia,0,1
304,47,Parma,Venezia,0,1
304,48,Parma,Venezia,0,1
304,49,Parma,Venezia,0,1
304,50,Parma,Venezia,0,1
304,51,Parma,Venezia,0,1
304,52,Parma,Venezia,0,1
304,53,Parma,Venezia,0,1
304,54,Parma,Venezia,0,1
304,55,Parma,Venezia,0,1
304,56,Parma,Venezia,1,1
304,57,Parma,Venezia,1,1
304,58,Parma,Venezia,1,1
304,59,Parma,Venezia,1,1
304,60,Parma,Venezia,1,1
304,61,Parma,Venezia,1,1
304,62,Parma,Venezia,1,1
304,63,Parma,Venezia,1,1
304,64,Parma,Venezia,1,1
304,65,Parma,Venezia,1,1
304,66,Parma,Venezia,1,1
304,67,Parma,Venezia,1,1
304,68,Parma,Venezia,1,1
304,69,Parma,Venezia,1,1
304,70,Parma,Venezia,1,1
304,71,Parma,Venezia,1,1
304,72,Parma,Venezia,1,1
304,73,Parma,Venezia,1,1
304,74,Parma,Venezia,1,1
304,75,Parma,Venezia,1,1
304,76,Parma,Venezia,1,1
304,77,Parma,Venezia,1,1
304,78,Parma,Venezia,1,1
304,79,Parma,Venezia,1,1
304,80,Parma,Venezia,1,1
304,81,Parma,Venezia,1,1
304,82,Parma,Venezia,1,1
304,83,Parma,Venezia,1,1
304,84,Parma,Venezia,1,1
304,85,Parma,Venezia,1,1
304,86,Parma,Venezia,1,1
304,87,Parma,Venezia,1,1
304,88,Parma,Venezia,1,1
304,89,Parma,Venezia,1,1
304,90,Parma,Venezia,1,1
305,1,Roma,Atalanta,0,0
305,2,Roma,Atalanta,0,0
305,3,Roma,Atalanta,0,0
305,4,Roma,Atalanta,0,0
305,5,Roma,Atalanta,0,0
305,6,Roma,Atalanta,0,0
305,7,Roma,Atalanta,0,0
305,8,Roma,Atalanta,0,0
305,9,Roma,Atalanta,0,0
305,10,Roma,Atalanta,0,0
305,11,Roma,Atalanta,0,0
305,12,Roma,Atalanta,0,0
305,13,Roma,Atalanta,0,0
305,14,Roma,Atalanta,0,0
305,15,Roma,Atalanta,0,0
305,16,Roma,Atalanta,0,0
305,17,Roma,Atalanta,0,0
305,18,Roma,Atalanta,0,0
305,19,Roma,Atalanta,0,0
305,20,Roma,Atalanta,0,0
305,21,Roma,Atalanta,0,0
305,22,Roma,Atalanta,0,0
305,23,Roma,Atalanta,0,0
305,24,Roma,Atalanta,0,0
305,25,Roma,Atalanta,0,0
305,26,Roma,Atalanta,0,0
305,27,Roma,Atalanta,0,0
305,28,Roma,Atalanta,0,0
305,29,Roma,Atalanta,0,0
305,30,Roma,Atalanta,0,0
305,31,Roma,Atalanta,0,0
305,32,Roma,Atalanta,0,0
305,33,Roma,Atalanta,0,0
305,34,Roma,Atalanta,0,0
305,35,Roma,Atalanta,0,0
305,36,Roma,Atalanta,0,0
305,37,Roma,Atalanta,0,0
305,38,Roma,Atalanta,0,0
305,39,Roma,Atalanta,0,0
305,40,Roma,Atalanta,0,0
305,41,Roma,Atalanta,0,0
305,42,Roma,Atalanta,0,0
305,43,Roma,Atalanta,0,0
305,44,Roma,Atalanta,0,0
305,45,Roma,Atalanta,0,0
305,46,Roma,Atalanta,0,0
305,47,Roma,Atalanta,0,0
305,48,Roma,Atalanta,0,0
305,49,Roma,Atalanta,0,0
305,50,Roma,Atalanta,0,0
305,51,Roma,Atalanta,0,0
305,52,Roma,Atalanta,0,0
305,53,Roma,Atalanta,0,0
305,54,Roma,Atalanta,0,0
305,55,Roma,Atalanta,0,0
305,56,Roma,Atalanta,0,0
305,57,Roma,Atalanta,0,0
305,58,Roma,Atalanta,0,0
305,59,Roma,Atalanta,0,0
305,60,Roma,Atalanta,0,0
305,61,Roma,Atalanta,0,0
305,62,Roma,Atalanta,0,0
305,63,Roma,Atalanta,0,0
305,64,Roma,Atalanta,0,0
305,65,Roma,Atalanta,0,0
305,66,Roma,Atalanta,0,0
305,67,Roma,Atalanta,0,0
305,68,Roma,Atalanta,0,0
305,69,Roma,Atalanta,0,1
305,70,Roma,Atalanta,0,1
305,71,Roma,Atalanta,0,1
305,72,Roma,Atalanta,0,1
305,73,Roma,Atalanta,0,1
305,74,Roma,Atalanta,0,1
305,75,Roma,Atalanta,0,1
305,76,Roma,Atalanta,0,1
305,77,Roma,Atalanta,0,1
305,78,Roma,Atalanta,0,1
305,79,Roma,Atalanta,0,1
305,80,Roma,Atalanta,0,1
305,81,Roma,Atalanta,0,1
305,82,Roma,Atalanta,0,1
305,83,Roma,Atalanta,0,1
305,84,Roma,Atalanta,0,1
305,85,Roma,Atalanta,0,1
305,86,Roma,Atalanta,0,1
305,87,Roma,Atalanta,0,1
305,88,Roma,Atalanta,0,1
305,89,Roma,Atalanta,0,2
305,90,Roma,Atalanta,0,2
306,1,Roma,Bologna,0,0
306,2,Roma,Bologna,0,0
306,3,Roma,Bologna,0,0
306,4,Roma,Bologna,0,0
306,5,Roma,Bologna,0,0
306,6,Roma,Bologna,0,0
306,7,Roma,Bologna,0,0
306,8,Roma,Bologna,0,0
306,9,Roma,Bologna,0,0
306,10,Roma,Bologna,0,0
306,11,Roma,Bologna,0,0
306,12,Roma,Bologna,0,0
306,13,Roma,Bologna,0,0
306,14,Roma,Bologna,0,0
306,15,Roma,Bologna,0,0
306,16,Roma,Bologna,0,0
306,17,Roma,Bologna,0,0
306,18,Roma,Bologna,0,0
306,19,Roma,Bologna,0,0
306,20,Roma,Bologna,0,0
306,21,Roma,Bologna,0,0
306,22,Roma,Bologna,0,0
306,23,Roma,Bologna,0,0
306,24,Roma,Bologna,0,0
306,25,Roma,Bologna,0,1
306,26,Roma,Bologna,0,1
306,27,Roma,Bologna,0,1
306,28,Roma,Bologna,0,1
306,29,Roma,Bologna,0,1
306,30,Roma,Bologna,0,1
306,31,Roma,Bologna,0,1
306,32,Roma,Bologna,0,1
306,33,Roma,Bologna,0,1
306,34,Roma,Bologna,0,1
306,35,Roma,Bologna,0,1
306,36,Roma,Bologna,0,1
306,37,Roma,Bologna,0,1
306,38,Roma,Bologna,0,1
306,39,Roma,Bologna,0,1
306,40,Roma,Bologna,0,1
306,41,Roma,Bologna,0,1
306,42,Roma,Bologna,0,1
306,43,Roma,Bologna,0,1
306,44,Roma,Bologna,0,1
306,45,Roma,Bologna,0,1
306,46,Roma,Bologna,0,1
306,47,Roma,Bologna,0,1
306,48,Roma,Bologna,0,1
306,49,Roma,Bologna,0,1
306,50,Roma,Bologna,0,1
306,51,Roma,Bologna,0,1
306,52,Roma,Bologna,0,1
306,53,Roma,Bologna,0,1
306,54,Roma,Bologna,0,1
306,55,Roma,Bologna,0,1
306,56,Roma,Bologna,0,1
306,57,Roma,Bologna,0,1
306,58,Roma,Bologna,0,1
306,59,Roma,Bologna,0,1
306,60,Roma,Bologna,0,1
306,61,Roma,Bologna,0,1
306,62,Roma,Bologna,0,1
306,63,Roma,Bologna,1,1
306,64,Roma,Bologna,1,1
306,65,Roma,Bologna,1,1
306,66,Roma,Bologna,1,2
306,67,Roma,Bologna,1,2
306,68,Roma,Bologna,1,2
306,69,Roma,Bologna,1,2
306,70,Roma,Bologna,1,2
306,71,Roma,Bologna,1,2
306,72,Roma,Bologna,1,2
306,73,Roma,Bologna,1,2
306,74,Roma,Bologna,1,2
306,75,Roma,Bologna,1,2
306,76,Roma,Bologna,1,2
306,77,Roma,Bologna,1,3
306,78,Roma,Bologna,1,3
306,79,Roma,Bologna,1,3
306,80,Roma,Bologna,1,3
306,81,Roma,Bologna,1,3
306,82,Roma,Bologna,2,3
306,83,Roma,Bologna,2,3
306,84,Roma,Bologna,2,3
306,85,Roma,Bologna,2,3
306,86,Roma,Bologna,2,3
306,87,Roma,Bologna,2,3
306,88,Roma,Bologna,2,3
306,89,Roma,Bologna,2,3
306,90,Roma,Bologna,2,3
307,1,Roma,Cagliari,0,0
307,2,Roma,Cagliari,0,0
307,3,Roma,Cagliari,0,0
307,4,Roma,Cagliari,0,0
307,5,Roma,Cagliari,0,0
307,6,Roma,Cagliari,0,0
307,7,Roma,Cagliari,0,0
307,8,Roma,Cagliari,0,0
307,9,Roma,Cagliari,0,0
307,10,Roma,Cagliari,0,0
307,11,Roma,Cagliari,0,0
307,12,Roma,Cagliari,0,0
307,13,Roma,Cagliari,0,0
307,14,Roma,Cagliari,0,0
307,15,Roma,Cagliari,0,0
307,16,Roma,Cagliari,0,0
307,17,Roma,Cagliari,0,0
307,18,Roma,Cagliari,0,0
307,19,Roma,Cagliari,0,0
307,20,Roma,Cagliari,0,0
307,21,Roma,Cagliari,0,0
307,22,Roma,Cagliari,0,0
307,23,Roma,Cagliari,0,0
307,24,Roma,Cagliari,0,0
307,25,Roma,Cagliari,0,0
307,26,Roma,Cagliari,0,0
307,27,Roma,Cagliari,0,0
307,28,Roma,Cagliari,0,0
307,29,Roma,Cagliari,0,0
307,30,Roma,Cagliari,0,0
307,31,Roma,Cagliari,0,0
307,32,Roma,Cagliari,0,0
307,33,Roma,Cagliari,0,0
307,34,Roma,Cagliari,0,0
307,35,Roma,Cagliari,0,0
307,36,Roma,Cagliari,0,0
307,37,Roma,Cagliari,0,0
307,38,Roma,Cagliari,0,0
307,39,Roma,Cagliari,0,0
307,40,Roma,Cagliari,0,0
307,41,Roma,Cagliari,0,0
307,42,Roma,Cagliari,0,0
307,43,Roma,Cagliari,0,0
307,44,Roma,Cagliari,0,0
307,45,Roma,Cagliari,0,0
307,46,Roma,Cagliari,0,0
307,47,Roma,Cagliari,0,0
307,48,Roma,Cagliari,0,0
307,49,Roma,Cagliari,0,0
307,50,Roma,Cagliari,0,0
307,51,Roma,Cagliari,0,0
307,52,Roma,Cagliari,0,0
307,53,Roma,Cagliari,0,0
307,54,Roma,Cagliari,0,0
307,55,Roma,Cagliari,0,0
307,56,Roma,Cagliari,0,0
307,57,Roma,Cagliari,0,0
307,58,Roma,Cagliari,0,0
307,59,Roma,Cagliari,0,0
307,60,Roma,Cagliari,0,0
307,61,Roma,Cagliari,0,0
307,62,Roma,Cagliari,1,0
307,63,Roma,Cagliari,1,0
307,64,Roma,Cagliari,1,0
307,65,Roma,Cagliari,1,0
307,66,Roma,Cagliari,1,0
307,67,Roma,Cagliari,1,0
307,68,Roma,Cagliari,1,0
307,69,Roma,Cagliari,1,0
307,70,Roma,Cagliari,1,0
307,71,Roma,Cagliari,1,0
307,72,Roma,Cagliari,1,0
307,73,Roma,Cagliari,1,0
307,74,Roma,Cagliari,1,0
307,75,Roma,Cagliari,1,0
307,76,Roma,Cagliari,1,0
307,77,Roma,Cagliari,1,0
307,78,Roma,Cagliari,1,0
307,79,Roma,Cagliari,1,0
307,80,Roma,Cagliari,1,0
307,81,Roma,Cagliari,1,0
307,82,Roma,Cagliari,1,0
307,83,Roma,Cagliari,1,0
307,84,Roma,Cagliari,1,0
307,85,Roma,Cagliari,1,0
307,86,Roma,Cagliari,1,0
307,87,Roma,Cagliari,1,0
307,88,Roma,Cagliari,1,0
307,89,Roma,Cagliari,1,0
307,90,Roma,Cagliari,1,0
308,1,Roma,Como,0,0
308,2,Roma,Como,0,0
308,3,Roma,Como,0,0
308,4,Roma,Como,0,0
308,5,Roma,Como,0,0
308,6,Roma,Como,0,0
308,7,Roma,Como,0,0
308,8,Roma,Como,0,0
308,9,Roma,Como,0,0
308,10,Roma,Como,0,0
308,11,Roma,Como,0,0
308,12,Roma,Como,0,0
308,13,Roma,Como,0,0
308,14,Roma,Como,0,0
308,15,Roma,Como,0,0
308,16,Roma,Como,0,0
308,17,Roma,Como,0,0
308,18,Roma,Como,0,0
308,19,Roma,Como,0,0
308,20,Roma,Como,0,0
308,21,Roma,Como,0,0
308,22,Roma,Como,0,0
308,23,Roma,Como,0,0
308,24,Roma,Como,0,0
308,25,Roma,Como,0,0
308,26,Roma,Como,0,0
308,27,Roma,Como,0,0
308,28,Roma,Como,0,0
308,29,Roma,Como,0,0
308,30,Roma,Como,0,0
308,31,Roma,Como,0,0
308,32,Roma,Como,0,0
308,33,Roma,Como,0,0
308,34,Roma,Como,0,0
308,35,Roma,Como,0,0
308,36,Roma,Como,0,0
308,37,Roma,Como,0,0
308,38,Roma,Como,0,0
308,39,Roma,Como,0,0
308,40,Roma,Como,0,0
308,41,Roma,Como,0,0
308,42,Roma,Como,0,0
308,43,Roma,Como,0,0
308,44,Roma,Como,0,1
308,45,Roma,Como,0,1
308,46,Roma,Como,0,1
308,47,Roma,Como,0,1
308,48,Roma,Como,0,1
308,49,Roma,Como,0,1
308,50,Roma,Como,0,1
308,51,Roma,Como,0,1
308,52,Roma,Como,0,1
308,53,Roma,Como,0,1
308,54,Roma,Como,0,1
308,55,Roma,Como,0,1
308,56,Roma,Como,0,1
308,57,Roma,Como,0,1
308,58,Roma,Como,0,1
308,59,Roma,Como,0,1
308,60,Roma,Como,0,1
308,61,Roma,Como,1,1
308,62,Roma,Como,1,1
308,63,Roma,Como,1,1
308,64,Roma,Como,1,1
308,65,Roma,Como,1,1
308,66,Roma,Como,1,1
308,67,Roma,Como,1,1
308,68,Roma,Como,1,1
308,69,Roma,Como,1,1
308,70,Roma,Como,1,1
308,71,Roma,Como,1,1
308,72,Roma,Como,1,1
308,73,Roma,Como,1,1
308,74,Roma,Como,1,1
308,75,Roma,Como,1,1
308,76,Roma,Como,2,1
308,77,Roma,Como,2,1
308,78,Roma,Como,2,1
308,79,Roma,Como,2,1
308,80,Roma,Como,2,1
308,81,Roma,Como,2,1
308,82,Roma,Como,2,1
308,83,Roma,Como,2,1
308,84,Roma,Como,2,1
308,85,Roma,Como,2,1
308,86,Roma,Como,2,1
308,87,Roma,Como,2,1
308,88,Roma,Como,2,1
308,89,Roma,Como,2,1
308,90,Roma,Como,2,1
309,1,Roma,Empoli,0,0
309,2,Roma,Empoli,0,0
309,3,Roma,Empoli,0,0
309,4,Roma,Empoli,0,0
309,5,Roma,Empoli,0,0
309,6,Roma,Empoli,0,0
309,7,Roma,Empoli,0,0
309,8,Roma,Empoli,0,0
309,9,Roma,Empoli,0,0
309,10,Roma,Empoli,0,0
309,11,Roma,Empoli,0,0
309,12,Roma,Empoli,0,0
309,13,Roma,Empoli,0,0
309,14,Roma,Empoli,0,0
309,15,Roma,Empoli,0,0
309,16,Roma,Empoli,0,0
309,17,Roma,Empoli,0,0
309,18,Roma,Empoli,0,0
309,19,Roma,Empoli,0,0
309,20,Roma,Empoli,0,0
309,21,Roma,Empoli,0,0
309,22,Roma,Empoli,0,0
309,23,Roma,Empoli,0,0
309,24,Roma,Empoli,0,0
309,25,Roma,Empoli,0,0
309,26,Roma,Empoli,0,0
309,27,Roma,Empoli,0,0
309,28,Roma,Empoli,0,0
309,29,Roma,Empoli,0,0
309,30,Roma,Empoli,0,0
309,31,Roma,Empoli,0,0
309,32,Roma,Empoli,0,0
309,33,Roma,Empoli,0,0
309,34,Roma,Empoli,0,0
309,35,Roma,Empoli,0,0
309,36,Roma,Empoli,0,0
309,37,Roma,Empoli,0,0
309,38,Roma,Empoli,0,0
309,39,Roma,Empoli,0,0
309,40,Roma,Empoli,0,0
309,41,Roma,Empoli,0,0
309,42,Roma,Empoli,0,0
309,43,Roma,Empoli,0,0
309,44,Roma,Empoli,0,0
309,45,Roma,Empoli,0,1
309,46,Roma,Empoli,0,1
309,47,Roma,Empoli,0,1
309,48,Roma,Empoli,0,1
309,49,Roma,Empoli,0,1
309,50,Roma,Empoli,0,1
309,51,Roma,Empoli,0,1
309,52,Roma,Empoli,0,1
309,53,Roma,Empoli,0,1
309,54,Roma,Empoli,0,1
309,55,Roma,Empoli,0,1
309,56,Roma,Empoli,0,1
309,57,Roma,Empoli,0,1
309,58,Roma,Empoli,0,1
309,59,Roma,Empoli,0,1
309,60,Roma,Empoli,0,1
309,61,Roma,Empoli,0,2
309,62,Roma,Empoli,0,2
309,63,Roma,Empoli,0,2
309,64,Roma,Empoli,0,2
309,65,Roma,Empoli,0,2
309,66,Roma,Empoli,0,2
309,67,Roma,Empoli,0,2
309,68,Roma,Empoli,0,2
309,69,Roma,Empoli,0,2
309,70,Roma,Empoli,0,2
309,71,Roma,Empoli,0,2
309,72,Roma,Empoli,0,2
309,73,Roma,Empoli,0,2
309,74,Roma,Empoli,0,2
309,75,Roma,Empoli,0,2
309,76,Roma,Empoli,0,2
309,77,Roma,Empoli,0,2
309,78,Roma,Empoli,0,2
309,79,Roma,Empoli,0,2
309,80,Roma,Empoli,1,2
309,81,Roma,Empoli,1,2
309,82,Roma,Empoli,1,2
309,83,Roma,Empoli,1,2
309,84,Roma,Empoli,1,2
309,85,Roma,Empoli,1,2
309,86,Roma,Empoli,1,2
309,87,Roma,Empoli,1,2
309,88,Roma,Empoli,1,2
309,89,Roma,Empoli,1,2
309,90,Roma,Empoli,1,2
310,1,Roma,Fiorentina,0,0
310,2,Roma,Fiorentina,0,0
310,3,Roma,Fiorentina,0,0
310,4,Roma,Fiorentina,0,0
310,5,Roma,Fiorentina,0,0
310,6,Roma,Fiorentina,0,0
310,7,Roma,Fiorentina,0,0
310,8,Roma,Fiorentina,0,0
310,9,Roma,Fiorentina,0,0
310,10,Roma,Fiorentina,0,0
310,11,Roma,Fiorentina,0,0
310,12,Roma,Fiorentina,0,0
310,13,Roma,Fiorentina,0,0
310,14,Roma,Fiorentina,0,0
310,15,Roma,Fiorentina,0,0
310,16,Roma,Fiorentina,0,0
310,17,Roma,Fiorentina,0,0
310,18,Roma,Fiorentina,0,0
310,19,Roma,Fiorentina,0,0
310,20,Roma,Fiorentina,0,0
310,21,Roma,Fiorentina,0,0
310,22,Roma,Fiorentina,0,0
310,23,Roma,Fiorentina,0,0
310,24,Roma,Fiorentina,0,0
310,25,Roma,Fiorentina,0,0
310,26,Roma,Fiorentina,0,0
310,27,Roma,Fiorentina,0,0
310,28,Roma,Fiorentina,0,0
310,29,Roma,Fiorentina,0,0
310,30,Roma,Fiorentina,0,0
310,31,Roma,Fiorentina,0,0
310,32,Roma,Fiorentina,0,0
310,33,Roma,Fiorentina,0,0
310,34,Roma,Fiorentina,0,0
310,35,Roma,Fiorentina,0,0
310,36,Roma,Fiorentina,0,0
310,37,Roma,Fiorentina,0,0
310,38,Roma,Fiorentina,0,0
310,39,Roma,Fiorentina,0,0
310,40,Roma,Fiorentina,0,0
310,41,Roma,Fiorentina,0,0
310,42,Roma,Fiorentina,0,0
310,43,Roma,Fiorentina,0,0
310,44,Roma,Fiorentina,0,0
310,45,Roma,Fiorentina,1,0
310,46,Roma,Fiorentina,1,0
310,47,Roma,Fiorentina,1,0
310,48,Roma,Fiorentina,1,0
310,49,Roma,Fiorentina,1,0
310,50,Roma,Fiorentina,1,0
310,51,Roma,Fiorentina,1,0
310,52,Roma,Fiorentina,1,0
310,53,Roma,Fiorentina,1,0
310,54,Roma,Fiorentina,1,0
310,55,Roma,Fiorentina,1,0
310,56,Roma,Fiorentina,1,0
310,57,Roma,Fiorentina,1,0
310,58,Roma,Fiorentina,1,0
310,59,Roma,Fiorentina,1,0
310,60,Roma,Fiorentina,1,0
310,61,Roma,Fiorentina,1,0
310,62,Roma,Fiorentina,1,0
310,63,Roma,Fiorentina,1,0
310,64,Roma,Fiorentina,1,0
310,65,Roma,Fiorentina,1,0
310,66,Roma,Fiorentina,1,0
310,67,Roma,Fiorentina,1,0
310,68,Roma,Fiorentina,1,0
310,69,Roma,Fiorentina,1,0
310,70,Roma,Fiorentina,1,0
310,71,Roma,Fiorentina,1,0
310,72,Roma,Fiorentina,1,0
310,73,Roma,Fiorentina,1,0
310,74,Roma,Fiorentina,1,0
310,75,Roma,Fiorentina,1,0
310,76,Roma,Fiorentina,1,0
310,77,Roma,Fiorentina,1,0
310,78,Roma,Fiorentina,1,0
310,79,Roma,Fiorentina,1,0
310,80,Roma,Fiorentina,1,0
310,81,Roma,Fiorentina,1,0
310,82,Roma,Fiorentina,1,0
310,83,Roma,Fiorentina,1,0
310,84,Roma,Fiorentina,1,0
310,85,Roma,Fiorentina,1,0
310,86,Roma,Fiorentina,1,0
310,87,Roma,Fiorentina,1,0
310,88,Roma,Fiorentina,1,0
310,89,Roma,Fiorentina,1,0
310,90,Roma,Fiorentina,1,0
311,1,Roma,Genoa,0,0
311,2,Roma,Genoa,0,0
311,3,Roma,Genoa,0,0
311,4,Roma,Genoa,0,0
311,5,Roma,Genoa,0,0
311,6,Roma,Genoa,0,0
311,7,Roma,Genoa,0,0
311,8,Roma,Genoa,0,0
311,9,Roma,Genoa,0,0
311,10,Roma,Genoa,0,0
311,11,Roma,Genoa,0,0
311,12,Roma,Genoa,0,0
311,13,Roma,Genoa,0,0
311,14,Roma,Genoa,0,0
311,15,Roma,Genoa,0,0
311,16,Roma,Genoa,0,0
311,17,Roma,Genoa,0,0
311,18,Roma,Genoa,0,0
311,19,Roma,Genoa,0,0
311,20,Roma,Genoa,0,0
311,21,Roma,Genoa,0,0
311,22,Roma,Genoa,0,0
311,23,Roma,Genoa,0,0
311,24,Roma,Genoa,0,0
311,25,Roma,Genoa,1,0
311,26,Roma,Genoa,1,0
311,27,Roma,Genoa,1,0
311,28,Roma,Genoa,1,0
311,29,Roma,Genoa,1,0
311,30,Roma,Genoa,1,0
311,31,Roma,Genoa,1,0
311,32,Roma,Genoa,1,0
311,33,Roma,Genoa,1,1
311,34,Roma,Genoa,1,1
311,35,Roma,Genoa,1,1
311,36,Roma,Genoa,1,1
311,37,Roma,Genoa,1,1
311,38,Roma,Genoa,1,1
311,39,Roma,Genoa,1,1
311,40,Roma,Genoa,1,1
311,41,Roma,Genoa,1,1
311,42,Roma,Genoa,1,1
311,43,Roma,Genoa,1,1
311,44,Roma,Genoa,1,1
311,45,Roma,Genoa,1,1
311,46,Roma,Genoa,1,1
311,47,Roma,Genoa,1,1
311,48,Roma,Genoa,1,1
311,49,Roma,Genoa,1,1
311,50,Roma,Genoa,1,1
311,51,Roma,Genoa,1,1
311,52,Roma,Genoa,1,1
311,53,Roma,Genoa,1,1
311,54,Roma,Genoa,1,1
311,55,Roma,Genoa,1,1
311,56,Roma,Genoa,1,1
311,57,Roma,Genoa,1,1
311,58,Roma,Genoa,1,1
311,59,Roma,Genoa,1,1
311,60,Roma,Genoa,2,1
311,61,Roma,Genoa,2,1
311,62,Roma,Genoa,2,1
311,63,Roma,Genoa,2,1
311,64,Roma,Genoa,2,1
311,65,Roma,Genoa,2,1
311,66,Roma,Genoa,2,1
311,67,Roma,Genoa,2,1
311,68,Roma,Genoa,2,1
311,69,Roma,Genoa,2,1
311,70,Roma,Genoa,2,1
311,71,Roma,Genoa,2,1
311,72,Roma,Genoa,2,1
311,73,Roma,Genoa,3,1
311,74,Roma,Genoa,3,1
311,75,Roma,Genoa,3,1
311,76,Roma,Genoa,3,1
311,77,Roma,Genoa,3,1
311,78,Roma,Genoa,3,1
311,79,Roma,Genoa,3,1
311,80,Roma,Genoa,3,1
311,81,Roma,Genoa,3,1
311,82,Roma,Genoa,3,1
311,83,Roma,Genoa,3,1
311,84,Roma,Genoa,3,1
311,85,Roma,Genoa,3,1
311,86,Roma,Genoa,3,1
311,87,Roma,Genoa,3,1
311,88,Roma,Genoa,3,1
311,89,Roma,Genoa,3,1
311,90,Roma,Genoa,3,1
312,1,Roma,Hellas Verona,0,0
312,2,Roma,Hellas Verona,0,0
312,3,Roma,Hellas Verona,0,0
312,4,Roma,Hellas Verona,1,0
312,5,Roma,Hellas Verona,1,0
312,6,Roma,Hellas Verona,1,0
312,7,Roma,Hellas Verona,1,0
312,8,Roma,Hellas Verona,1,0
312,9,Roma,Hellas Verona,1,0
312,10,Roma,Hellas Verona,1,0
312,11,Roma,Hellas Verona,1,0
312,12,Roma,Hellas Verona,1,0
312,13,Roma,Hellas Verona,1,0
312,14,Roma,Hellas Verona,1,0
312,15,Roma,Hellas Verona,1,0
312,16,Roma,Hellas Verona,1,0
312,17,Roma,Hellas Verona,1,0
312,18,Roma,Hellas Verona,1,0
312,19,Roma,Hellas Verona,1,0
312,20,Roma,Hellas Verona,1,0
312,21,Roma,Hellas Verona,1,0
312,22,Roma,Hellas Verona,1,0
312,23,Roma,Hellas Verona,1,0
312,24,Roma,Hellas Verona,1,0
312,25,Roma,Hellas Verona,1,0
312,26,Roma,Hellas Verona,1,0
312,27,Roma,Hellas Verona,1,0
312,28,Roma,Hellas Verona,1,0
312,29,Roma,Hellas Verona,1,0
312,30,Roma,Hellas Verona,1,0
312,31,Roma,Hellas Verona,1,0
312,32,Roma,Hellas Verona,1,0
312,33,Roma,Hellas Verona,1,0
312,34,Roma,Hellas Verona,1,0
312,35,Roma,Hellas Verona,1,0
312,36,Roma,Hellas Verona,1,0
312,37,Roma,Hellas Verona,1,0
312,38,Roma,Hellas Verona,1,0
312,39,Roma,Hellas Verona,1,0
312,40,Roma,Hellas Verona,1,0
312,41,Roma,Hellas Verona,1,0
312,42,Roma,Hellas Verona,1,0
312,43,Roma,Hellas Verona,1,0
312,44,Roma,Hellas Verona,1,0
312,45,Roma,Hellas Verona,1,0
312,46,Roma,Hellas Verona,1,0
312,47,Roma,Hellas Verona,1,0
312,48,Roma,Hellas Verona,1,0
312,49,Roma,Hellas Verona,1,0
312,50,Roma,Hellas Verona,1,0
312,51,Roma,Hellas Verona,1,0
312,52,Roma,Hellas Verona,1,0
312,53,Roma,Hellas Verona,1,0
312,54,Roma,Hellas Verona,1,0
312,55,Roma,Hellas Verona,1,0
312,56,Roma,Hellas Verona,1,0
312,57,Roma,Hellas Verona,1,0
312,58,Roma,Hellas Verona,1,0
312,59,Roma,Hellas Verona,1,0
312,60,Roma,Hellas Verona,1,0
312,61,Roma,Hellas Verona,1,0
312,62,Roma,Hellas Verona,1,0
312,63,Roma,Hellas Verona,1,0
312,64,Roma,Hellas Verona,1,0
312,65,Roma,Hellas Verona,1,0
312,66,Roma,Hellas Verona,1,0
312,67,Roma,Hellas Verona,1,0
312,68,Roma,Hellas Verona,1,0
312,69,Roma,Hellas Verona,1,0
312,70,Roma,Hellas Verona,1,0
312,71,Roma,Hellas Verona,1,0
312,72,Roma,Hellas Verona,1,0
312,73,Roma,Hellas Verona,1,0
312,74,Roma,Hellas Verona,1,0
312,75,Roma,Hellas Verona,1,0
312,76,Roma,Hellas Verona,1,0
312,77,Roma,Hellas Verona,1,0
312,78,Roma,Hellas Verona,1,0
312,79,Roma,Hellas Verona,1,0
312,80,Roma,Hellas Verona,1,0
312,81,Roma,Hellas Verona,1,0
312,82,Roma,Hellas Verona,1,0
312,83,Roma,Hellas Verona,1,0
312,84,Roma,Hellas Verona,1,0
312,85,Roma,Hellas Verona,1,0
312,86,Roma,Hellas Verona,1,0
312,87,Roma,Hellas Verona,1,0
312,88,Roma,Hellas Verona,1,0
312,89,Roma,Hellas Verona,1,0
312,90,Roma,Hellas Verona,1,0
313,1,Roma,Inter Milan,0,0
313,2,Roma,Inter Milan,0,0
313,3,Roma,Inter Milan,0,0
313,4,Roma,Inter Milan,0,0
313,5,Roma,Inter Milan,0,0
313,6,Roma,Inter Milan,0,0
313,7,Roma,Inter Milan,0,0
313,8,Roma,Inter Milan,0,0
313,9,Roma,Inter Milan,0,0
313,10,Roma,Inter Milan,0,0
313,11,Roma,Inter Milan,0,0
313,12,Roma,Inter Milan,0,0
313,13,Roma,Inter Milan,0,0
313,14,Roma,Inter Milan,0,0
313,15,Roma,Inter Milan,0,0
313,16,Roma,Inter Milan,0,0
313,17,Roma,Inter Milan,0,0
313,18,Roma,Inter Milan,0,0
313,19,Roma,Inter Milan,0,0
313,20,Roma,Inter Milan,0,0
313,21,Roma,Inter Milan,0,0
313,22,Roma,Inter Milan,0,0
313,23,Roma,Inter Milan,0,0
313,24,Roma,Inter Milan,0,0
313,25,Roma,Inter Milan,0,0
313,26,Roma,Inter Milan,0,0
313,27,Roma,Inter Milan,0,0
313,28,Roma,Inter Milan,0,0
313,29,Roma,Inter Milan,0,0
313,30,Roma,Inter Milan,0,0
313,31,Roma,Inter Milan,0,0
313,32,Roma,Inter Milan,0,0
313,33,Roma,Inter Milan,0,0
313,34,Roma,Inter Milan,0,0
313,35,Roma,Inter Milan,0,0
313,36,Roma,Inter Milan,0,0
313,37,Roma,Inter Milan,0,0
313,38,Roma,Inter Milan,0,0
313,39,Roma,Inter Milan,0,0
313,40,Roma,Inter Milan,0,0
313,41,Roma,Inter Milan,0,0
313,42,Roma,Inter Milan,0,0
313,43,Roma,Inter Milan,0,0
313,44,Roma,Inter Milan,0,0
313,45,Roma,Inter Milan,0,0
313,46,Roma,Inter Milan,0,0
313,47,Roma,Inter Milan,0,0
313,48,Roma,Inter Milan,0,0
313,49,Roma,Inter Milan,0,0
313,50,Roma,Inter Milan,0,0
313,51,Roma,Inter Milan,0,0
313,52,Roma,Inter Milan,0,0
313,53,Roma,Inter Milan,0,0
313,54,Roma,Inter Milan,0,0
313,55,Roma,Inter Milan,0,0
313,56,Roma,Inter Milan,0,0
313,57,Roma,Inter Milan,0,0
313,58,Roma,Inter Milan,0,0
313,59,Roma,Inter Milan,0,0
313,60,Roma,Inter Milan,0,1
313,61,Roma,Inter Milan,0,1
313,62,Roma,Inter Milan,0,1
313,63,Roma,Inter Milan,0,1
313,64,Roma,Inter Milan,0,1
313,65,Roma,Inter Milan,0,1
313,66,Roma,Inter Milan,0,1
313,67,Roma,Inter Milan,0,1
313,68,Roma,Inter Milan,0,1
313,69,Roma,Inter Milan,0,1
313,70,Roma,Inter Milan,0,1
313,71,Roma,Inter Milan,0,1
313,72,Roma,Inter Milan,0,1
313,73,Roma,Inter Milan,0,1
313,74,Roma,Inter Milan,0,1
313,75,Roma,Inter Milan,0,1
313,76,Roma,Inter Milan,0,1
313,77,Roma,Inter Milan,0,1
313,78,Roma,Inter Milan,0,1
313,79,Roma,Inter Milan,0,1
313,80,Roma,Inter Milan,0,1
313,81,Roma,Inter Milan,0,1
313,82,Roma,Inter Milan,0,1
313,83,Roma,Inter Milan,0,1
313,84,Roma,Inter Milan,0,1
313,85,Roma,Inter Milan,0,1
313,86,Roma,Inter Milan,0,1
313,87,Roma,Inter Milan,0,1
313,88,Roma,Inter Milan,0,1
313,89,Roma,Inter Milan,0,1
313,90,Roma,Inter Milan,0,1
314,1,Roma,Juventus,0,0
314,2,Roma,Juventus,0,0
314,3,Roma,Juventus,0,0
314,4,Roma,Juventus,0,0
314,5,Roma,Juventus,0,0
314,6,Roma,Juventus,0,0
314,7,Roma,Juventus,0,0
314,8,Roma,Juventus,0,0
314,9,Roma,Juventus,0,0
314,10,Roma,Juventus,0,0
314,11,Roma,Juventus,0,0
314,12,Roma,Juventus,0,0
314,13,Roma,Juventus,0,0
314,14,Roma,Juventus,0,0
314,15,Roma,Juventus,0,0
314,16,Roma,Juventus,0,0
314,17,Roma,Juventus,0,0
314,18,Roma,Juventus,0,0
314,19,Roma,Juventus,0,0
314,20,Roma,Juventus,0,0
314,21,Roma,Juventus,0,0
314,22,Roma,Juventus,0,0
314,23,Roma,Juventus,0,0
314,24,Roma,Juventus,0,0
314,25,Roma,Juventus,0,0
314,26,Roma,Juventus,0,0
314,27,Roma,Juventus,0,0
314,28,Roma,Juventus,0,0
314,29,Roma,Juventus,0,0
314,30,Roma,Juventus,0,0
314,31,Roma,Juventus,0,0
314,32,Roma,Juventus,0,0
314,33,Roma,Juventus,0,0
314,34,Roma,Juventus,0,0
314,35,Roma,Juventus,0,0
314,36,Roma,Juventus,0,0
314,37,Roma,Juventus,0,0
314,38,Roma,Juventus,0,0
314,39,Roma,Juventus,0,0
314,40,Roma,Juventus,0,1
314,41,Roma,Juventus,0,1
314,42,Roma,Juventus,0,1
314,43,Roma,Juventus,0,1
314,44,Roma,Juventus,0,1
314,45,Roma,Juventus,0,1
314,46,Roma,Juventus,0,1
314,47,Roma,Juventus,0,1
314,48,Roma,Juventus,0,1
314,49,Roma,Juventus,1,1
314,50,Roma,Juventus,1,1
314,51,Roma,Juventus,1,1
314,52,Roma,Juventus,1,1
314,53,Roma,Juventus,1,1
314,54,Roma,Juventus,1,1
314,55,Roma,Juventus,1,1
314,56,Roma,Juventus,1,1
314,57,Roma,Juventus,1,1
314,58,Roma,Juventus,1,1
314,59,Roma,Juventus,1,1
314,60,Roma,Juventus,1,1
314,61,Roma,Juventus,1,1
314,62,Roma,Juventus,1,1
314,63,Roma,Juventus,1,1
314,64,Roma,Juventus,1,1
314,65,Roma,Juventus,1,1
314,66,Roma,Juventus,1,1
314,67,Roma,Juventus,1,1
314,68,Roma,Juventus,1,1
314,69,Roma,Juventus,1,1
314,70,Roma,Juventus,1,1
314,71,Roma,Juventus,1,1
314,72,Roma,Juventus,1,1
314,73,Roma,Juventus,1,1
314,74,Roma,Juventus,1,1
314,75,Roma,Juventus,1,1
314,76,Roma,Juventus,1,1
314,77,Roma,Juventus,1,1
314,78,Roma,Juventus,1,1
314,79,Roma,Juventus,1,1
314,80,Roma,Juventus,1,1
314,81,Roma,Juventus,1,1
314,82,Roma,Juventus,1,1
314,83,Roma,Juventus,1,1
314,84,Roma,Juventus,1,1
314,85,Roma,Juventus,1,1
314,86,Roma,Juventus,1,1
314,87,Roma,Juventus,1,1
314,88,Roma,Juventus,1,1
314,89,Roma,Juventus,1,1
314,90,Roma,Juventus,1,1
315,1,Roma,Lazio,0,0
315,2,Roma,Lazio,0,0
315,3,Roma,Lazio,0,0
315,4,Roma,Lazio,0,0
315,5,Roma,Lazio,0,0
315,6,Roma,Lazio,0,0
315,7,Roma,Lazio,0,0
315,8,Roma,Lazio,0,0
315,9,Roma,Lazio,0,0
315,10,Roma,Lazio,0,0
315,11,Roma,Lazio,1,0
315,12,Roma,Lazio,1,0
315,13,Roma,Lazio,1,0
315,14,Roma,Lazio,1,0
315,15,Roma,Lazio,1,0
315,16,Roma,Lazio,1,0
315,17,Roma,Lazio,1,0
315,18,Roma,Lazio,2,0
315,19,Roma,Lazio,2,0
315,20,Roma,Lazio,2,0
315,21,Roma,Lazio,2,0
315,22,Roma,Lazio,2,0
315,23,Roma,Lazio,2,0
315,24,Roma,Lazio,2,0
315,25,Roma,Lazio,2,0
315,26,Roma,Lazio,2,0
315,27,Roma,Lazio,2,0
315,28,Roma,Lazio,2,0
315,29,Roma,Lazio,2,0
315,30,Roma,Lazio,2,0
315,31,Roma,Lazio,2,0
315,32,Roma,Lazio,2,0
315,33,Roma,Lazio,2,0
315,34,Roma,Lazio,2,0
315,35,Roma,Lazio,2,0
315,36,Roma,Lazio,2,0
315,37,Roma,Lazio,2,0
315,38,Roma,Lazio,2,0
315,39,Roma,Lazio,2,0
315,40,Roma,Lazio,2,0
315,41,Roma,Lazio,2,0
315,42,Roma,Lazio,2,0
315,43,Roma,Lazio,2,0
315,44,Roma,Lazio,2,0
315,45,Roma,Lazio,2,0
315,46,Roma,Lazio,2,0
315,47,Roma,Lazio,2,0
315,48,Roma,Lazio,2,0
315,49,Roma,Lazio,2,0
315,50,Roma,Lazio,2,0
315,51,Roma,Lazio,2,0
315,52,Roma,Lazio,2,0
315,53,Roma,Lazio,2,0
315,54,Roma,Lazio,2,0
315,55,Roma,Lazio,2,0
315,56,Roma,Lazio,2,0
315,57,Roma,Lazio,2,0
315,58,Roma,Lazio,2,0
315,59,Roma,Lazio,2,0
315,60,Roma,Lazio,2,0
315,61,Roma,Lazio,2,0
315,62,Roma,Lazio,2,0
315,63,Roma,Lazio,2,0
315,64,Roma,Lazio,2,0
315,65,Roma,Lazio,2,0
315,66,Roma,Lazio,2,0
315,67,Roma,Lazio,2,0
315,68,Roma,Lazio,2,0
315,69,Roma,Lazio,2,0
315,70,Roma,Lazio,2,0
315,71,Roma,Lazio,2,0
315,72,Roma,Lazio,2,0
315,73,Roma,Lazio,2,0
315,74,Roma,Lazio,2,0
315,75,Roma,Lazio,2,0
315,76,Roma,Lazio,2,0
315,77,Roma,Lazio,2,0
315,78,Roma,Lazio,2,0
315,79,Roma,Lazio,2,0
315,80,Roma,Lazio,2,0
315,81,Roma,Lazio,2,0
315,82,Roma,Lazio,2,0
315,83,Roma,Lazio,2,0
315,84,Roma,Lazio,2,0
315,85,Roma,Lazio,2,0
315,86,Roma,Lazio,2,0
315,87,Roma,Lazio,2,0
315,88,Roma,Lazio,2,0
315,89,Roma,Lazio,2,0
315,90,Roma,Lazio,2,0
316,1,Roma,Lecce,0,0
316,2,Roma,Lecce,0,0
316,3,Roma,Lecce,0,0
316,4,Roma,Lecce,0,0
316,5,Roma,Lecce,0,0
316,6,Roma,Lecce,0,0
316,7,Roma,Lecce,0,0
316,8,Roma,Lecce,0,0
316,9,Roma,Lecce,0,0
316,10,Roma,Lecce,0,0
316,11,Roma,Lecce,0,0
316,12,Roma,Lecce,0,0
316,13,Roma,Lecce,1,0
316,14,Roma,Lecce,1,0
316,15,Roma,Lecce,1,0
316,16,Roma,Lecce,1,0
316,17,Roma,Lecce,1,0
316,18,Roma,Lecce,1,0
316,19,Roma,Lecce,1,0
316,20,Roma,Lecce,1,0
316,21,Roma,Lecce,1,0
316,22,Roma,Lecce,1,0
316,23,Roma,Lecce,1,0
316,24,Roma,Lecce,1,0
316,25,Roma,Lecce,1,0
316,26,Roma,Lecce,1,0
316,27,Roma,Lecce,1,0
316,28,Roma,Lecce,1,0
316,29,Roma,Lecce,1,0
316,30,Roma,Lecce,1,0
316,31,Roma,Lecce,1,0
316,32,Roma,Lecce,1,0
316,33,Roma,Lecce,1,0
316,34,Roma,Lecce,1,0
316,35,Roma,Lecce,1,0
316,36,Roma,Lecce,1,0
316,37,Roma,Lecce,1,0
316,38,Roma,Lecce,1,0
316,39,Roma,Lecce,1,0
316,40,Roma,Lecce,1,1
316,41,Roma,Lecce,1,1
316,42,Roma,Lecce,1,1
316,43,Roma,Lecce,1,1
316,44,Roma,Lecce,1,1
316,45,Roma,Lecce,1,1
316,46,Roma,Lecce,1,1
316,47,Roma,Lecce,1,1
316,48,Roma,Lecce,1,1
316,49,Roma,Lecce,1,1
316,50,Roma,Lecce,1,1
316,51,Roma,Lecce,1,1
316,52,Roma,Lecce,1,1
316,53,Roma,Lecce,1,1
316,54,Roma,Lecce,1,1
316,55,Roma,Lecce,1,1
316,56,Roma,Lecce,1,1
316,57,Roma,Lecce,1,1
316,58,Roma,Lecce,1,1
316,59,Roma,Lecce,2,1
316,60,Roma,Lecce,2,1
316,61,Roma,Lecce,2,1
316,62,Roma,Lecce,2,1
316,63,Roma,Lecce,2,1
316,64,Roma,Lecce,2,1
316,65,Roma,Lecce,2,1
316,66,Roma,Lecce,3,1
316,67,Roma,Lecce,3,1
316,68,Roma,Lecce,3,1
316,69,Roma,Lecce,3,1
316,70,Roma,Lecce,3,1
316,71,Roma,Lecce,3,1
316,72,Roma,Lecce,3,1
316,73,Roma,Lecce,3,1
316,74,Roma,Lecce,3,1
316,75,Roma,Lecce,3,1
316,76,Roma,Lecce,3,1
316,77,Roma,Lecce,3,1
316,78,Roma,Lecce,3,1
316,79,Roma,Lecce,3,1
316,80,Roma,Lecce,3,1
316,81,Roma,Lecce,3,1
316,82,Roma,Lecce,3,1
316,83,Roma,Lecce,3,1
316,84,Roma,Lecce,3,1
316,85,Roma,Lecce,3,1
316,86,Roma,Lecce,4,1
316,87,Roma,Lecce,4,1
316,88,Roma,Lecce,4,1
316,89,Roma,Lecce,4,1
316,90,Roma,Lecce,4,1
317,1,Roma,AC Milan,0,0
317,2,Roma,AC Milan,0,0
317,3,Roma,AC Milan,1,0
317,4,Roma,AC Milan,1,0
317,5,Roma,AC Milan,1,0
317,6,Roma,AC Milan,1,0
317,7,Roma,AC Milan,1,0
317,8,Roma,AC Milan,1,0
317,9,Roma,AC Milan,1,0
317,10,Roma,AC Milan,1,0
317,11,Roma,AC Milan,1,0
317,12,Roma,AC Milan,1,0
317,13,Roma,AC Milan,1,0
317,14,Roma,AC Milan,1,0
317,15,Roma,AC Milan,1,0
317,16,Roma,AC Milan,1,0
317,17,Roma,AC Milan,1,0
317,18,Roma,AC Milan,1,0
317,19,Roma,AC Milan,1,0
317,20,Roma,AC Milan,1,0
317,21,Roma,AC Milan,1,0
317,22,Roma,AC Milan,1,0
317,23,Roma,AC Milan,1,0
317,24,Roma,AC Milan,1,0
317,25,Roma,AC Milan,1,0
317,26,Roma,AC Milan,1,0
317,27,Roma,AC Milan,1,0
317,28,Roma,AC Milan,1,0
317,29,Roma,AC Milan,1,0
317,30,Roma,AC Milan,1,0
317,31,Roma,AC Milan,1,0
317,32,Roma,AC Milan,1,0
317,33,Roma,AC Milan,1,0
317,34,Roma,AC Milan,1,0
317,35,Roma,AC Milan,1,0
317,36,Roma,AC Milan,1,0
317,37,Roma,AC Milan,1,0
317,38,Roma,AC Milan,1,0
317,39,Roma,AC Milan,1,1
317,40,Roma,AC Milan,1,1
317,41,Roma,AC Milan,1,1
317,42,Roma,AC Milan,1,1
317,43,Roma,AC Milan,1,1
317,44,Roma,AC Milan,1,1
317,45,Roma,AC Milan,1,1
317,46,Roma,AC Milan,1,1
317,47,Roma,AC Milan,1,1
317,48,Roma,AC Milan,1,1
317,49,Roma,AC Milan,1,1
317,50,Roma,AC Milan,1,1
317,51,Roma,AC Milan,1,1
317,52,Roma,AC Milan,1,1
317,53,Roma,AC Milan,1,1
317,54,Roma,AC Milan,1,1
317,55,Roma,AC Milan,1,1
317,56,Roma,AC Milan,1,1
317,57,Roma,AC Milan,1,1
317,58,Roma,AC Milan,2,1
317,59,Roma,AC Milan,2,1
317,60,Roma,AC Milan,2,1
317,61,Roma,AC Milan,2,1
317,62,Roma,AC Milan,2,1
317,63,Roma,AC Milan,2,1
317,64,Roma,AC Milan,2,1
317,65,Roma,AC Milan,2,1
317,66,Roma,AC Milan,2,1
317,67,Roma,AC Milan,2,1
317,68,Roma,AC Milan,2,1
317,69,Roma,AC Milan,2,1
317,70,Roma,AC Milan,2,1
317,71,Roma,AC Milan,2,1
317,72,Roma,AC Milan,2,1
317,73,Roma,AC Milan,2,1
317,74,Roma,AC Milan,2,1
317,75,Roma,AC Milan,2,1
317,76,Roma,AC Milan,2,1
317,77,Roma,AC Milan,2,1
317,78,Roma,AC Milan,2,1
317,79,Roma,AC Milan,2,1
317,80,Roma,AC Milan,2,1
317,81,Roma,AC Milan,2,1
317,82,Roma,AC Milan,2,1
317,83,Roma,AC Milan,2,1
317,84,Roma,AC Milan,2,1
317,85,Roma,AC Milan,2,1
317,86,Roma,AC Milan,2,1
317,87,Roma,AC Milan,3,1
317,88,Roma,AC Milan,3,1
317,89,Roma,AC Milan,3,1
317,90,Roma,AC Milan,3,1
318,1,Roma,Monza,0,0
318,2,Roma,Monza,0,0
318,3,Roma,Monza,0,0
318,4,Roma,Monza,0,0
318,5,Roma,Monza,0,0
318,6,Roma,Monza,0,0
318,7,Roma,Monza,0,0
318,8,Roma,Monza,0,0
318,9,Roma,Monza,0,0
318,10,Roma,Monza,1,0
318,11,Roma,Monza,1,0
318,12,Roma,Monza,1,0
318,13,Roma,Monza,1,0
318,14,Roma,Monza,1,0
318,15,Roma,Monza,1,0
318,16,Roma,Monza,1,0
318,17,Roma,Monza,1,0
318,18,Roma,Monza,1,0
318,19,Roma,Monza,1,0
318,20,Roma,Monza,1,0
318,21,Roma,Monza,1,0
318,22,Roma,Monza,1,0
318,23,Roma,Monza,1,0
318,24,Roma,Monza,1,0
318,25,Roma,Monza,1,0
318,26,Roma,Monza,1,0
318,27,Roma,Monza,1,0
318,28,Roma,Monza,1,0
318,29,Roma,Monza,1,0
318,30,Roma,Monza,1,0
318,31,Roma,Monza,1,0
318,32,Roma,Monza,2,0
318,33,Roma,Monza,2,0
318,34,Roma,Monza,2,0
318,35,Roma,Monza,2,0
318,36,Roma,Monza,2,0
318,37,Roma,Monza,2,0
318,38,Roma,Monza,2,0
318,39,Roma,Monza,2,0
318,40,Roma,Monza,2,0
318,41,Roma,Monza,2,0
318,42,Roma,Monza,2,0
318,43,Roma,Monza,2,0
318,44,Roma,Monza,2,0
318,45,Roma,Monza,2,0
318,46,Roma,Monza,2,0
318,47,Roma,Monza,2,0
318,48,Roma,Monza,2,0
318,49,Roma,Monza,2,0
318,50,Roma,Monza,2,0
318,51,Roma,Monza,2,0
318,52,Roma,Monza,2,0
318,53,Roma,Monza,2,0
318,54,Roma,Monza,2,0
318,55,Roma,Monza,2,0
318,56,Roma,Monza,2,0
318,57,Roma,Monza,2,0
318,58,Roma,Monza,2,0
318,59,Roma,Monza,2,0
318,60,Roma,Monza,2,0
318,61,Roma,Monza,2,0
318,62,Roma,Monza,2,0
318,63,Roma,Monza,2,0
318,64,Roma,Monza,2,0
318,65,Roma,Monza,2,0
318,66,Roma,Monza,2,0
318,67,Roma,Monza,2,0
318,68,Roma,Monza,2,0
318,69,Roma,Monza,2,0
318,70,Roma,Monza,2,0
318,71,Roma,Monza,2,0
318,72,Roma,Monza,2,0
318,73,Roma,Monza,3,0
318,74,Roma,Monza,3,0
318,75,Roma,Monza,3,0
318,76,Roma,Monza,3,0
318,77,Roma,Monza,3,0
318,78,Roma,Monza,3,0
318,79,Roma,Monza,3,0
318,80,Roma,Monza,3,0
318,81,Roma,Monza,3,0
318,82,Roma,Monza,3,0
318,83,Roma,Monza,3,0
318,84,Roma,Monza,3,0
318,85,Roma,Monza,3,0
318,86,Roma,Monza,3,0
318,87,Roma,Monza,3,0
318,88,Roma,Monza,4,0
318,89,Roma,Monza,4,0
318,90,Roma,Monza,4,0
319,1,Roma,Napoli,0,0
319,2,Roma,Napoli,0,0
319,3,Roma,Napoli,0,0
319,4,Roma,Napoli,0,0
319,5,Roma,Napoli,0,0
319,6,Roma,Napoli,0,0
319,7,Roma,Napoli,0,0
319,8,Roma,Napoli,0,0
319,9,Roma,Napoli,0,0
319,10,Roma,Napoli,0,0
319,11,Roma,Napoli,0,0
319,12,Roma,Napoli,0,0
319,13,Roma,Napoli,0,0
319,14,Roma,Napoli,0,0
319,15,Roma,Napoli,0,0
319,16,Roma,Napoli,0,0
319,17,Roma,Napoli,0,0
319,18,Roma,Napoli,0,0
319,19,Roma,Napoli,0,0
319,20,Roma,Napoli,0,0
319,21,Roma,Napoli,0,0
319,22,Roma,Napoli,0,0
319,23,Roma,Napoli,0,0
319,24,Roma,Napoli,0,0
319,25,Roma,Napoli,0,0
319,26,Roma,Napoli,0,0
319,27,Roma,Napoli,0,0
319,28,Roma,Napoli,0,0
319,29,Roma,Napoli,0,1
319,30,Roma,Napoli,0,1
319,31,Roma,Napoli,0,1
319,32,Roma,Napoli,0,1
319,33,Roma,Napoli,0,1
319,34,Roma,Napoli,0,1
319,35,Roma,Napoli,0,1
319,36,Roma,Napoli,0,1
319,37,Roma,Napoli,0,1
319,38,Roma,Napoli,0,1
319,39,Roma,Napoli,0,1
319,40,Roma,Napoli,0,1
319,41,Roma,Napoli,0,1
319,42,Roma,Napoli,0,1
319,43,Roma,Napoli,0,1
319,44,Roma,Napoli,0,1
319,45,Roma,Napoli,0,1
319,46,Roma,Napoli,0,1
319,47,Roma,Napoli,0,1
319,48,Roma,Napoli,0,1
319,49,Roma,Napoli,0,1
319,50,Roma,Napoli,0,1
319,51,Roma,Napoli,0,1
319,52,Roma,Napoli,0,1
319,53,Roma,Napoli,0,1
319,54,Roma,Napoli,0,1
319,55,Roma,Napoli,0,1
319,56,Roma,Napoli,0,1
319,57,Roma,Napoli,0,1
319,58,Roma,Napoli,0,1
319,59,Roma,Napoli,0,1
319,60,Roma,Napoli,0,1
319,61,Roma,Napoli,0,1
319,62,Roma,Napoli,0,1
319,63,Roma,Napoli,0,1
319,64,Roma,Napoli,0,1
319,65,Roma,Napoli,0,1
319,66,Roma,Napoli,0,1
319,67,Roma,Napoli,0,1
319,68,Roma,Napoli,0,1
319,69,Roma,Napoli,0,1
319,70,Roma,Napoli,0,1
319,71,Roma,Napoli,0,1
319,72,Roma,Napoli,0,1
319,73,Roma,Napoli,0,1
319,74,Roma,Napoli,0,1
319,75,Roma,Napoli,0,1
319,76,Roma,Napoli,0,1
319,77,Roma,Napoli,0,1
319,78,Roma,Napoli,0,1
319,79,Roma,Napoli,0,1
319,80,Roma,Napoli,0,1
319,81,Roma,Napoli,0,1
319,82,Roma,Napoli,0,1
319,83,Roma,Napoli,0,1
319,84,Roma,Napoli,0,1
319,85,Roma,Napoli,0,1
319,86,Roma,Napoli,0,1
319,87,Roma,Napoli,0,1
319,88,Roma,Napoli,0,1
319,89,Roma,Napoli,0,1
319,90,Roma,Napoli,1,1
320,1,Roma,Parma,0,0
320,2,Roma,Parma,0,0
320,3,Roma,Parma,0,0
320,4,Roma,Parma,0,0
320,5,Roma,Parma,0,0
320,6,Roma,Parma,0,0
320,7,Roma,Parma,0,0
320,8,Roma,Parma,1,0
320,9,Roma,Parma,1,0
320,10,Roma,Parma,1,0
320,11,Roma,Parma,1,0
320,12,Roma,Parma,1,0
320,13,Roma,Parma,2,0
320,14,Roma,Parma,2,0
320,15,Roma,Parma,2,0
320,16,Roma,Parma,2,0
320,17,Roma,Parma,2,0
320,18,Roma,Parma,2,0
320,19,Roma,Parma,2,0
320,20,Roma,Parma,2,0
320,21,Roma,Parma,2,0
320,22,Roma,Parma,2,0
320,23,Roma,Parma,2,0
320,24,Roma,Parma,2,0
320,25,Roma,Parma,2,0
320,26,Roma,Parma,2,0
320,27,Roma,Parma,2,0
320,28,Roma,Parma,2,0
320,29,Roma,Parma,2,0
320,30,Roma,Parma,2,0
320,31,Roma,Parma,2,0
320,32,Roma,Parma,2,0
320,33,Roma,Parma,2,0
320,34,Roma,Parma,2,0
320,35,Roma,Parma,2,0
320,36,Roma,Parma,2,0
320,37,Roma,Parma,2,0
320,38,Roma,Parma,2,0
320,39,Roma,Parma,2,0
320,40,Roma,Parma,2,0
320,41,Roma,Parma,2,0
320,42,Roma,Parma,2,0
320,43,Roma,Parma,2,0
320,44,Roma,Parma,2,0
320,45,Roma,Parma,2,0
320,46,Roma,Parma,2,0
320,47,Roma,Parma,2,0
320,48,Roma,Parma,2,0
320,49,Roma,Parma,2,0
320,50,Roma,Parma,2,0
320,51,Roma,Parma,3,0
320,52,Roma,Parma,3,0
320,53,Roma,Parma,3,0
320,54,Roma,Parma,3,0
320,55,Roma,Parma,3,0
320,56,Roma,Parma,3,0
320,57,Roma,Parma,3,0
320,58,Roma,Parma,3,0
320,59,Roma,Parma,3,0
320,60,Roma,Parma,3,0
320,61,Roma,Parma,3,0
320,62,Roma,Parma,3,0
320,63,Roma,Parma,3,0
320,64,Roma,Parma,3,0
320,65,Roma,Parma,3,0
320,66,Roma,Parma,3,0
320,67,Roma,Parma,3,0
320,68,Roma,Parma,3,0
320,69,Roma,Parma,3,0
320,70,Roma,Parma,3,0
320,71,Roma,Parma,3,0
320,72,Roma,Parma,3,0
320,73,Roma,Parma,3,0
320,74,Roma,Parma,4,0
320,75,Roma,Parma,4,0
320,76,Roma,Parma,4,0
320,77,Roma,Parma,4,0
320,78,Roma,Parma,4,0
320,79,Roma,Parma,4,0
320,80,Roma,Parma,4,0
320,81,Roma,Parma,4,0
320,82,Roma,Parma,4,0
320,83,Roma,Parma,5,0
320,84,Roma,Parma,5,0
320,85,Roma,Parma,5,0
320,86,Roma,Parma,5,0
320,87,Roma,Parma,5,0
320,88,Roma,Parma,5,0
320,89,Roma,Parma,5,0
320,90,Roma,Parma,5,0
321,1,Roma,Torino,0,0
321,2,Roma,Torino,0,0
321,3,Roma,Torino,0,0
321,4,Roma,Torino,0,0
321,5,Roma,Torino,0,0
321,6,Roma,Torino,0,0
321,7,Roma,Torino,0,0
321,8,Roma,Torino,0,0
321,9,Roma,Torino,0,0
321,10,Roma,Torino,0,0
321,11,Roma,Torino,0,0
321,12,Roma,Torino,0,0
321,13,Roma,Torino,0,0
321,14,Roma,Torino,0,0
321,15,Roma,Torino,0,0
321,16,Roma,Torino,0,0
321,17,Roma,Torino,0,0
321,18,Roma,Torino,0,0
321,19,Roma,Torino,0,0
321,20,Roma,Torino,1,0
321,21,Roma,Torino,1,0
321,22,Roma,Torino,1,0
321,23,Roma,Torino,1,0
321,24,Roma,Torino,1,0
321,25,Roma,Torino,1,0
321,26,Roma,Torino,1,0
321,27,Roma,Torino,1,0
321,28,Roma,Torino,1,0
321,29,Roma,Torino,1,0
321,30,Roma,Torino,1,0
321,31,Roma,Torino,1,0
321,32,Roma,Torino,1,0
321,33,Roma,Torino,1,0
321,34,Roma,Torino,1,0
321,35,Roma,Torino,1,0
321,36,Roma,Torino,1,0
321,37,Roma,Torino,1,0
321,38,Roma,Torino,1,0
321,39,Roma,Torino,1,0
321,40,Roma,Torino,1,0
321,41,Roma,Torino,1,0
321,42,Roma,Torino,1,0
321,43,Roma,Torino,1,0
321,44,Roma,Torino,1,0
321,45,Roma,Torino,1,0
321,46,Roma,Torino,1,0
321,47,Roma,Torino,1,0
321,48,Roma,Torino,1,0
321,49,Roma,Torino,1,0
321,50,Roma,Torino,1,0
321,51,Roma,Torino,1,0
321,52,Roma,Torino,1,0
321,53,Roma,Torino,1,0
321,54,Roma,Torino,1,0
321,55,Roma,Torino,1,0
321,56,Roma,Torino,1,0
321,57,Roma,Torino,1,0
321,58,Roma,Torino,1,0
321,59,Roma,Torino,1,0
321,60,Roma,Torino,1,0
321,61,Roma,Torino,1,0
321,62,Roma,Torino,1,0
321,63,Roma,Torino,1,0
321,64,Roma,Torino,1,0
321,65,Roma,Torino,1,0
321,66,Roma,Torino,1,0
321,67,Roma,Torino,1,0
321,68,Roma,Torino,1,0
321,69,Roma,Torino,1,0
321,70,Roma,Torino,1,0
321,71,Roma,Torino,1,0
321,72,Roma,Torino,1,0
321,73,Roma,Torino,1,0
321,74,Roma,Torino,1,0
321,75,Roma,Torino,1,0
321,76,Roma,Torino,1,0
321,77,Roma,Torino,1,0
321,78,Roma,Torino,1,0
321,79,Roma,Torino,1,0
321,80,Roma,Torino,1,0
321,81,Roma,Torino,1,0
321,82,Roma,Torino,1,0
321,83,Roma,Torino,1,0
321,84,Roma,Torino,1,0
321,85,Roma,Torino,1,0
321,86,Roma,Torino,1,0
321,87,Roma,Torino,1,0
321,88,Roma,Torino,1,0
321,89,Roma,Torino,1,0
321,90,Roma,Torino,1,0
322,1,Roma,Udinese,0,0
322,2,Roma,Udinese,0,0
322,3,Roma,Udinese,0,0
322,4,Roma,Udinese,0,0
322,5,Roma,Udinese,0,0
322,6,Roma,Udinese,0,0
322,7,Roma,Udinese,0,0
322,8,Roma,Udinese,0,0
322,9,Roma,Udinese,0,0
322,10,Roma,Udinese,0,0
322,11,Roma,Udinese,0,0
322,12,Roma,Udinese,0,0
322,13,Roma,Udinese,0,0
322,14,Roma,Udinese,0,0
322,15,Roma,Udinese,0,0
322,16,Roma,Udinese,0,0
322,17,Roma,Udinese,0,0
322,18,Roma,Udinese,0,0
322,19,Roma,Udinese,1,0
322,20,Roma,Udinese,1,0
322,21,Roma,Udinese,1,0
322,22,Roma,Udinese,1,0
322,23,Roma,Udinese,1,0
322,24,Roma,Udinese,1,0
322,25,Roma,Udinese,1,0
322,26,Roma,Udinese,1,0
322,27,Roma,Udinese,1,0
322,28,Roma,Udinese,1,0
322,29,Roma,Udinese,1,0
322,30,Roma,Udinese,1,0
322,31,Roma,Udinese,1,0
322,32,Roma,Udinese,1,0
322,33,Roma,Udinese,1,0
322,34,Roma,Udinese,1,0
322,35,Roma,Udinese,1,0
322,36,Roma,Udinese,1,0
322,37,Roma,Udinese,1,0
322,38,Roma,Udinese,1,0
322,39,Roma,Udinese,1,0
322,40,Roma,Udinese,1,0
322,41,Roma,Udinese,1,0
322,42,Roma,Udinese,1,0
322,43,Roma,Udinese,1,0
322,44,Roma,Udinese,1,0
322,45,Roma,Udinese,1,0
322,46,Roma,Udinese,1,0
322,47,Roma,Udinese,1,0
322,48,Roma,Udinese,1,0
322,49,Roma,Udinese,2,0
322,50,Roma,Udinese,2,0
322,51,Roma,Udinese,2,0
322,52,Roma,Udinese,2,0
322,53,Roma,Udinese,2,0
322,54,Roma,Udinese,2,0
322,55,Roma,Udinese,2,0
322,56,Roma,Udinese,2,0
322,57,Roma,Udinese,2,0
322,58,Roma,Udinese,2,0
322,59,Roma,Udinese,2,0
322,60,Roma,Udinese,2,0
322,61,Roma,Udinese,2,0
322,62,Roma,Udinese,2,0
322,63,Roma,Udinese,2,0
322,64,Roma,Udinese,2,0
322,65,Roma,Udinese,2,0
322,66,Roma,Udinese,2,0
322,67,Roma,Udinese,2,0
322,68,Roma,Udinese,2,0
322,69,Roma,Udinese,2,0
322,70,Roma,Udinese,3,0
322,71,Roma,Udinese,3,0
322,72,Roma,Udinese,3,0
322,73,Roma,Udinese,3,0
322,74,Roma,Udinese,3,0
322,75,Roma,Udinese,3,0
322,76,Roma,Udinese,3,0
322,77,Roma,Udinese,3,0
322,78,Roma,Udinese,3,0
322,79,Roma,Udinese,3,0
322,80,Roma,Udinese,3,0
322,81,Roma,Udinese,3,0
322,82,Roma,Udinese,3,0
322,83,Roma,Udinese,3,0
322,84,Roma,Udinese,3,0
322,85,Roma,Udinese,3,0
322,86,Roma,Udinese,3,0
322,87,Roma,Udinese,3,0
322,88,Roma,Udinese,3,0
322,89,Roma,Udinese,3,0
322,90,Roma,Udinese,3,0
323,1,Roma,Venezia,0,0
323,2,Roma,Venezia,0,0
323,3,Roma,Venezia,0,0
323,4,Roma,Venezia,0,0
323,5,Roma,Venezia,0,0
323,6,Roma,Venezia,0,0
323,7,Roma,Venezia,0,0
323,8,Roma,Venezia,0,0
323,9,Roma,Venezia,0,0
323,10,Roma,Venezia,0,0
323,11,Roma,Venezia,0,0
323,12,Roma,Venezia,0,0
323,13,Roma,Venezia,0,0
323,14,Roma,Venezia,0,0
323,15,Roma,Venezia,0,0
323,16,Roma,Venezia,0,0
323,17,Roma,Venezia,0,0
323,18,Roma,Venezia,0,0
323,19,Roma,Venezia,0,0
323,20,Roma,Venezia,0,0
323,21,Roma,Venezia,0,0
323,22,Roma,Venezia,0,0
323,23,Roma,Venezia,0,0
323,24,Roma,Venezia,0,0
323,25,Roma,Venezia,0,0
323,26,Roma,Venezia,0,0
323,27,Roma,Venezia,0,0
323,28,Roma,Venezia,0,0
323,29,Roma,Venezia,0,0
323,30,Roma,Venezia,0,0
323,31,Roma,Venezia,0,0
323,32,Roma,Venezia,0,0
323,33,Roma,Venezia,0,0
323,34,Roma,Venezia,0,0
323,35,Roma,Venezia,0,0
323,36,Roma,Venezia,0,0
323,37,Roma,Venezia,0,0
323,38,Roma,Venezia,0,0
323,39,Roma,Venezia,0,0
323,40,Roma,Venezia,0,0
323,41,Roma,Venezia,0,0
323,42,Roma,Venezia,0,0
323,43,Roma,Venezia,0,0
323,44,Roma,Venezia,0,1
323,45,Roma,Venezia,0,1
323,46,Roma,Venezia,0,1
323,47,Roma,Venezia,0,1
323,48,Roma,Venezia,0,1
323,49,Roma,Venezia,0,1
323,50,Roma,Venezia,0,1
323,51,Roma,Venezia,0,1
323,52,Roma,Venezia,0,1
323,53,Roma,Venezia,0,1
323,54,Roma,Venezia,0,1
323,55,Roma,Venezia,0,1
323,56,Roma,Venezia,0,1
323,57,Roma,Venezia,0,1
323,58,Roma,Venezia,0,1
323,59,Roma,Venezia,0,1
323,60,Roma,Venezia,0,1
323,61,Roma,Venezia,0,1
323,62,Roma,Venezia,0,1
323,63,Roma,Venezia,0,1
323,64,Roma,Venezia,0,1
323,65,Roma,Venezia,0,1
323,66,Roma,Venezia,0,1
323,67,Roma,Venezia,0,1
323,68,Roma,Venezia,0,1
323,69,Roma,Venezia,0,1
323,70,Roma,Venezia,0,1
323,71,Roma,Venezia,0,1
323,72,Roma,Venezia,0,1
323,73,Roma,Venezia,0,1
323,74,Roma,Venezia,1,1
323,75,Roma,Venezia,1,1
323,76,Roma,Venezia,1,1
323,77,Roma,Venezia,1,1
323,78,Roma,Venezia,1,1
323,79,Roma,Venezia,1,1
323,80,Roma,Venezia,1,1
323,81,Roma,Venezia,1,1
323,82,Roma,Venezia,1,1
323,83,Roma,Venezia,2,1
323,84,Roma,Venezia,2,1
323,85,Roma,Venezia,2,1
323,86,Roma,Venezia,2,1
323,87,Roma,Venezia,2,1
323,88,Roma,Venezia,2,1
323,89,Roma,Venezia,2,1
323,90,Roma,Venezia,2,1
324,1,Torino,Atalanta,0,0
324,2,Torino,Atalanta,0,0
324,3,Torino,Atalanta,0,0
324,4,Torino,Atalanta,0,0
324,5,Torino,Atalanta,0,0
324,6,Torino,Atalanta,0,0
324,7,Torino,Atalanta,0,0
324,8,Torino,Atalanta,0,0
324,9,Torino,Atalanta,0,0
324,10,Torino,Atalanta,0,0
324,11,Torino,Atalanta,0,0
324,12,Torino,Atalanta,0,0
324,13,Torino,Atalanta,0,0
324,14,Torino,Atalanta,0,0
324,15,Torino,Atalanta,0,0
324,16,Torino,Atalanta,0,0
324,17,Torino,Atalanta,0,0
324,18,Torino,Atalanta,0,0
324,19,Torino,Atalanta,0,0
324,20,Torino,Atalanta,0,0
324,21,Torino,Atalanta,0,0
324,22,Torino,Atalanta,0,0
324,23,Torino,Atalanta,0,0
324,24,Torino,Atalanta,0,0
324,25,Torino,Atalanta,0,0
324,26,Torino,Atalanta,0,1
324,27,Torino,Atalanta,0,1
324,28,Torino,Atalanta,0,1
324,29,Torino,Atalanta,0,1
324,30,Torino,Atalanta,0,1
324,31,Torino,Atalanta,1,1
324,32,Torino,Atalanta,1,1
324,33,Torino,Atalanta,1,1
324,34,Torino,Atalanta,1,1
324,35,Torino,Atalanta,1,1
324,36,Torino,Atalanta,1,1
324,37,Torino,Atalanta,1,1
324,38,Torino,Atalanta,1,1
324,39,Torino,Atalanta,1,1
324,40,Torino,Atalanta,1,1
324,41,Torino,Atalanta,1,1
324,42,Torino,Atalanta,1,1
324,43,Torino,Atalanta,1,1
324,44,Torino,Atalanta,1,1
324,45,Torino,Atalanta,1,1
324,46,Torino,Atalanta,1,1
324,47,Torino,Atalanta,1,1
324,48,Torino,Atalanta,1,1
324,49,Torino,Atalanta,1,1
324,50,Torino,Atalanta,2,1
324,51,Torino,Atalanta,2,1
324,52,Torino,Atalanta,2,1
324,53,Torino,Atalanta,2,1
324,54,Torino,Atalanta,2,1
324,55,Torino,Atalanta,2,1
324,56,Torino,Atalanta,2,1
324,57,Torino,Atalanta,2,1
324,58,Torino,Atalanta,2,1
324,59,Torino,Atalanta,2,1
324,60,Torino,Atalanta,2,1
324,61,Torino,Atalanta,2,1
324,62,Torino,Atalanta,2,1
324,63,Torino,Atalanta,2,1
324,64,Torino,Atalanta,2,1
324,65,Torino,Atalanta,2,1
324,66,Torino,Atalanta,2,1
324,67,Torino,Atalanta,2,1
324,68,Torino,Atalanta,2,1
324,69,Torino,Atalanta,2,1
324,70,Torino,Atalanta,2,1
324,71,Torino,Atalanta,2,1
324,72,Torino,Atalanta,2,1
324,73,Torino,Atalanta,2,1
324,74,Torino,Atalanta,2,1
324,75,Torino,Atalanta,2,1
324,76,Torino,Atalanta,2,1
324,77,Torino,Atalanta,2,1
324,78,Torino,Atalanta,2,1
324,79,Torino,Atalanta,2,1
324,80,Torino,Atalanta,2,1
324,81,Torino,Atalanta,2,1
324,82,Torino,Atalanta,2,1
324,83,Torino,Atalanta,2,1
324,84,Torino,Atalanta,2,1
324,85,Torino,Atalanta,2,1
324,86,Torino,Atalanta,2,1
324,87,Torino,Atalanta,2,1
324,88,Torino,Atalanta,2,1
324,89,Torino,Atalanta,2,1
324,90,Torino,Atalanta,2,1
325,1,Torino,Bologna,0,0
325,2,Torino,Bologna,0,0
325,3,Torino,Bologna,0,0
325,4,Torino,Bologna,0,0
325,5,Torino,Bologna,0,0
325,6,Torino,Bologna,0,0
325,7,Torino,Bologna,0,0
325,8,Torino,Bologna,0,0
325,9,Torino,Bologna,0,0
325,10,Torino,Bologna,0,0
325,11,Torino,Bologna,0,0
325,12,Torino,Bologna,0,0
325,13,Torino,Bologna,0,0
325,14,Torino,Bologna,0,0
325,15,Torino,Bologna,0,0
325,16,Torino,Bologna,0,0
325,17,Torino,Bologna,0,0
325,18,Torino,Bologna,0,0
325,19,Torino,Bologna,0,0
325,20,Torino,Bologna,0,0
325,21,Torino,Bologna,0,0
325,22,Torino,Bologna,0,0
325,23,Torino,Bologna,0,0
325,24,Torino,Bologna,0,0
325,25,Torino,Bologna,0,0
325,26,Torino,Bologna,0,0
325,27,Torino,Bologna,0,0
325,28,Torino,Bologna,0,0
325,29,Torino,Bologna,0,0
325,30,Torino,Bologna,0,0
325,31,Torino,Bologna,0,0
325,32,Torino,Bologna,0,0
325,33,Torino,Bologna,0,0
325,34,Torino,Bologna,0,0
325,35,Torino,Bologna,0,0
325,36,Torino,Bologna,0,0
325,37,Torino,Bologna,0,0
325,38,Torino,Bologna,0,0
325,39,Torino,Bologna,0,0
325,40,Torino,Bologna,0,0
325,41,Torino,Bologna,0,0
325,42,Torino,Bologna,0,0
325,43,Torino,Bologna,0,0
325,44,Torino,Bologna,0,0
325,45,Torino,Bologna,0,0
325,46,Torino,Bologna,0,0
325,47,Torino,Bologna,0,0
325,48,Torino,Bologna,0,0
325,49,Torino,Bologna,0,0
325,50,Torino,Bologna,0,0
325,51,Torino,Bologna,0,0
325,52,Torino,Bologna,0,0
325,53,Torino,Bologna,0,0
325,54,Torino,Bologna,0,0
325,55,Torino,Bologna,0,0
325,56,Torino,Bologna,0,0
325,57,Torino,Bologna,0,0
325,58,Torino,Bologna,0,0
325,59,Torino,Bologna,0,0
325,60,Torino,Bologna,0,0
325,61,Torino,Bologna,0,0
325,62,Torino,Bologna,0,0
325,63,Torino,Bologna,0,0
325,64,Torino,Bologna,0,0
325,65,Torino,Bologna,0,0
325,66,Torino,Bologna,0,0
325,67,Torino,Bologna,0,0
325,68,Torino,Bologna,0,0
325,69,Torino,Bologna,0,0
325,70,Torino,Bologna,0,0
325,71,Torino,Bologna,0,1
325,72,Torino,Bologna,0,1
325,73,Torino,Bologna,0,1
325,74,Torino,Bologna,0,1
325,75,Torino,Bologna,0,1
325,76,Torino,Bologna,0,1
325,77,Torino,Bologna,0,1
325,78,Torino,Bologna,0,1
325,79,Torino,Bologna,0,1
325,80,Torino,Bologna,0,2
325,81,Torino,Bologna,0,2
325,82,Torino,Bologna,0,2
325,83,Torino,Bologna,0,2
325,84,Torino,Bologna,0,2
325,85,Torino,Bologna,0,2
325,86,Torino,Bologna,0,2
325,87,Torino,Bologna,0,2
325,88,Torino,Bologna,0,2
325,89,Torino,Bologna,0,2
325,90,Torino,Bologna,0,2
326,1,Torino,Cagliari,0,0
326,2,Torino,Cagliari,0,0
326,3,Torino,Cagliari,0,0
326,4,Torino,Cagliari,0,0
326,5,Torino,Cagliari,0,0
326,6,Torino,Cagliari,1,0
326,7,Torino,Cagliari,1,0
326,8,Torino,Cagliari,1,0
326,9,Torino,Cagliari,1,0
326,10,Torino,Cagliari,1,0
326,11,Torino,Cagliari,1,0
326,12,Torino,Cagliari,1,0
326,13,Torino,Cagliari,1,0
326,14,Torino,Cagliari,1,0
326,15,Torino,Cagliari,1,0
326,16,Torino,Cagliari,1,0
326,17,Torino,Cagliari,1,0
326,18,Torino,Cagliari,1,0
326,19,Torino,Cagliari,1,0
326,20,Torino,Cagliari,1,0
326,21,Torino,Cagliari,1,0
326,22,Torino,Cagliari,1,0
326,23,Torino,Cagliari,1,0
326,24,Torino,Cagliari,1,0
326,25,Torino,Cagliari,1,0
326,26,Torino,Cagliari,1,0
326,27,Torino,Cagliari,1,0
326,28,Torino,Cagliari,1,0
326,29,Torino,Cagliari,1,0
326,30,Torino,Cagliari,1,0
326,31,Torino,Cagliari,1,0
326,32,Torino,Cagliari,1,0
326,33,Torino,Cagliari,1,0
326,34,Torino,Cagliari,1,0
326,35,Torino,Cagliari,1,0
326,36,Torino,Cagliari,1,0
326,37,Torino,Cagliari,1,0
326,38,Torino,Cagliari,1,0
326,39,Torino,Cagliari,1,0
326,40,Torino,Cagliari,1,0
326,41,Torino,Cagliari,1,0
326,42,Torino,Cagliari,1,0
326,43,Torino,Cagliari,1,0
326,44,Torino,Cagliari,1,0
326,45,Torino,Cagliari,1,0
326,46,Torino,Cagliari,1,0
326,47,Torino,Cagliari,1,0
326,48,Torino,Cagliari,1,0
326,49,Torino,Cagliari,1,0
326,50,Torino,Cagliari,1,0
326,51,Torino,Cagliari,1,0
326,52,Torino,Cagliari,1,0
326,53,Torino,Cagliari,1,0
326,54,Torino,Cagliari,1,0
326,55,Torino,Cagliari,1,0
326,56,Torino,Cagliari,1,0
326,57,Torino,Cagliari,1,0
326,58,Torino,Cagliari,1,0
326,59,Torino,Cagliari,1,0
326,60,Torino,Cagliari,1,0
326,61,Torino,Cagliari,2,0
326,62,Torino,Cagliari,2,0
326,63,Torino,Cagliari,2,0
326,64,Torino,Cagliari,2,0
326,65,Torino,Cagliari,2,0
326,66,Torino,Cagliari,2,0
326,67,Torino,Cagliari,2,0
326,68,Torino,Cagliari,2,0
326,69,Torino,Cagliari,2,0
326,70,Torino,Cagliari,2,0
326,71,Torino,Cagliari,2,0
326,72,Torino,Cagliari,2,0
326,73,Torino,Cagliari,2,0
326,74,Torino,Cagliari,2,0
326,75,Torino,Cagliari,2,0
326,76,Torino,Cagliari,2,0
326,77,Torino,Cagliari,2,0
326,78,Torino,Cagliari,2,0
326,79,Torino,Cagliari,2,0
326,80,Torino,Cagliari,2,0
326,81,Torino,Cagliari,2,0
326,82,Torino,Cagliari,2,0
326,83,Torino,Cagliari,2,0
326,84,Torino,Cagliari,2,0
326,85,Torino,Cagliari,2,0
326,86,Torino,Cagliari,2,0
326,87,Torino,Cagliari,2,0
326,88,Torino,Cagliari,2,0
326,89,Torino,Cagliari,2,0
326,90,Torino,Cagliari,2,0
327,1,Torino,Como,0,0
327,2,Torino,Como,0,0
327,3,Torino,Como,0,0
327,4,Torino,Como,0,0
327,5,Torino,Como,0,0
327,6,Torino,Como,0,0
327,7,Torino,Como,0,0
327,8,Torino,Como,0,0
327,9,Torino,Como,0,0
327,10,Torino,Como,0,0
327,11,Torino,Como,0,0
327,12,Torino,Como,0,0
327,13,Torino,Como,0,0
327,14,Torino,Como,0,0
327,15,Torino,Como,0,0
327,16,Torino,Como,0,0
327,17,Torino,Como,0,0
327,18,Torino,Como,0,0
327,19,Torino,Como,0,0
327,20,Torino,Como,0,0
327,21,Torino,Como,0,0
327,22,Torino,Como,0,0
327,23,Torino,Como,0,0
327,24,Torino,Como,0,0
327,25,Torino,Como,0,0
327,26,Torino,Como,0,0
327,27,Torino,Como,0,0
327,28,Torino,Como,0,0
327,29,Torino,Como,0,0
327,30,Torino,Como,0,0
327,31,Torino,Como,0,0
327,32,Torino,Como,0,0
327,33,Torino,Como,0,0
327,34,Torino,Como,0,0
327,35,Torino,Como,0,0
327,36,Torino,Como,0,0
327,37,Torino,Como,0,0
327,38,Torino,Como,0,0
327,39,Torino,Como,0,0
327,40,Torino,Como,0,0
327,41,Torino,Como,0,0
327,42,Torino,Como,0,0
327,43,Torino,Como,0,0
327,44,Torino,Como,0,0
327,45,Torino,Como,0,0
327,46,Torino,Como,0,0
327,47,Torino,Como,0,0
327,48,Torino,Como,0,0
327,49,Torino,Como,0,0
327,50,Torino,Como,0,0
327,51,Torino,Como,0,0
327,52,Torino,Como,0,0
327,53,Torino,Como,0,0
327,54,Torino,Como,0,0
327,55,Torino,Como,0,0
327,56,Torino,Como,0,0
327,57,Torino,Como,0,0
327,58,Torino,Como,0,0
327,59,Torino,Como,0,0
327,60,Torino,Como,0,0
327,61,Torino,Como,0,0
327,62,Torino,Como,0,0
327,63,Torino,Como,0,0
327,64,Torino,Como,0,0
327,65,Torino,Como,0,0
327,66,Torino,Como,0,0
327,67,Torino,Como,0,0
327,68,Torino,Como,0,0
327,69,Torino,Como,0,0
327,70,Torino,Como,0,0
327,71,Torino,Como,0,0
327,72,Torino,Como,0,0
327,73,Torino,Como,0,0
327,74,Torino,Como,0,0
327,75,Torino,Como,1,0
327,76,Torino,Como,1,0
327,77,Torino,Como,1,0
327,78,Torino,Como,1,0
327,79,Torino,Como,1,0
327,80,Torino,Como,1,0
327,81,Torino,Como,1,0
327,82,Torino,Como,1,0
327,83,Torino,Como,1,0
327,84,Torino,Como,1,0
327,85,Torino,Como,1,0
327,86,Torino,Como,1,0
327,87,Torino,Como,1,0
327,88,Torino,Como,1,0
327,89,Torino,Como,1,0
327,90,Torino,Como,1,0
328,1,Torino,Empoli,0,0
328,2,Torino,Empoli,0,0
328,3,Torino,Empoli,0,0
328,4,Torino,Empoli,0,0
328,5,Torino,Empoli,0,0
328,6,Torino,Empoli,0,0
328,7,Torino,Empoli,0,0
328,8,Torino,Empoli,0,0
328,9,Torino,Empoli,0,0
328,10,Torino,Empoli,0,0
328,11,Torino,Empoli,0,0
328,12,Torino,Empoli,0,0
328,13,Torino,Empoli,0,0
328,14,Torino,Empoli,0,0
328,15,Torino,Empoli,0,0
328,16,Torino,Empoli,0,0
328,17,Torino,Empoli,0,0
328,18,Torino,Empoli,0,0
328,19,Torino,Empoli,0,0
328,20,Torino,Empoli,0,0
328,21,Torino,Empoli,0,0
328,22,Torino,Empoli,0,0
328,23,Torino,Empoli,0,0
328,24,Torino,Empoli,0,0
328,25,Torino,Empoli,0,0
328,26,Torino,Empoli,0,0
328,27,Torino,Empoli,0,0
328,28,Torino,Empoli,0,0
328,29,Torino,Empoli,0,0
328,30,Torino,Empoli,0,0
328,31,Torino,Empoli,0,0
328,32,Torino,Empoli,0,0
328,33,Torino,Empoli,0,0
328,34,Torino,Empoli,0,0
328,35,Torino,Empoli,0,0
328,36,Torino,Empoli,0,0
328,37,Torino,Empoli,0,0
328,38,Torino,Empoli,0,0
328,39,Torino,Empoli,0,0
328,40,Torino,Empoli,0,0
328,41,Torino,Empoli,0,0
328,42,Torino,Empoli,0,0
328,43,Torino,Empoli,0,0
328,44,Torino,Empoli,0,0
328,45,Torino,Empoli,0,0
328,46,Torino,Empoli,0,0
328,47,Torino,Empoli,0,0
328,48,Torino,Empoli,0,0
328,49,Torino,Empoli,0,0
328,50,Torino,Empoli,0,0
328,51,Torino,Empoli,0,0
328,52,Torino,Empoli,0,0
328,53,Torino,Empoli,0,0
328,54,Torino,Empoli,0,0
328,55,Torino,Empoli,0,0
328,56,Torino,Empoli,0,0
328,57,Torino,Empoli,0,0
328,58,Torino,Empoli,0,0
328,59,Torino,Empoli,0,0
328,60,Torino,Empoli,0,0
328,61,Torino,Empoli,0,0
328,62,Torino,Empoli,0,0
328,63,Torino,Empoli,0,0
328,64,Torino,Empoli,0,0
328,65,Torino,Empoli,0,0
328,66,Torino,Empoli,0,0
328,67,Torino,Empoli,0,0
328,68,Torino,Empoli,0,0
328,69,Torino,Empoli,0,0
328,70,Torino,Empoli,1,0
328,71,Torino,Empoli,1,0
328,72,Torino,Empoli,1,0
328,73,Torino,Empoli,1,0
328,74,Torino,Empoli,1,0
328,75,Torino,Empoli,1,0
328,76,Torino,Empoli,1,0
328,77,Torino,Empoli,1,0
328,78,Torino,Empoli,1,0
328,79,Torino,Empoli,1,0
328,80,Torino,Empoli,1,0
328,81,Torino,Empoli,1,0
328,82,Torino,Empoli,1,0
328,83,Torino,Empoli,1,0
328,84,Torino,Empoli,1,0
328,85,Torino,Empoli,1,0
328,86,Torino,Empoli,1,0
328,87,Torino,Empoli,1,0
328,88,Torino,Empoli,1,0
328,89,Torino,Empoli,1,0
328,90,Torino,Empoli,1,0
329,1,Torino,Fiorentina,0,0
329,2,Torino,Fiorentina,0,0
329,3,Torino,Fiorentina,0,0
329,4,Torino,Fiorentina,0,0
329,5,Torino,Fiorentina,0,0
329,6,Torino,Fiorentina,0,0
329,7,Torino,Fiorentina,0,0
329,8,Torino,Fiorentina,0,0
329,9,Torino,Fiorentina,0,0
329,10,Torino,Fiorentina,0,0
329,11,Torino,Fiorentina,0,0
329,12,Torino,Fiorentina,0,0
329,13,Torino,Fiorentina,0,0
329,14,Torino,Fiorentina,0,0
329,15,Torino,Fiorentina,0,0
329,16,Torino,Fiorentina,0,0
329,17,Torino,Fiorentina,0,0
329,18,Torino,Fiorentina,0,0
329,19,Torino,Fiorentina,0,0
329,20,Torino,Fiorentina,0,0
329,21,Torino,Fiorentina,0,0
329,22,Torino,Fiorentina,0,0
329,23,Torino,Fiorentina,0,0
329,24,Torino,Fiorentina,0,0
329,25,Torino,Fiorentina,0,0
329,26,Torino,Fiorentina,0,0
329,27,Torino,Fiorentina,0,0
329,28,Torino,Fiorentina,0,0
329,29,Torino,Fiorentina,0,0
329,30,Torino,Fiorentina,0,0
329,31,Torino,Fiorentina,0,0
329,32,Torino,Fiorentina,0,0
329,33,Torino,Fiorentina,0,0
329,34,Torino,Fiorentina,0,0
329,35,Torino,Fiorentina,0,0
329,36,Torino,Fiorentina,0,0
329,37,Torino,Fiorentina,0,0
329,38,Torino,Fiorentina,0,0
329,39,Torino,Fiorentina,0,0
329,40,Torino,Fiorentina,0,0
329,41,Torino,Fiorentina,0,1
329,42,Torino,Fiorentina,0,1
329,43,Torino,Fiorentina,0,1
329,44,Torino,Fiorentina,0,1
329,45,Torino,Fiorentina,0,1
329,46,Torino,Fiorentina,0,1
329,47,Torino,Fiorentina,0,1
329,48,Torino,Fiorentina,0,1
329,49,Torino,Fiorentina,0,1
329,50,Torino,Fiorentina,0,1
329,51,Torino,Fiorentina,0,1
329,52,Torino,Fiorentina,0,1
329,53,Torino,Fiorentina,0,1
329,54,Torino,Fiorentina,0,1
329,55,Torino,Fiorentina,0,1
329,56,Torino,Fiorentina,0,1
329,57,Torino,Fiorentina,0,1
329,58,Torino,Fiorentina,0,1
329,59,Torino,Fiorentina,0,1
329,60,Torino,Fiorentina,0,1
329,61,Torino,Fiorentina,0,1
329,62,Torino,Fiorentina,0,1
329,63,Torino,Fiorentina,0,1
329,64,Torino,Fiorentina,0,1
329,65,Torino,Fiorentina,0,1
329,66,Torino,Fiorentina,0,1
329,67,Torino,Fiorentina,0,1
329,68,Torino,Fiorentina,0,1
329,69,Torino,Fiorentina,0,1
329,70,Torino,Fiorentina,0,1
329,71,Torino,Fiorentina,0,1
329,72,Torino,Fiorentina,0,1
329,73,Torino,Fiorentina,0,1
329,74,Torino,Fiorentina,0,1
329,75,Torino,Fiorentina,0,1
329,76,Torino,Fiorentina,0,1
329,77,Torino,Fiorentina,0,1
329,78,Torino,Fiorentina,0,1
329,79,Torino,Fiorentina,0,1
329,80,Torino,Fiorentina,0,1
329,81,Torino,Fiorentina,0,1
329,82,Torino,Fiorentina,0,1
329,83,Torino,Fiorentina,0,1
329,84,Torino,Fiorentina,0,1
329,85,Torino,Fiorentina,0,1
329,86,Torino,Fiorentina,0,1
329,87,Torino,Fiorentina,0,1
329,88,Torino,Fiorentina,0,1
329,89,Torino,Fiorentina,0,1
329,90,Torino,Fiorentina,0,1
330,1,Torino,Genoa,0,0
330,2,Torino,Genoa,0,0
330,3,Torino,Genoa,0,0
330,4,Torino,Genoa,0,0
330,5,Torino,Genoa,0,0
330,6,Torino,Genoa,0,0
330,7,Torino,Genoa,0,0
330,8,Torino,Genoa,0,0
330,9,Torino,Genoa,0,0
330,10,Torino,Genoa,0,0
330,11,Torino,Genoa,0,0
330,12,Torino,Genoa,0,0
330,13,Torino,Genoa,0,0
330,14,Torino,Genoa,0,0
330,15,Torino,Genoa,0,0
330,16,Torino,Genoa,0,0
330,17,Torino,Genoa,0,0
330,18,Torino,Genoa,0,0
330,19,Torino,Genoa,0,0
330,20,Torino,Genoa,0,0
330,21,Torino,Genoa,0,0
330,22,Torino,Genoa,0,0
330,23,Torino,Genoa,0,0
330,24,Torino,Genoa,0,0
330,25,Torino,Genoa,0,0
330,26,Torino,Genoa,0,0
330,27,Torino,Genoa,0,0
330,28,Torino,Genoa,0,0
330,29,Torino,Genoa,0,0
330,30,Torino,Genoa,0,0
330,31,Torino,Genoa,0,0
330,32,Torino,Genoa,0,0
330,33,Torino,Genoa,0,0
330,34,Torino,Genoa,0,0
330,35,Torino,Genoa,0,0
330,36,Torino,Genoa,0,0
330,37,Torino,Genoa,0,0
330,38,Torino,Genoa,0,0
330,39,Torino,Genoa,0,0
330,40,Torino,Genoa,0,0
330,41,Torino,Genoa,0,0
330,42,Torino,Genoa,0,0
330,43,Torino,Genoa,0,0
330,44,Torino,Genoa,0,0
330,45,Torino,Genoa,1,0
330,46,Torino,Genoa,1,0
330,47,Torino,Genoa,1,0
330,48,Torino,Genoa,1,0
330,49,Torino,Genoa,1,0
330,50,Torino,Genoa,1,0
330,51,Torino,Genoa,1,0
330,52,Torino,Genoa,1,0
330,53,Torino,Genoa,1,0
330,54,Torino,Genoa,1,0
330,55,Torino,Genoa,1,0
330,56,Torino,Genoa,1,0
330,57,Torino,Genoa,1,0
330,58,Torino,Genoa,1,0
330,59,Torino,Genoa,1,0
330,60,Torino,Genoa,1,0
330,61,Torino,Genoa,1,0
330,62,Torino,Genoa,1,0
330,63,Torino,Genoa,1,0
330,64,Torino,Genoa,1,0
330,65,Torino,Genoa,1,0
330,66,Torino,Genoa,1,0
330,67,Torino,Genoa,1,0
330,68,Torino,Genoa,1,1
330,69,Torino,Genoa,1,1
330,70,Torino,Genoa,1,1
330,71,Torino,Genoa,1,1
330,72,Torino,Genoa,1,1
330,73,Torino,Genoa,1,1
330,74,Torino,Genoa,1,1
330,75,Torino,Genoa,1,1
330,76,Torino,Genoa,1,1
330,77,Torino,Genoa,1,1
330,78,Torino,Genoa,1,1
330,79,Torino,Genoa,1,1
330,80,Torino,Genoa,1,1
330,81,Torino,Genoa,1,1
330,82,Torino,Genoa,1,1
330,83,Torino,Genoa,1,1
330,84,Torino,Genoa,1,1
330,85,Torino,Genoa,1,1
330,86,Torino,Genoa,1,1
330,87,Torino,Genoa,1,1
330,88,Torino,Genoa,1,1
330,89,Torino,Genoa,1,1
330,90,Torino,Genoa,1,1
331,1,Torino,Hellas Verona,0,0
331,2,Torino,Hellas Verona,0,0
331,3,Torino,Hellas Verona,0,0
331,4,Torino,Hellas Verona,0,0
331,5,Torino,Hellas Verona,0,0
331,6,Torino,Hellas Verona,0,0
331,7,Torino,Hellas Verona,0,0
331,8,Torino,Hellas Verona,0,0
331,9,Torino,Hellas Verona,0,0
331,10,Torino,Hellas Verona,0,0
331,11,Torino,Hellas Verona,0,0
331,12,Torino,Hellas Verona,0,0
331,13,Torino,Hellas Verona,0,0
331,14,Torino,Hellas Verona,0,0
331,15,Torino,Hellas Verona,0,0
331,16,Torino,Hellas Verona,0,0
331,17,Torino,Hellas Verona,0,0
331,18,Torino,Hellas Verona,0,0
331,19,Torino,Hellas Verona,0,0
331,20,Torino,Hellas Verona,0,0
331,21,Torino,Hellas Verona,0,0
331,22,Torino,Hellas Verona,0,0
331,23,Torino,Hellas Verona,0,0
331,24,Torino,Hellas Verona,0,0
331,25,Torino,Hellas Verona,0,0
331,26,Torino,Hellas Verona,0,0
331,27,Torino,Hellas Verona,0,0
331,28,Torino,Hellas Verona,0,0
331,29,Torino,Hellas Verona,0,0
331,30,Torino,Hellas Verona,0,0
331,31,Torino,Hellas Verona,0,0
331,32,Torino,Hellas Verona,0,0
331,33,Torino,Hellas Verona,0,0
331,34,Torino,Hellas Verona,0,0
331,35,Torino,Hellas Verona,0,0
331,36,Torino,Hellas Verona,0,0
331,37,Torino,Hellas Verona,0,0
331,38,Torino,Hellas Verona,0,0
331,39,Torino,Hellas Verona,0,0
331,40,Torino,Hellas Verona,0,0
331,41,Torino,Hellas Verona,0,0
331,42,Torino,Hellas Verona,0,0
331,43,Torino,Hellas Verona,0,0
331,44,Torino,Hellas Verona,0,0
331,45,Torino,Hellas Verona,0,0
331,46,Torino,Hellas Verona,0,0
331,47,Torino,Hellas Verona,0,0
331,48,Torino,Hellas Verona,0,0
331,49,Torino,Hellas Verona,0,0
331,50,Torino,Hellas Verona,0,0
331,51,Torino,Hellas Verona,0,0
331,52,Torino,Hellas Verona,0,0
331,53,Torino,Hellas Verona,0,0
331,54,Torino,Hellas Verona,0,0
331,55,Torino,Hellas Verona,0,0
331,56,Torino,Hellas Verona,0,0
331,57,Torino,Hellas Verona,0,0
331,58,Torino,Hellas Verona,0,0
331,59,Torino,Hellas Verona,0,0
331,60,Torino,Hellas Verona,0,0
331,61,Torino,Hellas Verona,0,0
331,62,Torino,Hellas Verona,0,0
331,63,Torino,Hellas Verona,0,0
331,64,Torino,Hellas Verona,0,1
331,65,Torino,Hellas Verona,0,1
331,66,Torino,Hellas Verona,0,1
331,67,Torino,Hellas Verona,1,1
331,68,Torino,Hellas Verona,1,1
331,69,Torino,Hellas Verona,1,1
331,70,Torino,Hellas Verona,1,1
331,71,Torino,Hellas Verona,1,1
331,72,Torino,Hellas Verona,1,1
331,73,Torino,Hellas Verona,1,1
331,74,Torino,Hellas Verona,1,1
331,75,Torino,Hellas Verona,1,1
331,76,Torino,Hellas Verona,1,1
331,77,Torino,Hellas Verona,1,1
331,78,Torino,Hellas Verona,1,1
331,79,Torino,Hellas Verona,1,1
331,80,Torino,Hellas Verona,1,1
331,81,Torino,Hellas Verona,1,1
331,82,Torino,Hellas Verona,1,1
331,83,Torino,Hellas Verona,1,1
331,84,Torino,Hellas Verona,1,1
331,85,Torino,Hellas Verona,1,1
331,86,Torino,Hellas Verona,1,1
331,87,Torino,Hellas Verona,1,1
331,88,Torino,Hellas Verona,1,1
331,89,Torino,Hellas Verona,1,1
331,90,Torino,Hellas Verona,1,1
332,1,Torino,Inter Milan,0,0
332,2,Torino,Inter Milan,0,0
332,3,Torino,Inter Milan,0,0
332,4,Torino,Inter Milan,0,0
332,5,Torino,Inter Milan,0,0
332,6,Torino,Inter Milan,0,0
332,7,Torino,Inter Milan,0,0
332,8,Torino,Inter Milan,0,0
332,9,Torino,Inter Milan,0,0
332,10,Torino,Inter Milan,0,0
332,11,Torino,Inter Milan,0,0
332,12,Torino,Inter Milan,0,0
332,13,Torino,Inter Milan,0,0
332,14,Torino,Inter Milan,0,1
332,15,Torino,Inter Milan,0,1
332,16,Torino,Inter Milan,0,1
332,17,Torino,Inter Milan,0,1
332,18,Torino,Inter Milan,0,1
332,19,Torino,Inter Milan,0,1
332,20,Torino,Inter Milan,0,1
332,21,Torino,Inter Milan,0,1
332,22,Torino,Inter Milan,0,1
332,23,Torino,Inter Milan,0,1
332,24,Torino,Inter Milan,0,1
332,25,Torino,Inter Milan,0,1
332,26,Torino,Inter Milan,0,1
332,27,Torino,Inter Milan,0,1
332,28,Torino,Inter Milan,0,1
332,29,Torino,Inter Milan,0,1
332,30,Torino,Inter Milan,0,1
332,31,Torino,Inter Milan,0,1
332,32,Torino,Inter Milan,0,1
332,33,Torino,Inter Milan,0,1
332,34,Torino,Inter Milan,0,1
332,35,Torino,Inter Milan,0,1
332,36,Torino,Inter Milan,0,1
332,37,Torino,Inter Milan,0,1
332,38,Torino,Inter Milan,0,1
332,39,Torino,Inter Milan,0,1
332,40,Torino,Inter Milan,0,1
332,41,Torino,Inter Milan,0,1
332,42,Torino,Inter Milan,0,1
332,43,Torino,Inter Milan,0,1
332,44,Torino,Inter Milan,0,1
332,45,Torino,Inter Milan,0,1
332,46,Torino,Inter Milan,0,1
332,47,Torino,Inter Milan,0,1
332,48,Torino,Inter Milan,0,1
332,49,Torino,Inter Milan,0,2
332,50,Torino,Inter Milan,0,2
332,51,Torino,Inter Milan,0,2
332,52,Torino,Inter Milan,0,2
332,53,Torino,Inter Milan,0,2
332,54,Torino,Inter Milan,0,2
332,55,Torino,Inter Milan,0,2
332,56,Torino,Inter Milan,0,2
332,57,Torino,Inter Milan,0,2
332,58,Torino,Inter Milan,0,2
332,59,Torino,Inter Milan,0,2
332,60,Torino,Inter Milan,0,2
332,61,Torino,Inter Milan,0,2
332,62,Torino,Inter Milan,0,2
332,63,Torino,Inter Milan,0,2
332,64,Torino,Inter Milan,0,2
332,65,Torino,Inter Milan,0,2
332,66,Torino,Inter Milan,0,2
332,67,Torino,Inter Milan,0,2
332,68,Torino,Inter Milan,0,2
332,69,Torino,Inter Milan,0,2
332,70,Torino,Inter Milan,0,2
332,71,Torino,Inter Milan,0,2
332,72,Torino,Inter Milan,0,2
332,73,Torino,Inter Milan,0,2
332,74,Torino,Inter Milan,0,2
332,75,Torino,Inter Milan,0,2
332,76,Torino,Inter Milan,0,2
332,77,Torino,Inter Milan,0,2
332,78,Torino,Inter Milan,0,2
332,79,Torino,Inter Milan,0,2
332,80,Torino,Inter Milan,0,2
332,81,Torino,Inter Milan,0,2
332,82,Torino,Inter Milan,0,2
332,83,Torino,Inter Milan,0,2
332,84,Torino,Inter Milan,0,2
332,85,Torino,Inter Milan,0,2
332,86,Torino,Inter Milan,0,2
332,87,Torino,Inter Milan,0,2
332,88,Torino,Inter Milan,0,2
332,89,Torino,Inter Milan,0,2
332,90,Torino,Inter Milan,0,2
333,1,Torino,Juventus,0,0
333,2,Torino,Juventus,0,0
333,3,Torino,Juventus,0,0
333,4,Torino,Juventus,0,0
333,5,Torino,Juventus,0,0
333,6,Torino,Juventus,0,0
333,7,Torino,Juventus,0,0
333,8,Torino,Juventus,0,1
333,9,Torino,Juventus,0,1
333,10,Torino,Juventus,0,1
333,11,Torino,Juventus,0,1
333,12,Torino,Juventus,0,1
333,13,Torino,Juventus,0,1
333,14,Torino,Juventus,0,1
333,15,Torino,Juventus,0,1
333,16,Torino,Juventus,0,1
333,17,Torino,Juventus,0,1
333,18,Torino,Juventus,0,1
333,19,Torino,Juventus,0,1
333,20,Torino,Juventus,0,1
333,21,Torino,Juventus,0,1
333,22,Torino,Juventus,0,1
333,23,Torino,Juventus,0,1
333,24,Torino,Juventus,0,1
333,25,Torino,Juventus,0,1
333,26,Torino,Juventus,0,1
333,27,Torino,Juventus,0,1
333,28,Torino,Juventus,0,1
333,29,Torino,Juventus,0,1
333,30,Torino,Juventus,0,1
333,31,Torino,Juventus,0,1
333,32,Torino,Juventus,0,1
333,33,Torino,Juventus,0,1
333,34,Torino,Juventus,0,1
333,35,Torino,Juventus,0,1
333,36,Torino,Juventus,0,1
333,37,Torino,Juventus,0,1
333,38,Torino,Juventus,0,1
333,39,Torino,Juventus,0,1
333,40,Torino,Juventus,0,1
333,41,Torino,Juventus,0,1
333,42,Torino,Juventus,0,1
333,43,Torino,Juventus,0,1
333,44,Torino,Juventus,0,1
333,45,Torino,Juventus,1,1
333,46,Torino,Juventus,1,1
333,47,Torino,Juventus,1,1
333,48,Torino,Juventus,1,1
333,49,Torino,Juventus,1,1
333,50,Torino,Juventus,1,1
333,51,Torino,Juventus,1,1
333,52,Torino,Juventus,1,1
333,53,Torino,Juventus,1,1
333,54,Torino,Juventus,1,1
333,55,Torino,Juventus,1,1
333,56,Torino,Juventus,1,1
333,57,Torino,Juventus,1,1
333,58,Torino,Juventus,1,1
333,59,Torino,Juventus,1,1
333,60,Torino,Juventus,1,1
333,61,Torino,Juventus,1,1
333,62,Torino,Juventus,1,1
333,63,Torino,Juventus,1,1
333,64,Torino,Juventus,1,1
333,65,Torino,Juventus,1,1
333,66,Torino,Juventus,1,1
333,67,Torino,Juventus,1,1
333,68,Torino,Juventus,1,1
333,69,Torino,Juventus,1,1
333,70,Torino,Juventus,1,1
333,71,Torino,Juventus,1,1
333,72,Torino,Juventus,1,1
333,73,Torino,Juventus,1,1
333,74,Torino,Juventus,1,1
333,75,Torino,Juventus,1,1
333,76,Torino,Juventus,1,1
333,77,Torino,Juventus,1,1
333,78,Torino,Juventus,1,1
333,79,Torino,Juventus,1,1
333,80,Torino,Juventus,1,1
333,81,Torino,Juventus,1,1
333,82,Torino,Juventus,1,1
333,83,Torino,Juventus,1,1
333,84,Torino,Juventus,1,1
333,85,Torino,Juventus,1,1
333,86,Torino,Juventus,1,1
333,87,Torino,Juventus,1,1
333,88,Torino,Juventus,1,1
333,89,Torino,Juventus,1,1
333,90,Torino,Juventus,1,1
334,1,Torino,Lazio,0,0
334,2,Torino,Lazio,0,0
334,3,Torino,Lazio,0,0
334,4,Torino,Lazio,0,0
334,5,Torino,Lazio,0,0
334,6,Torino,Lazio,0,0
334,7,Torino,Lazio,0,0
334,8,Torino,Lazio,0,1
334,9,Torino,Lazio,0,1
334,10,Torino,Lazio,0,1
334,11,Torino,Lazio,0,1
334,12,Torino,Lazio,0,1
334,13,Torino,Lazio,0,1
334,14,Torino,Lazio,0,1
334,15,Torino,Lazio,0,1
334,16,Torino,Lazio,0,1
334,17,Torino,Lazio,0,1
334,18,Torino,Lazio,0,1
334,19,Torino,Lazio,0,1
334,20,Torino,Lazio,0,1
334,21,Torino,Lazio,0,1
334,22,Torino,Lazio,0,1
334,23,Torino,Lazio,0,1
334,24,Torino,Lazio,0,1
334,25,Torino,Lazio,0,1
334,26,Torino,Lazio,0,1
334,27,Torino,Lazio,0,1
334,28,Torino,Lazio,0,1
334,29,Torino,Lazio,0,1
334,30,Torino,Lazio,0,1
334,31,Torino,Lazio,0,1
334,32,Torino,Lazio,0,1
334,33,Torino,Lazio,0,1
334,34,Torino,Lazio,0,1
334,35,Torino,Lazio,0,1
334,36,Torino,Lazio,0,1
334,37,Torino,Lazio,0,1
334,38,Torino,Lazio,0,1
334,39,Torino,Lazio,0,1
334,40,Torino,Lazio,0,1
334,41,Torino,Lazio,0,1
334,42,Torino,Lazio,0,1
334,43,Torino,Lazio,0,1
334,44,Torino,Lazio,0,1
334,45,Torino,Lazio,0,1
334,46,Torino,Lazio,0,1
334,47,Torino,Lazio,0,1
334,48,Torino,Lazio,0,1
334,49,Torino,Lazio,0,1
334,50,Torino,Lazio,0,1
334,51,Torino,Lazio,0,1
334,52,Torino,Lazio,0,1
334,53,Torino,Lazio,0,1
334,54,Torino,Lazio,0,1
334,55,Torino,Lazio,0,1
334,56,Torino,Lazio,0,1
334,57,Torino,Lazio,0,1
334,58,Torino,Lazio,0,1
334,59,Torino,Lazio,0,1
334,60,Torino,Lazio,0,2
334,61,Torino,Lazio,0,2
334,62,Torino,Lazio,0,2
334,63,Torino,Lazio,0,2
334,64,Torino,Lazio,0,2
334,65,Torino,Lazio,0,2
334,66,Torino,Lazio,0,2
334,67,Torino,Lazio,1,2
334,68,Torino,Lazio,1,2
334,69,Torino,Lazio,1,2
334,70,Torino,Lazio,1,2
334,71,Torino,Lazio,1,2
334,72,Torino,Lazio,1,2
334,73,Torino,Lazio,1,2
334,74,Torino,Lazio,1,2
334,75,Torino,Lazio,1,2
334,76,Torino,Lazio,1,2
334,77,Torino,Lazio,1,2
334,78,Torino,Lazio,1,2
334,79,Torino,Lazio,1,2
334,80,Torino,Lazio,1,2
334,81,Torino,Lazio,1,2
334,82,Torino,Lazio,1,2
334,83,Torino,Lazio,1,2
334,84,Torino,Lazio,1,2
334,85,Torino,Lazio,1,2
334,86,Torino,Lazio,1,2
334,87,Torino,Lazio,1,2
334,88,Torino,Lazio,1,2
334,89,Torino,Lazio,1,3
334,90,Torino,Lazio,2,3
335,1,Torino,Lecce,0,0
335,2,Torino,Lecce,0,0
335,3,Torino,Lecce,0,0
335,4,Torino,Lecce,0,0
335,5,Torino,Lecce,0,0
335,6,Torino,Lecce,0,0
335,7,Torino,Lecce,0,0
335,8,Torino,Lecce,0,0
335,9,Torino,Lecce,0,0
335,10,Torino,Lecce,0,0
335,11,Torino,Lecce,0,0
335,12,Torino,Lecce,0,0
335,13,Torino,Lecce,0,0
335,14,Torino,Lecce,0,0
335,15,Torino,Lecce,0,0
335,16,Torino,Lecce,0,0
335,17,Torino,Lecce,0,0
335,18,Torino,Lecce,0,0
335,19,Torino,Lecce,0,0
335,20,Torino,Lecce,0,0
335,21,Torino,Lecce,0,0
335,22,Torino,Lecce,0,0
335,23,Torino,Lecce,0,0
335,24,Torino,Lecce,0,0
335,25,Torino,Lecce,0,0
335,26,Torino,Lecce,0,0
335,27,Torino,Lecce,0,0
335,28,Torino,Lecce,0,0
335,29,Torino,Lecce,0,0
335,30,Torino,Lecce,0,0
335,31,Torino,Lecce,0,0
335,32,Torino,Lecce,0,0
335,33,Torino,Lecce,0,0
335,34,Torino,Lecce,0,0
335,35,Torino,Lecce,0,0
335,36,Torino,Lecce,0,0
335,37,Torino,Lecce,0,0
335,38,Torino,Lecce,0,0
335,39,Torino,Lecce,0,0
335,40,Torino,Lecce,0,0
335,41,Torino,Lecce,0,0
335,42,Torino,Lecce,0,0
335,43,Torino,Lecce,0,0
335,44,Torino,Lecce,0,0
335,45,Torino,Lecce,0,0
335,46,Torino,Lecce,0,0
335,47,Torino,Lecce,0,0
335,48,Torino,Lecce,0,0
335,49,Torino,Lecce,0,0
335,50,Torino,Lecce,0,0
335,51,Torino,Lecce,0,0
335,52,Torino,Lecce,0,0
335,53,Torino,Lecce,0,0
335,54,Torino,Lecce,0,0
335,55,Torino,Lecce,0,0
335,56,Torino,Lecce,0,0
335,57,Torino,Lecce,0,0
335,58,Torino,Lecce,0,0
335,59,Torino,Lecce,0,0
335,60,Torino,Lecce,0,0
335,61,Torino,Lecce,0,0
335,62,Torino,Lecce,0,0
335,63,Torino,Lecce,0,0
335,64,Torino,Lecce,0,0
335,65,Torino,Lecce,0,0
335,66,Torino,Lecce,0,0
335,67,Torino,Lecce,0,0
335,68,Torino,Lecce,0,0
335,69,Torino,Lecce,0,0
335,70,Torino,Lecce,0,0
335,71,Torino,Lecce,0,0
335,72,Torino,Lecce,0,0
335,73,Torino,Lecce,0,0
335,74,Torino,Lecce,0,0
335,75,Torino,Lecce,0,0
335,76,Torino,Lecce,0,0
335,77,Torino,Lecce,0,0
335,78,Torino,Lecce,0,0
335,79,Torino,Lecce,0,0
335,80,Torino,Lecce,0,0
335,81,Torino,Lecce,0,0
335,82,Torino,Lecce,0,0
335,83,Torino,Lecce,0,0
335,84,Torino,Lecce,0,0
335,85,Torino,Lecce,0,0
335,86,Torino,Lecce,0,0
335,87,Torino,Lecce,0,0
335,88,Torino,Lecce,0,0
335,89,Torino,Lecce,0,0
335,90,Torino,Lecce,0,0
336,1,Torino,AC Milan,0,0
336,2,Torino,AC Milan,0,0
336,3,Torino,AC Milan,0,0
336,4,Torino,AC Milan,0,0
336,5,Torino,AC Milan,1,0
336,6,Torino,AC Milan,1,0
336,7,Torino,AC Milan,1,0
336,8,Torino,AC Milan,1,0
336,9,Torino,AC Milan,1,0
336,10,Torino,AC Milan,1,0
336,11,Torino,AC Milan,1,0
336,12,Torino,AC Milan,1,0
336,13,Torino,AC Milan,1,0
336,14,Torino,AC Milan,1,0
336,15,Torino,AC Milan,1,0
336,16,Torino,AC Milan,1,0
336,17,Torino,AC Milan,1,0
336,18,Torino,AC Milan,1,0
336,19,Torino,AC Milan,1,0
336,20,Torino,AC Milan,1,0
336,21,Torino,AC Milan,1,0
336,22,Torino,AC Milan,1,0
336,23,Torino,AC Milan,1,0
336,24,Torino,AC Milan,1,0
336,25,Torino,AC Milan,1,0
336,26,Torino,AC Milan,1,0
336,27,Torino,AC Milan,1,0
336,28,Torino,AC Milan,1,0
336,29,Torino,AC Milan,1,0
336,30,Torino,AC Milan,1,0
336,31,Torino,AC Milan,1,0
336,32,Torino,AC Milan,1,0
336,33,Torino,AC Milan,1,0
336,34,Torino,AC Milan,1,0
336,35,Torino,AC Milan,1,0
336,36,Torino,AC Milan,1,0
336,37,Torino,AC Milan,1,0
336,38,Torino,AC Milan,1,0
336,39,Torino,AC Milan,1,0
336,40,Torino,AC Milan,1,0
336,41,Torino,AC Milan,1,0
336,42,Torino,AC Milan,1,0
336,43,Torino,AC Milan,1,0
336,44,Torino,AC Milan,1,0
336,45,Torino,AC Milan,1,0
336,46,Torino,AC Milan,1,0
336,47,Torino,AC Milan,1,0
336,48,Torino,AC Milan,1,0
336,49,Torino,AC Milan,1,0
336,50,Torino,AC Milan,1,0
336,51,Torino,AC Milan,1,0
336,52,Torino,AC Milan,1,0
336,53,Torino,AC Milan,1,0
336,54,Torino,AC Milan,1,0
336,55,Torino,AC Milan,1,0
336,56,Torino,AC Milan,1,0
336,57,Torino,AC Milan,1,0
336,58,Torino,AC Milan,1,0
336,59,Torino,AC Milan,1,0
336,60,Torino,AC Milan,1,0
336,61,Torino,AC Milan,1,0
336,62,Torino,AC Milan,1,0
336,63,Torino,AC Milan,1,0
336,64,Torino,AC Milan,1,0
336,65,Torino,AC Milan,1,0
336,66,Torino,AC Milan,1,0
336,67,Torino,AC Milan,1,0
336,68,Torino,AC Milan,1,0
336,69,Torino,AC Milan,1,0
336,70,Torino,AC Milan,1,0
336,71,Torino,AC Milan,1,0
336,72,Torino,AC Milan,1,0
336,73,Torino,AC Milan,1,0
336,74,Torino,AC Milan,1,1
336,75,Torino,AC Milan,1,1
336,76,Torino,AC Milan,2,1
336,77,Torino,AC Milan,2,1
336,78,Torino,AC Milan,2,1
336,79,Torino,AC Milan,2,1
336,80,Torino,AC Milan,2,1
336,81,Torino,AC Milan,2,1
336,82,Torino,AC Milan,2,1
336,83,Torino,AC Milan,2,1
336,84,Torino,AC Milan,2,1
336,85,Torino,AC Milan,2,1
336,86,Torino,AC Milan,2,1
336,87,Torino,AC Milan,2,1
336,88,Torino,AC Milan,2,1
336,89,Torino,AC Milan,2,1
336,90,Torino,AC Milan,2,1
337,1,Torino,Monza,0,0
337,2,Torino,Monza,0,0
337,3,Torino,Monza,0,0
337,4,Torino,Monza,0,0
337,5,Torino,Monza,0,0
337,6,Torino,Monza,0,0
337,7,Torino,Monza,0,0
337,8,Torino,Monza,0,0
337,9,Torino,Monza,0,0
337,10,Torino,Monza,0,0
337,11,Torino,Monza,0,0
337,12,Torino,Monza,0,0
337,13,Torino,Monza,0,0
337,14,Torino,Monza,0,0
337,15,Torino,Monza,0,0
337,16,Torino,Monza,0,0
337,17,Torino,Monza,0,0
337,18,Torino,Monza,0,0
337,19,Torino,Monza,0,0
337,20,Torino,Monza,0,0
337,21,Torino,Monza,0,0
337,22,Torino,Monza,0,0
337,23,Torino,Monza,0,0
337,24,Torino,Monza,0,0
337,25,Torino,Monza,0,0
337,26,Torino,Monza,0,0
337,27,Torino,Monza,0,0
337,28,Torino,Monza,0,0
337,29,Torino,Monza,0,0
337,30,Torino,Monza,0,0
337,31,Torino,Monza,0,0
337,32,Torino,Monza,0,0
337,33,Torino,Monza,0,0
337,34,Torino,Monza,0,0
337,35,Torino,Monza,0,0
337,36,Torino,Monza,0,0
337,37,Torino,Monza,0,0
337,38,Torino,Monza,0,0
337,39,Torino,Monza,0,0
337,40,Torino,Monza,0,0
337,41,Torino,Monza,0,0
337,42,Torino,Monza,0,0
337,43,Torino,Monza,0,0
337,44,Torino,Monza,0,0
337,45,Torino,Monza,0,0
337,46,Torino,Monza,0,0
337,47,Torino,Monza,0,0
337,48,Torino,Monza,0,0
337,49,Torino,Monza,0,0
337,50,Torino,Monza,0,0
337,51,Torino,Monza,0,0
337,52,Torino,Monza,0,0
337,53,Torino,Monza,0,0
337,54,Torino,Monza,0,0
337,55,Torino,Monza,0,0
337,56,Torino,Monza,0,0
337,57,Torino,Monza,0,0
337,58,Torino,Monza,0,0
337,59,Torino,Monza,1,0
337,60,Torino,Monza,1,0
337,61,Torino,Monza,1,0
337,62,Torino,Monza,1,0
337,63,Torino,Monza,1,1
337,64,Torino,Monza,1,1
337,65,Torino,Monza,1,1
337,66,Torino,Monza,1,1
337,67,Torino,Monza,1,1
337,68,Torino,Monza,1,1
337,69,Torino,Monza,1,1
337,70,Torino,Monza,1,1
337,71,Torino,Monza,1,1
337,72,Torino,Monza,1,1
337,73,Torino,Monza,1,1
337,74,Torino,Monza,1,1
337,75,Torino,Monza,1,1
337,76,Torino,Monza,1,1
337,77,Torino,Monza,1,1
337,78,Torino,Monza,1,1
337,79,Torino,Monza,1,1
337,80,Torino,Monza,1,1
337,81,Torino,Monza,1,1
337,82,Torino,Monza,1,1
337,83,Torino,Monza,1,1
337,84,Torino,Monza,1,1
337,85,Torino,Monza,1,1
337,86,Torino,Monza,1,1
337,87,Torino,Monza,1,1
337,88,Torino,Monza,1,1
337,89,Torino,Monza,1,1
337,90,Torino,Monza,1,1
338,1,Torino,Napoli,0,0
338,2,Torino,Napoli,0,0
338,3,Torino,Napoli,0,0
338,4,Torino,Napoli,0,0
338,5,Torino,Napoli,0,0
338,6,Torino,Napoli,0,0
338,7,Torino,Napoli,0,0
338,8,Torino,Napoli,0,0
338,9,Torino,Napoli,0,0
338,10,Torino,Napoli,0,0
338,11,Torino,Napoli,0,0
338,12,Torino,Napoli,0,0
338,13,Torino,Napoli,0,0
338,14,Torino,Napoli,0,0
338,15,Torino,Napoli,0,0
338,16,Torino,Napoli,0,0
338,17,Torino,Napoli,0,0
338,18,Torino,Napoli,0,0
338,19,Torino,Napoli,0,0
338,20,Torino,Napoli,0,0
338,21,Torino,Napoli,0,0
338,22,Torino,Napoli,0,0
338,23,Torino,Napoli,0,0
338,24,Torino,Napoli,0,0
338,25,Torino,Napoli,0,0
338,26,Torino,Napoli,0,0
338,27,Torino,Napoli,0,0
338,28,Torino,Napoli,0,0
338,29,Torino,Napoli,0,0
338,30,Torino,Napoli,0,0
338,31,Torino,Napoli,0,1
338,32,Torino,Napoli,0,1
338,33,Torino,Napoli,0,1
338,34,Torino,Napoli,0,1
338,35,Torino,Napoli,0,1
338,36,Torino,Napoli,0,1
338,37,Torino,Napoli,0,1
338,38,Torino,Napoli,0,1
338,39,Torino,Napoli,0,1
338,40,Torino,Napoli,0,1
338,41,Torino,Napoli,0,1
338,42,Torino,Napoli,0,1
338,43,Torino,Napoli,0,1
338,44,Torino,Napoli,0,1
338,45,Torino,Napoli,0,1
338,46,Torino,Napoli,0,1
338,47,Torino,Napoli,0,1
338,48,Torino,Napoli,0,1
338,49,Torino,Napoli,0,1
338,50,Torino,Napoli,0,1
338,51,Torino,Napoli,0,1
338,52,Torino,Napoli,0,1
338,53,Torino,Napoli,0,1
338,54,Torino,Napoli,0,1
338,55,Torino,Napoli,0,1
338,56,Torino,Napoli,0,1
338,57,Torino,Napoli,0,1
338,58,Torino,Napoli,0,1
338,59,Torino,Napoli,0,1
338,60,Torino,Napoli,0,1
338,61,Torino,Napoli,0,1
338,62,Torino,Napoli,0,1
338,63,Torino,Napoli,0,1
338,64,Torino,Napoli,0,1
338,65,Torino,Napoli,0,1
338,66,Torino,Napoli,0,1
338,67,Torino,Napoli,0,1
338,68,Torino,Napoli,0,1
338,69,Torino,Napoli,0,1
338,70,Torino,Napoli,0,1
338,71,Torino,Napoli,0,1
338,72,Torino,Napoli,0,1
338,73,Torino,Napoli,0,1
338,74,Torino,Napoli,0,1
338,75,Torino,Napoli,0,1
338,76,Torino,Napoli,0,1
338,77,Torino,Napoli,0,1
338,78,Torino,Napoli,0,1
338,79,Torino,Napoli,0,1
338,80,Torino,Napoli,0,1
338,81,Torino,Napoli,0,1
338,82,Torino,Napoli,0,1
338,83,Torino,Napoli,0,1
338,84,Torino,Napoli,0,1
338,85,Torino,Napoli,0,1
338,86,Torino,Napoli,0,1
338,87,Torino,Napoli,0,1
338,88,Torino,Napoli,0,1
338,89,Torino,Napoli,0,1
338,90,Torino,Napoli,0,1
339,1,Torino,Parma,0,0
339,2,Torino,Parma,0,0
339,3,Torino,Parma,0,0
339,4,Torino,Parma,0,0
339,5,Torino,Parma,0,0
339,6,Torino,Parma,0,0
339,7,Torino,Parma,0,0
339,8,Torino,Parma,0,0
339,9,Torino,Parma,0,0
339,10,Torino,Parma,0,0
339,11,Torino,Parma,0,0
339,12,Torino,Parma,0,0
339,13,Torino,Parma,0,0
339,14,Torino,Parma,0,0
339,15,Torino,Parma,0,0
339,16,Torino,Parma,0,0
339,17,Torino,Parma,0,0
339,18,Torino,Parma,0,0
339,19,Torino,Parma,0,0
339,20,Torino,Parma,0,0
339,21,Torino,Parma,0,0
339,22,Torino,Parma,0,0
339,23,Torino,Parma,0,0
339,24,Torino,Parma,0,0
339,25,Torino,Parma,0,0
339,26,Torino,Parma,0,0
339,27,Torino,Parma,0,0
339,28,Torino,Parma,0,0
339,29,Torino,Parma,0,0
339,30,Torino,Parma,0,0
339,31,Torino,Parma,0,0
339,32,Torino,Parma,0,0
339,33,Torino,Parma,0,0
339,34,Torino,Parma,0,0
339,35,Torino,Parma,0,0
339,36,Torino,Parma,0,0
339,37,Torino,Parma,0,0
339,38,Torino,Parma,0,0
339,39,Torino,Parma,0,0
339,40,Torino,Parma,0,0
339,41,Torino,Parma,0,0
339,42,Torino,Parma,0,0
339,43,Torino,Parma,0,0
339,44,Torino,Parma,0,0
339,45,Torino,Parma,0,0
339,46,Torino,Parma,0,0
339,47,Torino,Parma,0,0
339,48,Torino,Parma,0,0
339,49,Torino,Parma,0,0
339,50,Torino,Parma,0,0
339,51,Torino,Parma,0,0
339,52,Torino,Parma,0,0
339,53,Torino,Parma,0,0
339,54,Torino,Parma,0,0
339,55,Torino,Parma,0,0
339,56,Torino,Parma,0,0
339,57,Torino,Parma,0,0
339,58,Torino,Parma,0,0
339,59,Torino,Parma,0,0
339,60,Torino,Parma,0,0
339,61,Torino,Parma,0,0
339,62,Torino,Parma,0,0
339,63,Torino,Parma,0,0
339,64,Torino,Parma,0,0
339,65,Torino,Parma,0,0
339,66,Torino,Parma,0,0
339,67,Torino,Parma,0,0
339,68,Torino,Parma,0,0
339,69,Torino,Parma,0,0
339,70,Torino,Parma,0,0
339,71,Torino,Parma,0,0
339,72,Torino,Parma,0,0
339,73,Torino,Parma,0,0
339,74,Torino,Parma,0,0
339,75,Torino,Parma,0,0
339,76,Torino,Parma,0,0
339,77,Torino,Parma,0,0
339,78,Torino,Parma,0,0
339,79,Torino,Parma,0,0
339,80,Torino,Parma,0,0
339,81,Torino,Parma,0,0
339,82,Torino,Parma,0,0
339,83,Torino,Parma,0,0
339,84,Torino,Parma,0,0
339,85,Torino,Parma,0,0
339,86,Torino,Parma,0,0
339,87,Torino,Parma,0,0
339,88,Torino,Parma,0,0
339,89,Torino,Parma,0,0
339,90,Torino,Parma,0,0
340,1,Torino,Roma,0,0
340,2,Torino,Roma,0,0
340,3,Torino,Roma,0,0
340,4,Torino,Roma,0,0
340,5,Torino,Roma,0,0
340,6,Torino,Roma,0,0
340,7,Torino,Roma,0,0
340,8,Torino,Roma,0,0
340,9,Torino,Roma,0,0
340,10,Torino,Roma,0,0
340,11,Torino,Roma,0,0
340,12,Torino,Roma,0,0
340,13,Torino,Roma,0,0
340,14,Torino,Roma,0,0
340,15,Torino,Roma,0,0
340,16,Torino,Roma,0,0
340,17,Torino,Roma,0,0
340,18,Torino,Roma,0,1
340,19,Torino,Roma,0,1
340,20,Torino,Roma,0,1
340,21,Torino,Roma,0,1
340,22,Torino,Roma,0,1
340,23,Torino,Roma,0,1
340,24,Torino,Roma,0,1
340,25,Torino,Roma,0,1
340,26,Torino,Roma,0,1
340,27,Torino,Roma,0,1
340,28,Torino,Roma,0,1
340,29,Torino,Roma,0,1
340,30,Torino,Roma,0,1
340,31,Torino,Roma,0,1
340,32,Torino,Roma,0,1
340,33,Torino,Roma,0,1
340,34,Torino,Roma,0,1
340,35,Torino,Roma,0,1
340,36,Torino,Roma,0,1
340,37,Torino,Roma,0,1
340,38,Torino,Roma,0,1
340,39,Torino,Roma,0,1
340,40,Torino,Roma,0,1
340,41,Torino,Roma,0,1
340,42,Torino,Roma,0,1
340,43,Torino,Roma,0,1
340,44,Torino,Roma,0,1
340,45,Torino,Roma,0,1
340,46,Torino,Roma,0,1
340,47,Torino,Roma,0,1
340,48,Torino,Roma,0,1
340,49,Torino,Roma,0,1
340,50,Torino,Roma,0,1
340,51,Torino,Roma,0,1
340,52,Torino,Roma,0,1
340,53,Torino,Roma,0,2
340,54,Torino,Roma,0,2
340,55,Torino,Roma,0,2
340,56,Torino,Roma,0,2
340,57,Torino,Roma,0,2
340,58,Torino,Roma,0,2
340,59,Torino,Roma,0,2
340,60,Torino,Roma,0,2
340,61,Torino,Roma,0,2
340,62,Torino,Roma,0,2
340,63,Torino,Roma,0,2
340,64,Torino,Roma,0,2
340,65,Torino,Roma,0,2
340,66,Torino,Roma,0,2
340,67,Torino,Roma,0,2
340,68,Torino,Roma,0,2
340,69,Torino,Roma,0,2
340,70,Torino,Roma,0,2
340,71,Torino,Roma,0,2
340,72,Torino,Roma,0,2
340,73,Torino,Roma,0,2
340,74,Torino,Roma,0,2
340,75,Torino,Roma,0,2
340,76,Torino,Roma,0,2
340,77,Torino,Roma,0,2
340,78,Torino,Roma,0,2
340,79,Torino,Roma,0,2
340,80,Torino,Roma,0,2
340,81,Torino,Roma,0,2
340,82,Torino,Roma,0,2
340,83,Torino,Roma,0,2
340,84,Torino,Roma,0,2
340,85,Torino,Roma,0,2
340,86,Torino,Roma,0,2
340,87,Torino,Roma,0,2
340,88,Torino,Roma,0,2
340,89,Torino,Roma,0,2
340,90,Torino,Roma,0,2
341,1,Torino,Udinese,0,0
341,2,Torino,Udinese,0,0
341,3,Torino,Udinese,0,0
341,4,Torino,Udinese,0,0
341,5,Torino,Udinese,0,0
341,6,Torino,Udinese,0,0
341,7,Torino,Udinese,0,0
341,8,Torino,Udinese,0,0
341,9,Torino,Udinese,0,0
341,10,Torino,Udinese,0,0
341,11,Torino,Udinese,0,0
341,12,Torino,Udinese,0,0
341,13,Torino,Udinese,0,0
341,14,Torino,Udinese,0,0
341,15,Torino,Udinese,0,0
341,16,Torino,Udinese,0,0
341,17,Torino,Udinese,0,0
341,18,Torino,Udinese,0,0
341,19,Torino,Udinese,0,0
341,20,Torino,Udinese,0,0
341,21,Torino,Udinese,0,0
341,22,Torino,Udinese,0,0
341,23,Torino,Udinese,0,0
341,24,Torino,Udinese,0,0
341,25,Torino,Udinese,0,0
341,26,Torino,Udinese,0,0
341,27,Torino,Udinese,0,0
341,28,Torino,Udinese,0,0
341,29,Torino,Udinese,0,0
341,30,Torino,Udinese,0,0
341,31,Torino,Udinese,0,0
341,32,Torino,Udinese,0,0
341,33,Torino,Udinese,0,0
341,34,Torino,Udinese,0,0
341,35,Torino,Udinese,0,0
341,36,Torino,Udinese,0,0
341,37,Torino,Udinese,0,0
341,38,Torino,Udinese,0,0
341,39,Torino,Udinese,1,0
341,40,Torino,Udinese,1,0
341,41,Torino,Udinese,1,0
341,42,Torino,Udinese,1,0
341,43,Torino,Udinese,1,0
341,44,Torino,Udinese,1,0
341,45,Torino,Udinese,1,0
341,46,Torino,Udinese,1,0
341,47,Torino,Udinese,1,0
341,48,Torino,Udinese,1,0
341,49,Torino,Udinese,1,0
341,50,Torino,Udinese,1,0
341,51,Torino,Udinese,1,0
341,52,Torino,Udinese,1,0
341,53,Torino,Udinese,1,0
341,54,Torino,Udinese,1,0
341,55,Torino,Udinese,1,0
341,56,Torino,Udinese,1,0
341,57,Torino,Udinese,1,0
341,58,Torino,Udinese,1,0
341,59,Torino,Udinese,1,0
341,60,Torino,Udinese,1,0
341,61,Torino,Udinese,1,0
341,62,Torino,Udinese,1,0
341,63,Torino,Udinese,1,0
341,64,Torino,Udinese,1,0
341,65,Torino,Udinese,1,0
341,66,Torino,Udinese,1,0
341,67,Torino,Udinese,1,0
341,68,Torino,Udinese,1,0
341,69,Torino,Udinese,1,0
341,70,Torino,Udinese,1,0
341,71,Torino,Udinese,1,0
341,72,Torino,Udinese,1,0
341,73,Torino,Udinese,1,0
341,74,Torino,Udinese,1,0
341,75,Torino,Udinese,1,0
341,76,Torino,Udinese,1,0
341,77,Torino,Udinese,1,0
341,78,Torino,Udinese,1,0
341,79,Torino,Udinese,1,0
341,80,Torino,Udinese,1,0
341,81,Torino,Udinese,1,0
341,82,Torino,Udinese,1,0
341,83,Torino,Udinese,1,0
341,84,Torino,Udinese,1,0
341,85,Torino,Udinese,2,0
341,86,Torino,Udinese,2,0
341,87,Torino,Udinese,2,0
341,88,Torino,Udinese,2,0
341,89,Torino,Udinese,2,0
341,90,Torino,Udinese,2,0
342,1,Torino,Venezia,0,0
342,2,Torino,Venezia,0,0
342,3,Torino,Venezia,0,0
342,4,Torino,Venezia,0,0
342,5,Torino,Venezia,0,0
342,6,Torino,Venezia,0,0
342,7,Torino,Venezia,0,0
342,8,Torino,Venezia,0,0
342,9,Torino,Venezia,0,0
342,10,Torino,Venezia,0,0
342,11,Torino,Venezia,0,0
342,12,Torino,Venezia,0,0
342,13,Torino,Venezia,0,0
342,14,Torino,Venezia,0,0
342,15,Torino,Venezia,0,0
342,16,Torino,Venezia,0,0
342,17,Torino,Venezia,0,0
342,18,Torino,Venezia,0,0
342,19,Torino,Venezia,0,0
342,20,Torino,Venezia,0,0
342,21,Torino,Venezia,0,0
342,22,Torino,Venezia,0,0
342,23,Torino,Venezia,0,0
342,24,Torino,Venezia,0,0
342,25,Torino,Venezia,0,0
342,26,Torino,Venezia,0,0
342,27,Torino,Venezia,0,0
342,28,Torino,Venezia,0,0
342,29,Torino,Venezia,0,0
342,30,Torino,Venezia,0,0
342,31,Torino,Venezia,0,0
342,32,Torino,Venezia,0,0
342,33,Torino,Venezia,0,0
342,34,Torino,Venezia,0,0
342,35,Torino,Venezia,0,0
342,36,Torino,Venezia,0,0
342,37,Torino,Venezia,0,1
342,38,Torino,Venezia,0,1
342,39,Torino,Venezia,0,1
342,40,Torino,Venezia,0,1
342,41,Torino,Venezia,0,1
342,42,Torino,Venezia,0,1
342,43,Torino,Venezia,0,1
342,44,Torino,Venezia,0,1
342,45,Torino,Venezia,0,1
342,46,Torino,Venezia,0,1
342,47,Torino,Venezia,0,1
342,48,Torino,Venezia,0,1
342,49,Torino,Venezia,0,1
342,50,Torino,Venezia,0,1
342,51,Torino,Venezia,0,1
342,52,Torino,Venezia,0,1
342,53,Torino,Venezia,0,1
342,54,Torino,Venezia,0,1
342,55,Torino,Venezia,0,1
342,56,Torino,Venezia,0,1
342,57,Torino,Venezia,0,1
342,58,Torino,Venezia,0,1
342,59,Torino,Venezia,0,1
342,60,Torino,Venezia,0,1
342,61,Torino,Venezia,0,1
342,62,Torino,Venezia,0,1
342,63,Torino,Venezia,0,1
342,64,Torino,Venezia,0,1
342,65,Torino,Venezia,0,1
342,66,Torino,Venezia,0,1
342,67,Torino,Venezia,0,1
342,68,Torino,Venezia,0,1
342,69,Torino,Venezia,0,1
342,70,Torino,Venezia,0,1
342,71,Torino,Venezia,0,1
342,72,Torino,Venezia,0,1
342,73,Torino,Venezia,0,1
342,74,Torino,Venezia,0,1
342,75,Torino,Venezia,0,1
342,76,Torino,Venezia,0,1
342,77,Torino,Venezia,1,1
342,78,Torino,Venezia,1,1
342,79,Torino,Venezia,1,1
342,80,Torino,Venezia,1,1
342,81,Torino,Venezia,1,1
342,82,Torino,Venezia,1,1
342,83,Torino,Venezia,1,1
342,84,Torino,Venezia,1,1
342,85,Torino,Venezia,1,1
342,86,Torino,Venezia,1,1
342,87,Torino,Venezia,1,1
342,88,Torino,Venezia,1,1
342,89,Torino,Venezia,1,1
342,90,Torino,Venezia,1,1
343,1,Udinese,Atalanta,0,0
343,2,Udinese,Atalanta,0,0
343,3,Udinese,Atalanta,0,0
343,4,Udinese,Atalanta,0,0
343,5,Udinese,Atalanta,0,0
343,6,Udinese,Atalanta,0,0
343,7,Udinese,Atalanta,0,0
343,8,Udinese,Atalanta,0,0
343,9,Udinese,Atalanta,0,0
343,10,Udinese,Atalanta,0,0
343,11,Udinese,Atalanta,0,0
343,12,Udinese,Atalanta,0,0
343,13,Udinese,Atalanta,0,0
343,14,Udinese,Atalanta,0,0
343,15,Udinese,Atalanta,0,0
343,16,Udinese,Atalanta,0,0
343,17,Udinese,Atalanta,0,0
343,18,Udinese,Atalanta,0,0
343,19,Udinese,Atalanta,0,0
343,20,Udinese,Atalanta,0,0
343,21,Udinese,Atalanta,0,0
343,22,Udinese,Atalanta,0,0
343,23,Udinese,Atalanta,0,0
343,24,Udinese,Atalanta,0,0
343,25,Udinese,Atalanta,0,0
343,26,Udinese,Atalanta,0,0
343,27,Udinese,Atalanta,0,0
343,28,Udinese,Atalanta,0,0
343,29,Udinese,Atalanta,0,0
343,30,Udinese,Atalanta,0,0
343,31,Udinese,Atalanta,0,0
343,32,Udinese,Atalanta,0,0
343,33,Udinese,Atalanta,0,0
343,34,Udinese,Atalanta,0,0
343,35,Udinese,Atalanta,0,0
343,36,Udinese,Atalanta,0,0
343,37,Udinese,Atalanta,0,0
343,38,Udinese,Atalanta,0,0
343,39,Udinese,Atalanta,0,0
343,40,Udinese,Atalanta,0,0
343,41,Udinese,Atalanta,0,0
343,42,Udinese,Atalanta,0,0
343,43,Udinese,Atalanta,0,0
343,44,Udinese,Atalanta,0,0
343,45,Udinese,Atalanta,0,0
343,46,Udinese,Atalanta,0,0
343,47,Udinese,Atalanta,0,0
343,48,Udinese,Atalanta,0,0
343,49,Udinese,Atalanta,0,0
343,50,Udinese,Atalanta,0,0
343,51,Udinese,Atalanta,0,0
343,52,Udinese,Atalanta,0,0
343,53,Udinese,Atalanta,0,0
343,54,Udinese,Atalanta,0,0
343,55,Udinese,Atalanta,0,0
343,56,Udinese,Atalanta,0,0
343,57,Udinese,Atalanta,0,0
343,58,Udinese,Atalanta,0,0
343,59,Udinese,Atalanta,0,0
343,60,Udinese,Atalanta,0,0
343,61,Udinese,Atalanta,0,0
343,62,Udinese,Atalanta,0,0
343,63,Udinese,Atalanta,0,0
343,64,Udinese,Atalanta,0,0
343,65,Udinese,Atalanta,0,0
343,66,Udinese,Atalanta,0,0
343,67,Udinese,Atalanta,0,0
343,68,Udinese,Atalanta,0,0
343,69,Udinese,Atalanta,0,0
343,70,Udinese,Atalanta,0,0
343,71,Udinese,Atalanta,0,0
343,72,Udinese,Atalanta,0,0
343,73,Udinese,Atalanta,0,0
343,74,Udinese,Atalanta,0,0
343,75,Udinese,Atalanta,0,0
343,76,Udinese,Atalanta,0,0
343,77,Udinese,Atalanta,0,0
343,78,Udinese,Atalanta,0,0
343,79,Udinese,Atalanta,0,0
343,80,Udinese,Atalanta,0,0
343,81,Udinese,Atalanta,0,0
343,82,Udinese,Atalanta,0,0
343,83,Udinese,Atalanta,0,0
343,84,Udinese,Atalanta,0,0
343,85,Udinese,Atalanta,0,0
343,86,Udinese,Atalanta,0,0
343,87,Udinese,Atalanta,0,0
343,88,Udinese,Atalanta,0,0
343,89,Udinese,Atalanta,0,0
343,90,Udinese,Atalanta,0,0
344,1,Udinese,Bologna,0,0
344,2,Udinese,Bologna,0,0
344,3,Udinese,Bologna,0,0
344,4,Udinese,Bologna,0,0
344,5,Udinese,Bologna,0,0
344,6,Udinese,Bologna,0,0
344,7,Udinese,Bologna,0,0
344,8,Udinese,Bologna,0,0
344,9,Udinese,Bologna,0,0
344,10,Udinese,Bologna,0,0
344,11,Udinese,Bologna,0,0
344,12,Udinese,Bologna,0,0
344,13,Udinese,Bologna,0,0
344,14,Udinese,Bologna,0,0
344,15,Udinese,Bologna,0,0
344,16,Udinese,Bologna,0,0
344,17,Udinese,Bologna,0,0
344,18,Udinese,Bologna,0,0
344,19,Udinese,Bologna,0,0
344,20,Udinese,Bologna,0,0
344,21,Udinese,Bologna,0,0
344,22,Udinese,Bologna,0,0
344,23,Udinese,Bologna,0,0
344,24,Udinese,Bologna,0,0
344,25,Udinese,Bologna,0,0
344,26,Udinese,Bologna,0,0
344,27,Udinese,Bologna,0,0
344,28,Udinese,Bologna,0,0
344,29,Udinese,Bologna,0,0
344,30,Udinese,Bologna,0,0
344,31,Udinese,Bologna,0,0
344,32,Udinese,Bologna,0,0
344,33,Udinese,Bologna,0,0
344,34,Udinese,Bologna,0,0
344,35,Udinese,Bologna,0,0
344,36,Udinese,Bologna,0,0
344,37,Udinese,Bologna,0,0
344,38,Udinese,Bologna,0,0
344,39,Udinese,Bologna,0,0
344,40,Udinese,Bologna,0,0
344,41,Udinese,Bologna,0,0
344,42,Udinese,Bologna,0,0
344,43,Udinese,Bologna,0,0
344,44,Udinese,Bologna,0,0
344,45,Udinese,Bologna,0,0
344,46,Udinese,Bologna,0,0
344,47,Udinese,Bologna,0,0
344,48,Udinese,Bologna,0,0
344,49,Udinese,Bologna,0,0
344,50,Udinese,Bologna,0,0
344,51,Udinese,Bologna,0,0
344,52,Udinese,Bologna,0,0
344,53,Udinese,Bologna,0,0
344,54,Udinese,Bologna,0,0
344,55,Udinese,Bologna,0,0
344,56,Udinese,Bologna,0,0
344,57,Udinese,Bologna,0,0
344,58,Udinese,Bologna,0,0
344,59,Udinese,Bologna,0,0
344,60,Udinese,Bologna,0,0
344,61,Udinese,Bologna,0,0
344,62,Udinese,Bologna,0,0
344,63,Udinese,Bologna,0,0
344,64,Udinese,Bologna,0,0
344,65,Udinese,Bologna,0,0
344,66,Udinese,Bologna,0,0
344,67,Udinese,Bologna,0,0
344,68,Udinese,Bologna,0,0
344,69,Udinese,Bologna,0,0
344,70,Udinese,Bologna,0,0
344,71,Udinese,Bologna,0,0
344,72,Udinese,Bologna,0,0
344,73,Udinese,Bologna,0,0
344,74,Udinese,Bologna,0,0
344,75,Udinese,Bologna,0,0
344,76,Udinese,Bologna,0,0
344,77,Udinese,Bologna,0,0
344,78,Udinese,Bologna,0,0
344,79,Udinese,Bologna,0,0
344,80,Udinese,Bologna,0,0
344,81,Udinese,Bologna,0,0
344,82,Udinese,Bologna,0,0
344,83,Udinese,Bologna,0,0
344,84,Udinese,Bologna,0,0
344,85,Udinese,Bologna,0,0
344,86,Udinese,Bologna,0,0
344,87,Udinese,Bologna,0,0
344,88,Udinese,Bologna,0,0
344,89,Udinese,Bologna,0,0
344,90,Udinese,Bologna,0,0
345,1,Udinese,Cagliari,0,0
345,2,Udinese,Cagliari,0,0
345,3,Udinese,Cagliari,0,0
345,4,Udinese,Cagliari,0,0
345,5,Udinese,Cagliari,0,0
345,6,Udinese,Cagliari,0,0
345,7,Udinese,Cagliari,0,0
345,8,Udinese,Cagliari,0,0
345,9,Udinese,Cagliari,0,0
345,10,Udinese,Cagliari,0,0
345,11,Udinese,Cagliari,0,0
345,12,Udinese,Cagliari,0,0
345,13,Udinese,Cagliari,0,0
345,14,Udinese,Cagliari,0,0
345,15,Udinese,Cagliari,0,0
345,16,Udinese,Cagliari,0,0
345,17,Udinese,Cagliari,0,0
345,18,Udinese,Cagliari,0,0
345,19,Udinese,Cagliari,0,0
345,20,Udinese,Cagliari,0,0
345,21,Udinese,Cagliari,0,0
345,22,Udinese,Cagliari,0,0
345,23,Udinese,Cagliari,0,0
345,24,Udinese,Cagliari,0,0
345,25,Udinese,Cagliari,0,0
345,26,Udinese,Cagliari,0,0
345,27,Udinese,Cagliari,0,0
345,28,Udinese,Cagliari,0,0
345,29,Udinese,Cagliari,0,0
345,30,Udinese,Cagliari,0,0
345,31,Udinese,Cagliari,0,0
345,32,Udinese,Cagliari,0,0
345,33,Udinese,Cagliari,0,0
345,34,Udinese,Cagliari,0,0
345,35,Udinese,Cagliari,0,0
345,36,Udinese,Cagliari,0,0
345,37,Udinese,Cagliari,0,0
345,38,Udinese,Cagliari,1,0
345,39,Udinese,Cagliari,1,0
345,40,Udinese,Cagliari,1,0
345,41,Udinese,Cagliari,1,0
345,42,Udinese,Cagliari,1,0
345,43,Udinese,Cagliari,1,0
345,44,Udinese,Cagliari,1,0
345,45,Udinese,Cagliari,1,0
345,46,Udinese,Cagliari,1,0
345,47,Udinese,Cagliari,1,0
345,48,Udinese,Cagliari,1,0
345,49,Udinese,Cagliari,1,0
345,50,Udinese,Cagliari,1,0
345,51,Udinese,Cagliari,1,0
345,52,Udinese,Cagliari,1,0
345,53,Udinese,Cagliari,1,0
345,54,Udinese,Cagliari,1,0
345,55,Udinese,Cagliari,1,0
345,56,Udinese,Cagliari,1,0
345,57,Udinese,Cagliari,1,0
345,58,Udinese,Cagliari,1,0
345,59,Udinese,Cagliari,1,0
345,60,Udinese,Cagliari,1,0
345,61,Udinese,Cagliari,1,0
345,62,Udinese,Cagliari,1,0
345,63,Udinese,Cagliari,1,0
345,64,Udinese,Cagliari,1,0
345,65,Udinese,Cagliari,1,0
345,66,Udinese,Cagliari,1,0
345,67,Udinese,Cagliari,1,0
345,68,Udinese,Cagliari,1,0
345,69,Udinese,Cagliari,1,0
345,70,Udinese,Cagliari,1,0
345,71,Udinese,Cagliari,1,0
345,72,Udinese,Cagliari,1,0
345,73,Udinese,Cagliari,1,0
345,74,Udinese,Cagliari,1,0
345,75,Udinese,Cagliari,1,0
345,76,Udinese,Cagliari,1,0
345,77,Udinese,Cagliari,1,0
345,78,Udinese,Cagliari,2,0
345,79,Udinese,Cagliari,2,0
345,80,Udinese,Cagliari,2,0
345,81,Udinese,Cagliari,2,0
345,82,Udinese,Cagliari,2,0
345,83,Udinese,Cagliari,2,0
345,84,Udinese,Cagliari,2,0
345,85,Udinese,Cagliari,2,0
345,86,Udinese,Cagliari,2,0
345,87,Udinese,Cagliari,2,0
345,88,Udinese,Cagliari,2,0
345,89,Udinese,Cagliari,2,0
345,90,Udinese,Cagliari,2,0
346,1,Udinese,Como,0,0
346,2,Udinese,Como,0,0
346,3,Udinese,Como,0,0
346,4,Udinese,Como,0,0
346,5,Udinese,Como,0,0
346,6,Udinese,Como,0,0
346,7,Udinese,Como,0,0
346,8,Udinese,Como,0,0
346,9,Udinese,Como,0,0
346,10,Udinese,Como,0,0
346,11,Udinese,Como,0,0
346,12,Udinese,Como,0,0
346,13,Udinese,Como,0,0
346,14,Udinese,Como,0,0
346,15,Udinese,Como,0,0
346,16,Udinese,Como,0,0
346,17,Udinese,Como,0,0
346,18,Udinese,Como,0,0
346,19,Udinese,Como,0,0
346,20,Udinese,Como,0,0
346,21,Udinese,Como,0,0
346,22,Udinese,Como,0,0
346,23,Udinese,Como,0,0
346,24,Udinese,Como,0,0
346,25,Udinese,Como,0,0
346,26,Udinese,Como,0,0
346,27,Udinese,Como,0,0
346,28,Udinese,Como,0,0
346,29,Udinese,Como,0,0
346,30,Udinese,Como,0,0
346,31,Udinese,Como,0,0
346,32,Udinese,Como,0,0
346,33,Udinese,Como,0,0
346,34,Udinese,Como,0,0
346,35,Udinese,Como,0,0
346,36,Udinese,Como,0,0
346,37,Udinese,Como,0,0
346,38,Udinese,Como,0,0
346,39,Udinese,Como,0,0
346,40,Udinese,Como,0,0
346,41,Udinese,Como,0,0
346,42,Udinese,Como,0,0
346,43,Udinese,Como,1,0
346,44,Udinese,Como,1,0
346,45,Udinese,Como,1,0
346,46,Udinese,Como,1,0
346,47,Udinese,Como,1,0
346,48,Udinese,Como,1,0
346,49,Udinese,Como,1,0
346,50,Udinese,Como,1,0
346,51,Udinese,Como,1,0
346,52,Udinese,Como,1,0
346,53,Udinese,Como,1,0
346,54,Udinese,Como,1,0
346,55,Udinese,Como,1,0
346,56,Udinese,Como,1,0
346,57,Udinese,Como,1,0
346,58,Udinese,Como,1,0
346,59,Udinese,Como,1,0
346,60,Udinese,Como,1,0
346,61,Udinese,Como,1,0
346,62,Udinese,Como,1,0
346,63,Udinese,Como,1,0
346,64,Udinese,Como,1,0
346,65,Udinese,Como,1,0
346,66,Udinese,Como,1,0
346,67,Udinese,Como,1,0
346,68,Udinese,Como,1,0
346,69,Udinese,Como,1,0
346,70,Udinese,Como,1,0
346,71,Udinese,Como,1,0
346,72,Udinese,Como,1,0
346,73,Udinese,Como,1,0
346,74,Udinese,Como,1,0
346,75,Udinese,Como,1,0
346,76,Udinese,Como,1,0
346,77,Udinese,Como,1,0
346,78,Udinese,Como,1,0
346,79,Udinese,Como,1,0
346,80,Udinese,Como,1,0
346,81,Udinese,Como,1,0
346,82,Udinese,Como,1,0
346,83,Udinese,Como,1,0
346,84,Udinese,Como,1,0
346,85,Udinese,Como,1,0
346,86,Udinese,Como,1,0
346,87,Udinese,Como,1,0
346,88,Udinese,Como,1,0
346,89,Udinese,Como,1,0
346,90,Udinese,Como,1,0
347,1,Udinese,Empoli,0,0
347,2,Udinese,Empoli,0,0
347,3,Udinese,Empoli,0,0
347,4,Udinese,Empoli,0,0
347,5,Udinese,Empoli,0,0
347,6,Udinese,Empoli,0,0
347,7,Udinese,Empoli,0,0
347,8,Udinese,Empoli,0,0
347,9,Udinese,Empoli,0,0
347,10,Udinese,Empoli,0,0
347,11,Udinese,Empoli,0,0
347,12,Udinese,Empoli,0,0
347,13,Udinese,Empoli,0,0
347,14,Udinese,Empoli,0,0
347,15,Udinese,Empoli,0,0
347,16,Udinese,Empoli,0,0
347,17,Udinese,Empoli,0,0
347,18,Udinese,Empoli,0,0
347,19,Udinese,Empoli,1,0
347,20,Udinese,Empoli,1,0
347,21,Udinese,Empoli,1,0
347,22,Udinese,Empoli,1,0
347,23,Udinese,Empoli,1,0
347,24,Udinese,Empoli,1,0
347,25,Udinese,Empoli,1,0
347,26,Udinese,Empoli,1,0
347,27,Udinese,Empoli,1,0
347,28,Udinese,Empoli,1,0
347,29,Udinese,Empoli,1,0
347,30,Udinese,Empoli,1,0
347,31,Udinese,Empoli,1,0
347,32,Udinese,Empoli,1,0
347,33,Udinese,Empoli,1,0
347,34,Udinese,Empoli,1,0
347,35,Udinese,Empoli,1,0
347,36,Udinese,Empoli,1,0
347,37,Udinese,Empoli,1,0
347,38,Udinese,Empoli,1,0
347,39,Udinese,Empoli,1,0
347,40,Udinese,Empoli,1,0
347,41,Udinese,Empoli,1,0
347,42,Udinese,Empoli,1,0
347,43,Udinese,Empoli,1,0
347,44,Udinese,Empoli,1,0
347,45,Udinese,Empoli,1,0
347,46,Udinese,Empoli,1,0
347,47,Udinese,Empoli,1,0
347,48,Udinese,Empoli,1,0
347,49,Udinese,Empoli,1,0
347,50,Udinese,Empoli,1,0
347,51,Udinese,Empoli,1,0
347,52,Udinese,Empoli,1,0
347,53,Udinese,Empoli,1,0
347,54,Udinese,Empoli,1,0
347,55,Udinese,Empoli,1,0
347,56,Udinese,Empoli,1,0
347,57,Udinese,Empoli,1,0
347,58,Udinese,Empoli,1,0
347,59,Udinese,Empoli,1,0
347,60,Udinese,Empoli,1,0
347,61,Udinese,Empoli,1,0
347,62,Udinese,Empoli,1,0
347,63,Udinese,Empoli,1,0
347,64,Udinese,Empoli,1,0
347,65,Udinese,Empoli,2,0
347,66,Udinese,Empoli,2,0
347,67,Udinese,Empoli,2,0
347,68,Udinese,Empoli,2,0
347,69,Udinese,Empoli,2,0
347,70,Udinese,Empoli,2,0
347,71,Udinese,Empoli,2,0
347,72,Udinese,Empoli,2,0
347,73,Udinese,Empoli,2,0
347,74,Udinese,Empoli,2,0
347,75,Udinese,Empoli,2,0
347,76,Udinese,Empoli,2,0
347,77,Udinese,Empoli,2,0
347,78,Udinese,Empoli,2,0
347,79,Udinese,Empoli,2,0
347,80,Udinese,Empoli,2,0
347,81,Udinese,Empoli,2,0
347,82,Udinese,Empoli,2,0
347,83,Udinese,Empoli,2,0
347,84,Udinese,Empoli,2,0
347,85,Udinese,Empoli,2,0
347,86,Udinese,Empoli,2,0
347,87,Udinese,Empoli,2,0
347,88,Udinese,Empoli,2,0
347,89,Udinese,Empoli,2,0
347,90,Udinese,Empoli,3,0
348,1,Udinese,Fiorentina,0,0
348,2,Udinese,Fiorentina,0,0
348,3,Udinese,Fiorentina,0,0
348,4,Udinese,Fiorentina,0,0
348,5,Udinese,Fiorentina,0,0
348,6,Udinese,Fiorentina,0,0
348,7,Udinese,Fiorentina,0,0
348,8,Udinese,Fiorentina,0,0
348,9,Udinese,Fiorentina,0,0
348,10,Udinese,Fiorentina,0,0
348,11,Udinese,Fiorentina,0,0
348,12,Udinese,Fiorentina,0,0
348,13,Udinese,Fiorentina,0,0
348,14,Udinese,Fiorentina,0,0
348,15,Udinese,Fiorentina,0,0
348,16,Udinese,Fiorentina,0,0
348,17,Udinese,Fiorentina,0,0
348,18,Udinese,Fiorentina,0,0
348,19,Udinese,Fiorentina,0,0
348,20,Udinese,Fiorentina,0,0
348,21,Udinese,Fiorentina,0,0
348,22,Udinese,Fiorentina,0,0
348,23,Udinese,Fiorentina,0,0
348,24,Udinese,Fiorentina,0,0
348,25,Udinese,Fiorentina,0,0
348,26,Udinese,Fiorentina,1,0
348,27,Udinese,Fiorentina,1,0
348,28,Udinese,Fiorentina,1,0
348,29,Udinese,Fiorentina,1,0
348,30,Udinese,Fiorentina,1,0
348,31,Udinese,Fiorentina,1,0
348,32,Udinese,Fiorentina,1,0
348,33,Udinese,Fiorentina,1,0
348,34,Udinese,Fiorentina,1,0
348,35,Udinese,Fiorentina,1,0
348,36,Udinese,Fiorentina,1,0
348,37,Udinese,Fiorentina,1,0
348,38,Udinese,Fiorentina,1,0
348,39,Udinese,Fiorentina,1,0
348,40,Udinese,Fiorentina,1,0
348,41,Udinese,Fiorentina,1,0
348,42,Udinese,Fiorentina,1,0
348,43,Udinese,Fiorentina,1,0
348,44,Udinese,Fiorentina,1,0
348,45,Udinese,Fiorentina,1,0
348,46,Udinese,Fiorentina,1,1
348,47,Udinese,Fiorentina,1,1
348,48,Udinese,Fiorentina,1,1
348,49,Udinese,Fiorentina,1,1
348,50,Udinese,Fiorentina,1,1
348,51,Udinese,Fiorentina,1,1
348,52,Udinese,Fiorentina,1,1
348,53,Udinese,Fiorentina,1,1
348,54,Udinese,Fiorentina,1,1
348,55,Udinese,Fiorentina,1,1
348,56,Udinese,Fiorentina,1,1
348,57,Udinese,Fiorentina,1,2
348,58,Udinese,Fiorentina,1,2
348,59,Udinese,Fiorentina,1,2
348,60,Udinese,Fiorentina,1,2
348,61,Udinese,Fiorentina,2,2
348,62,Udinese,Fiorentina,2,2
348,63,Udinese,Fiorentina,2,2
348,64,Udinese,Fiorentina,2,2
348,65,Udinese,Fiorentina,2,2
348,66,Udinese,Fiorentina,2,2
348,67,Udinese,Fiorentina,2,2
348,68,Udinese,Fiorentina,2,2
348,69,Udinese,Fiorentina,2,2
348,70,Udinese,Fiorentina,2,2
348,71,Udinese,Fiorentina,2,2
348,72,Udinese,Fiorentina,2,2
348,73,Udinese,Fiorentina,2,2
348,74,Udinese,Fiorentina,2,2
348,75,Udinese,Fiorentina,2,2
348,76,Udinese,Fiorentina,2,2
348,77,Udinese,Fiorentina,2,2
348,78,Udinese,Fiorentina,2,2
348,79,Udinese,Fiorentina,2,2
348,80,Udinese,Fiorentina,2,2
348,81,Udinese,Fiorentina,2,2
348,82,Udinese,Fiorentina,2,3
348,83,Udinese,Fiorentina,2,3
348,84,Udinese,Fiorentina,2,3
348,85,Udinese,Fiorentina,2,3
348,86,Udinese,Fiorentina,2,3
348,87,Udinese,Fiorentina,2,3
348,88,Udinese,Fiorentina,2,3
348,89,Udinese,Fiorentina,2,3
348,90,Udinese,Fiorentina,2,3
349,1,Udinese,Genoa,0,0
349,2,Udinese,Genoa,0,0
349,3,Udinese,Genoa,0,0
349,4,Udinese,Genoa,0,0
349,5,Udinese,Genoa,0,0
349,6,Udinese,Genoa,0,0
349,7,Udinese,Genoa,0,0
349,8,Udinese,Genoa,0,0
349,9,Udinese,Genoa,0,0
349,10,Udinese,Genoa,0,0
349,11,Udinese,Genoa,0,0
349,12,Udinese,Genoa,0,0
349,13,Udinese,Genoa,0,1
349,14,Udinese,Genoa,0,1
349,15,Udinese,Genoa,0,1
349,16,Udinese,Genoa,0,1
349,17,Udinese,Genoa,0,1
349,18,Udinese,Genoa,0,1
349,19,Udinese,Genoa,0,1
349,20,Udinese,Genoa,0,1
349,21,Udinese,Genoa,0,1
349,22,Udinese,Genoa,0,1
349,23,Udinese,Genoa,0,1
349,24,Udinese,Genoa,0,1
349,25,Udinese,Genoa,0,1
349,26,Udinese,Genoa,0,1
349,27,Udinese,Genoa,0,1
349,28,Udinese,Genoa,0,1
349,29,Udinese,Genoa,0,1
349,30,Udinese,Genoa,0,1
349,31,Udinese,Genoa,0,1
349,32,Udinese,Genoa,0,1
349,33,Udinese,Genoa,0,1
349,34,Udinese,Genoa,0,1
349,35,Udinese,Genoa,0,1
349,36,Udinese,Genoa,0,1
349,37,Udinese,Genoa,0,1
349,38,Udinese,Genoa,0,1
349,39,Udinese,Genoa,0,1
349,40,Udinese,Genoa,0,1
349,41,Udinese,Genoa,0,1
349,42,Udinese,Genoa,0,1
349,43,Udinese,Genoa,0,1
349,44,Udinese,Genoa,0,1
349,45,Udinese,Genoa,0,1
349,46,Udinese,Genoa,0,1
349,47,Udinese,Genoa,0,1
349,48,Udinese,Genoa,0,1
349,49,Udinese,Genoa,0,1
349,50,Udinese,Genoa,0,1
349,51,Udinese,Genoa,0,1
349,52,Udinese,Genoa,0,1
349,53,Udinese,Genoa,0,1
349,54,Udinese,Genoa,0,1
349,55,Udinese,Genoa,0,1
349,56,Udinese,Genoa,0,1
349,57,Udinese,Genoa,0,1
349,58,Udinese,Genoa,0,1
349,59,Udinese,Genoa,0,1
349,60,Udinese,Genoa,0,1
349,61,Udinese,Genoa,0,1
349,62,Udinese,Genoa,0,1
349,63,Udinese,Genoa,0,1
349,64,Udinese,Genoa,0,1
349,65,Udinese,Genoa,0,1
349,66,Udinese,Genoa,0,1
349,67,Udinese,Genoa,0,2
349,68,Udinese,Genoa,0,2
349,69,Udinese,Genoa,0,2
349,70,Udinese,Genoa,0,2
349,71,Udinese,Genoa,0,2
349,72,Udinese,Genoa,0,2
349,73,Udinese,Genoa,0,2
349,74,Udinese,Genoa,0,2
349,75,Udinese,Genoa,0,2
349,76,Udinese,Genoa,0,2
349,77,Udinese,Genoa,0,2
349,78,Udinese,Genoa,0,2
349,79,Udinese,Genoa,0,2
349,80,Udinese,Genoa,0,2
349,81,Udinese,Genoa,0,2
349,82,Udinese,Genoa,0,2
349,83,Udinese,Genoa,0,2
349,84,Udinese,Genoa,0,2
349,85,Udinese,Genoa,0,2
349,86,Udinese,Genoa,0,2
349,87,Udinese,Genoa,0,2
349,88,Udinese,Genoa,0,2
349,89,Udinese,Genoa,0,2
349,90,Udinese,Genoa,0,2
350,1,Udinese,Hellas Verona,0,0
350,2,Udinese,Hellas Verona,0,0
350,3,Udinese,Hellas Verona,0,0
350,4,Udinese,Hellas Verona,0,0
350,5,Udinese,Hellas Verona,0,0
350,6,Udinese,Hellas Verona,0,0
350,7,Udinese,Hellas Verona,0,0
350,8,Udinese,Hellas Verona,0,0
350,9,Udinese,Hellas Verona,0,0
350,10,Udinese,Hellas Verona,0,0
350,11,Udinese,Hellas Verona,0,0
350,12,Udinese,Hellas Verona,0,0
350,13,Udinese,Hellas Verona,0,0
350,14,Udinese,Hellas Verona,0,0
350,15,Udinese,Hellas Verona,0,0
350,16,Udinese,Hellas Verona,0,0
350,17,Udinese,Hellas Verona,0,0
350,18,Udinese,Hellas Verona,0,0
350,19,Udinese,Hellas Verona,0,0
350,20,Udinese,Hellas Verona,0,0
350,21,Udinese,Hellas Verona,0,0
350,22,Udinese,Hellas Verona,0,0
350,23,Udinese,Hellas Verona,0,0
350,24,Udinese,Hellas Verona,0,0
350,25,Udinese,Hellas Verona,0,0
350,26,Udinese,Hellas Verona,0,0
350,27,Udinese,Hellas Verona,0,0
350,28,Udinese,Hellas Verona,0,0
350,29,Udinese,Hellas Verona,0,0
350,30,Udinese,Hellas Verona,0,0
350,31,Udinese,Hellas Verona,0,0
350,32,Udinese,Hellas Verona,0,0
350,33,Udinese,Hellas Verona,0,0
350,34,Udinese,Hellas Verona,0,0
350,35,Udinese,Hellas Verona,0,0
350,36,Udinese,Hellas Verona,0,0
350,37,Udinese,Hellas Verona,0,0
350,38,Udinese,Hellas Verona,0,0
350,39,Udinese,Hellas Verona,0,0
350,40,Udinese,Hellas Verona,0,0
350,41,Udinese,Hellas Verona,0,0
350,42,Udinese,Hellas Verona,0,0
350,43,Udinese,Hellas Verona,0,0
350,44,Udinese,Hellas Verona,0,0
350,45,Udinese,Hellas Verona,0,0
350,46,Udinese,Hellas Verona,0,0
350,47,Udinese,Hellas Verona,0,0
350,48,Udinese,Hellas Verona,0,0
350,49,Udinese,Hellas Verona,0,0
350,50,Udinese,Hellas Verona,0,0
350,51,Udinese,Hellas Verona,0,0
350,52,Udinese,Hellas Verona,0,0
350,53,Udinese,Hellas Verona,0,0
350,54,Udinese,Hellas Verona,0,0
350,55,Udinese,Hellas Verona,0,0
350,56,Udinese,Hellas Verona,0,0
350,57,Udinese,Hellas Verona,0,0
350,58,Udinese,Hellas Verona,0,0
350,59,Udinese,Hellas Verona,0,0
350,60,Udinese,Hellas Verona,0,0
350,61,Udinese,Hellas Verona,0,0
350,62,Udinese,Hellas Verona,0,0
350,63,Udinese,Hellas Verona,0,0
350,64,Udinese,Hellas Verona,0,0
350,65,Udinese,Hellas Verona,0,0
350,66,Udinese,Hellas Verona,0,0
350,67,Udinese,Hellas Verona,0,0
350,68,Udinese,Hellas Verona,0,0
350,69,Udinese,Hellas Verona,0,0
350,70,Udinese,Hellas Verona,0,0
350,71,Udinese,Hellas Verona,0,0
350,72,Udinese,Hellas Verona,0,1
350,73,Udinese,Hellas Verona,0,1
350,74,Udinese,Hellas Verona,0,1
350,75,Udinese,Hellas Verona,0,1
350,76,Udinese,Hellas Verona,0,1
350,77,Udinese,Hellas Verona,0,1
350,78,Udinese,Hellas Verona,0,1
350,79,Udinese,Hellas Verona,0,1
350,80,Udinese,Hellas Verona,0,1
350,81,Udinese,Hellas Verona,0,1
350,82,Udinese,Hellas Verona,0,1
350,83,Udinese,Hellas Verona,0,1
350,84,Udinese,Hellas Verona,0,1
350,85,Udinese,Hellas Verona,0,1
350,86,Udinese,Hellas Verona,0,1
350,87,Udinese,Hellas Verona,0,1
350,88,Udinese,Hellas Verona,0,1
350,89,Udinese,Hellas Verona,0,1
350,90,Udinese,Hellas Verona,0,1
351,1,Udinese,Inter Milan,0,1
351,2,Udinese,Inter Milan,0,1
351,3,Udinese,Inter Milan,0,1
351,4,Udinese,Inter Milan,0,1
351,5,Udinese,Inter Milan,0,1
351,6,Udinese,Inter Milan,0,1
351,7,Udinese,Inter Milan,0,1
351,8,Udinese,Inter Milan,0,1
351,9,Udinese,Inter Milan,0,1
351,10,Udinese,Inter Milan,0,1
351,11,Udinese,Inter Milan,0,1
351,12,Udinese,Inter Milan,0,1
351,13,Udinese,Inter Milan,0,1
351,14,Udinese,Inter Milan,0,1
351,15,Udinese,Inter Milan,0,1
351,16,Udinese,Inter Milan,0,1
351,17,Udinese,Inter Milan,0,1
351,18,Udinese,Inter Milan,0,1
351,19,Udinese,Inter Milan,0,1
351,20,Udinese,Inter Milan,0,1
351,21,Udinese,Inter Milan,0,1
351,22,Udinese,Inter Milan,0,1
351,23,Udinese,Inter Milan,0,1
351,24,Udinese,Inter Milan,0,1
351,25,Udinese,Inter Milan,0,1
351,26,Udinese,Inter Milan,0,1
351,27,Udinese,Inter Milan,0,1
351,28,Udinese,Inter Milan,0,1
351,29,Udinese,Inter Milan,0,1
351,30,Udinese,Inter Milan,0,1
351,31,Udinese,Inter Milan,0,1
351,32,Udinese,Inter Milan,0,1
351,33,Udinese,Inter Milan,0,1
351,34,Udinese,Inter Milan,0,1
351,35,Udinese,Inter Milan,1,1
351,36,Udinese,Inter Milan,1,1
351,37,Udinese,Inter Milan,1,1
351,38,Udinese,Inter Milan,1,1
351,39,Udinese,Inter Milan,1,1
351,40,Udinese,Inter Milan,1,1
351,41,Udinese,Inter Milan,1,1
351,42,Udinese,Inter Milan,1,1
351,43,Udinese,Inter Milan,1,1
351,44,Udinese,Inter Milan,1,1
351,45,Udinese,Inter Milan,1,2
351,46,Udinese,Inter Milan,1,2
351,47,Udinese,Inter Milan,1,3
351,48,Udinese,Inter Milan,1,3
351,49,Udinese,Inter Milan,1,3
351,50,Udinese,Inter Milan,1,3
351,51,Udinese,Inter Milan,1,3
351,52,Udinese,Inter Milan,1,3
351,53,Udinese,Inter Milan,1,3
351,54,Udinese,Inter Milan,1,3
351,55,Udinese,Inter Milan,1,3
351,56,Udinese,Inter Milan,1,3
351,57,Udinese,Inter Milan,1,3
351,58,Udinese,Inter Milan,1,3
351,59,Udinese,Inter Milan,1,3
351,60,Udinese,Inter Milan,1,3
351,61,Udinese,Inter Milan,1,3
351,62,Udinese,Inter Milan,1,3
351,63,Udinese,Inter Milan,1,3
351,64,Udinese,Inter Milan,1,3
351,65,Udinese,Inter Milan,1,3
351,66,Udinese,Inter Milan,1,3
351,67,Udinese,Inter Milan,1,3
351,68,Udinese,Inter Milan,1,3
351,69,Udinese,Inter Milan,1,3
351,70,Udinese,Inter Milan,1,3
351,71,Udinese,Inter Milan,1,3
351,72,Udinese,Inter Milan,1,3
351,73,Udinese,Inter Milan,1,3
351,74,Udinese,Inter Milan,1,3
351,75,Udinese,Inter Milan,1,3
351,76,Udinese,Inter Milan,1,3
351,77,Udinese,Inter Milan,1,3
351,78,Udinese,Inter Milan,1,3
351,79,Udinese,Inter Milan,1,3
351,80,Udinese,Inter Milan,1,3
351,81,Udinese,Inter Milan,1,3
351,82,Udinese,Inter Milan,1,3
351,83,Udinese,Inter Milan,2,3
351,84,Udinese,Inter Milan,2,3
351,85,Udinese,Inter Milan,2,3
351,86,Udinese,Inter Milan,2,3
351,87,Udinese,Inter Milan,2,3
351,88,Udinese,Inter Milan,2,3
351,89,Udinese,Inter Milan,2,3
351,90,Udinese,Inter Milan,2,3
352,1,Udinese,Juventus,0,0
352,2,Udinese,Juventus,0,0
352,3,Udinese,Juventus,0,0
352,4,Udinese,Juventus,0,0
352,5,Udinese,Juventus,0,0
352,6,Udinese,Juventus,0,0
352,7,Udinese,Juventus,0,0
352,8,Udinese,Juventus,0,0
352,9,Udinese,Juventus,0,0
352,10,Udinese,Juventus,0,0
352,11,Udinese,Juventus,0,0
352,12,Udinese,Juventus,0,0
352,13,Udinese,Juventus,0,0
352,14,Udinese,Juventus,0,0
352,15,Udinese,Juventus,0,0
352,16,Udinese,Juventus,0,0
352,17,Udinese,Juventus,0,0
352,18,Udinese,Juventus,0,0
352,19,Udinese,Juventus,0,1
352,20,Udinese,Juventus,0,1
352,21,Udinese,Juventus,0,1
352,22,Udinese,Juventus,0,1
352,23,Udinese,Juventus,0,1
352,24,Udinese,Juventus,0,1
352,25,Udinese,Juventus,0,1
352,26,Udinese,Juventus,0,1
352,27,Udinese,Juventus,0,1
352,28,Udinese,Juventus,0,1
352,29,Udinese,Juventus,0,1
352,30,Udinese,Juventus,0,1
352,31,Udinese,Juventus,0,1
352,32,Udinese,Juventus,0,1
352,33,Udinese,Juventus,0,1
352,34,Udinese,Juventus,0,1
352,35,Udinese,Juventus,0,1
352,36,Udinese,Juventus,0,1
352,37,Udinese,Juventus,0,2
352,38,Udinese,Juventus,0,2
352,39,Udinese,Juventus,0,2
352,40,Udinese,Juventus,0,2
352,41,Udinese,Juventus,0,2
352,42,Udinese,Juventus,0,2
352,43,Udinese,Juventus,0,2
352,44,Udinese,Juventus,0,2
352,45,Udinese,Juventus,0,2
352,46,Udinese,Juventus,0,2
352,47,Udinese,Juventus,0,2
352,48,Udinese,Juventus,0,2
352,49,Udinese,Juventus,0,2
352,50,Udinese,Juventus,0,2
352,51,Udinese,Juventus,0,2
352,52,Udinese,Juventus,0,2
352,53,Udinese,Juventus,0,2
352,54,Udinese,Juventus,0,2
352,55,Udinese,Juventus,0,2
352,56,Udinese,Juventus,0,2
352,57,Udinese,Juventus,0,2
352,58,Udinese,Juventus,0,2
352,59,Udinese,Juventus,0,2
352,60,Udinese,Juventus,0,2
352,61,Udinese,Juventus,0,2
352,62,Udinese,Juventus,0,2
352,63,Udinese,Juventus,0,2
352,64,Udinese,Juventus,0,2
352,65,Udinese,Juventus,0,2
352,66,Udinese,Juventus,0,2
352,67,Udinese,Juventus,0,2
352,68,Udinese,Juventus,0,2
352,69,Udinese,Juventus,0,2
352,70,Udinese,Juventus,0,2
352,71,Udinese,Juventus,0,2
352,72,Udinese,Juventus,0,2
352,73,Udinese,Juventus,0,2
352,74,Udinese,Juventus,0,2
352,75,Udinese,Juventus,0,2
352,76,Udinese,Juventus,0,2
352,77,Udinese,Juventus,0,2
352,78,Udinese,Juventus,0,2
352,79,Udinese,Juventus,0,2
352,80,Udinese,Juventus,0,2
352,81,Udinese,Juventus,0,2
352,82,Udinese,Juventus,0,2
352,83,Udinese,Juventus,0,2
352,84,Udinese,Juventus,0,2
352,85,Udinese,Juventus,0,2
352,86,Udinese,Juventus,0,2
352,87,Udinese,Juventus,0,2
352,88,Udinese,Juventus,0,2
352,89,Udinese,Juventus,0,2
352,90,Udinese,Juventus,0,2
353,1,Udinese,Lazio,0,0
353,2,Udinese,Lazio,0,0
353,3,Udinese,Lazio,0,0
353,4,Udinese,Lazio,0,0
353,5,Udinese,Lazio,1,0
353,6,Udinese,Lazio,1,0
353,7,Udinese,Lazio,1,0
353,8,Udinese,Lazio,1,0
353,9,Udinese,Lazio,1,0
353,10,Udinese,Lazio,1,0
353,11,Udinese,Lazio,1,0
353,12,Udinese,Lazio,1,0
353,13,Udinese,Lazio,1,0
353,14,Udinese,Lazio,1,0
353,15,Udinese,Lazio,1,0
353,16,Udinese,Lazio,1,0
353,17,Udinese,Lazio,1,0
353,18,Udinese,Lazio,1,0
353,19,Udinese,Lazio,1,0
353,20,Udinese,Lazio,1,0
353,21,Udinese,Lazio,1,0
353,22,Udinese,Lazio,1,0
353,23,Udinese,Lazio,1,0
353,24,Udinese,Lazio,1,0
353,25,Udinese,Lazio,1,0
353,26,Udinese,Lazio,1,0
353,27,Udinese,Lazio,1,0
353,28,Udinese,Lazio,1,0
353,29,Udinese,Lazio,1,0
353,30,Udinese,Lazio,1,0
353,31,Udinese,Lazio,1,0
353,32,Udinese,Lazio,1,0
353,33,Udinese,Lazio,1,0
353,34,Udinese,Lazio,1,0
353,35,Udinese,Lazio,1,0
353,36,Udinese,Lazio,1,0
353,37,Udinese,Lazio,1,0
353,38,Udinese,Lazio,1,0
353,39,Udinese,Lazio,1,0
353,40,Udinese,Lazio,1,0
353,41,Udinese,Lazio,1,0
353,42,Udinese,Lazio,1,0
353,43,Udinese,Lazio,1,0
353,44,Udinese,Lazio,1,0
353,45,Udinese,Lazio,1,0
353,46,Udinese,Lazio,1,0
353,47,Udinese,Lazio,1,0
353,48,Udinese,Lazio,1,0
353,49,Udinese,Lazio,2,0
353,50,Udinese,Lazio,2,0
353,51,Udinese,Lazio,2,0
353,52,Udinese,Lazio,2,0
353,53,Udinese,Lazio,2,0
353,54,Udinese,Lazio,2,0
353,55,Udinese,Lazio,2,0
353,56,Udinese,Lazio,2,0
353,57,Udinese,Lazio,2,0
353,58,Udinese,Lazio,2,0
353,59,Udinese,Lazio,2,0
353,60,Udinese,Lazio,2,0
353,61,Udinese,Lazio,2,0
353,62,Udinese,Lazio,2,0
353,63,Udinese,Lazio,2,0
353,64,Udinese,Lazio,2,0
353,65,Udinese,Lazio,2,0
353,66,Udinese,Lazio,2,0
353,67,Udinese,Lazio,2,0
353,68,Udinese,Lazio,2,0
353,69,Udinese,Lazio,2,0
353,70,Udinese,Lazio,2,0
353,71,Udinese,Lazio,2,0
353,72,Udinese,Lazio,2,0
353,73,Udinese,Lazio,2,0
353,74,Udinese,Lazio,2,0
353,75,Udinese,Lazio,2,0
353,76,Udinese,Lazio,2,0
353,77,Udinese,Lazio,2,0
353,78,Udinese,Lazio,2,0
353,79,Udinese,Lazio,2,0
353,80,Udinese,Lazio,2,0
353,81,Udinese,Lazio,2,0
353,82,Udinese,Lazio,2,0
353,83,Udinese,Lazio,2,0
353,84,Udinese,Lazio,2,0
353,85,Udinese,Lazio,2,0
353,86,Udinese,Lazio,2,0
353,87,Udinese,Lazio,2,0
353,88,Udinese,Lazio,2,0
353,89,Udinese,Lazio,2,0
353,90,Udinese,Lazio,2,1
354,1,Udinese,Lecce,0,0
354,2,Udinese,Lecce,0,0
354,3,Udinese,Lecce,0,0
354,4,Udinese,Lecce,0,0
354,5,Udinese,Lecce,0,0
354,6,Udinese,Lecce,0,0
354,7,Udinese,Lecce,0,0
354,8,Udinese,Lecce,0,0
354,9,Udinese,Lecce,0,0
354,10,Udinese,Lecce,0,0
354,11,Udinese,Lecce,0,0
354,12,Udinese,Lecce,0,0
354,13,Udinese,Lecce,0,0
354,14,Udinese,Lecce,0,0
354,15,Udinese,Lecce,0,0
354,16,Udinese,Lecce,0,0
354,17,Udinese,Lecce,0,0
354,18,Udinese,Lecce,0,0
354,19,Udinese,Lecce,0,0
354,20,Udinese,Lecce,0,0
354,21,Udinese,Lecce,0,0
354,22,Udinese,Lecce,0,0
354,23,Udinese,Lecce,0,0
354,24,Udinese,Lecce,0,0
354,25,Udinese,Lecce,0,0
354,26,Udinese,Lecce,0,0
354,27,Udinese,Lecce,0,0
354,28,Udinese,Lecce,0,0
354,29,Udinese,Lecce,0,0
354,30,Udinese,Lecce,0,0
354,31,Udinese,Lecce,0,0
354,32,Udinese,Lecce,0,0
354,33,Udinese,Lecce,0,0
354,34,Udinese,Lecce,0,0
354,35,Udinese,Lecce,0,0
354,36,Udinese,Lecce,0,0
354,37,Udinese,Lecce,0,0
354,38,Udinese,Lecce,0,0
354,39,Udinese,Lecce,0,0
354,40,Udinese,Lecce,0,0
354,41,Udinese,Lecce,0,0
354,42,Udinese,Lecce,0,0
354,43,Udinese,Lecce,0,0
354,44,Udinese,Lecce,0,0
354,45,Udinese,Lecce,0,0
354,46,Udinese,Lecce,0,0
354,47,Udinese,Lecce,0,0
354,48,Udinese,Lecce,0,0
354,49,Udinese,Lecce,0,0
354,50,Udinese,Lecce,0,0
354,51,Udinese,Lecce,0,0
354,52,Udinese,Lecce,0,0
354,53,Udinese,Lecce,0,0
354,54,Udinese,Lecce,0,0
354,55,Udinese,Lecce,0,0
354,56,Udinese,Lecce,0,0
354,57,Udinese,Lecce,0,0
354,58,Udinese,Lecce,0,0
354,59,Udinese,Lecce,0,0
354,60,Udinese,Lecce,0,0
354,61,Udinese,Lecce,0,0
354,62,Udinese,Lecce,0,0
354,63,Udinese,Lecce,0,0
354,64,Udinese,Lecce,0,0
354,65,Udinese,Lecce,0,0
354,66,Udinese,Lecce,0,0
354,67,Udinese,Lecce,0,0
354,68,Udinese,Lecce,0,0
354,69,Udinese,Lecce,0,0
354,70,Udinese,Lecce,0,0
354,71,Udinese,Lecce,0,0
354,72,Udinese,Lecce,0,0
354,73,Udinese,Lecce,0,0
354,74,Udinese,Lecce,0,0
354,75,Udinese,Lecce,1,0
354,76,Udinese,Lecce,1,0
354,77,Udinese,Lecce,1,0
354,78,Udinese,Lecce,1,0
354,79,Udinese,Lecce,1,0
354,80,Udinese,Lecce,1,0
354,81,Udinese,Lecce,1,0
354,82,Udinese,Lecce,1,0
354,83,Udinese,Lecce,1,0
354,84,Udinese,Lecce,1,0
354,85,Udinese,Lecce,1,0
354,86,Udinese,Lecce,1,0
354,87,Udinese,Lecce,1,0
354,88,Udinese,Lecce,1,0
354,89,Udinese,Lecce,1,0
354,90,Udinese,Lecce,1,0
355,1,Udinese,AC Milan,0,0
355,2,Udinese,AC Milan,0,0
355,3,Udinese,AC Milan,0,0
355,4,Udinese,AC Milan,0,0
355,5,Udinese,AC Milan,0,0
355,6,Udinese,AC Milan,0,0
355,7,Udinese,AC Milan,0,0
355,8,Udinese,AC Milan,0,0
355,9,Udinese,AC Milan,0,0
355,10,Udinese,AC Milan,0,0
355,11,Udinese,AC Milan,0,0
355,12,Udinese,AC Milan,0,0
355,13,Udinese,AC Milan,0,0
355,14,Udinese,AC Milan,0,0
355,15,Udinese,AC Milan,0,0
355,16,Udinese,AC Milan,0,0
355,17,Udinese,AC Milan,0,0
355,18,Udinese,AC Milan,0,0
355,19,Udinese,AC Milan,0,0
355,20,Udinese,AC Milan,0,0
355,21,Udinese,AC Milan,0,0
355,22,Udinese,AC Milan,0,0
355,23,Udinese,AC Milan,0,0
355,24,Udinese,AC Milan,0,0
355,25,Udinese,AC Milan,0,0
355,26,Udinese,AC Milan,0,0
355,27,Udinese,AC Milan,0,0
355,28,Udinese,AC Milan,0,0
355,29,Udinese,AC Milan,0,0
355,30,Udinese,AC Milan,0,0
355,31,Udinese,AC Milan,0,0
355,32,Udinese,AC Milan,0,0
355,33,Udinese,AC Milan,0,0
355,34,Udinese,AC Milan,0,0
355,35,Udinese,AC Milan,0,0
355,36,Udinese,AC Milan,0,0
355,37,Udinese,AC Milan,0,0
355,38,Udinese,AC Milan,0,0
355,39,Udinese,AC Milan,0,0
355,40,Udinese,AC Milan,0,0
355,41,Udinese,AC Milan,0,0
355,42,Udinese,AC Milan,0,1
355,43,Udinese,AC Milan,0,1
355,44,Udinese,AC Milan,0,1
355,45,Udinese,AC Milan,0,2
355,46,Udinese,AC Milan,0,2
355,47,Udinese,AC Milan,0,2
355,48,Udinese,AC Milan,0,2
355,49,Udinese,AC Milan,0,2
355,50,Udinese,AC Milan,0,2
355,51,Udinese,AC Milan,0,2
355,52,Udinese,AC Milan,0,2
355,53,Udinese,AC Milan,0,2
355,54,Udinese,AC Milan,0,2
355,55,Udinese,AC Milan,0,2
355,56,Udinese,AC Milan,0,2
355,57,Udinese,AC Milan,0,2
355,58,Udinese,AC Milan,0,2
355,59,Udinese,AC Milan,0,2
355,60,Udinese,AC Milan,0,2
355,61,Udinese,AC Milan,0,2
355,62,Udinese,AC Milan,0,2
355,63,Udinese,AC Milan,0,2
355,64,Udinese,AC Milan,0,2
355,65,Udinese,AC Milan,0,2
355,66,Udinese,AC Milan,0,2
355,67,Udinese,AC Milan,0,2
355,68,Udinese,AC Milan,0,2
355,69,Udinese,AC Milan,0,2
355,70,Udinese,AC Milan,0,2
355,71,Udinese,AC Milan,0,2
355,72,Udinese,AC Milan,0,2
355,73,Udinese,AC Milan,0,2
355,74,Udinese,AC Milan,0,3
355,75,Udinese,AC Milan,0,3
355,76,Udinese,AC Milan,0,3
355,77,Udinese,AC Milan,0,3
355,78,Udinese,AC Milan,0,3
355,79,Udinese,AC Milan,0,3
355,80,Udinese,AC Milan,0,3
355,81,Udinese,AC Milan,0,4
355,82,Udinese,AC Milan,0,4
355,83,Udinese,AC Milan,0,4
355,84,Udinese,AC Milan,0,4
355,85,Udinese,AC Milan,0,4
355,86,Udinese,AC Milan,0,4
355,87,Udinese,AC Milan,0,4
355,88,Udinese,AC Milan,0,4
355,89,Udinese,AC Milan,0,4
355,90,Udinese,AC Milan,0,4
356,1,Udinese,Monza,0,0
356,2,Udinese,Monza,0,0
356,3,Udinese,Monza,0,0
356,4,Udinese,Monza,0,0
356,5,Udinese,Monza,0,0
356,6,Udinese,Monza,0,0
356,7,Udinese,Monza,0,0
356,8,Udinese,Monza,0,0
356,9,Udinese,Monza,0,0
356,10,Udinese,Monza,0,0
356,11,Udinese,Monza,0,0
356,12,Udinese,Monza,0,0
356,13,Udinese,Monza,0,0
356,14,Udinese,Monza,0,0
356,15,Udinese,Monza,0,0
356,16,Udinese,Monza,0,0
356,17,Udinese,Monza,0,0
356,18,Udinese,Monza,0,0
356,19,Udinese,Monza,0,0
356,20,Udinese,Monza,0,0
356,21,Udinese,Monza,0,0
356,22,Udinese,Monza,0,0
356,23,Udinese,Monza,0,0
356,24,Udinese,Monza,0,0
356,25,Udinese,Monza,0,0
356,26,Udinese,Monza,0,0
356,27,Udinese,Monza,0,0
356,28,Udinese,Monza,0,0
356,29,Udinese,Monza,0,0
356,30,Udinese,Monza,0,0
356,31,Udinese,Monza,0,0
356,32,Udinese,Monza,0,0
356,33,Udinese,Monza,0,0
356,34,Udinese,Monza,0,0
356,35,Udinese,Monza,0,0
356,36,Udinese,Monza,0,0
356,37,Udinese,Monza,0,0
356,38,Udinese,Monza,0,0
356,39,Udinese,Monza,0,0
356,40,Udinese,Monza,0,0
356,41,Udinese,Monza,0,0
356,42,Udinese,Monza,0,0
356,43,Udinese,Monza,0,0
356,44,Udinese,Monza,0,0
356,45,Udinese,Monza,0,0
356,46,Udinese,Monza,0,0
356,47,Udinese,Monza,0,0
356,48,Udinese,Monza,0,0
356,49,Udinese,Monza,0,0
356,50,Udinese,Monza,0,0
356,51,Udinese,Monza,0,0
356,52,Udinese,Monza,0,1
356,53,Udinese,Monza,0,1
356,54,Udinese,Monza,0,1
356,55,Udinese,Monza,0,1
356,56,Udinese,Monza,0,1
356,57,Udinese,Monza,0,1
356,58,Udinese,Monza,0,1
356,59,Udinese,Monza,0,1
356,60,Udinese,Monza,0,1
356,61,Udinese,Monza,0,1
356,62,Udinese,Monza,0,1
356,63,Udinese,Monza,0,1
356,64,Udinese,Monza,0,1
356,65,Udinese,Monza,0,1
356,66,Udinese,Monza,0,1
356,67,Udinese,Monza,0,1
356,68,Udinese,Monza,0,1
356,69,Udinese,Monza,0,1
356,70,Udinese,Monza,0,1
356,71,Udinese,Monza,0,1
356,72,Udinese,Monza,0,1
356,73,Udinese,Monza,0,1
356,74,Udinese,Monza,0,1
356,75,Udinese,Monza,1,1
356,76,Udinese,Monza,1,1
356,77,Udinese,Monza,1,1
356,78,Udinese,Monza,1,1
356,79,Udinese,Monza,1,1
356,80,Udinese,Monza,1,1
356,81,Udinese,Monza,1,1
356,82,Udinese,Monza,1,1
356,83,Udinese,Monza,1,1
356,84,Udinese,Monza,1,1
356,85,Udinese,Monza,1,1
356,86,Udinese,Monza,1,1
356,87,Udinese,Monza,1,1
356,88,Udinese,Monza,1,1
356,89,Udinese,Monza,1,1
356,90,Udinese,Monza,1,2
357,1,Udinese,Napoli,0,0
357,2,Udinese,Napoli,0,0
357,3,Udinese,Napoli,0,0
357,4,Udinese,Napoli,0,0
357,5,Udinese,Napoli,0,0
357,6,Udinese,Napoli,0,0
357,7,Udinese,Napoli,0,0
357,8,Udinese,Napoli,0,0
357,9,Udinese,Napoli,0,0
357,10,Udinese,Napoli,0,0
357,11,Udinese,Napoli,0,0
357,12,Udinese,Napoli,0,0
357,13,Udinese,Napoli,0,0
357,14,Udinese,Napoli,0,0
357,15,Udinese,Napoli,0,0
357,16,Udinese,Napoli,0,0
357,17,Udinese,Napoli,0,0
357,18,Udinese,Napoli,0,0
357,19,Udinese,Napoli,0,0
357,20,Udinese,Napoli,0,0
357,21,Udinese,Napoli,0,0
357,22,Udinese,Napoli,1,0
357,23,Udinese,Napoli,1,0
357,24,Udinese,Napoli,1,0
357,25,Udinese,Napoli,1,0
357,26,Udinese,Napoli,1,0
357,27,Udinese,Napoli,1,0
357,28,Udinese,Napoli,1,0
357,29,Udinese,Napoli,1,0
357,30,Udinese,Napoli,1,0
357,31,Udinese,Napoli,1,0
357,32,Udinese,Napoli,1,0
357,33,Udinese,Napoli,1,0
357,34,Udinese,Napoli,1,0
357,35,Udinese,Napoli,1,0
357,36,Udinese,Napoli,1,0
357,37,Udinese,Napoli,1,0
357,38,Udinese,Napoli,1,0
357,39,Udinese,Napoli,1,0
357,40,Udinese,Napoli,1,0
357,41,Udinese,Napoli,1,0
357,42,Udinese,Napoli,1,0
357,43,Udinese,Napoli,1,0
357,44,Udinese,Napoli,1,0
357,45,Udinese,Napoli,1,0
357,46,Udinese,Napoli,1,0
357,47,Udinese,Napoli,1,0
357,48,Udinese,Napoli,1,0
357,49,Udinese,Napoli,1,0
357,50,Udinese,Napoli,1,1
357,51,Udinese,Napoli,1,1
357,52,Udinese,Napoli,1,1
357,53,Udinese,Napoli,1,1
357,54,Udinese,Napoli,1,1
357,55,Udinese,Napoli,1,1
357,56,Udinese,Napoli,1,1
357,57,Udinese,Napoli,1,1
357,58,Udinese,Napoli,1,1
357,59,Udinese,Napoli,1,1
357,60,Udinese,Napoli,1,1
357,61,Udinese,Napoli,1,1
357,62,Udinese,Napoli,1,1
357,63,Udinese,Napoli,1,1
357,64,Udinese,Napoli,1,1
357,65,Udinese,Napoli,1,1
357,66,Udinese,Napoli,1,1
357,67,Udinese,Napoli,1,1
357,68,Udinese,Napoli,1,1
357,69,Udinese,Napoli,1,1
357,70,Udinese,Napoli,1,1
357,71,Udinese,Napoli,1,1
357,72,Udinese,Napoli,1,1
357,73,Udinese,Napoli,1,1
357,74,Udinese,Napoli,1,1
357,75,Udinese,Napoli,1,1
357,76,Udinese,Napoli,1,2
357,77,Udinese,Napoli,1,2
357,78,Udinese,Napoli,1,2
357,79,Udinese,Napoli,1,2
357,80,Udinese,Napoli,1,2
357,81,Udinese,Napoli,1,3
357,82,Udinese,Napoli,1,3
357,83,Udinese,Napoli,1,3
357,84,Udinese,Napoli,1,3
357,85,Udinese,Napoli,1,3
357,86,Udinese,Napoli,1,3
357,87,Udinese,Napoli,1,3
357,88,Udinese,Napoli,1,3
357,89,Udinese,Napoli,1,3
357,90,Udinese,Napoli,1,3
358,1,Udinese,Parma,0,0
358,2,Udinese,Parma,0,0
358,3,Udinese,Parma,0,0
358,4,Udinese,Parma,0,0
358,5,Udinese,Parma,0,0
358,6,Udinese,Parma,0,0
358,7,Udinese,Parma,0,0
358,8,Udinese,Parma,0,0
358,9,Udinese,Parma,0,0
358,10,Udinese,Parma,0,0
358,11,Udinese,Parma,0,0
358,12,Udinese,Parma,0,0
358,13,Udinese,Parma,0,0
358,14,Udinese,Parma,0,0
358,15,Udinese,Parma,0,0
358,16,Udinese,Parma,0,0
358,17,Udinese,Parma,0,0
358,18,Udinese,Parma,0,0
358,19,Udinese,Parma,0,0
358,20,Udinese,Parma,0,0
358,21,Udinese,Parma,0,0
358,22,Udinese,Parma,0,0
358,23,Udinese,Parma,0,0
358,24,Udinese,Parma,0,0
358,25,Udinese,Parma,0,0
358,26,Udinese,Parma,0,0
358,27,Udinese,Parma,0,0
358,28,Udinese,Parma,0,0
358,29,Udinese,Parma,0,0
358,30,Udinese,Parma,0,0
358,31,Udinese,Parma,0,0
358,32,Udinese,Parma,0,0
358,33,Udinese,Parma,0,0
358,34,Udinese,Parma,0,0
358,35,Udinese,Parma,0,0
358,36,Udinese,Parma,0,0
358,37,Udinese,Parma,0,0
358,38,Udinese,Parma,1,0
358,39,Udinese,Parma,1,0
358,40,Udinese,Parma,1,0
358,41,Udinese,Parma,1,0
358,42,Udinese,Parma,1,0
358,43,Udinese,Parma,1,0
358,44,Udinese,Parma,1,0
358,45,Udinese,Parma,1,0
358,46,Udinese,Parma,1,0
358,47,Udinese,Parma,1,0
358,48,Udinese,Parma,1,0
358,49,Udinese,Parma,1,0
358,50,Udinese,Parma,1,0
358,51,Udinese,Parma,1,0
358,52,Udinese,Parma,1,0
358,53,Udinese,Parma,1,0
358,54,Udinese,Parma,1,0
358,55,Udinese,Parma,1,0
358,56,Udinese,Parma,1,0
358,57,Udinese,Parma,1,0
358,58,Udinese,Parma,1,0
358,59,Udinese,Parma,1,0
358,60,Udinese,Parma,1,0
358,61,Udinese,Parma,1,0
358,62,Udinese,Parma,1,0
358,63,Udinese,Parma,1,0
358,64,Udinese,Parma,1,0
358,65,Udinese,Parma,1,0
358,66,Udinese,Parma,1,0
358,67,Udinese,Parma,1,0
358,68,Udinese,Parma,1,0
358,69,Udinese,Parma,1,0
358,70,Udinese,Parma,1,0
358,71,Udinese,Parma,1,0
358,72,Udinese,Parma,1,0
358,73,Udinese,Parma,1,0
358,74,Udinese,Parma,1,0
358,75,Udinese,Parma,1,0
358,76,Udinese,Parma,1,0
358,77,Udinese,Parma,1,0
358,78,Udinese,Parma,1,0
358,79,Udinese,Parma,1,0
358,80,Udinese,Parma,1,0
358,81,Udinese,Parma,1,0
358,82,Udinese,Parma,1,0
358,83,Udinese,Parma,1,0
358,84,Udinese,Parma,1,0
358,85,Udinese,Parma,1,0
358,86,Udinese,Parma,1,0
358,87,Udinese,Parma,1,0
358,88,Udinese,Parma,1,0
358,89,Udinese,Parma,1,0
358,90,Udinese,Parma,1,0
359,1,Udinese,Roma,0,0
359,2,Udinese,Roma,0,0
359,3,Udinese,Roma,0,0
359,4,Udinese,Roma,0,0
359,5,Udinese,Roma,0,0
359,6,Udinese,Roma,0,0
359,7,Udinese,Roma,0,0
359,8,Udinese,Roma,0,0
359,9,Udinese,Roma,0,0
359,10,Udinese,Roma,0,0
359,11,Udinese,Roma,0,0
359,12,Udinese,Roma,0,0
359,13,Udinese,Roma,0,0
359,14,Udinese,Roma,0,0
359,15,Udinese,Roma,0,0
359,16,Udinese,Roma,0,0
359,17,Udinese,Roma,0,0
359,18,Udinese,Roma,0,0
359,19,Udinese,Roma,0,0
359,20,Udinese,Roma,0,0
359,21,Udinese,Roma,0,0
359,22,Udinese,Roma,0,0
359,23,Udinese,Roma,0,0
359,24,Udinese,Roma,0,0
359,25,Udinese,Roma,0,0
359,26,Udinese,Roma,0,0
359,27,Udinese,Roma,0,0
359,28,Udinese,Roma,0,0
359,29,Udinese,Roma,0,0
359,30,Udinese,Roma,0,0
359,31,Udinese,Roma,0,0
359,32,Udinese,Roma,0,0
359,33,Udinese,Roma,0,0
359,34,Udinese,Roma,0,0
359,35,Udinese,Roma,0,0
359,36,Udinese,Roma,0,0
359,37,Udinese,Roma,0,0
359,38,Udinese,Roma,1,0
359,39,Udinese,Roma,1,0
359,40,Udinese,Roma,1,0
359,41,Udinese,Roma,1,0
359,42,Udinese,Roma,1,0
359,43,Udinese,Roma,1,0
359,44,Udinese,Roma,1,0
359,45,Udinese,Roma,1,0
359,46,Udinese,Roma,1,0
359,47,Udinese,Roma,1,0
359,48,Udinese,Roma,1,0
359,49,Udinese,Roma,1,0
359,50,Udinese,Roma,1,1
359,51,Udinese,Roma,1,1
359,52,Udinese,Roma,1,1
359,53,Udinese,Roma,1,1
359,54,Udinese,Roma,1,1
359,55,Udinese,Roma,1,1
359,56,Udinese,Roma,1,1
359,57,Udinese,Roma,1,1
359,58,Udinese,Roma,1,1
359,59,Udinese,Roma,1,1
359,60,Udinese,Roma,1,1
359,61,Udinese,Roma,1,1
359,62,Udinese,Roma,1,1
359,63,Udinese,Roma,1,1
359,64,Udinese,Roma,1,2
359,65,Udinese,Roma,1,2
359,66,Udinese,Roma,1,2
359,67,Udinese,Roma,1,2
359,68,Udinese,Roma,1,2
359,69,Udinese,Roma,1,2
359,70,Udinese,Roma,1,2
359,71,Udinese,Roma,1,2
359,72,Udinese,Roma,1,2
359,73,Udinese,Roma,1,2
359,74,Udinese,Roma,1,2
359,75,Udinese,Roma,1,2
359,76,Udinese,Roma,1,2
359,77,Udinese,Roma,1,2
359,78,Udinese,Roma,1,2
359,79,Udinese,Roma,1,2
359,80,Udinese,Roma,1,2
359,81,Udinese,Roma,1,2
359,82,Udinese,Roma,1,2
359,83,Udinese,Roma,1,2
359,84,Udinese,Roma,1,2
359,85,Udinese,Roma,1,2
359,86,Udinese,Roma,1,2
359,87,Udinese,Roma,1,2
359,88,Udinese,Roma,1,2
359,89,Udinese,Roma,1,2
359,90,Udinese,Roma,1,2
360,1,Udinese,Torino,0,0
360,2,Udinese,Torino,0,0
360,3,Udinese,Torino,0,0
360,4,Udinese,Torino,0,0
360,5,Udinese,Torino,0,0
360,6,Udinese,Torino,0,0
360,7,Udinese,Torino,0,0
360,8,Udinese,Torino,0,0
360,9,Udinese,Torino,0,0
360,10,Udinese,Torino,0,0
360,11,Udinese,Torino,0,0
360,12,Udinese,Torino,0,0
360,13,Udinese,Torino,0,0
360,14,Udinese,Torino,0,0
360,15,Udinese,Torino,0,0
360,16,Udinese,Torino,0,0
360,17,Udinese,Torino,0,0
360,18,Udinese,Torino,0,0
360,19,Udinese,Torino,0,0
360,20,Udinese,Torino,0,0
360,21,Udinese,Torino,0,0
360,22,Udinese,Torino,0,0
360,23,Udinese,Torino,0,0
360,24,Udinese,Torino,0,0
360,25,Udinese,Torino,0,0
360,26,Udinese,Torino,0,0
360,27,Udinese,Torino,0,0
360,28,Udinese,Torino,0,0
360,29,Udinese,Torino,0,0
360,30,Udinese,Torino,0,0
360,31,Udinese,Torino,0,0
360,32,Udinese,Torino,0,0
360,33,Udinese,Torino,0,0
360,34,Udinese,Torino,0,0
360,35,Udinese,Torino,0,0
360,36,Udinese,Torino,0,0
360,37,Udinese,Torino,0,0
360,38,Udinese,Torino,0,0
360,39,Udinese,Torino,0,0
360,40,Udinese,Torino,0,0
360,41,Udinese,Torino,1,0
360,42,Udinese,Torino,1,0
360,43,Udinese,Torino,1,0
360,44,Udinese,Torino,1,0
360,45,Udinese,Torino,1,0
360,46,Udinese,Torino,1,0
360,47,Udinese,Torino,1,0
360,48,Udinese,Torino,1,0
360,49,Udinese,Torino,2,0
360,50,Udinese,Torino,2,0
360,51,Udinese,Torino,2,0
360,52,Udinese,Torino,2,0
360,53,Udinese,Torino,2,1
360,54,Udinese,Torino,2,1
360,55,Udinese,Torino,2,1
360,56,Udinese,Torino,2,1
360,57,Udinese,Torino,2,1
360,58,Udinese,Torino,2,1
360,59,Udinese,Torino,2,1
360,60,Udinese,Torino,2,1
360,61,Udinese,Torino,2,1
360,62,Udinese,Torino,2,1
360,63,Udinese,Torino,2,1
360,64,Udinese,Torino,2,2
360,65,Udinese,Torino,2,2
360,66,Udinese,Torino,2,2
360,67,Udinese,Torino,2,2
360,68,Udinese,Torino,2,2
360,69,Udinese,Torino,2,2
360,70,Udinese,Torino,2,2
360,71,Udinese,Torino,2,2
360,72,Udinese,Torino,2,2
360,73,Udinese,Torino,2,2
360,74,Udinese,Torino,2,2
360,75,Udinese,Torino,2,2
360,76,Udinese,Torino,2,2
360,77,Udinese,Torino,2,2
360,78,Udinese,Torino,2,2
360,79,Udinese,Torino,2,2
360,80,Udinese,Torino,2,2
360,81,Udinese,Torino,2,2
360,82,Udinese,Torino,2,2
360,83,Udinese,Torino,2,2
360,84,Udinese,Torino,2,2
360,85,Udinese,Torino,2,2
360,86,Udinese,Torino,2,2
360,87,Udinese,Torino,2,2
360,88,Udinese,Torino,2,2
360,89,Udinese,Torino,2,2
360,90,Udinese,Torino,2,2
361,1,Udinese,Venezia,0,0
361,2,Udinese,Venezia,0,0
361,3,Udinese,Venezia,0,0
361,4,Udinese,Venezia,0,0
361,5,Udinese,Venezia,0,0
361,6,Udinese,Venezia,0,0
361,7,Udinese,Venezia,0,0
361,8,Udinese,Venezia,0,0
361,9,Udinese,Venezia,0,0
361,10,Udinese,Venezia,0,0
361,11,Udinese,Venezia,0,0
361,12,Udinese,Venezia,0,0
361,13,Udinese,Venezia,0,0
361,14,Udinese,Venezia,0,0
361,15,Udinese,Venezia,0,0
361,16,Udinese,Venezia,0,0
361,17,Udinese,Venezia,0,0
361,18,Udinese,Venezia,0,0
361,19,Udinese,Venezia,0,0
361,20,Udinese,Venezia,0,0
361,21,Udinese,Venezia,0,0
361,22,Udinese,Venezia,0,0
361,23,Udinese,Venezia,0,0
361,24,Udinese,Venezia,0,0
361,25,Udinese,Venezia,0,0
361,26,Udinese,Venezia,0,0
361,27,Udinese,Venezia,0,0
361,28,Udinese,Venezia,0,0
361,29,Udinese,Venezia,0,0
361,30,Udinese,Venezia,0,0
361,31,Udinese,Venezia,0,0
361,32,Udinese,Venezia,0,0
361,33,Udinese,Venezia,0,0
361,34,Udinese,Venezia,0,0
361,35,Udinese,Venezia,0,0
361,36,Udinese,Venezia,0,0
361,37,Udinese,Venezia,0,0
361,38,Udinese,Venezia,0,0
361,39,Udinese,Venezia,0,0
361,40,Udinese,Venezia,0,0
361,41,Udinese,Venezia,0,0
361,42,Udinese,Venezia,0,0
361,43,Udinese,Venezia,0,0
361,44,Udinese,Venezia,0,0
361,45,Udinese,Venezia,0,0
361,46,Udinese,Venezia,0,0
361,47,Udinese,Venezia,1,0
361,48,Udinese,Venezia,1,0
361,49,Udinese,Venezia,1,0
361,50,Udinese,Venezia,1,0
361,51,Udinese,Venezia,1,0
361,52,Udinese,Venezia,2,0
361,53,Udinese,Venezia,2,0
361,54,Udinese,Venezia,2,0
361,55,Udinese,Venezia,2,0
361,56,Udinese,Venezia,2,0
361,57,Udinese,Venezia,2,0
361,58,Udinese,Venezia,2,0
361,59,Udinese,Venezia,2,0
361,60,Udinese,Venezia,2,0
361,61,Udinese,Venezia,2,0
361,62,Udinese,Venezia,2,0
361,63,Udinese,Venezia,2,0
361,64,Udinese,Venezia,2,1
361,65,Udinese,Venezia,2,1
361,66,Udinese,Venezia,2,1
361,67,Udinese,Venezia,2,1
361,68,Udinese,Venezia,2,1
361,69,Udinese,Venezia,2,1
361,70,Udinese,Venezia,2,1
361,71,Udinese,Venezia,2,1
361,72,Udinese,Venezia,2,1
361,73,Udinese,Venezia,2,1
361,74,Udinese,Venezia,2,1
361,75,Udinese,Venezia,2,1
361,76,Udinese,Venezia,2,1
361,77,Udinese,Venezia,2,1
361,78,Udinese,Venezia,2,2
361,79,Udinese,Venezia,2,2
361,80,Udinese,Venezia,2,2
361,81,Udinese,Venezia,2,2
361,82,Udinese,Venezia,2,2
361,83,Udinese,Venezia,2,2
361,84,Udinese,Venezia,3,2
361,85,Udinese,Venezia,3,2
361,86,Udinese,Venezia,3,2
361,87,Udinese,Venezia,3,2
361,88,Udinese,Venezia,3,2
361,89,Udinese,Venezia,3,2
361,90,Udinese,Venezia,3,2
362,1,Venezia,Atalanta,0,0
362,2,Venezia,Atalanta,0,0
362,3,Venezia,Atalanta,0,0
362,4,Venezia,Atalanta,0,0
362,5,Venezia,Atalanta,0,0
362,6,Venezia,Atalanta,0,0
362,7,Venezia,Atalanta,0,1
362,8,Venezia,Atalanta,0,1
362,9,Venezia,Atalanta,0,1
362,10,Venezia,Atalanta,0,1
362,11,Venezia,Atalanta,0,1
362,12,Venezia,Atalanta,0,1
362,13,Venezia,Atalanta,0,1
362,14,Venezia,Atalanta,0,1
362,15,Venezia,Atalanta,0,1
362,16,Venezia,Atalanta,0,1
362,17,Venezia,Atalanta,0,1
362,18,Venezia,Atalanta,0,1
362,19,Venezia,Atalanta,0,1
362,20,Venezia,Atalanta,0,1
362,21,Venezia,Atalanta,0,1
362,22,Venezia,Atalanta,0,1
362,23,Venezia,Atalanta,0,1
362,24,Venezia,Atalanta,0,1
362,25,Venezia,Atalanta,0,1
362,26,Venezia,Atalanta,0,1
362,27,Venezia,Atalanta,0,1
362,28,Venezia,Atalanta,0,1
362,29,Venezia,Atalanta,0,1
362,30,Venezia,Atalanta,0,1
362,31,Venezia,Atalanta,0,1
362,32,Venezia,Atalanta,0,1
362,33,Venezia,Atalanta,0,1
362,34,Venezia,Atalanta,0,1
362,35,Venezia,Atalanta,0,1
362,36,Venezia,Atalanta,0,1
362,37,Venezia,Atalanta,0,1
362,38,Venezia,Atalanta,0,1
362,39,Venezia,Atalanta,0,1
362,40,Venezia,Atalanta,0,1
362,41,Venezia,Atalanta,0,1
362,42,Venezia,Atalanta,0,1
362,43,Venezia,Atalanta,0,1
362,44,Venezia,Atalanta,0,1
362,45,Venezia,Atalanta,0,1
362,46,Venezia,Atalanta,0,1
362,47,Venezia,Atalanta,0,2
362,48,Venezia,Atalanta,0,2
362,49,Venezia,Atalanta,0,2
362,50,Venezia,Atalanta,0,2
362,51,Venezia,Atalanta,0,2
362,52,Venezia,Atalanta,0,2
362,53,Venezia,Atalanta,0,2
362,54,Venezia,Atalanta,0,2
362,55,Venezia,Atalanta,0,2
362,56,Venezia,Atalanta,0,2
362,57,Venezia,Atalanta,0,2
362,58,Venezia,Atalanta,0,2
362,59,Venezia,Atalanta,0,2
362,60,Venezia,Atalanta,0,2
362,61,Venezia,Atalanta,0,2
362,62,Venezia,Atalanta,0,2
362,63,Venezia,Atalanta,0,2
362,64,Venezia,Atalanta,0,2
362,65,Venezia,Atalanta,0,2
362,66,Venezia,Atalanta,0,2
362,67,Venezia,Atalanta,0,2
362,68,Venezia,Atalanta,0,2
362,69,Venezia,Atalanta,0,2
362,70,Venezia,Atalanta,0,2
362,71,Venezia,Atalanta,0,2
362,72,Venezia,Atalanta,0,2
362,73,Venezia,Atalanta,0,2
362,74,Venezia,Atalanta,0,2
362,75,Venezia,Atalanta,0,2
362,76,Venezia,Atalanta,0,2
362,77,Venezia,Atalanta,0,2
362,78,Venezia,Atalanta,0,2
362,79,Venezia,Atalanta,0,2
362,80,Venezia,Atalanta,0,2
362,81,Venezia,Atalanta,0,2
362,82,Venezia,Atalanta,0,2
362,83,Venezia,Atalanta,0,2
362,84,Venezia,Atalanta,0,2
362,85,Venezia,Atalanta,0,2
362,86,Venezia,Atalanta,0,2
362,87,Venezia,Atalanta,0,2
362,88,Venezia,Atalanta,0,2
362,89,Venezia,Atalanta,0,2
362,90,Venezia,Atalanta,0,2
363,1,Venezia,Bologna,0,0
363,2,Venezia,Bologna,0,0
363,3,Venezia,Bologna,0,0
363,4,Venezia,Bologna,0,0
363,5,Venezia,Bologna,0,0
363,6,Venezia,Bologna,0,0
363,7,Venezia,Bologna,0,0
363,8,Venezia,Bologna,0,0
363,9,Venezia,Bologna,0,0
363,10,Venezia,Bologna,0,0
363,11,Venezia,Bologna,0,0
363,12,Venezia,Bologna,0,0
363,13,Venezia,Bologna,0,0
363,14,Venezia,Bologna,0,0
363,15,Venezia,Bologna,0,0
363,16,Venezia,Bologna,0,0
363,17,Venezia,Bologna,0,0
363,18,Venezia,Bologna,0,0
363,19,Venezia,Bologna,0,0
363,20,Venezia,Bologna,0,0
363,21,Venezia,Bologna,0,0
363,22,Venezia,Bologna,0,0
363,23,Venezia,Bologna,0,0
363,24,Venezia,Bologna,0,0
363,25,Venezia,Bologna,0,0
363,26,Venezia,Bologna,0,0
363,27,Venezia,Bologna,0,0
363,28,Venezia,Bologna,0,0
363,29,Venezia,Bologna,0,0
363,30,Venezia,Bologna,0,0
363,31,Venezia,Bologna,0,0
363,32,Venezia,Bologna,0,0
363,33,Venezia,Bologna,0,0
363,34,Venezia,Bologna,0,0
363,35,Venezia,Bologna,0,0
363,36,Venezia,Bologna,0,0
363,37,Venezia,Bologna,0,0
363,38,Venezia,Bologna,0,0
363,39,Venezia,Bologna,0,0
363,40,Venezia,Bologna,0,0
363,41,Venezia,Bologna,0,0
363,42,Venezia,Bologna,0,0
363,43,Venezia,Bologna,0,0
363,44,Venezia,Bologna,0,0
363,45,Venezia,Bologna,0,0
363,46,Venezia,Bologna,0,0
363,47,Venezia,Bologna,0,0
363,48,Venezia,Bologna,0,0
363,49,Venezia,Bologna,0,1
363,50,Venezia,Bologna,0,1
363,51,Venezia,Bologna,0,1
363,52,Venezia,Bologna,0,1
363,53,Venezia,Bologna,0,1
363,54,Venezia,Bologna,0,1
363,55,Venezia,Bologna,0,1
363,56,Venezia,Bologna,0,1
363,57,Venezia,Bologna,0,1
363,58,Venezia,Bologna,0,1
363,59,Venezia,Bologna,0,1
363,60,Venezia,Bologna,0,1
363,61,Venezia,Bologna,0,1
363,62,Venezia,Bologna,0,1
363,63,Venezia,Bologna,0,1
363,64,Venezia,Bologna,0,1
363,65,Venezia,Bologna,0,1
363,66,Venezia,Bologna,0,1
363,67,Venezia,Bologna,0,1
363,68,Venezia,Bologna,0,1
363,69,Venezia,Bologna,0,1
363,70,Venezia,Bologna,0,1
363,71,Venezia,Bologna,0,1
363,72,Venezia,Bologna,0,1
363,73,Venezia,Bologna,0,1
363,74,Venezia,Bologna,0,1
363,75,Venezia,Bologna,0,1
363,76,Venezia,Bologna,0,1
363,77,Venezia,Bologna,0,1
363,78,Venezia,Bologna,0,1
363,79,Venezia,Bologna,0,1
363,80,Venezia,Bologna,0,1
363,81,Venezia,Bologna,0,1
363,82,Venezia,Bologna,0,1
363,83,Venezia,Bologna,0,1
363,84,Venezia,Bologna,0,1
363,85,Venezia,Bologna,0,1
363,86,Venezia,Bologna,0,1
363,87,Venezia,Bologna,0,1
363,88,Venezia,Bologna,0,1
363,89,Venezia,Bologna,0,1
363,90,Venezia,Bologna,0,1
364,1,Venezia,Cagliari,0,0
364,2,Venezia,Cagliari,0,0
364,3,Venezia,Cagliari,0,0
364,4,Venezia,Cagliari,0,0
364,5,Venezia,Cagliari,0,0
364,6,Venezia,Cagliari,0,0
364,7,Venezia,Cagliari,0,0
364,8,Venezia,Cagliari,0,0
364,9,Venezia,Cagliari,0,0
364,10,Venezia,Cagliari,0,0
364,11,Venezia,Cagliari,0,0
364,12,Venezia,Cagliari,0,0
364,13,Venezia,Cagliari,0,0
364,14,Venezia,Cagliari,0,0
364,15,Venezia,Cagliari,0,0
364,16,Venezia,Cagliari,0,0
364,17,Venezia,Cagliari,0,0
364,18,Venezia,Cagliari,0,0
364,19,Venezia,Cagliari,0,0
364,20,Venezia,Cagliari,0,0
364,21,Venezia,Cagliari,0,0
364,22,Venezia,Cagliari,0,0
364,23,Venezia,Cagliari,0,0
364,24,Venezia,Cagliari,0,0
364,25,Venezia,Cagliari,0,0
364,26,Venezia,Cagliari,0,0
364,27,Venezia,Cagliari,0,0
364,28,Venezia,Cagliari,0,0
364,29,Venezia,Cagliari,0,0
364,30,Venezia,Cagliari,0,0
364,31,Venezia,Cagliari,0,0
364,32,Venezia,Cagliari,0,0
364,33,Venezia,Cagliari,0,0
364,34,Venezia,Cagliari,0,0
364,35,Venezia,Cagliari,0,0
364,36,Venezia,Cagliari,0,0
364,37,Venezia,Cagliari,0,0
364,38,Venezia,Cagliari,1,0
364,39,Venezia,Cagliari,1,0
364,40,Venezia,Cagliari,1,0
364,41,Venezia,Cagliari,1,0
364,42,Venezia,Cagliari,1,0
364,43,Venezia,Cagliari,1,0
364,44,Venezia,Cagliari,1,0
364,45,Venezia,Cagliari,1,0
364,46,Venezia,Cagliari,1,0
364,47,Venezia,Cagliari,1,0
364,48,Venezia,Cagliari,1,0
364,49,Venezia,Cagliari,1,0
364,50,Venezia,Cagliari,1,0
364,51,Venezia,Cagliari,1,0
364,52,Venezia,Cagliari,1,0
364,53,Venezia,Cagliari,1,0
364,54,Venezia,Cagliari,1,0
364,55,Venezia,Cagliari,1,0
364,56,Venezia,Cagliari,1,0
364,57,Venezia,Cagliari,1,0
364,58,Venezia,Cagliari,1,0
364,59,Venezia,Cagliari,1,0
364,60,Venezia,Cagliari,1,0
364,61,Venezia,Cagliari,1,0
364,62,Venezia,Cagliari,1,0
364,63,Venezia,Cagliari,1,0
364,64,Venezia,Cagliari,1,0
364,65,Venezia,Cagliari,1,0
364,66,Venezia,Cagliari,1,0
364,67,Venezia,Cagliari,2,0
364,68,Venezia,Cagliari,2,0
364,69,Venezia,Cagliari,2,0
364,70,Venezia,Cagliari,2,0
364,71,Venezia,Cagliari,2,0
364,72,Venezia,Cagliari,2,0
364,73,Venezia,Cagliari,2,0
364,74,Venezia,Cagliari,2,0
364,75,Venezia,Cagliari,2,0
364,76,Venezia,Cagliari,2,1
364,77,Venezia,Cagliari,2,1
364,78,Venezia,Cagliari,2,1
364,79,Venezia,Cagliari,2,1
364,80,Venezia,Cagliari,2,1
364,81,Venezia,Cagliari,2,1
364,82,Venezia,Cagliari,2,1
364,83,Venezia,Cagliari,2,1
364,84,Venezia,Cagliari,2,1
364,85,Venezia,Cagliari,2,1
364,86,Venezia,Cagliari,2,1
364,87,Venezia,Cagliari,2,1
364,88,Venezia,Cagliari,2,1
364,89,Venezia,Cagliari,2,1
364,90,Venezia,Cagliari,2,1
365,1,Venezia,Como,0,0
365,2,Venezia,Como,0,0
365,3,Venezia,Como,0,0
365,4,Venezia,Como,0,0
365,5,Venezia,Como,0,0
365,6,Venezia,Como,0,0
365,7,Venezia,Como,0,0
365,8,Venezia,Como,0,0
365,9,Venezia,Como,0,0
365,10,Venezia,Como,0,0
365,11,Venezia,Como,0,0
365,12,Venezia,Como,0,0
365,13,Venezia,Como,0,0
365,14,Venezia,Como,0,0
365,15,Venezia,Como,0,0
365,16,Venezia,Como,1,0
365,17,Venezia,Como,1,0
365,18,Venezia,Como,1,0
365,19,Venezia,Como,1,0
365,20,Venezia,Como,1,0
365,21,Venezia,Como,1,0
365,22,Venezia,Como,1,0
365,23,Venezia,Como,1,0
365,24,Venezia,Como,1,0
365,25,Venezia,Como,1,0
365,26,Venezia,Como,1,0
365,27,Venezia,Como,1,0
365,28,Venezia,Como,1,0
365,29,Venezia,Como,1,0
365,30,Venezia,Como,1,0
365,31,Venezia,Como,1,0
365,32,Venezia,Como,1,0
365,33,Venezia,Como,1,0
365,34,Venezia,Como,1,0
365,35,Venezia,Como,1,0
365,36,Venezia,Como,1,0
365,37,Venezia,Como,1,0
365,38,Venezia,Como,1,0
365,39,Venezia,Como,1,0
365,40,Venezia,Como,1,0
365,41,Venezia,Como,1,0
365,42,Venezia,Como,1,0
365,43,Venezia,Como,1,0
365,44,Venezia,Como,1,0
365,45,Venezia,Como,1,0
365,46,Venezia,Como,1,0
365,47,Venezia,Como,1,0
365,48,Venezia,Como,1,0
365,49,Venezia,Como,1,1
365,50,Venezia,Como,1,1
365,51,Venezia,Como,1,1
365,52,Venezia,Como,1,1
365,53,Venezia,Como,1,1
365,54,Venezia,Como,1,1
365,55,Venezia,Como,1,1
365,56,Venezia,Como,1,2
365,57,Venezia,Como,1,2
365,58,Venezia,Como,1,2
365,59,Venezia,Como,1,2
365,60,Venezia,Como,1,2
365,61,Venezia,Como,1,2
365,62,Venezia,Como,1,2
365,63,Venezia,Como,1,2
365,64,Venezia,Como,1,2
365,65,Venezia,Como,1,2
365,66,Venezia,Como,1,2
365,67,Venezia,Como,1,2
365,68,Venezia,Como,1,2
365,69,Venezia,Como,2,2
365,70,Venezia,Como,2,2
365,71,Venezia,Como,2,2
365,72,Venezia,Como,2,2
365,73,Venezia,Como,2,2
365,74,Venezia,Como,2,2
365,75,Venezia,Como,2,2
365,76,Venezia,Como,2,2
365,77,Venezia,Como,2,2
365,78,Venezia,Como,2,2
365,79,Venezia,Como,2,2
365,80,Venezia,Como,2,2
365,81,Venezia,Como,2,2
365,82,Venezia,Como,2,2
365,83,Venezia,Como,2,2
365,84,Venezia,Como,2,2
365,85,Venezia,Como,2,2
365,86,Venezia,Como,2,2
365,87,Venezia,Como,2,2
365,88,Venezia,Como,2,2
365,89,Venezia,Como,2,2
365,90,Venezia,Como,2,2
366,1,Venezia,Empoli,0,0
366,2,Venezia,Empoli,0,0
366,3,Venezia,Empoli,0,0
366,4,Venezia,Empoli,0,0
366,5,Venezia,Empoli,1,0
366,6,Venezia,Empoli,1,0
366,7,Venezia,Empoli,1,0
366,8,Venezia,Empoli,1,0
366,9,Venezia,Empoli,1,0
366,10,Venezia,Empoli,1,0
366,11,Venezia,Empoli,1,0
366,12,Venezia,Empoli,1,0
366,13,Venezia,Empoli,1,0
366,14,Venezia,Empoli,1,0
366,15,Venezia,Empoli,1,0
366,16,Venezia,Empoli,1,0
366,17,Venezia,Empoli,1,0
366,18,Venezia,Empoli,1,0
366,19,Venezia,Empoli,1,0
366,20,Venezia,Empoli,1,0
366,21,Venezia,Empoli,1,0
366,22,Venezia,Empoli,1,0
366,23,Venezia,Empoli,1,0
366,24,Venezia,Empoli,1,0
366,25,Venezia,Empoli,1,0
366,26,Venezia,Empoli,1,0
366,27,Venezia,Empoli,1,0
366,28,Venezia,Empoli,1,0
366,29,Venezia,Empoli,1,0
366,30,Venezia,Empoli,1,0
366,31,Venezia,Empoli,1,0
366,32,Venezia,Empoli,1,1
366,33,Venezia,Empoli,1,1
366,34,Venezia,Empoli,1,1
366,35,Venezia,Empoli,1,1
366,36,Venezia,Empoli,1,1
366,37,Venezia,Empoli,1,1
366,38,Venezia,Empoli,1,1
366,39,Venezia,Empoli,1,1
366,40,Venezia,Empoli,1,1
366,41,Venezia,Empoli,1,1
366,42,Venezia,Empoli,1,1
366,43,Venezia,Empoli,1,1
366,44,Venezia,Empoli,1,1
366,45,Venezia,Empoli,1,1
366,46,Venezia,Empoli,1,1
366,47,Venezia,Empoli,1,1
366,48,Venezia,Empoli,1,1
366,49,Venezia,Empoli,1,1
366,50,Venezia,Empoli,1,1
366,51,Venezia,Empoli,1,1
366,52,Venezia,Empoli,1,1
366,53,Venezia,Empoli,1,1
366,54,Venezia,Empoli,1,1
366,55,Venezia,Empoli,1,1
366,56,Venezia,Empoli,1,1
366,57,Venezia,Empoli,1,1
366,58,Venezia,Empoli,1,1
366,59,Venezia,Empoli,1,1
366,60,Venezia,Empoli,1,1
366,61,Venezia,Empoli,1,1
366,62,Venezia,Empoli,1,1
366,63,Venezia,Empoli,1,1
366,64,Venezia,Empoli,1,1
366,65,Venezia,Empoli,1,1
366,66,Venezia,Empoli,1,1
366,67,Venezia,Empoli,1,1
366,68,Venezia,Empoli,1,1
366,69,Venezia,Empoli,1,1
366,70,Venezia,Empoli,1,1
366,71,Venezia,Empoli,1,1
366,72,Venezia,Empoli,1,1
366,73,Venezia,Empoli,1,1
366,74,Venezia,Empoli,1,1
366,75,Venezia,Empoli,1,1
366,76,Venezia,Empoli,1,1
366,77,Venezia,Empoli,1,1
366,78,Venezia,Empoli,1,1
366,79,Venezia,Empoli,1,1
366,80,Venezia,Empoli,1,1
366,81,Venezia,Empoli,1,1
366,82,Venezia,Empoli,1,1
366,83,Venezia,Empoli,1,1
366,84,Venezia,Empoli,1,1
366,85,Venezia,Empoli,1,1
366,86,Venezia,Empoli,1,1
366,87,Venezia,Empoli,1,1
366,88,Venezia,Empoli,1,1
366,89,Venezia,Empoli,1,1
366,90,Venezia,Empoli,1,1
367,1,Venezia,Fiorentina,0,0
367,2,Venezia,Fiorentina,0,0
367,3,Venezia,Fiorentina,0,0
367,4,Venezia,Fiorentina,0,0
367,5,Venezia,Fiorentina,0,0
367,6,Venezia,Fiorentina,0,0
367,7,Venezia,Fiorentina,0,0
367,8,Venezia,Fiorentina,0,0
367,9,Venezia,Fiorentina,0,0
367,10,Venezia,Fiorentina,0,0
367,11,Venezia,Fiorentina,0,0
367,12,Venezia,Fiorentina,0,0
367,13,Venezia,Fiorentina,0,0
367,14,Venezia,Fiorentina,0,0
367,15,Venezia,Fiorentina,0,0
367,16,Venezia,Fiorentina,0,0
367,17,Venezia,Fiorentina,0,0
367,18,Venezia,Fiorentina,0,0
367,19,Venezia,Fiorentina,0,0
367,20,Venezia,Fiorentina,0,0
367,21,Venezia,Fiorentina,0,0
367,22,Venezia,Fiorentina,0,0
367,23,Venezia,Fiorentina,0,0
367,24,Venezia,Fiorentina,0,0
367,25,Venezia,Fiorentina,0,0
367,26,Venezia,Fiorentina,0,0
367,27,Venezia,Fiorentina,0,0
367,28,Venezia,Fiorentina,0,0
367,29,Venezia,Fiorentina,0,0
367,30,Venezia,Fiorentina,0,0
367,31,Venezia,Fiorentina,0,0
367,32,Venezia,Fiorentina,0,0
367,33,Venezia,Fiorentina,0,0
367,34,Venezia,Fiorentina,0,0
367,35,Venezia,Fiorentina,0,0
367,36,Venezia,Fiorentina,0,0
367,37,Venezia,Fiorentina,0,0
367,38,Venezia,Fiorentina,0,0
367,39,Venezia,Fiorentina,0,0
367,40,Venezia,Fiorentina,0,0
367,41,Venezia,Fiorentina,0,0
367,42,Venezia,Fiorentina,0,0
367,43,Venezia,Fiorentina,0,0
367,44,Venezia,Fiorentina,0,0
367,45,Venezia,Fiorentina,0,0
367,46,Venezia,Fiorentina,0,0
367,47,Venezia,Fiorentina,0,0
367,48,Venezia,Fiorentina,0,0
367,49,Venezia,Fiorentina,0,0
367,50,Venezia,Fiorentina,0,0
367,51,Venezia,Fiorentina,0,0
367,52,Venezia,Fiorentina,0,0
367,53,Venezia,Fiorentina,0,0
367,54,Venezia,Fiorentina,0,0
367,55,Venezia,Fiorentina,0,0
367,56,Venezia,Fiorentina,0,0
367,57,Venezia,Fiorentina,0,0
367,58,Venezia,Fiorentina,0,0
367,59,Venezia,Fiorentina,0,0
367,60,Venezia,Fiorentina,1,0
367,61,Venezia,Fiorentina,1,0
367,62,Venezia,Fiorentina,1,0
367,63,Venezia,Fiorentina,1,0
367,64,Venezia,Fiorentina,1,0
367,65,Venezia,Fiorentina,1,0
367,66,Venezia,Fiorentina,1,0
367,67,Venezia,Fiorentina,1,0
367,68,Venezia,Fiorentina,2,0
367,69,Venezia,Fiorentina,2,0
367,70,Venezia,Fiorentina,2,0
367,71,Venezia,Fiorentina,2,0
367,72,Venezia,Fiorentina,2,0
367,73,Venezia,Fiorentina,2,0
367,74,Venezia,Fiorentina,2,0
367,75,Venezia,Fiorentina,2,0
367,76,Venezia,Fiorentina,2,0
367,77,Venezia,Fiorentina,2,1
367,78,Venezia,Fiorentina,2,1
367,79,Venezia,Fiorentina,2,1
367,80,Venezia,Fiorentina,2,1
367,81,Venezia,Fiorentina,2,1
367,82,Venezia,Fiorentina,2,1
367,83,Venezia,Fiorentina,2,1
367,84,Venezia,Fiorentina,2,1
367,85,Venezia,Fiorentina,2,1
367,86,Venezia,Fiorentina,2,1
367,87,Venezia,Fiorentina,2,1
367,88,Venezia,Fiorentina,2,1
367,89,Venezia,Fiorentina,2,1
367,90,Venezia,Fiorentina,2,1
368,1,Venezia,Genoa,0,0
368,2,Venezia,Genoa,0,0
368,3,Venezia,Genoa,0,0
368,4,Venezia,Genoa,0,0
368,5,Venezia,Genoa,0,0
368,6,Venezia,Genoa,0,0
368,7,Venezia,Genoa,0,0
368,8,Venezia,Genoa,0,0
368,9,Venezia,Genoa,0,0
368,10,Venezia,Genoa,0,0
368,11,Venezia,Genoa,0,0
368,12,Venezia,Genoa,0,0
368,13,Venezia,Genoa,0,0
368,14,Venezia,Genoa,0,0
368,15,Venezia,Genoa,0,0
368,16,Venezia,Genoa,0,0
368,17,Venezia,Genoa,0,0
368,18,Venezia,Genoa,0,0
368,19,Venezia,Genoa,0,0
368,20,Venezia,Genoa,0,0
368,21,Venezia,Genoa,0,0
368,22,Venezia,Genoa,0,0
368,23,Venezia,Genoa,0,0
368,24,Venezia,Genoa,0,0
368,25,Venezia,Genoa,0,0
368,26,Venezia,Genoa,0,0
368,27,Venezia,Genoa,0,0
368,28,Venezia,Genoa,0,0
368,29,Venezia,Genoa,0,0
368,30,Venezia,Genoa,0,0
368,31,Venezia,Genoa,0,0
368,32,Venezia,Genoa,0,0
368,33,Venezia,Genoa,0,0
368,34,Venezia,Genoa,0,0
368,35,Venezia,Genoa,0,0
368,36,Venezia,Genoa,0,0
368,37,Venezia,Genoa,0,0
368,38,Venezia,Genoa,0,0
368,39,Venezia,Genoa,0,0
368,40,Venezia,Genoa,0,0
368,41,Venezia,Genoa,0,0
368,42,Venezia,Genoa,0,0
368,43,Venezia,Genoa,0,0
368,44,Venezia,Genoa,0,0
368,45,Venezia,Genoa,0,0
368,46,Venezia,Genoa,0,0
368,47,Venezia,Genoa,0,0
368,48,Venezia,Genoa,0,0
368,49,Venezia,Genoa,0,0
368,50,Venezia,Genoa,0,0
368,51,Venezia,Genoa,0,0
368,52,Venezia,Genoa,0,0
368,53,Venezia,Genoa,0,0
368,54,Venezia,Genoa,0,0
368,55,Venezia,Genoa,0,0
368,56,Venezia,Genoa,0,0
368,57,Venezia,Genoa,0,0
368,58,Venezia,Genoa,0,0
368,59,Venezia,Genoa,0,0
368,60,Venezia,Genoa,0,0
368,61,Venezia,Genoa,0,0
368,62,Venezia,Genoa,0,0
368,63,Venezia,Genoa,1,0
368,64,Venezia,Genoa,1,0
368,65,Venezia,Genoa,1,0
368,66,Venezia,Genoa,1,0
368,67,Venezia,Genoa,1,0
368,68,Venezia,Genoa,1,0
368,69,Venezia,Genoa,1,0
368,70,Venezia,Genoa,1,0
368,71,Venezia,Genoa,1,0
368,72,Venezia,Genoa,1,0
368,73,Venezia,Genoa,1,0
368,74,Venezia,Genoa,1,0
368,75,Venezia,Genoa,1,0
368,76,Venezia,Genoa,1,0
368,77,Venezia,Genoa,1,0
368,78,Venezia,Genoa,1,0
368,79,Venezia,Genoa,1,0
368,80,Venezia,Genoa,1,0
368,81,Venezia,Genoa,1,0
368,82,Venezia,Genoa,1,0
368,83,Venezia,Genoa,1,0
368,84,Venezia,Genoa,1,0
368,85,Venezia,Genoa,2,0
368,86,Venezia,Genoa,2,0
368,87,Venezia,Genoa,2,0
368,88,Venezia,Genoa,2,0
368,89,Venezia,Genoa,2,0
368,90,Venezia,Genoa,2,0
369,1,Venezia,Hellas Verona,0,0
369,2,Venezia,Hellas Verona,0,0
369,3,Venezia,Hellas Verona,0,0
369,4,Venezia,Hellas Verona,0,0
369,5,Venezia,Hellas Verona,0,0
369,6,Venezia,Hellas Verona,0,0
369,7,Venezia,Hellas Verona,0,0
369,8,Venezia,Hellas Verona,0,0
369,9,Venezia,Hellas Verona,0,0
369,10,Venezia,Hellas Verona,0,0
369,11,Venezia,Hellas Verona,0,0
369,12,Venezia,Hellas Verona,0,0
369,13,Venezia,Hellas Verona,0,0
369,14,Venezia,Hellas Verona,0,0
369,15,Venezia,Hellas Verona,0,0
369,16,Venezia,Hellas Verona,0,0
369,17,Venezia,Hellas Verona,0,0
369,18,Venezia,Hellas Verona,0,0
369,19,Venezia,Hellas Verona,0,0
369,20,Venezia,Hellas Verona,0,0
369,21,Venezia,Hellas Verona,0,0
369,22,Venezia,Hellas Verona,0,0
369,23,Venezia,Hellas Verona,0,0
369,24,Venezia,Hellas Verona,0,0
369,25,Venezia,Hellas Verona,0,0
369,26,Venezia,Hellas Verona,0,0
369,27,Venezia,Hellas Verona,0,0
369,28,Venezia,Hellas Verona,1,0
369,29,Venezia,Hellas Verona,1,0
369,30,Venezia,Hellas Verona,1,0
369,31,Venezia,Hellas Verona,1,0
369,32,Venezia,Hellas Verona,1,0
369,33,Venezia,Hellas Verona,1,0
369,34,Venezia,Hellas Verona,1,0
369,35,Venezia,Hellas Verona,1,0
369,36,Venezia,Hellas Verona,1,0
369,37,Venezia,Hellas Verona,1,0
369,38,Venezia,Hellas Verona,1,0
369,39,Venezia,Hellas Verona,1,0
369,40,Venezia,Hellas Verona,1,0
369,41,Venezia,Hellas Verona,1,0
369,42,Venezia,Hellas Verona,1,0
369,43,Venezia,Hellas Verona,1,0
369,44,Venezia,Hellas Verona,1,0
369,45,Venezia,Hellas Verona,1,0
369,46,Venezia,Hellas Verona,1,0
369,47,Venezia,Hellas Verona,1,0
369,48,Venezia,Hellas Verona,1,0
369,49,Venezia,Hellas Verona,1,0
369,50,Venezia,Hellas Verona,1,0
369,51,Venezia,Hellas Verona,1,0
369,52,Venezia,Hellas Verona,1,0
369,53,Venezia,Hellas Verona,1,0
369,54,Venezia,Hellas Verona,1,0
369,55,Venezia,Hellas Verona,1,0
369,56,Venezia,Hellas Verona,1,0
369,57,Venezia,Hellas Verona,1,0
369,58,Venezia,Hellas Verona,1,0
369,59,Venezia,Hellas Verona,1,0
369,60,Venezia,Hellas Verona,1,0
369,61,Venezia,Hellas Verona,1,0
369,62,Venezia,Hellas Verona,1,0
369,63,Venezia,Hellas Verona,1,0
369,64,Venezia,Hellas Verona,1,0
369,65,Venezia,Hellas Verona,1,0
369,66,Venezia,Hellas Verona,1,0
369,67,Venezia,Hellas Verona,1,0
369,68,Venezia,Hellas Verona,1,0
369,69,Venezia,Hellas Verona,1,0
369,70,Venezia,Hellas Verona,1,0
369,71,Venezia,Hellas Verona,1,0
369,72,Venezia,Hellas Verona,1,0
369,73,Venezia,Hellas Verona,1,0
369,74,Venezia,Hellas Verona,1,0
369,75,Venezia,Hellas Verona,1,0
369,76,Venezia,Hellas Verona,1,1
369,77,Venezia,Hellas Verona,1,1
369,78,Venezia,Hellas Verona,1,1
369,79,Venezia,Hellas Verona,1,1
369,80,Venezia,Hellas Verona,1,1
369,81,Venezia,Hellas Verona,1,1
369,82,Venezia,Hellas Verona,1,1
369,83,Venezia,Hellas Verona,1,1
369,84,Venezia,Hellas Verona,1,1
369,85,Venezia,Hellas Verona,1,1
369,86,Venezia,Hellas Verona,1,1
369,87,Venezia,Hellas Verona,1,1
369,88,Venezia,Hellas Verona,1,1
369,89,Venezia,Hellas Verona,1,1
369,90,Venezia,Hellas Verona,1,1
370,1,Venezia,Inter Milan,0,0
370,2,Venezia,Inter Milan,0,0
370,3,Venezia,Inter Milan,0,0
370,4,Venezia,Inter Milan,0,0
370,5,Venezia,Inter Milan,0,0
370,6,Venezia,Inter Milan,0,0
370,7,Venezia,Inter Milan,0,0
370,8,Venezia,Inter Milan,0,0
370,9,Venezia,Inter Milan,0,0
370,10,Venezia,Inter Milan,0,0
370,11,Venezia,Inter Milan,0,0
370,12,Venezia,Inter Milan,0,0
370,13,Venezia,Inter Milan,0,0
370,14,Venezia,Inter Milan,0,0
370,15,Venezia,Inter Milan,0,0
370,16,Venezia,Inter Milan,0,1
370,17,Venezia,Inter Milan,0,1
370,18,Venezia,Inter Milan,0,1
370,19,Venezia,Inter Milan,0,1
370,20,Venezia,Inter Milan,0,1
370,21,Venezia,Inter Milan,0,1
370,22,Venezia,Inter Milan,0,1
370,23,Venezia,Inter Milan,0,1
370,24,Venezia,Inter Milan,0,1
370,25,Venezia,Inter Milan,0,1
370,26,Venezia,Inter Milan,0,1
370,27,Venezia,Inter Milan,0,1
370,28,Venezia,Inter Milan,0,1
370,29,Venezia,Inter Milan,0,1
370,30,Venezia,Inter Milan,0,1
370,31,Venezia,Inter Milan,0,1
370,32,Venezia,Inter Milan,0,1
370,33,Venezia,Inter Milan,0,1
370,34,Venezia,Inter Milan,0,1
370,35,Venezia,Inter Milan,0,1
370,36,Venezia,Inter Milan,0,1
370,37,Venezia,Inter Milan,0,1
370,38,Venezia,Inter Milan,0,1
370,39,Venezia,Inter Milan,0,1
370,40,Venezia,Inter Milan,0,1
370,41,Venezia,Inter Milan,0,1
370,42,Venezia,Inter Milan,0,1
370,43,Venezia,Inter Milan,0,1
370,44,Venezia,Inter Milan,0,1
370,45,Venezia,Inter Milan,0,1
370,46,Venezia,Inter Milan,0,1
370,47,Venezia,Inter Milan,0,1
370,48,Venezia,Inter Milan,0,1
370,49,Venezia,Inter Milan,0,1
370,50,Venezia,Inter Milan,0,1
370,51,Venezia,Inter Milan,0,1
370,52,Venezia,Inter Milan,0,1
370,53,Venezia,Inter Milan,0,1
370,54,Venezia,Inter Milan,0,1
370,55,Venezia,Inter Milan,0,1
370,56,Venezia,Inter Milan,0,1
370,57,Venezia,Inter Milan,0,1
370,58,Venezia,Inter Milan,0,1
370,59,Venezia,Inter Milan,0,1
370,60,Venezia,Inter Milan,0,1
370,61,Venezia,Inter Milan,0,1
370,62,Venezia,Inter Milan,0,1
370,63,Venezia,Inter Milan,0,1
370,64,Venezia,Inter Milan,0,1
370,65,Venezia,Inter Milan,0,1
370,66,Venezia,Inter Milan,0,1
370,67,Venezia,Inter Milan,0,1
370,68,Venezia,Inter Milan,0,1
370,69,Venezia,Inter Milan,0,1
370,70,Venezia,Inter Milan,0,1
370,71,Venezia,Inter Milan,0,1
370,72,Venezia,Inter Milan,0,1
370,73,Venezia,Inter Milan,0,1
370,74,Venezia,Inter Milan,0,1
370,75,Venezia,Inter Milan,0,1
370,76,Venezia,Inter Milan,0,1
370,77,Venezia,Inter Milan,0,1
370,78,Venezia,Inter Milan,0,1
370,79,Venezia,Inter Milan,0,1
370,80,Venezia,Inter Milan,0,1
370,81,Venezia,Inter Milan,0,1
370,82,Venezia,Inter Milan,0,1
370,83,Venezia,Inter Milan,0,1
370,84,Venezia,Inter Milan,0,1
370,85,Venezia,Inter Milan,0,1
370,86,Venezia,Inter Milan,0,1
370,87,Venezia,Inter Milan,0,1
370,88,Venezia,Inter Milan,0,1
370,89,Venezia,Inter Milan,0,1
370,90,Venezia,Inter Milan,0,1
371,1,Venezia,Juventus,0,0
371,2,Venezia,Juventus,1,0
371,3,Venezia,Juventus,1,0
371,4,Venezia,Juventus,1,0
371,5,Venezia,Juventus,1,0
371,6,Venezia,Juventus,1,0
371,7,Venezia,Juventus,1,0
371,8,Venezia,Juventus,1,0
371,9,Venezia,Juventus,1,0
371,10,Venezia,Juventus,1,0
371,11,Venezia,Juventus,1,0
371,12,Venezia,Juventus,1,0
371,13,Venezia,Juventus,1,0
371,14,Venezia,Juventus,1,0
371,15,Venezia,Juventus,1,0
371,16,Venezia,Juventus,1,0
371,17,Venezia,Juventus,1,0
371,18,Venezia,Juventus,1,0
371,19,Venezia,Juventus,1,0
371,20,Venezia,Juventus,1,0
371,21,Venezia,Juventus,1,0
371,22,Venezia,Juventus,1,0
371,23,Venezia,Juventus,1,0
371,24,Venezia,Juventus,1,0
371,25,Venezia,Juventus,1,1
371,26,Venezia,Juventus,1,1
371,27,Venezia,Juventus,1,1
371,28,Venezia,Juventus,1,1
371,29,Venezia,Juventus,1,1
371,30,Venezia,Juventus,1,1
371,31,Venezia,Juventus,1,2
371,32,Venezia,Juventus,1,2
371,33,Venezia,Juventus,1,2
371,34,Venezia,Juventus,1,2
371,35,Venezia,Juventus,1,2
371,36,Venezia,Juventus,1,2
371,37,Venezia,Juventus,1,2
371,38,Venezia,Juventus,1,2
371,39,Venezia,Juventus,1,2
371,40,Venezia,Juventus,1,2
371,41,Venezia,Juventus,1,2
371,42,Venezia,Juventus,1,2
371,43,Venezia,Juventus,1,2
371,44,Venezia,Juventus,1,2
371,45,Venezia,Juventus,1,2
371,46,Venezia,Juventus,1,2
371,47,Venezia,Juventus,1,2
371,48,Venezia,Juventus,1,2
371,49,Venezia,Juventus,1,2
371,50,Venezia,Juventus,1,2
371,51,Venezia,Juventus,1,2
371,52,Venezia,Juventus,1,2
371,53,Venezia,Juventus,1,2
371,54,Venezia,Juventus,1,2
371,55,Venezia,Juventus,2,2
371,56,Venezia,Juventus,2,2
371,57,Venezia,Juventus,2,2
371,58,Venezia,Juventus,2,2
371,59,Venezia,Juventus,2,2
371,60,Venezia,Juventus,2,2
371,61,Venezia,Juventus,2,2
371,62,Venezia,Juventus,2,2
371,63,Venezia,Juventus,2,2
371,64,Venezia,Juventus,2,2
371,65,Venezia,Juventus,2,2
371,66,Venezia,Juventus,2,2
371,67,Venezia,Juventus,2,2
371,68,Venezia,Juventus,2,2
371,69,Venezia,Juventus,2,2
371,70,Venezia,Juventus,2,2
371,71,Venezia,Juventus,2,2
371,72,Venezia,Juventus,2,2
371,73,Venezia,Juventus,2,3
371,74,Venezia,Juventus,2,3
371,75,Venezia,Juventus,2,3
371,76,Venezia,Juventus,2,3
371,77,Venezia,Juventus,2,3
371,78,Venezia,Juventus,2,3
371,79,Venezia,Juventus,2,3
371,80,Venezia,Juventus,2,3
371,81,Venezia,Juventus,2,3
371,82,Venezia,Juventus,2,3
371,83,Venezia,Juventus,2,3
371,84,Venezia,Juventus,2,3
371,85,Venezia,Juventus,2,3
371,86,Venezia,Juventus,2,3
371,87,Venezia,Juventus,2,3
371,88,Venezia,Juventus,2,3
371,89,Venezia,Juventus,2,3
371,90,Venezia,Juventus,2,3
372,1,Venezia,Lazio,0,0
372,2,Venezia,Lazio,0,0
372,3,Venezia,Lazio,0,0
372,4,Venezia,Lazio,0,0
372,5,Venezia,Lazio,0,0
372,6,Venezia,Lazio,0,0
372,7,Venezia,Lazio,0,0
372,8,Venezia,Lazio,0,0
372,9,Venezia,Lazio,0,0
372,10,Venezia,Lazio,0,0
372,11,Venezia,Lazio,0,0
372,12,Venezia,Lazio,0,0
372,13,Venezia,Lazio,0,0
372,14,Venezia,Lazio,0,0
372,15,Venezia,Lazio,0,0
372,16,Venezia,Lazio,0,0
372,17,Venezia,Lazio,0,0
372,18,Venezia,Lazio,0,0
372,19,Venezia,Lazio,0,0
372,20,Venezia,Lazio,0,0
372,21,Venezia,Lazio,0,0
372,22,Venezia,Lazio,0,0
372,23,Venezia,Lazio,0,0
372,24,Venezia,Lazio,0,0
372,25,Venezia,Lazio,0,0
372,26,Venezia,Lazio,0,0
372,27,Venezia,Lazio,0,0
372,28,Venezia,Lazio,0,0
372,29,Venezia,Lazio,0,0
372,30,Venezia,Lazio,0,0
372,31,Venezia,Lazio,0,0
372,32,Venezia,Lazio,0,0
372,33,Venezia,Lazio,0,0
372,34,Venezia,Lazio,0,0
372,35,Venezia,Lazio,0,0
372,36,Venezia,Lazio,0,0
372,37,Venezia,Lazio,0,0
372,38,Venezia,Lazio,0,0
372,39,Venezia,Lazio,0,0
372,40,Venezia,Lazio,0,0
372,41,Venezia,Lazio,0,0
372,42,Venezia,Lazio,0,0
372,43,Venezia,Lazio,0,0
372,44,Venezia,Lazio,0,0
372,45,Venezia,Lazio,0,0
372,46,Venezia,Lazio,0,0
372,47,Venezia,Lazio,0,0
372,48,Venezia,Lazio,0,0
372,49,Venezia,Lazio,0,0
372,50,Venezia,Lazio,0,0
372,51,Venezia,Lazio,0,0
372,52,Venezia,Lazio,0,0
372,53,Venezia,Lazio,0,0
372,54,Venezia,Lazio,0,0
372,55,Venezia,Lazio,0,0
372,56,Venezia,Lazio,0,0
372,57,Venezia,Lazio,0,0
372,58,Venezia,Lazio,0,0
372,59,Venezia,Lazio,0,0
372,60,Venezia,Lazio,0,0
372,61,Venezia,Lazio,0,0
372,62,Venezia,Lazio,0,0
372,63,Venezia,Lazio,0,0
372,64,Venezia,Lazio,0,0
372,65,Venezia,Lazio,0,0
372,66,Venezia,Lazio,0,0
372,67,Venezia,Lazio,0,0
372,68,Venezia,Lazio,0,0
372,69,Venezia,Lazio,0,0
372,70,Venezia,Lazio,0,0
372,71,Venezia,Lazio,0,0
372,72,Venezia,Lazio,0,0
372,73,Venezia,Lazio,0,0
372,74,Venezia,Lazio,0,0
372,75,Venezia,Lazio,0,0
372,76,Venezia,Lazio,0,0
372,77,Venezia,Lazio,0,0
372,78,Venezia,Lazio,0,0
372,79,Venezia,Lazio,0,0
372,80,Venezia,Lazio,0,0
372,81,Venezia,Lazio,0,0
372,82,Venezia,Lazio,0,0
372,83,Venezia,Lazio,0,0
372,84,Venezia,Lazio,0,0
372,85,Venezia,Lazio,0,0
372,86,Venezia,Lazio,0,0
372,87,Venezia,Lazio,0,0
372,88,Venezia,Lazio,0,0
372,89,Venezia,Lazio,0,0
372,90,Venezia,Lazio,0,0
373,1,Venezia,Lecce,0,0
373,2,Venezia,Lecce,0,0
373,3,Venezia,Lecce,0,0
373,4,Venezia,Lecce,0,0
373,5,Venezia,Lecce,0,0
373,6,Venezia,Lecce,0,0
373,7,Venezia,Lecce,0,0
373,8,Venezia,Lecce,0,0
373,9,Venezia,Lecce,0,0
373,10,Venezia,Lecce,0,0
373,11,Venezia,Lecce,0,0
373,12,Venezia,Lecce,0,0
373,13,Venezia,Lecce,0,0
373,14,Venezia,Lecce,0,0
373,15,Venezia,Lecce,0,0
373,16,Venezia,Lecce,0,0
373,17,Venezia,Lecce,0,0
373,18,Venezia,Lecce,0,0
373,19,Venezia,Lecce,0,0
373,20,Venezia,Lecce,0,0
373,21,Venezia,Lecce,0,0
373,22,Venezia,Lecce,0,0
373,23,Venezia,Lecce,0,0
373,24,Venezia,Lecce,0,0
373,25,Venezia,Lecce,0,0
373,26,Venezia,Lecce,0,0
373,27,Venezia,Lecce,0,0
373,28,Venezia,Lecce,0,0
373,29,Venezia,Lecce,0,0
373,30,Venezia,Lecce,0,0
373,31,Venezia,Lecce,0,0
373,32,Venezia,Lecce,0,0
373,33,Venezia,Lecce,0,0
373,34,Venezia,Lecce,0,0
373,35,Venezia,Lecce,0,0
373,36,Venezia,Lecce,0,0
373,37,Venezia,Lecce,0,0
373,38,Venezia,Lecce,0,0
373,39,Venezia,Lecce,0,0
373,40,Venezia,Lecce,0,0
373,41,Venezia,Lecce,0,0
373,42,Venezia,Lecce,0,0
373,43,Venezia,Lecce,0,0
373,44,Venezia,Lecce,0,0
373,45,Venezia,Lecce,0,0
373,46,Venezia,Lecce,0,0
373,47,Venezia,Lecce,0,0
373,48,Venezia,Lecce,0,0
373,49,Venezia,Lecce,0,0
373,50,Venezia,Lecce,0,0
373,51,Venezia,Lecce,0,0
373,52,Venezia,Lecce,0,0
373,53,Venezia,Lecce,0,0
373,54,Venezia,Lecce,0,0
373,55,Venezia,Lecce,0,0
373,56,Venezia,Lecce,0,0
373,57,Venezia,Lecce,0,0
373,58,Venezia,Lecce,0,0
373,59,Venezia,Lecce,0,0
373,60,Venezia,Lecce,0,0
373,61,Venezia,Lecce,0,0
373,62,Venezia,Lecce,0,0
373,63,Venezia,Lecce,0,0
373,64,Venezia,Lecce,0,0
373,65,Venezia,Lecce,0,0
373,66,Venezia,Lecce,0,0
373,67,Venezia,Lecce,0,0
373,68,Venezia,Lecce,0,0
373,69,Venezia,Lecce,0,0
373,70,Venezia,Lecce,0,1
373,71,Venezia,Lecce,0,1
373,72,Venezia,Lecce,0,1
373,73,Venezia,Lecce,0,1
373,74,Venezia,Lecce,0,1
373,75,Venezia,Lecce,0,1
373,76,Venezia,Lecce,0,1
373,77,Venezia,Lecce,0,1
373,78,Venezia,Lecce,0,1
373,79,Venezia,Lecce,0,1
373,80,Venezia,Lecce,0,1
373,81,Venezia,Lecce,0,1
373,82,Venezia,Lecce,0,1
373,83,Venezia,Lecce,0,1
373,84,Venezia,Lecce,0,1
373,85,Venezia,Lecce,0,1
373,86,Venezia,Lecce,0,1
373,87,Venezia,Lecce,0,1
373,88,Venezia,Lecce,0,1
373,89,Venezia,Lecce,0,1
373,90,Venezia,Lecce,0,1
374,1,Venezia,AC Milan,0,0
374,2,Venezia,AC Milan,0,0
374,3,Venezia,AC Milan,0,0
374,4,Venezia,AC Milan,0,0
374,5,Venezia,AC Milan,0,1
374,6,Venezia,AC Milan,0,1
374,7,Venezia,AC Milan,0,1
374,8,Venezia,AC Milan,0,1
374,9,Venezia,AC Milan,0,1
374,10,Venezia,AC Milan,0,1
374,11,Venezia,AC Milan,0,1
374,12,Venezia,AC Milan,0,1
374,13,Venezia,AC Milan,0,1
374,14,Venezia,AC Milan,0,1
374,15,Venezia,AC Milan,0,1
374,16,Venezia,AC Milan,0,1
374,17,Venezia,AC Milan,0,1
374,18,Venezia,AC Milan,0,1
374,19,Venezia,AC Milan,0,1
374,20,Venezia,AC Milan,0,1
374,21,Venezia,AC Milan,0,1
374,22,Venezia,AC Milan,0,1
374,23,Venezia,AC Milan,0,1
374,24,Venezia,AC Milan,0,1
374,25,Venezia,AC Milan,0,1
374,26,Venezia,AC Milan,0,1
374,27,Venezia,AC Milan,0,1
374,28,Venezia,AC Milan,0,1
374,29,Venezia,AC Milan,0,1
374,30,Venezia,AC Milan,0,1
374,31,Venezia,AC Milan,0,1
374,32,Venezia,AC Milan,0,1
374,33,Venezia,AC Milan,0,1
374,34,Venezia,AC Milan,0,1
374,35,Venezia,AC Milan,0,1
374,36,Venezia,AC Milan,0,1
374,37,Venezia,AC Milan,0,1
374,38,Venezia,AC Milan,0,1
374,39,Venezia,AC Milan,0,1
374,40,Venezia,AC Milan,0,1
374,41,Venezia,AC Milan,0,1
374,42,Venezia,AC Milan,0,1
374,43,Venezia,AC Milan,0,1
374,44,Venezia,AC Milan,0,1
374,45,Venezia,AC Milan,0,1
374,46,Venezia,AC Milan,0,1
374,47,Venezia,AC Milan,0,1
374,48,Venezia,AC Milan,0,1
374,49,Venezia,AC Milan,0,1
374,50,Venezia,AC Milan,0,1
374,51,Venezia,AC Milan,0,1
374,52,Venezia,AC Milan,0,1
374,53,Venezia,AC Milan,0,1
374,54,Venezia,AC Milan,0,1
374,55,Venezia,AC Milan,0,1
374,56,Venezia,AC Milan,0,1
374,57,Venezia,AC Milan,0,1
374,58,Venezia,AC Milan,0,1
374,59,Venezia,AC Milan,0,1
374,60,Venezia,AC Milan,0,1
374,61,Venezia,AC Milan,0,1
374,62,Venezia,AC Milan,0,1
374,63,Venezia,AC Milan,0,1
374,64,Venezia,AC Milan,0,1
374,65,Venezia,AC Milan,0,1
374,66,Venezia,AC Milan,0,1
374,67,Venezia,AC Milan,0,1
374,68,Venezia,AC Milan,0,1
374,69,Venezia,AC Milan,0,1
374,70,Venezia,AC Milan,0,1
374,71,Venezia,AC Milan,0,1
374,72,Venezia,AC Milan,0,1
374,73,Venezia,AC Milan,0,1
374,74,Venezia,AC Milan,0,1
374,75,Venezia,AC Milan,0,1
374,76,Venezia,AC Milan,0,1
374,77,Venezia,AC Milan,0,1
374,78,Venezia,AC Milan,0,1
374,79,Venezia,AC Milan,0,1
374,80,Venezia,AC Milan,0,1
374,81,Venezia,AC Milan,0,1
374,82,Venezia,AC Milan,0,1
374,83,Venezia,AC Milan,0,1
374,84,Venezia,AC Milan,0,1
374,85,Venezia,AC Milan,0,1
374,86,Venezia,AC Milan,0,1
374,87,Venezia,AC Milan,0,1
374,88,Venezia,AC Milan,0,1
374,89,Venezia,AC Milan,0,1
374,90,Venezia,AC Milan,0,2
375,1,Venezia,Monza,0,0
375,2,Venezia,Monza,0,0
375,3,Venezia,Monza,0,0
375,4,Venezia,Monza,0,0
375,5,Venezia,Monza,0,0
375,6,Venezia,Monza,0,0
375,7,Venezia,Monza,0,0
375,8,Venezia,Monza,0,0
375,9,Venezia,Monza,0,0
375,10,Venezia,Monza,0,0
375,11,Venezia,Monza,0,0
375,12,Venezia,Monza,0,0
375,13,Venezia,Monza,0,0
375,14,Venezia,Monza,0,0
375,15,Venezia,Monza,0,0
375,16,Venezia,Monza,0,0
375,17,Venezia,Monza,0,0
375,18,Venezia,Monza,0,0
375,19,Venezia,Monza,0,0
375,20,Venezia,Monza,0,0
375,21,Venezia,Monza,0,0
375,22,Venezia,Monza,0,0
375,23,Venezia,Monza,0,0
375,24,Venezia,Monza,0,0
375,25,Venezia,Monza,0,0
375,26,Venezia,Monza,0,0
375,27,Venezia,Monza,0,0
375,28,Venezia,Monza,0,0
375,29,Venezia,Monza,0,0
375,30,Venezia,Monza,0,0
375,31,Venezia,Monza,0,0
375,32,Venezia,Monza,0,0
375,33,Venezia,Monza,0,0
375,34,Venezia,Monza,0,0
375,35,Venezia,Monza,0,0
375,36,Venezia,Monza,0,0
375,37,Venezia,Monza,0,0
375,38,Venezia,Monza,0,0
375,39,Venezia,Monza,0,0
375,40,Venezia,Monza,0,0
375,41,Venezia,Monza,0,0
375,42,Venezia,Monza,0,0
375,43,Venezia,Monza,0,0
375,44,Venezia,Monza,0,0
375,45,Venezia,Monza,0,0
375,46,Venezia,Monza,0,0
375,47,Venezia,Monza,0,0
375,48,Venezia,Monza,0,0
375,49,Venezia,Monza,0,0
375,50,Venezia,Monza,0,0
375,51,Venezia,Monza,0,0
375,52,Venezia,Monza,0,0
375,53,Venezia,Monza,0,0
375,54,Venezia,Monza,0,0
375,55,Venezia,Monza,0,0
375,56,Venezia,Monza,0,0
375,57,Venezia,Monza,0,0
375,58,Venezia,Monza,0,0
375,59,Venezia,Monza,0,0
375,60,Venezia,Monza,0,0
375,61,Venezia,Monza,0,0
375,62,Venezia,Monza,0,0
375,63,Venezia,Monza,0,0
375,64,Venezia,Monza,0,0
375,65,Venezia,Monza,0,0
375,66,Venezia,Monza,0,0
375,67,Venezia,Monza,0,0
375,68,Venezia,Monza,0,0
375,69,Venezia,Monza,0,0
375,70,Venezia,Monza,0,0
375,71,Venezia,Monza,0,0
375,72,Venezia,Monza,1,0
375,73,Venezia,Monza,1,0
375,74,Venezia,Monza,1,0
375,75,Venezia,Monza,1,0
375,76,Venezia,Monza,1,0
375,77,Venezia,Monza,1,0
375,78,Venezia,Monza,1,0
375,79,Venezia,Monza,1,0
375,80,Venezia,Monza,1,0
375,81,Venezia,Monza,1,0
375,82,Venezia,Monza,1,0
375,83,Venezia,Monza,1,0
375,84,Venezia,Monza,1,0
375,85,Venezia,Monza,1,0
375,86,Venezia,Monza,1,0
375,87,Venezia,Monza,1,0
375,88,Venezia,Monza,1,0
375,89,Venezia,Monza,1,0
375,90,Venezia,Monza,1,0
376,1,Venezia,Napoli,0,0
376,2,Venezia,Napoli,0,0
376,3,Venezia,Napoli,0,0
376,4,Venezia,Napoli,0,0
376,5,Venezia,Napoli,0,0
376,6,Venezia,Napoli,0,0
376,7,Venezia,Napoli,0,0
376,8,Venezia,Napoli,0,0
376,9,Venezia,Napoli,0,0
376,10,Venezia,Napoli,0,0
376,11,Venezia,Napoli,0,0
376,12,Venezia,Napoli,0,0
376,13,Venezia,Napoli,0,0
376,14,Venezia,Napoli,0,0
376,15,Venezia,Napoli,0,0
376,16,Venezia,Napoli,0,0
376,17,Venezia,Napoli,0,0
376,18,Venezia,Napoli,0,0
376,19,Venezia,Napoli,0,0
376,20,Venezia,Napoli,0,0
376,21,Venezia,Napoli,0,0
376,22,Venezia,Napoli,0,0
376,23,Venezia,Napoli,0,0
376,24,Venezia,Napoli,0,0
376,25,Venezia,Napoli,0,0
376,26,Venezia,Napoli,0,0
376,27,Venezia,Napoli,0,0
376,28,Venezia,Napoli,0,0
376,29,Venezia,Napoli,0,0
376,30,Venezia,Napoli,0,0
376,31,Venezia,Napoli,0,0
376,32,Venezia,Napoli,0,0
376,33,Venezia,Napoli,0,0
376,34,Venezia,Napoli,0,0
376,35,Venezia,Napoli,0,0
376,36,Venezia,Napoli,0,0
376,37,Venezia,Napoli,0,0
376,38,Venezia,Napoli,0,0
376,39,Venezia,Napoli,0,0
376,40,Venezia,Napoli,0,0
376,41,Venezia,Napoli,0,0
376,42,Venezia,Napoli,0,0
376,43,Venezia,Napoli,0,0
376,44,Venezia,Napoli,0,0
376,45,Venezia,Napoli,0,0
376,46,Venezia,Napoli,0,0
376,47,Venezia,Napoli,0,0
376,48,Venezia,Napoli,0,0
376,49,Venezia,Napoli,0,0
376,50,Venezia,Napoli,0,0
376,51,Venezia,Napoli,0,0
376,52,Venezia,Napoli,0,0
376,53,Venezia,Napoli,0,0
376,54,Venezia,Napoli,0,0
376,55,Venezia,Napoli,0,0
376,56,Venezia,Napoli,0,0
376,57,Venezia,Napoli,0,0
376,58,Venezia,Napoli,0,0
376,59,Venezia,Napoli,0,0
376,60,Venezia,Napoli,0,0
376,61,Venezia,Napoli,0,0
376,62,Venezia,Napoli,0,0
376,63,Venezia,Napoli,0,0
376,64,Venezia,Napoli,0,0
376,65,Venezia,Napoli,0,0
376,66,Venezia,Napoli,0,0
376,67,Venezia,Napoli,0,0
376,68,Venezia,Napoli,0,0
376,69,Venezia,Napoli,0,0
376,70,Venezia,Napoli,0,0
376,71,Venezia,Napoli,0,0
376,72,Venezia,Napoli,0,0
376,73,Venezia,Napoli,0,0
376,74,Venezia,Napoli,0,0
376,75,Venezia,Napoli,0,0
376,76,Venezia,Napoli,0,0
376,77,Venezia,Napoli,0,0
376,78,Venezia,Napoli,0,0
376,79,Venezia,Napoli,0,0
376,80,Venezia,Napoli,0,0
376,81,Venezia,Napoli,0,0
376,82,Venezia,Napoli,0,0
376,83,Venezia,Napoli,0,0
376,84,Venezia,Napoli,0,0
376,85,Venezia,Napoli,0,0
376,86,Venezia,Napoli,0,0
376,87,Venezia,Napoli,0,0
376,88,Venezia,Napoli,0,0
376,89,Venezia,Napoli,0,0
376,90,Venezia,Napoli,0,0
377,1,Venezia,Parma,0,0
377,2,Venezia,Parma,0,0
377,3,Venezia,Parma,0,0
377,4,Venezia,Parma,0,0
377,5,Venezia,Parma,1,0
377,6,Venezia,Parma,1,0
377,7,Venezia,Parma,1,0
377,8,Venezia,Parma,1,0
377,9,Venezia,Parma,1,0
377,10,Venezia,Parma,1,0
377,11,Venezia,Parma,1,0
377,12,Venezia,Parma,1,0
377,13,Venezia,Parma,1,0
377,14,Venezia,Parma,1,0
377,15,Venezia,Parma,1,0
377,16,Venezia,Parma,1,0
377,17,Venezia,Parma,1,1
377,18,Venezia,Parma,1,1
377,19,Venezia,Parma,1,1
377,20,Venezia,Parma,1,1
377,21,Venezia,Parma,1,1
377,22,Venezia,Parma,1,1
377,23,Venezia,Parma,1,1
377,24,Venezia,Parma,1,1
377,25,Venezia,Parma,1,1
377,26,Venezia,Parma,1,1
377,27,Venezia,Parma,1,1
377,28,Venezia,Parma,1,1
377,29,Venezia,Parma,1,1
377,30,Venezia,Parma,1,1
377,31,Venezia,Parma,1,1
377,32,Venezia,Parma,1,1
377,33,Venezia,Parma,1,1
377,34,Venezia,Parma,1,1
377,35,Venezia,Parma,1,1
377,36,Venezia,Parma,1,1
377,37,Venezia,Parma,1,1
377,38,Venezia,Parma,1,1
377,39,Venezia,Parma,1,1
377,40,Venezia,Parma,1,1
377,41,Venezia,Parma,1,1
377,42,Venezia,Parma,1,1
377,43,Venezia,Parma,1,1
377,44,Venezia,Parma,1,1
377,45,Venezia,Parma,1,1
377,46,Venezia,Parma,1,1
377,47,Venezia,Parma,1,1
377,48,Venezia,Parma,1,1
377,49,Venezia,Parma,1,1
377,50,Venezia,Parma,1,1
377,51,Venezia,Parma,1,1
377,52,Venezia,Parma,1,1
377,53,Venezia,Parma,1,1
377,54,Venezia,Parma,1,1
377,55,Venezia,Parma,1,1
377,56,Venezia,Parma,1,1
377,57,Venezia,Parma,1,1
377,58,Venezia,Parma,1,1
377,59,Venezia,Parma,1,1
377,60,Venezia,Parma,1,1
377,61,Venezia,Parma,1,1
377,62,Venezia,Parma,1,1
377,63,Venezia,Parma,1,1
377,64,Venezia,Parma,1,1
377,65,Venezia,Parma,1,1
377,66,Venezia,Parma,1,1
377,67,Venezia,Parma,1,1
377,68,Venezia,Parma,1,2
377,69,Venezia,Parma,1,2
377,70,Venezia,Parma,1,2
377,71,Venezia,Parma,1,2
377,72,Venezia,Parma,1,2
377,73,Venezia,Parma,1,2
377,74,Venezia,Parma,1,2
377,75,Venezia,Parma,1,2
377,76,Venezia,Parma,1,2
377,77,Venezia,Parma,1,2
377,78,Venezia,Parma,1,2
377,79,Venezia,Parma,1,2
377,80,Venezia,Parma,1,2
377,81,Venezia,Parma,1,2
377,82,Venezia,Parma,1,2
377,83,Venezia,Parma,1,2
377,84,Venezia,Parma,1,2
377,85,Venezia,Parma,1,2
377,86,Venezia,Parma,1,2
377,87,Venezia,Parma,1,2
377,88,Venezia,Parma,1,2
377,89,Venezia,Parma,1,2
377,90,Venezia,Parma,1,2
378,1,Venezia,Roma,0,0
378,2,Venezia,Roma,0,0
378,3,Venezia,Roma,0,0
378,4,Venezia,Roma,0,0
378,5,Venezia,Roma,0,0
378,6,Venezia,Roma,0,0
378,7,Venezia,Roma,0,0
378,8,Venezia,Roma,0,0
378,9,Venezia,Roma,0,0
378,10,Venezia,Roma,0,0
378,11,Venezia,Roma,0,0
378,12,Venezia,Roma,0,0
378,13,Venezia,Roma,0,0
378,14,Venezia,Roma,0,0
378,15,Venezia,Roma,0,0
378,16,Venezia,Roma,0,0
378,17,Venezia,Roma,0,0
378,18,Venezia,Roma,0,0
378,19,Venezia,Roma,0,0
378,20,Venezia,Roma,0,0
378,21,Venezia,Roma,0,0
378,22,Venezia,Roma,0,0
378,23,Venezia,Roma,0,0
378,24,Venezia,Roma,0,0
378,25,Venezia,Roma,0,0
378,26,Venezia,Roma,0,0
378,27,Venezia,Roma,0,0
378,28,Venezia,Roma,0,0
378,29,Venezia,Roma,0,0
378,30,Venezia,Roma,0,0
378,31,Venezia,Roma,0,0
378,32,Venezia,Roma,0,0
378,33,Venezia,Roma,0,0
378,34,Venezia,Roma,0,0
378,35,Venezia,Roma,0,0
378,36,Venezia,Roma,0,0
378,37,Venezia,Roma,0,0
378,38,Venezia,Roma,0,0
378,39,Venezia,Roma,0,0
378,40,Venezia,Roma,0,0
378,41,Venezia,Roma,0,0
378,42,Venezia,Roma,0,0
378,43,Venezia,Roma,0,0
378,44,Venezia,Roma,0,0
378,45,Venezia,Roma,0,0
378,46,Venezia,Roma,0,0
378,47,Venezia,Roma,0,0
378,48,Venezia,Roma,0,0
378,49,Venezia,Roma,0,0
378,50,Venezia,Roma,0,0
378,51,Venezia,Roma,0,0
378,52,Venezia,Roma,0,0
378,53,Venezia,Roma,0,0
378,54,Venezia,Roma,0,0
378,55,Venezia,Roma,0,0
378,56,Venezia,Roma,0,0
378,57,Venezia,Roma,0,1
378,58,Venezia,Roma,0,1
378,59,Venezia,Roma,0,1
378,60,Venezia,Roma,0,1
378,61,Venezia,Roma,0,1
378,62,Venezia,Roma,0,1
378,63,Venezia,Roma,0,1
378,64,Venezia,Roma,0,1
378,65,Venezia,Roma,0,1
378,66,Venezia,Roma,0,1
378,67,Venezia,Roma,0,1
378,68,Venezia,Roma,0,1
378,69,Venezia,Roma,0,1
378,70,Venezia,Roma,0,1
378,71,Venezia,Roma,0,1
378,72,Venezia,Roma,0,1
378,73,Venezia,Roma,0,1
378,74,Venezia,Roma,0,1
378,75,Venezia,Roma,0,1
378,76,Venezia,Roma,0,1
378,77,Venezia,Roma,0,1
378,78,Venezia,Roma,0,1
378,79,Venezia,Roma,0,1
378,80,Venezia,Roma,0,1
378,81,Venezia,Roma,0,1
378,82,Venezia,Roma,0,1
378,83,Venezia,Roma,0,1
378,84,Venezia,Roma,0,1
378,85,Venezia,Roma,0,1
378,86,Venezia,Roma,0,1
378,87,Venezia,Roma,0,1
378,88,Venezia,Roma,0,1
378,89,Venezia,Roma,0,1
378,90,Venezia,Roma,0,1
379,1,Venezia,Torino,0,0
379,2,Venezia,Torino,0,0
379,3,Venezia,Torino,0,0
379,4,Venezia,Torino,0,0
379,5,Venezia,Torino,0,0
379,6,Venezia,Torino,0,0
379,7,Venezia,Torino,0,0
379,8,Venezia,Torino,0,0
379,9,Venezia,Torino,0,0
379,10,Venezia,Torino,0,0
379,11,Venezia,Torino,0,0
379,12,Venezia,Torino,0,0
379,13,Venezia,Torino,0,0
379,14,Venezia,Torino,0,0
379,15,Venezia,Torino,0,0
379,16,Venezia,Torino,0,0
379,17,Venezia,Torino,0,0
379,18,Venezia,Torino,0,0
379,19,Venezia,Torino,0,0
379,20,Venezia,Torino,0,0
379,21,Venezia,Torino,0,0
379,22,Venezia,Torino,0,0
379,23,Venezia,Torino,0,0
379,24,Venezia,Torino,0,0
379,25,Venezia,Torino,0,0
379,26,Venezia,Torino,0,0
379,27,Venezia,Torino,0,0
379,28,Venezia,Torino,0,0
379,29,Venezia,Torino,0,0
379,30,Venezia,Torino,0,0
379,31,Venezia,Torino,0,0
379,32,Venezia,Torino,0,0
379,33,Venezia,Torino,0,0
379,34,Venezia,Torino,0,0
379,35,Venezia,Torino,0,0
379,36,Venezia,Torino,0,0
379,37,Venezia,Torino,0,0
379,38,Venezia,Torino,0,0
379,39,Venezia,Torino,0,0
379,40,Venezia,Torino,0,0
379,41,Venezia,Torino,0,0
379,42,Venezia,Torino,0,0
379,43,Venezia,Torino,0,0
379,44,Venezia,Torino,0,0
379,45,Venezia,Torino,0,0
379,46,Venezia,Torino,0,0
379,47,Venezia,Torino,0,0
379,48,Venezia,Torino,0,0
379,49,Venezia,Torino,0,0
379,50,Venezia,Torino,0,0
379,51,Venezia,Torino,0,0
379,52,Venezia,Torino,0,0
379,53,Venezia,Torino,0,0
379,54,Venezia,Torino,0,0
379,55,Venezia,Torino,0,0
379,56,Venezia,Torino,0,0
379,57,Venezia,Torino,0,0
379,58,Venezia,Torino,0,0
379,59,Venezia,Torino,0,0
379,60,Venezia,Torino,0,0
379,61,Venezia,Torino,0,0
379,62,Venezia,Torino,0,0
379,63,Venezia,Torino,0,0
379,64,Venezia,Torino,0,0
379,65,Venezia,Torino,0,0
379,66,Venezia,Torino,0,0
379,67,Venezia,Torino,0,0
379,68,Venezia,Torino,0,0
379,69,Venezia,Torino,0,0
379,70,Venezia,Torino,0,0
379,71,Venezia,Torino,0,0
379,72,Venezia,Torino,0,0
379,73,Venezia,Torino,0,0
379,74,Venezia,Torino,0,0
379,75,Venezia,Torino,0,0
379,76,Venezia,Torino,0,0
379,77,Venezia,Torino,0,0
379,78,Venezia,Torino,0,0
379,79,Venezia,Torino,0,0
379,80,Venezia,Torino,0,0
379,81,Venezia,Torino,0,0
379,82,Venezia,Torino,0,0
379,83,Venezia,Torino,0,0
379,84,Venezia,Torino,0,0
379,85,Venezia,Torino,0,0
379,86,Venezia,Torino,0,1
379,87,Venezia,Torino,0,1
379,88,Venezia,Torino,0,1
379,89,Venezia,Torino,0,1
379,90,Venezia,Torino,0,1
380,1,Venezia,Udinese,0,0
380,2,Venezia,Udinese,0,0
380,3,Venezia,Udinese,0,0
380,4,Venezia,Udinese,0,0
380,5,Venezia,Udinese,0,0
380,6,Venezia,Udinese,0,0
380,7,Venezia,Udinese,0,0
380,8,Venezia,Udinese,0,0
380,9,Venezia,Udinese,0,0
380,10,Venezia,Udinese,0,0
380,11,Venezia,Udinese,0,0
380,12,Venezia,Udinese,0,0
380,13,Venezia,Udinese,0,0
380,14,Venezia,Udinese,0,0
380,15,Venezia,Udinese,0,0
380,16,Venezia,Udinese,0,0
380,17,Venezia,Udinese,0,0
380,18,Venezia,Udinese,0,0
380,19,Venezia,Udinese,0,1
380,20,Venezia,Udinese,0,1
380,21,Venezia,Udinese,0,1
380,22,Venezia,Udinese,0,1
380,23,Venezia,Udinese,0,1
380,24,Venezia,Udinese,0,1
380,25,Venezia,Udinese,0,2
380,26,Venezia,Udinese,0,2
380,27,Venezia,Udinese,0,2
380,28,Venezia,Udinese,0,2
380,29,Venezia,Udinese,0,2
380,30,Venezia,Udinese,0,2
380,31,Venezia,Udinese,0,2
380,32,Venezia,Udinese,0,2
380,33,Venezia,Udinese,0,2
380,34,Venezia,Udinese,0,2
380,35,Venezia,Udinese,0,2
380,36,Venezia,Udinese,0,2
380,37,Venezia,Udinese,0,2
380,38,Venezia,Udinese,0,2
380,39,Venezia,Udinese,0,2
380,40,Venezia,Udinese,0,2
380,41,Venezia,Udinese,1,2
380,42,Venezia,Udinese,1,2
380,43,Venezia,Udinese,1,2
380,44,Venezia,Udinese,1,2
380,45,Venezia,Udinese,1,2
380,46,Venezia,Udinese,1,2
380,47,Venezia,Udinese,1,2
380,48,Venezia,Udinese,1,2
380,49,Venezia,Udinese,1,2
380,50,Venezia,Udinese,1,2
380,51,Venezia,Udinese,1,2
380,52,Venezia,Udinese,1,2
380,53,Venezia,Udinese,1,2
380,54,Venezia,Udinese,1,2
380,55,Venezia,Udinese,1,2
380,56,Venezia,Udinese,2,2
380,57,Venezia,Udinese,2,2
380,58,Venezia,Udinese,2,2
380,59,Venezia,Udinese,2,2
380,60,Venezia,Udinese,2,2
380,61,Venezia,Udinese,2,2
380,62,Venezia,Udinese,2,2
380,63,Venezia,Udinese,2,2
380,64,Venezia,Udinese,2,2
380,65,Venezia,Udinese,2,2
380,66,Venezia,Udinese,2,2
380,67,Venezia,Udinese,2,2
380,68,Venezia,Udinese,2,2
380,69,Venezia,Udinese,2,2
380,70,Venezia,Udinese,2,2
380,71,Venezia,Udinese,2,2
380,72,Venezia,Udinese,2,2
380,73,Venezia,Udinese,2,2
380,74,Venezia,Udinese,2,2
380,75,Venezia,Udinese,2,2
380,76,Venezia,Udinese,2,2
380,77,Venezia,Udinese,2,2
380,78,Venezia,Udinese,2,2
380,79,Venezia,Udinese,2,2
380,80,Venezia,Udinese,2,2
380,81,Venezia,Udinese,2,2
380,82,Venezia,Udinese,2,2
380,83,Venezia,Udinese,2,2
380,84,Venezia,Udinese,2,2
380,85,Venezia,Udinese,2,2
380,86,Venezia,Udinese,3,2
380,87,Venezia,Udinese,3,2
380,88,Venezia,Udinese,3,2
380,89,Venezia,Udinese,3,2
380,90,Venezia,Udinese,3,2